// Generated from paused.gif by gif2c.py (original artwork, OctoPrint edition)
#ifdef __has_include
    #if __has_include("lvgl.h")
        #ifndef LV_LVGL_H_INCLUDE_SIMPLE
            #define LV_LVGL_H_INCLUDE_SIMPLE
        #endif
    #endif
#endif

#if defined(LV_LVGL_H_INCLUDE_SIMPLE)
    #include "lvgl.h"
#else
    #include "lvgl/lvgl.h"
#endif

#ifndef LV_ATTRIBUTE_MEM_ALIGN
#define LV_ATTRIBUTE_MEM_ALIGN
#endif

#ifndef LV_ATTRIBUTE_IMG_GIF_PAUSED
#define LV_ATTRIBUTE_IMG_GIF_PAUSED
#endif

const LV_ATTRIBUTE_MEM_ALIGN LV_ATTRIBUTE_LARGE_CONST LV_ATTRIBUTE_IMG_GIF_PAUSED uint8_t gif_paused_map[] = {
    0x47, 0x49, 0x46, 0x38, 0x39, 0x61, 0xb0, 0x00, 0x5a, 0x00, 0x87, 0x00, 0x00, 0x00, 0x00, 0x00,
    0x0d, 0x03, 0x03, 0x1a, 0x06, 0x06, 0x26, 0x09, 0x0a, 0x33, 0x0d, 0x0d, 0x40, 0x10, 0x10, 0x4d,
    0x13, 0x13, 0x5a, 0x16, 0x16, 0x66, 0x19, 0x1a, 0x73, 0x1c, 0x1d, 0x80, 0x1f, 0x20, 0x8d, 0x22,
    0x23, 0x9a, 0x26, 0x26, 0xa6, 0x29, 0x2a, 0xb3, 0x2c, 0x2d, 0xc0, 0x2f, 0x30, 0x00, 0x00, 0x00,
    0x00, 0x00, 0x00, 0x00, 0x00, 0x00, 0x00, 0x00, 0x00, 0x00, 0x00, 0x00, 0x00, 0x00, 0x00, 0x00,
    0x00, 0x00, 0x00, 0x00, 0x00, 0x00, 0x00, 0x00, 0x00, 0x00, 0x00, 0x00, 0x00, 0x00, 0x00, 0x00,
    0x00, 0x00, 0x00, 0x00, 0x00, 0x00, 0x00, 0x00, 0x00, 0x00, 0x00, 0x00, 0x00, 0x00, 0x00, 0x00,
    0x00, 0x00, 0x00, 0x00, 0x00, 0x00, 0x00, 0x00, 0x00, 0x00, 0x00, 0x00, 0x00, 0x00, 0x00, 0x00,
    0x00, 0x00, 0x00, 0x00, 0x00, 0x00, 0x00, 0x00, 0x00, 0x00, 0x00, 0x00, 0x00, 0x00, 0x00, 0x00,
    0x00, 0x00, 0x00, 0x00, 0x00, 0x00, 0x00, 0x00, 0x00, 0x00, 0x00, 0x00, 0x00, 0x00, 0x00, 0x00,
    0x00, 0x00, 0x00, 0x00, 0x00, 0x00, 0x00, 0x00, 0x00, 0x00, 0x00, 0x00, 0x00, 0x00, 0x00, 0x00,
    0x00, 0x00, 0x00, 0x00, 0x00, 0x00, 0x00, 0x00, 0x00, 0x00, 0x00, 0x00, 0x00, 0x00, 0x00, 0x00,
    0x00, 0x00, 0x00, 0x00, 0x00, 0x00, 0x00, 0x00, 0x00, 0x00, 0x00, 0x00, 0x00, 0x00, 0x00, 0x00,
    0x00, 0x00, 0x00, 0x00, 0x00, 0x00, 0x00, 0x00, 0x00, 0x00, 0x00, 0x00, 0x00, 0x00, 0x00, 0x00,
    0x00, 0x00, 0x00, 0x00, 0x00, 0x00, 0x00, 0x00, 0x00, 0x00, 0x00, 0x00, 0x00, 0x00, 0x00, 0x00,
    0x00, 0x00, 0x00, 0x00, 0x00, 0x00, 0x00, 0x00, 0x00, 0x00, 0x00, 0x00, 0x00, 0x00, 0x00, 0x00,
    0x00, 0x00, 0x00, 0x00, 0x00, 0x00, 0x00, 0x00, 0x00, 0x00, 0x00, 0x00, 0x00, 0x00, 0x00, 0x00,
    0x00, 0x00, 0x00, 0x00, 0x00, 0x00, 0x00, 0x00, 0x00, 0x00, 0x00, 0x00, 0x00, 0x00, 0x00, 0x00,
    0x00, 0x00, 0x00, 0x00, 0x00, 0x00, 0x00, 0x00, 0x00, 0x00, 0x00, 0x00, 0x00, 0x00, 0x00, 0x00,
    0x00, 0x00, 0x00, 0x00, 0x00, 0x00, 0x00, 0x00, 0x00, 0x00, 0x00, 0x00, 0x00, 0x00, 0x00, 0x00,
    0x00, 0x00, 0x00, 0x00, 0x00, 0x00, 0x00, 0x00, 0x00, 0x00, 0x00, 0x00, 0x00, 0x00, 0x00, 0x00,
    0x00, 0x00, 0x00, 0x00, 0x00, 0x00, 0x00, 0x00, 0x00, 0x00, 0x00, 0x00, 0x00, 0x00, 0x00, 0x00,
    0x00, 0x00, 0x00, 0x00, 0x00, 0x00, 0x00, 0x00, 0x00, 0x00, 0x00, 0x00, 0x00, 0x00, 0x00, 0x00,
    0x00, 0x00, 0x00, 0x00, 0x00, 0x00, 0x00, 0x00, 0x00, 0x00, 0x00, 0x00, 0x00, 0x00, 0x00, 0x00,
    0x00, 0x00, 0x00, 0x00, 0x00, 0x00, 0x00, 0x00, 0x00, 0x00, 0x00, 0x00, 0x00, 0x00, 0x00, 0x00,
    0x00, 0x00, 0x00, 0x00, 0x00, 0x00, 0x00, 0x00, 0x00, 0x00, 0x00, 0x00, 0x00, 0x00, 0x00, 0x00,
    0x00, 0x00, 0x00, 0x00, 0x00, 0x00, 0x00, 0x00, 0x00, 0x00, 0x00, 0x00, 0x00, 0x00, 0x00, 0x00,
    0x00, 0x00, 0x00, 0x00, 0x00, 0x00, 0x00, 0x00, 0x00, 0x00, 0x00, 0x00, 0x00, 0x00, 0x00, 0x00,
    0x00, 0x00, 0x00, 0x00, 0x00, 0x00, 0x00, 0x00, 0x00, 0x00, 0x00, 0x00, 0x00, 0x00, 0x00, 0x00,
    0x00, 0x00, 0x00, 0x00, 0x00, 0x00, 0x00, 0x00, 0x00, 0x00, 0x00, 0x00, 0x00, 0x00, 0x00, 0x00,
    0x00, 0x00, 0x00, 0x00, 0x00, 0x00, 0x00, 0x00, 0x00, 0x00, 0x00, 0x00, 0x00, 0x00, 0x00, 0x00,
    0x00, 0x00, 0x00, 0x00, 0x00, 0x00, 0x00, 0x00, 0x00, 0x00, 0x00, 0x00, 0x00, 0x00, 0x00, 0x00,
    0x00, 0x00, 0x00, 0x00, 0x00, 0x00, 0x00, 0x00, 0x00, 0x00, 0x00, 0x00, 0x00, 0x00, 0x00, 0x00,
    0x00, 0x00, 0x00, 0x00, 0x00, 0x00, 0x00, 0x00, 0x00, 0x00, 0x00, 0x00, 0x00, 0x00, 0x00, 0x00,
    0x00, 0x00, 0x00, 0x00, 0x00, 0x00, 0x00, 0x00, 0x00, 0x00, 0x00, 0x00, 0x00, 0x00, 0x00, 0x00,
    0x00, 0x00, 0x00, 0x00, 0x00, 0x00, 0x00, 0x00, 0x00, 0x00, 0x00, 0x00, 0x00, 0x00, 0x00, 0x00,
    0x00, 0x00, 0x00, 0x00, 0x00, 0x00, 0x00, 0x00, 0x00, 0x00, 0x00, 0x00, 0x00, 0x00, 0x00, 0x00,
    0x00, 0x00, 0x00, 0x00, 0x00, 0x00, 0x00, 0x00, 0x00, 0x00, 0x00, 0x00, 0x00, 0x00, 0x00, 0x00,
    0x00, 0x00, 0x00, 0x00, 0x00, 0x00, 0x00, 0x00, 0x00, 0x00, 0x00, 0x00, 0x00, 0x00, 0x00, 0x00,
    0x00, 0x00, 0x00, 0x00, 0x00, 0x00, 0x00, 0x00, 0x00, 0x00, 0x00, 0x00, 0x00, 0x00, 0x00, 0x00,
    0x00, 0x00, 0x00, 0x00, 0x00, 0x00, 0x00, 0x00, 0x00, 0x00, 0x00, 0x00, 0x00, 0x00, 0x00, 0x00,
    0x00, 0x00, 0x00, 0x00, 0x00, 0x00, 0x00, 0x00, 0x00, 0x00, 0x00, 0x00, 0x00, 0x00, 0x00, 0x00,
    0x00, 0x00, 0x00, 0x00, 0x00, 0x00, 0x00, 0x00, 0x00, 0x00, 0x00, 0x00, 0x00, 0x00, 0x00, 0x00,
    0x00, 0x00, 0x00, 0x00, 0x00, 0x00, 0x00, 0x00, 0x00, 0x00, 0x00, 0x00, 0x00, 0x00, 0x00, 0x00,
    0x00, 0x00, 0x00, 0x00, 0x00, 0x00, 0x00, 0x00, 0x00, 0x00, 0x00, 0x00, 0x00, 0x00, 0x00, 0x00,
    0x00, 0x00, 0x00, 0x00, 0x00, 0x00, 0x00, 0x00, 0x00, 0x00, 0x00, 0x00, 0x00, 0x00, 0x00, 0x00,
    0x00, 0x00, 0x00, 0x00, 0x00, 0x00, 0x00, 0x00, 0x00, 0x00, 0x00, 0x00, 0x00, 0x00, 0x00, 0x00,
    0x00, 0x00, 0x00, 0x00, 0x00, 0x00, 0x00, 0x00, 0x00, 0x00, 0x00, 0x00, 0x00, 0x00, 0x00, 0x00,
    0x00, 0x00, 0x00, 0x00, 0x00, 0x00, 0x00, 0x00, 0x00, 0x00, 0x00, 0x00, 0x00, 0x21, 0xff, 0x0b,
    0x4e, 0x45, 0x54, 0x53, 0x43, 0x41, 0x50, 0x45, 0x32, 0x2e, 0x30, 0x03, 0x01, 0x00, 0x00, 0x00,
    0x21, 0xf9, 0x04, 0x04, 0x08, 0x00, 0x00, 0x00, 0x2c, 0x00, 0x00, 0x00, 0x00, 0xb0, 0x00, 0x5a,
    0x00, 0x00, 0x08, 0xff, 0x00, 0x01, 0x08, 0x1c, 0x48, 0xb0, 0xa0, 0xc1, 0x83, 0x08, 0x13, 0x2a,
    0x5c, 0xc8, 0xb0, 0xa1, 0xc3, 0x87, 0x10, 0x23, 0x4a, 0x9c, 0x48, 0xb1, 0xa2, 0xc5, 0x8b, 0x18,
    0x33, 0x6a, 0xdc, 0xc8, 0xb1, 0xa3, 0xc7, 0x8f, 0x20, 0x43, 0x8a, 0x1c, 0x49, 0xb2, 0xa4, 0xc9,
    0x93, 0x28, 0x53, 0xaa, 0x5c, 0xc9, 0xb2, 0xa5, 0xcb, 0x97, 0x30, 0x63, 0xca, 0x9c, 0x49, 0xb3,
    0xa6, 0xcd, 0x9b, 0x38, 0x73, 0xea, 0xdc, 0xc9, 0xb3, 0xa7, 0xcf, 0x9f, 0x40, 0x83, 0x0a, 0x1d,
    0x4a, 0xb4, 0xa8, 0xd1, 0xa3, 0x48, 0x93, 0x2a, 0x5d, 0xca, 0xb4, 0xa9, 0xd3, 0xa7, 0x50, 0xa3,
    0xce, 0x0c, 0x40, 0x35, 0x00, 0xc3, 0xaa, 0x56, 0x9f, 0x62, 0xbd, 0x5a, 0xf5, 0xe6, 0x81, 0x06,
    0x0e, 0xc2, 0x26, 0xc8, 0x7a, 0xf0, 0x6b, 0x58, 0x07, 0x63, 0x9b, 0x9a, 0x15, 0x4b, 0xd6, 0xe0,
    0x5a, 0xb4, 0x6d, 0x61, 0x1e, 0x78, 0x40, 0xb7, 0xee, 0x02, 0x84, 0x73, 0xeb, 0xd2, 0xbd, 0xbb,
    0x34, 0xaf, 0x5e, 0xbe, 0x6e, 0xf5, 0xee, 0x9d, 0xea, 0x40, 0x30, 0xdd, 0x01, 0x06, 0x03, 0x14,
    0x36, 0x8c, 0x38, 0xa9, 0x62, 0xc3, 0x0f, 0x1a, 0x13, 0x7c, 0xcc, 0x58, 0x26, 0x65, 0xc1, 0x04,
    0x12, 0x2f, 0xc6, 0xac, 0xf4, 0xb2, 0xde, 0xcc, 0x05, 0x3d, 0xd7, 0x05, 0x0d, 0x53, 0x34, 0x5d,
    0xd2, 0x03, 0x4d, 0x3f, 0x40, 0x6d, 0x54, 0x35, 0x6b, 0x00, 0xae, 0x2d, 0x6f, 0xfe, 0xac, 0x19,
    0xf2, 0x6b, 0xa2, 0xb1, 0x43, 0xcf, 0x1e, 0x2d, 0xdb, 0x76, 0x6d, 0xc3, 0xb7, 0x87, 0xe6, 0x9e,
    0xbc, 0xfb, 0x74, 0x6f, 0xe0, 0xbf, 0x39, 0x3b, 0x2e, 0xbe, 0x3a, 0x39, 0xed, 0x98, 0xc3, 0x53,
    0x33, 0x0f, 0x2e, 0x34, 0xba, 0x40, 0xeb, 0x2d, 0xb1, 0x63, 0xc7, 0x3d, 0xdd, 0x39, 0x6f, 0xe8,
    0xdd, 0x75, 0xfb, 0xff, 0x5e, 0x3e, 0x9e, 0x78, 0xf9, 0x97, 0xda, 0xc3, 0x23, 0x4d, 0x7f, 0xde,
    0x25, 0x7b, 0xe4, 0xe4, 0xe1, 0x9b, 0x97, 0x8f, 0x5e, 0xbd, 0xf4, 0xf6, 0x45, 0xdf, 0x2b, 0x2f,
    0x6d, 0xff, 0x7a, 0xff, 0xfc, 0xff, 0x6d, 0xb7, 0x92, 0x7e, 0xcf, 0xad, 0x17, 0xe0, 0x7f, 0x2c,
    0x11, 0xf8, 0x9d, 0x81, 0xf8, 0x09, 0xa8, 0x92, 0x82, 0xc6, 0xc5, 0xb7, 0xdf, 0x7d, 0xf4, 0xb9,
    0x77, 0x20, 0x7e, 0xdc, 0x35, 0x88, 0xe0, 0x80, 0x17, 0x56, 0x08, 0xa0, 0x86, 0x18, 0x72, 0x08,
    0xa2, 0x87, 0x19, 0x7a, 0xe8, 0x60, 0x4a, 0x10, 0x36, 0x27, 0x61, 0x81, 0x14, 0x4e, 0x68, 0xe1,
    0x88, 0x2e, 0x7e, 0x68, 0xe2, 0x86, 0x0f, 0x76, 0x18, 0x63, 0x89, 0x31, 0x9e, 0x88, 0x52, 0x8a,
    0xd4, 0x05, 0xc5, 0xe3, 0x71, 0x39, 0xd2, 0xe8, 0xa3, 0x8d, 0x2c, 0xbe, 0x38, 0x63, 0x88, 0xd5,
    0x11, 0xb9, 0x60, 0x7d, 0x30, 0x16, 0x29, 0x63, 0x90, 0x48, 0xa2, 0xa8, 0x64, 0x84, 0x0c, 0x1e,
    0x49, 0xa2, 0x88, 0x56, 0xde, 0x28, 0xdc, 0x94, 0x2a, 0xf2, 0xd7, 0xe4, 0x92, 0xad, 0x71, 0xd9,
    0xe3, 0x8e, 0x62, 0x76, 0x56, 0xa6, 0x4c, 0x09, 0x18, 0xd6, 0x40, 0x5c, 0x02, 0xa5, 0x29, 0xd8,
    0x9a, 0x4b, 0xb9, 0xa9, 0x17, 0x9c, 0x06, 0xc9, 0x59, 0x17, 0x9d, 0xd0, 0x2d, 0xa0, 0x17, 0x03,
    0x92, 0x85, 0xa6, 0x67, 0x5d, 0x7c, 0x32, 0x15, 0xc0, 0x9f, 0x74, 0x05, 0x7a, 0xd0, 0xa0, 0x7b,
    0xf6, 0x29, 0xd3, 0x00, 0x04, 0x34, 0xca, 0x10, 0xa3, 0x8e, 0x3e, 0x05, 0xe9, 0x98, 0x00, 0x4c,
    0x2a, 0xd5, 0xa5, 0x98, 0x66, 0xaa, 0xe9, 0xa6, 0x9c, 0x76, 0xea, 0xe9, 0xa7, 0xa0, 0x86, 0x2a,
    0xea, 0xa8, 0xa4, 0x96, 0x6a, 0xea, 0xa9, 0xa8, 0xa6, 0xaa, 0xea, 0xaa, 0xac, 0xb6, 0xea, 0x6a,
    0x4c, 0x04, 0x28, 0x5b, 0x0a, 0x1b, 0x01, 0x6c, 0xbe, 0x2a, 0x53, 0x01, 0x0d, 0x3c, 0xc0, 0x80,
    0x41, 0x08, 0x3c, 0xd0, 0xc0, 0x01, 0xb6, 0xda, 0x34, 0x40, 0x5d, 0x0a, 0x34, 0x16, 0x40, 0xaf,
    0x85, 0x01, 0x1b, 0x6c, 0x4d, 0x06, 0xfc, 0xb5, 0xc0, 0x66, 0x0a, 0x2c, 0xeb, 0x15, 0x64, 0x0f,
    0x28, 0x50, 0xab, 0xb4, 0x30, 0x11, 0xf0, 0x2c, 0xa0, 0x06, 0x60, 0xab, 0x93, 0x00, 0x8d, 0x0a,
    0xe0, 0xed, 0xb8, 0xe4, 0x96, 0x6b, 0xee, 0xb9, 0xe8, 0xa6, 0xab, 0xee, 0xba, 0xec, 0xb6, 0xeb,
    0xee, 0xbb, 0xf0, 0xc6, 0x2b, 0xef, 0xbc, 0xf4, 0xd6, 0x6b, 0xef, 0xbd, 0x09, 0x05, 0x04, 0x00,
    0x21, 0xf9, 0x04, 0x04, 0x0c, 0x00, 0x00, 0x00, 0x2c, 0x19, 0x00, 0x13, 0x00, 0x7e, 0x00, 0x24,
    0x00, 0x87, 0x00, 0x00, 0x00, 0x0d, 0x03, 0x03, 0x1a, 0x06, 0x06, 0x26, 0x09, 0x0a, 0x33, 0x0d,
    0x0d, 0x40, 0x10, 0x10, 0x4d, 0x13, 0x13, 0x5a, 0x16, 0x16, 0x66, 0x19, 0x1a, 0x73, 0x1c, 0x1d,
    0x80, 0x1f, 0x20, 0x8d, 0x22, 0x23, 0x9a, 0x26, 0x26, 0xa6, 0x29, 0x2a, 0xb3, 0x2c, 0x2d, 0xc0,
    0x2f, 0x30, 0x00, 0x00, 0x00, 0x00, 0x00, 0x00, 0x00, 0x00, 0x00, 0x00, 0x00, 0x00, 0x00, 0x00,
    0x00, 0x00, 0x00, 0x00, 0x00, 0x00, 0x00, 0x00, 0x00, 0x00, 0x00, 0x00, 0x00, 0x00, 0x00, 0x00,
    0x00, 0x00, 0x00, 0x00, 0x00, 0x00, 0x00, 0x00, 0x00, 0x00, 0x00, 0x00, 0x00, 0x00, 0x00, 0x00,
    0x00, 0x00, 0x00, 0x00, 0x00, 0x00, 0x00, 0x00, 0x00, 0x00, 0x00, 0x00, 0x00, 0x00, 0x00, 0x00,
    0x00, 0x00, 0x00, 0x00, 0x00, 0x00, 0x00, 0x00, 0x00, 0x00, 0x00, 0x00, 0x00, 0x00, 0x00, 0x00,
    0x00, 0x00, 0x00, 0x00, 0x00, 0x00, 0x00, 0x00, 0x00, 0x00, 0x00, 0x00, 0x00, 0x00, 0x00, 0x00,
    0x00, 0x00, 0x00, 0x00, 0x00, 0x00, 0x00, 0x00, 0x00, 0x00, 0x00, 0x00, 0x00, 0x00, 0x00, 0x00,
    0x00, 0x00, 0x00, 0x00, 0x00, 0x00, 0x00, 0x00, 0x00, 0x00, 0x00, 0x00, 0x00, 0x00, 0x00, 0x00,
    0x00, 0x00, 0x00, 0x00, 0x00, 0x00, 0x00, 0x00, 0x00, 0x00, 0x00, 0x00, 0x00, 0x00, 0x00, 0x00,
    0x00, 0x00, 0x00, 0x00, 0x00, 0x00, 0x00, 0x00, 0x00, 0x00, 0x00, 0x00, 0x00, 0x00, 0x00, 0x00,
    0x00, 0x00, 0x00, 0x00, 0x00, 0x00, 0x00, 0x00, 0x00, 0x00, 0x00, 0x00, 0x00, 0x00, 0x00, 0x00,
    0x00, 0x00, 0x00, 0x00, 0x00, 0x00, 0x00, 0x00, 0x00, 0x00, 0x00, 0x00, 0x00, 0x00, 0x00, 0x00,
    0x00, 0x00, 0x00, 0x00, 0x00, 0x00, 0x00, 0x00, 0x00, 0x00, 0x00, 0x00, 0x00, 0x00, 0x00, 0x00,
    0x00, 0x00, 0x00, 0x00, 0x00, 0x00, 0x00, 0x00, 0x00, 0x00, 0x00, 0x00, 0x00, 0x00, 0x00, 0x00,
    0x00, 0x00, 0x00, 0x00, 0x00, 0x00, 0x00, 0x00, 0x00, 0x00, 0x00, 0x00, 0x00, 0x00, 0x00, 0x00,
    0x00, 0x00, 0x00, 0x00, 0x00, 0x00, 0x00, 0x00, 0x00, 0x00, 0x00, 0x00, 0x00, 0x00, 0x00, 0x00,
    0x00, 0x00, 0x00, 0x00, 0x00, 0x00, 0x00, 0x00, 0x00, 0x00, 0x00, 0x00, 0x00, 0x00, 0x00, 0x00,
    0x00, 0x00, 0x00, 0x00, 0x00, 0x00, 0x00, 0x00, 0x00, 0x00, 0x00, 0x00, 0x00, 0x00, 0x00, 0x00,
    0x00, 0x00, 0x00, 0x00, 0x00, 0x00, 0x00, 0x00, 0x00, 0x00, 0x00, 0x00, 0x00, 0x00, 0x00, 0x00,
    0x00, 0x00, 0x00, 0x00, 0x00, 0x00, 0x00, 0x00, 0x00, 0x00, 0x00, 0x00, 0x00, 0x00, 0x00, 0x00,
    0x00, 0x00, 0x00, 0x00, 0x00, 0x00, 0x00, 0x00, 0x00, 0x00, 0x00, 0x00, 0x00, 0x00, 0x00, 0x00,
    0x00, 0x00, 0x00, 0x00, 0x00, 0x00, 0x00, 0x00, 0x00, 0x00, 0x00, 0x00, 0x00, 0x00, 0x00, 0x00,
    0x00, 0x00, 0x00, 0x00, 0x00, 0x00, 0x00, 0x00, 0x00, 0x00, 0x00, 0x00, 0x00, 0x00, 0x00, 0x00,
    0x00, 0x00, 0x00, 0x00, 0x00, 0x00, 0x00, 0x00, 0x00, 0x00, 0x00, 0x00, 0x00, 0x00, 0x00, 0x00,
    0x00, 0x00, 0x00, 0x00, 0x00, 0x00, 0x00, 0x00, 0x00, 0x00, 0x00, 0x00, 0x00, 0x00, 0x00, 0x00,
    0x00, 0x00, 0x00, 0x00, 0x00, 0x00, 0x00, 0x00, 0x00, 0x00, 0x00, 0x00, 0x00, 0x00, 0x00, 0x00,
    0x00, 0x00, 0x00, 0x00, 0x00, 0x00, 0x00, 0x00, 0x00, 0x00, 0x00, 0x00, 0x00, 0x00, 0x00, 0x00,
    0x00, 0x00, 0x00, 0x00, 0x00, 0x00, 0x00, 0x00, 0x00, 0x00, 0x00, 0x00, 0x00, 0x00, 0x00, 0x00,
    0x00, 0x00, 0x00, 0x00, 0x00, 0x00, 0x00, 0x00, 0x00, 0x00, 0x00, 0x00, 0x00, 0x00, 0x00, 0x00,
    0x00, 0x00, 0x00, 0x00, 0x00, 0x00, 0x00, 0x00, 0x00, 0x00, 0x00, 0x00, 0x00, 0x00, 0x00, 0x00,
    0x00, 0x00, 0x00, 0x00, 0x00, 0x00, 0x00, 0x00, 0x00, 0x00, 0x00, 0x00, 0x00, 0x00, 0x00, 0x00,
    0x00, 0x00, 0x00, 0x00, 0x00, 0x00, 0x00, 0x00, 0x00, 0x00, 0x00, 0x00, 0x00, 0x00, 0x00, 0x00,
    0x00, 0x00, 0x00, 0x00, 0x00, 0x00, 0x00, 0x00, 0x00, 0x00, 0x00, 0x00, 0x00, 0x00, 0x00, 0x00,
    0x00, 0x00, 0x00, 0x00, 0x00, 0x00, 0x00, 0x00, 0x00, 0x00, 0x00, 0x00, 0x00, 0x00, 0x00, 0x00,
    0x00, 0x00, 0x00, 0x00, 0x00, 0x00, 0x00, 0x00, 0x00, 0x00, 0x00, 0x00, 0x00, 0x00, 0x00, 0x00,
    0x00, 0x00, 0x00, 0x00, 0x00, 0x00, 0x00, 0x00, 0x00, 0x00, 0x00, 0x00, 0x00, 0x00, 0x00, 0x00,
    0x00, 0x00, 0x00, 0x00, 0x00, 0x00, 0x00, 0x00, 0x00, 0x00, 0x00, 0x00, 0x00, 0x00, 0x00, 0x00,
    0x00, 0x00, 0x00, 0x00, 0x00, 0x00, 0x00, 0x00, 0x00, 0x00, 0x00, 0x00, 0x00, 0x00, 0x00, 0x00,
    0x00, 0x00, 0x00, 0x00, 0x00, 0x00, 0x00, 0x00, 0x00, 0x00, 0x00, 0x00, 0x00, 0x00, 0x00, 0x00,
    0x00, 0x00, 0x00, 0x00, 0x00, 0x00, 0x00, 0x00, 0x00, 0x00, 0x00, 0x00, 0x00, 0x00, 0x00, 0x00,
    0x00, 0x00, 0x00, 0x00, 0x00, 0x00, 0x00, 0x00, 0x00, 0x00, 0x00, 0x00, 0x00, 0x00, 0x00, 0x00,
    0x00, 0x00, 0x00, 0x00, 0x00, 0x00, 0x00, 0x00, 0x00, 0x00, 0x00, 0x00, 0x00, 0x00, 0x00, 0x00,
    0x00, 0x00, 0x00, 0x00, 0x00, 0x00, 0x00, 0x00, 0x00, 0x00, 0x00, 0x00, 0x00, 0x00, 0x00, 0x00,
    0x00, 0x00, 0x00, 0x00, 0x00, 0x00, 0x00, 0x00, 0x00, 0x00, 0x00, 0x00, 0x00, 0x00, 0x00, 0x00,
    0x00, 0x00, 0x00, 0x00, 0x00, 0x00, 0x00, 0x00, 0x00, 0x00, 0x00, 0x00, 0x00, 0x00, 0x00, 0x00,
    0x00, 0x00, 0x08, 0xff, 0x00, 0x01, 0x08, 0x1c, 0x48, 0xb0, 0xa0, 0xc1, 0x83, 0x08, 0x13, 0x2a,
    0x5c, 0xc8, 0xb0, 0xa1, 0xc3, 0x87, 0x08, 0x09, 0x28, 0x58, 0x40, 0xd1, 0x80, 0x42, 0x89, 0x14,
    0x17, 0x58, 0x84, 0xc8, 0xb1, 0xa3, 0xc7, 0x83, 0x18, 0x2b, 0x5e, 0x9c, 0x28, 0x52, 0x60, 0x81,
    0x07, 0x28, 0x53, 0x22, 0x40, 0x78, 0x32, 0x25, 0xca, 0x95, 0x1f, 0x63, 0xca, 0x64, 0xd8, 0xd2,
    0x25, 0x4c, 0x83, 0x35, 0x55, 0x0a, 0x6c, 0xe0, 0x32, 0xa5, 0x80, 0x83, 0x3c, 0x7b, 0x3e, 0xf8,
    0x39, 0xb3, 0xa8, 0xd1, 0x9d, 0x42, 0x87, 0x02, 0x4d, 0x2a, 0x20, 0x80, 0x83, 0xa4, 0x04, 0x0c,
    0x3a, 0x85, 0x7a, 0xb4, 0x6a, 0xcc, 0xa9, 0x42, 0xa3, 0x16, 0xc4, 0xda, 0x93, 0x00, 0x57, 0x97,
    0x5a, 0x09, 0x7e, 0x4d, 0x19, 0xd6, 0xaa, 0x59, 0x87, 0x63, 0x51, 0x96, 0x15, 0x98, 0xf6, 0x81,
    0xd7, 0xa7, 0x59, 0xa5, 0xc2, 0xed, 0x7a, 0xb6, 0x6e, 0xc3, 0xb6, 0x6b, 0x01, 0xe0, 0xc5, 0x2b,
    0x97, 0xaa, 0xdd, 0xbf, 0x08, 0xf9, 0x6e, 0x9d, 0x0b, 0x56, 0xb0, 0x58, 0xc2, 0x64, 0x01, 0x2b,
    0x1e, 0xec, 0xf7, 0x30, 0x54, 0xc3, 0x03, 0x21, 0x2f, 0x06, 0x2c, 0x59, 0x2f, 0x62, 0xb5, 0x95,
    0x2b, 0x4f, 0xae, 0x9b, 0xf9, 0xb2, 0xdb, 0xce, 0x8d, 0x37, 0xff, 0x05, 0x9d, 0x95, 0x34, 0x5d,
    0xd1, 0x94, 0x3d, 0xe7, 0xdd, 0xab, 0xba, 0x6f, 0x5c, 0xd4, 0xa3, 0x5b, 0x33, 0x2e, 0x2d, 0xdb,
    0xf1, 0x6b, 0xd8, 0x9c, 0x6b, 0x47, 0x56, 0x6d, 0x1a, 0x2c, 0x6e, 0xbb, 0xbd, 0xc9, 0x06, 0x57,
    0xfb, 0x3b, 0x77, 0x68, 0xb6, 0xbc, 0x75, 0x23, 0x3f, 0x5e, 0xdc, 0xe8, 0xf0, 0xcf, 0xca, 0x2d,
    0x33, 0x6f, 0x3e, 0xf3, 0xf9, 0x5b, 0xe6, 0x9a, 0xa9, 0x5f, 0x8d, 0xce, 0x1a, 0x7b, 0x74, 0xed,
    0xdb, 0xbd, 0x3f, 0x92, 0xe6, 0xfe, 0x1d, 0xbc, 0x47, 0xeb, 0xd6, 0xcd, 0x3b, 0x27, 0x3f, 0x5e,
    0xfc, 0x6d, 0xf5, 0xe1, 0xdf, 0x2f, 0xa7, 0xed, 0xfe, 0x34, 0xfc, 0xf8, 0xf6, 0x77, 0xb7, 0x97,
    0x2f, 0x9d, 0xff, 0x7d, 0x88, 0xe8, 0xb1, 0xe7, 0xdf, 0x7f, 0x68, 0x09, 0xd8, 0x55, 0x7a, 0x04,
    0x9e, 0x67, 0x60, 0x61, 0x0b, 0x26, 0x96, 0x60, 0x47, 0x01, 0xd6, 0xe7, 0xdb, 0x83, 0x1c, 0x45,
    0xc8, 0x5f, 0x76, 0x14, 0x26, 0x64, 0x61, 0x7e, 0xf3, 0x71, 0x98, 0xe1, 0x42, 0x1b, 0x4e, 0x68,
    0x9b, 0x87, 0x1f, 0x6a, 0xd8, 0x20, 0x71, 0x0b, 0x08, 0xe5, 0x40, 0x00, 0x07, 0xa5, 0xd8, 0xd3,
    0x8a, 0x25, 0x3e, 0xe4, 0xa2, 0x4b, 0x30, 0x1a, 0x34, 0x63, 0x4a, 0x30, 0x0e, 0x10, 0x54, 0x4a,
    0x1b, 0x19, 0xa4, 0x63, 0x4f, 0x3d, 0xc6, 0xc8, 0xd0, 0x8f, 0x2e, 0x05, 0x49, 0x10, 0x91, 0x3c,
    0x46, 0x76, 0xc0, 0x92, 0x07, 0x0c, 0xa0, 0x50, 0x00, 0x4c, 0x36, 0x29, 0x24, 0x80, 0x51, 0x3a,
    0xa9, 0x61, 0x95, 0x02, 0x05, 0x04, 0x00, 0x21, 0xf9, 0x04, 0x04, 0x08, 0x00, 0x00, 0x00, 0x2c,
    0x51, 0x00, 0x44, 0x00, 0x0e, 0x00, 0x07, 0x00, 0x87, 0x00, 0x00, 0x00, 0x0d, 0x03, 0x03, 0x1a,
    0x06, 0x06, 0x26, 0x09, 0x0a, 0x33, 0x0d, 0x0d, 0x40, 0x10, 0x10, 0x4d, 0x13, 0x13, 0x5a, 0x16,
    0x16, 0x66, 0x19, 0x1a, 0x73, 0x1c, 0x1d, 0x80, 0x1f, 0x20, 0x8d, 0x22, 0x23, 0x9a, 0x26, 0x26,
    0xa6, 0x29, 0x2a, 0xb3, 0x2c, 0x2d, 0xc0, 0x2f, 0x30, 0x00, 0x00, 0x00, 0x00, 0x00, 0x00, 0x00,
    0x00, 0x00, 0x00, 0x00, 0x00, 0x00, 0x00, 0x00, 0x00, 0x00, 0x00, 0x00, 0x00, 0x00, 0x00, 0x00,
    0x00, 0x00, 0x00, 0x00, 0x00, 0x00, 0x00, 0x00, 0x00, 0x00, 0x00, 0x00, 0x00, 0x00, 0x00, 0x00,
    0x00, 0x00, 0x00, 0x00, 0x00, 0x00, 0x00, 0x00, 0x00, 0x00, 0x00, 0x00, 0x00, 0x00, 0x00, 0x00,
    0x00, 0x00, 0x00, 0x00, 0x00, 0x00, 0x00, 0x00, 0x00, 0x00, 0x00, 0x00, 0x00, 0x00, 0x00, 0x00,
    0x00, 0x00, 0x00, 0x00, 0x00, 0x00, 0x00, 0x00, 0x00, 0x00, 0x00, 0x00, 0x00, 0x00, 0x00, 0x00,
    0x00, 0x00, 0x00, 0x00, 0x00, 0x00, 0x00, 0x00, 0x00, 0x00, 0x00, 0x00, 0x00, 0x00, 0x00, 0x00,
    0x00, 0x00, 0x00, 0x00, 0x00, 0x00, 0x00, 0x00, 0x00, 0x00, 0x00, 0x00, 0x00, 0x00, 0x00, 0x00,
    0x00, 0x00, 0x00, 0x00, 0x00, 0x00, 0x00, 0x00, 0x00, 0x00, 0x00, 0x00, 0x00, 0x00, 0x00, 0x00,
    0x00, 0x00, 0x00, 0x00, 0x00, 0x00, 0x00, 0x00, 0x00, 0x00, 0x00, 0x00, 0x00, 0x00, 0x00, 0x00,
    0x00, 0x00, 0x00, 0x00, 0x00, 0x00, 0x00, 0x00, 0x00, 0x00, 0x00, 0x00, 0x00, 0x00, 0x00, 0x00,
    0x00, 0x00, 0x00, 0x00, 0x00, 0x00, 0x00, 0x00, 0x00, 0x00, 0x00, 0x00, 0x00, 0x00, 0x00, 0x00,
    0x00, 0x00, 0x00, 0x00, 0x00, 0x00, 0x00, 0x00, 0x00, 0x00, 0x00, 0x00, 0x00, 0x00, 0x00, 0x00,
    0x00, 0x00, 0x00, 0x00, 0x00, 0x00, 0x00, 0x00, 0x00, 0x00, 0x00, 0x00, 0x00, 0x00, 0x00, 0x00,
    0x00, 0x00, 0x00, 0x00, 0x00, 0x00, 0x00, 0x00, 0x00, 0x00, 0x00, 0x00, 0x00, 0x00, 0x00, 0x00,
    0x00, 0x00, 0x00, 0x00, 0x00, 0x00, 0x00, 0x00, 0x00, 0x00, 0x00, 0x00, 0x00, 0x00, 0x00, 0x00,
    0x00, 0x00, 0x00, 0x00, 0x00, 0x00, 0x00, 0x00, 0x00, 0x00, 0x00, 0x00, 0x00, 0x00, 0x00, 0x00,
    0x00, 0x00, 0x00, 0x00, 0x00, 0x00, 0x00, 0x00, 0x00, 0x00, 0x00, 0x00, 0x00, 0x00, 0x00, 0x00,
    0x00, 0x00, 0x00, 0x00, 0x00, 0x00, 0x00, 0x00, 0x00, 0x00, 0x00, 0x00, 0x00, 0x00, 0x00, 0x00,
    0x00, 0x00, 0x00, 0x00, 0x00, 0x00, 0x00, 0x00, 0x00, 0x00, 0x00, 0x00, 0x00, 0x00, 0x00, 0x00,
    0x00, 0x00, 0x00, 0x00, 0x00, 0x00, 0x00, 0x00, 0x00, 0x00, 0x00, 0x00, 0x00, 0x00, 0x00, 0x00,
    0x00, 0x00, 0x00, 0x00, 0x00, 0x00, 0x00, 0x00, 0x00, 0x00, 0x00, 0x00, 0x00, 0x00, 0x00, 0x00,
    0x00, 0x00, 0x00, 0x00, 0x00, 0x00, 0x00, 0x00, 0x00, 0x00, 0x00, 0x00, 0x00, 0x00, 0x00, 0x00,
    0x00, 0x00, 0x00, 0x00, 0x00, 0x00, 0x00, 0x00, 0x00, 0x00, 0x00, 0x00, 0x00, 0x00, 0x00, 0x00,
    0x00, 0x00, 0x00, 0x00, 0x00, 0x00, 0x00, 0x00, 0x00, 0x00, 0x00, 0x00, 0x00, 0x00, 0x00, 0x00,
    0x00, 0x00, 0x00, 0x00, 0x00, 0x00, 0x00, 0x00, 0x00, 0x00, 0x00, 0x00, 0x00, 0x00, 0x00, 0x00,
    0x00, 0x00, 0x00, 0x00, 0x00, 0x00, 0x00, 0x00, 0x00, 0x00, 0x00, 0x00, 0x00, 0x00, 0x00, 0x00,
    0x00, 0x00, 0x00, 0x00, 0x00, 0x00, 0x00, 0x00, 0x00, 0x00, 0x00, 0x00, 0x00, 0x00, 0x00, 0x00,
    0x00, 0x00, 0x00, 0x00, 0x00, 0x00, 0x00, 0x00, 0x00, 0x00, 0x00, 0x00, 0x00, 0x00, 0x00, 0x00,
    0x00, 0x00, 0x00, 0x00, 0x00, 0x00, 0x00, 0x00, 0x00, 0x00, 0x00, 0x00, 0x00, 0x00, 0x00, 0x00,
    0x00, 0x00, 0x00, 0x00, 0x00, 0x00, 0x00, 0x00, 0x00, 0x00, 0x00, 0x00, 0x00, 0x00, 0x00, 0x00,
    0x00, 0x00, 0x00, 0x00, 0x00, 0x00, 0x00, 0x00, 0x00, 0x00, 0x00, 0x00, 0x00, 0x00, 0x00, 0x00,
    0x00, 0x00, 0x00, 0x00, 0x00, 0x00, 0x00, 0x00, 0x00, 0x00, 0x00, 0x00, 0x00, 0x00, 0x00, 0x00,
    0x00, 0x00, 0x00, 0x00, 0x00, 0x00, 0x00, 0x00, 0x00, 0x00, 0x00, 0x00, 0x00, 0x00, 0x00, 0x00,
    0x00, 0x00, 0x00, 0x00, 0x00, 0x00, 0x00, 0x00, 0x00, 0x00, 0x00, 0x00, 0x00, 0x00, 0x00, 0x00,
    0x00, 0x00, 0x00, 0x00, 0x00, 0x00, 0x00, 0x00, 0x00, 0x00, 0x00, 0x00, 0x00, 0x00, 0x00, 0x00,
    0x00, 0x00, 0x00, 0x00, 0x00, 0x00, 0x00, 0x00, 0x00, 0x00, 0x00, 0x00, 0x00, 0x00, 0x00, 0x00,
    0x00, 0x00, 0x00, 0x00, 0x00, 0x00, 0x00, 0x00, 0x00, 0x00, 0x00, 0x00, 0x00, 0x00, 0x00, 0x00,
    0x00, 0x00, 0x00, 0x00, 0x00, 0x00, 0x00, 0x00, 0x00, 0x00, 0x00, 0x00, 0x00, 0x00, 0x00, 0x00,
    0x00, 0x00, 0x00, 0x00, 0x00, 0x00, 0x00, 0x00, 0x00, 0x00, 0x00, 0x00, 0x00, 0x00, 0x00, 0x00,
    0x00, 0x00, 0x00, 0x00, 0x00, 0x00, 0x00, 0x00, 0x00, 0x00, 0x00, 0x00, 0x00, 0x00, 0x00, 0x00,
    0x00, 0x00, 0x00, 0x00, 0x00, 0x00, 0x00, 0x00, 0x00, 0x00, 0x00, 0x00, 0x00, 0x00, 0x00, 0x00,
    0x00, 0x00, 0x00, 0x00, 0x00, 0x00, 0x00, 0x00, 0x00, 0x00, 0x00, 0x00, 0x00, 0x00, 0x00, 0x00,
    0x00, 0x00, 0x00, 0x00, 0x00, 0x00, 0x00, 0x00, 0x00, 0x00, 0x00, 0x00, 0x00, 0x00, 0x00, 0x00,
    0x00, 0x00, 0x00, 0x00, 0x00, 0x00, 0x00, 0x00, 0x00, 0x00, 0x00, 0x00, 0x00, 0x00, 0x00, 0x00,
    0x00, 0x00, 0x00, 0x00, 0x00, 0x00, 0x00, 0x00, 0x00, 0x08, 0x44, 0x00, 0x01, 0x00, 0x10, 0x10,
    0x40, 0xa0, 0x41, 0x81, 0x05, 0x01, 0x0c, 0x48, 0xe0, 0x40, 0xc1, 0x41, 0x81, 0x06, 0x1a, 0x12,
    0x28, 0xf0, 0xa0, 0xe2, 0x81, 0x83, 0x04, 0x1c, 0x54, 0x44, 0x00, 0x20, 0x41, 0xc5, 0x07, 0x0c,
    0x10, 0x20, 0x58, 0xf0, 0x91, 0x41, 0xc1, 0x00, 0x24, 0x3f, 0xaa, 0x6c, 0x30, 0xe0, 0xe0, 0x01,
    0x8d, 0x2a, 0x13, 0x24, 0x3c, 0x18, 0xa0, 0xc0, 0x81, 0x03, 0x06, 0x04, 0x1c, 0x0c, 0x08, 0x00,
    0x21, 0xf9, 0x04, 0x04, 0x08, 0x00, 0x00, 0x00, 0x2c, 0x1a, 0x00, 0x14, 0x00, 0x7d, 0x00, 0x23,
    0x00, 0x87, 0x00, 0x00, 0x00, 0x0d, 0x03, 0x03, 0x1a, 0x06, 0x06, 0x26, 0x09, 0x0a, 0x33, 0x0d,
    0x0d, 0x40, 0x10, 0x10, 0x4d, 0x13, 0x13, 0x5a, 0x16, 0x16, 0x66, 0x19, 0x1a, 0x73, 0x1c, 0x1d,
    0x80, 0x1f, 0x20, 0x8d, 0x22, 0x23, 0x9a, 0x26, 0x26, 0xa6, 0x29, 0x2a, 0xb3, 0x2c, 0x2d, 0xc0,
    0x2f, 0x30, 0x00, 0x00, 0x00, 0x00, 0x00, 0x00, 0x00, 0x00, 0x00, 0x00, 0x00, 0x00, 0x00, 0x00,
    0x00, 0x00, 0x00, 0x00, 0x00, 0x00, 0x00, 0x00, 0x00, 0x00, 0x00, 0x00, 0x00, 0x00, 0x00, 0x00,
    0x00, 0x00, 0x00, 0x00, 0x00, 0x00, 0x00, 0x00, 0x00, 0x00, 0x00, 0x00, 0x00, 0x00, 0x00, 0x00,
    0x00, 0x00, 0x00, 0x00, 0x00, 0x00, 0x00, 0x00, 0x00, 0x00, 0x00, 0x00, 0x00, 0x00, 0x00, 0x00,
    0x00, 0x00, 0x00, 0x00, 0x00, 0x00, 0x00, 0x00, 0x00, 0x00, 0x00, 0x00, 0x00, 0x00, 0x00, 0x00,
    0x00, 0x00, 0x00, 0x00, 0x00, 0x00, 0x00, 0x00, 0x00, 0x00, 0x00, 0x00, 0x00, 0x00, 0x00, 0x00,
    0x00, 0x00, 0x00, 0x00, 0x00, 0x00, 0x00, 0x00, 0x00, 0x00, 0x00, 0x00, 0x00, 0x00, 0x00, 0x00,
    0x00, 0x00, 0x00, 0x00, 0x00, 0x00, 0x00, 0x00, 0x00, 0x00, 0x00, 0x00, 0x00, 0x00, 0x00, 0x00,
    0x00, 0x00, 0x00, 0x00, 0x00, 0x00, 0x00, 0x00, 0x00, 0x00, 0x00, 0x00, 0x00, 0x00, 0x00, 0x00,
    0x00, 0x00, 0x00, 0x00, 0x00, 0x00, 0x00, 0x00, 0x00, 0x00, 0x00, 0x00, 0x00, 0x00, 0x00, 0x00,
    0x00, 0x00, 0x00, 0x00, 0x00, 0x00, 0x00, 0x00, 0x00, 0x00, 0x00, 0x00, 0x00, 0x00, 0x00, 0x00,
    0x00, 0x00, 0x00, 0x00, 0x00, 0x00, 0x00, 0x00, 0x00, 0x00, 0x00, 0x00, 0x00, 0x00, 0x00, 0x00,
    0x00, 0x00, 0x00, 0x00, 0x00, 0x00, 0x00, 0x00, 0x00, 0x00, 0x00, 0x00, 0x00, 0x00, 0x00, 0x00,
    0x00, 0x00, 0x00, 0x00, 0x00, 0x00, 0x00, 0x00, 0x00, 0x00, 0x00, 0x00, 0x00, 0x00, 0x00, 0x00,
    0x00, 0x00, 0x00, 0x00, 0x00, 0x00, 0x00, 0x00, 0x00, 0x00, 0x00, 0x00, 0x00, 0x00, 0x00, 0x00,
    0x00, 0x00, 0x00, 0x00, 0x00, 0x00, 0x00, 0x00, 0x00, 0x00, 0x00, 0x00, 0x00, 0x00, 0x00, 0x00,
    0x00, 0x00, 0x00, 0x00, 0x00, 0x00, 0x00, 0x00, 0x00, 0x00, 0x00, 0x00, 0x00, 0x00, 0x00, 0x00,
    0x00, 0x00, 0x00, 0x00, 0x00, 0x00, 0x00, 0x00, 0x00, 0x00, 0x00, 0x00, 0x00, 0x00, 0x00, 0x00,
    0x00, 0x00, 0x00, 0x00, 0x00, 0x00, 0x00, 0x00, 0x00, 0x00, 0x00, 0x00, 0x00, 0x00, 0x00, 0x00,
    0x00, 0x00, 0x00, 0x00, 0x00, 0x00, 0x00, 0x00, 0x00, 0x00, 0x00, 0x00, 0x00, 0x00, 0x00, 0x00,
    0x00, 0x00, 0x00, 0x00, 0x00, 0x00, 0x00, 0x00, 0x00, 0x00, 0x00, 0x00, 0x00, 0x00, 0x00, 0x00,
    0x00, 0x00, 0x00, 0x00, 0x00, 0x00, 0x00, 0x00, 0x00, 0x00, 0x00, 0x00, 0x00, 0x00, 0x00, 0x00,
    0x00, 0x00, 0x00, 0x00, 0x00, 0x00, 0x00, 0x00, 0x00, 0x00, 0x00, 0x00, 0x00, 0x00, 0x00, 0x00,
    0x00, 0x00, 0x00, 0x00, 0x00, 0x00, 0x00, 0x00, 0x00, 0x00, 0x00, 0x00, 0x00, 0x00, 0x00, 0x00,
    0x00, 0x00, 0x00, 0x00, 0x00, 0x00, 0x00, 0x00, 0x00, 0x00, 0x00, 0x00, 0x00, 0x00, 0x00, 0x00,
    0x00, 0x00, 0x00, 0x00, 0x00, 0x00, 0x00, 0x00, 0x00, 0x00, 0x00, 0x00, 0x00, 0x00, 0x00, 0x00,
    0x00, 0x00, 0x00, 0x00, 0x00, 0x00, 0x00, 0x00, 0x00, 0x00, 0x00, 0x00, 0x00, 0x00, 0x00, 0x00,
    0x00, 0x00, 0x00, 0x00, 0x00, 0x00, 0x00, 0x00, 0x00, 0x00, 0x00, 0x00, 0x00, 0x00, 0x00, 0x00,
    0x00, 0x00, 0x00, 0x00, 0x00, 0x00, 0x00, 0x00, 0x00, 0x00, 0x00, 0x00, 0x00, 0x00, 0x00, 0x00,
    0x00, 0x00, 0x00, 0x00, 0x00, 0x00, 0x00, 0x00, 0x00, 0x00, 0x00, 0x00, 0x00, 0x00, 0x00, 0x00,
    0x00, 0x00, 0x00, 0x00, 0x00, 0x00, 0x00, 0x00, 0x00, 0x00, 0x00, 0x00, 0x00, 0x00, 0x00, 0x00,
    0x00, 0x00, 0x00, 0x00, 0x00, 0x00, 0x00, 0x00, 0x00, 0x00, 0x00, 0x00, 0x00, 0x00, 0x00, 0x00,
    0x00, 0x00, 0x00, 0x00, 0x00, 0x00, 0x00, 0x00, 0x00, 0x00, 0x00, 0x00, 0x00, 0x00, 0x00, 0x00,
    0x00, 0x00, 0x00, 0x00, 0x00, 0x00, 0x00, 0x00, 0x00, 0x00, 0x00, 0x00, 0x00, 0x00, 0x00, 0x00,
    0x00, 0x00, 0x00, 0x00, 0x00, 0x00, 0x00, 0x00, 0x00, 0x00, 0x00, 0x00, 0x00, 0x00, 0x00, 0x00,
    0x00, 0x00, 0x00, 0x00, 0x00, 0x00, 0x00, 0x00, 0x00, 0x00, 0x00, 0x00, 0x00, 0x00, 0x00, 0x00,
    0x00, 0x00, 0x00, 0x00, 0x00, 0x00, 0x00, 0x00, 0x00, 0x00, 0x00, 0x00, 0x00, 0x00, 0x00, 0x00,
    0x00, 0x00, 0x00, 0x00, 0x00, 0x00, 0x00, 0x00, 0x00, 0x00, 0x00, 0x00, 0x00, 0x00, 0x00, 0x00,
    0x00, 0x00, 0x00, 0x00, 0x00, 0x00, 0x00, 0x00, 0x00, 0x00, 0x00, 0x00, 0x00, 0x00, 0x00, 0x00,
    0x00, 0x00, 0x00, 0x00, 0x00, 0x00, 0x00, 0x00, 0x00, 0x00, 0x00, 0x00, 0x00, 0x00, 0x00, 0x00,
    0x00, 0x00, 0x00, 0x00, 0x00, 0x00, 0x00, 0x00, 0x00, 0x00, 0x00, 0x00, 0x00, 0x00, 0x00, 0x00,
    0x00, 0x00, 0x00, 0x00, 0x00, 0x00, 0x00, 0x00, 0x00, 0x00, 0x00, 0x00, 0x00, 0x00, 0x00, 0x00,
    0x00, 0x00, 0x00, 0x00, 0x00, 0x00, 0x00, 0x00, 0x00, 0x00, 0x00, 0x00, 0x00, 0x00, 0x00, 0x00,
    0x00, 0x00, 0x00, 0x00, 0x00, 0x00, 0x00, 0x00, 0x00, 0x00, 0x00, 0x00, 0x00, 0x00, 0x00, 0x00,
    0x00, 0x00, 0x00, 0x00, 0x00, 0x00, 0x00, 0x00, 0x00, 0x00, 0x00, 0x00, 0x00, 0x00, 0x00, 0x00,
    0x00, 0x00, 0x08, 0xff, 0x00, 0x01, 0x04, 0x38, 0x40, 0xf0, 0xc0, 0x00, 0x00, 0x08, 0x13, 0x2a,
    0x1c, 0x58, 0xf0, 0xa0, 0xc2, 0x87, 0x10, 0x23, 0x4a, 0x9c, 0x48, 0xb1, 0xa2, 0xc5, 0x87, 0x0c,
    0x09, 0x3a, 0x94, 0x98, 0xd1, 0x20, 0xc2, 0x01, 0x0d, 0x1e, 0x88, 0x14, 0x69, 0x40, 0x22, 0xc8,
    0x91, 0x24, 0x2f, 0xaa, 0x5c, 0xc9, 0xb2, 0x25, 0x80, 0x93, 0x28, 0x4b, 0x46, 0x84, 0x39, 0xb2,
    0xe4, 0x02, 0x94, 0x22, 0x1d, 0x04, 0x88, 0x78, 0x13, 0xa7, 0x4e, 0x97, 0x40, 0x83, 0xba, 0xec,
    0x89, 0xf2, 0x27, 0x44, 0xa2, 0x23, 0x75, 0x3a, 0xc0, 0x29, 0x92, 0x00, 0xc4, 0x00, 0x4b, 0x99,
    0x3a, 0x15, 0x4a, 0xb5, 0x6a, 0x44, 0xa8, 0x4c, 0x1f, 0x4c, 0x5d, 0x18, 0x15, 0x27, 0x81, 0xae,
    0x28, 0xb7, 0x26, 0xc4, 0x2a, 0xd5, 0xaa, 0x59, 0xb3, 0x64, 0xbd, 0x3e, 0x05, 0x3b, 0xf2, 0x6b,
    0x56, 0xb1, 0x08, 0xd3, 0x86, 0x3d, 0x4b, 0x57, 0xa8, 0xdc, 0xb6, 0x6b, 0xdf, 0xb2, 0x6d, 0x9a,
    0xb7, 0x6c, 0xdd, 0xbf, 0x2c, 0xef, 0xf2, 0xc5, 0xb8, 0x57, 0x6b, 0x61, 0xb8, 0x02, 0x0f, 0x03,
    0x5e, 0x7c, 0x51, 0xb0, 0xd6, 0xbe, 0x5e, 0x15, 0x13, 0x7e, 0xcb, 0xb8, 0xf2, 0x44, 0xc7, 0x88,
    0x31, 0x4b, 0xe6, 0x4a, 0xd9, 0xb2, 0x67, 0xce, 0x7e, 0x41, 0x47, 0xee, 0x2c, 0x7a, 0xee, 0xe7,
    0xd3, 0x98, 0x21, 0x87, 0xdd, 0x3c, 0x96, 0xf5, 0xe9, 0xca, 0xa9, 0x27, 0x4b, 0x75, 0x9d, 0x98,
    0xf4, 0x6b, 0xd8, 0xb4, 0x35, 0xdb, 0x8e, 0x4b, 0xfb, 0xf6, 0xdf, 0xd8, 0xa5, 0xdb, 0xe6, 0xee,
    0xed, 0x9b, 0x2e, 0xf0, 0xd6, 0x7a, 0x77, 0xd7, 0x0e, 0x5d, 0x1c, 0xf0, 0x71, 0xde, 0xc9, 0x99,
    0x43, 0x97, 0xde, 0xdc, 0xf8, 0xf0, 0xe8, 0x6a, 0x65, 0x67, 0xaf, 0xfe, 0xfb, 0xfa, 0x6c, 0xe5,
    0xcf, 0xb9, 0xa3, 0xa2, 0xf5, 0x3e, 0x9a, 0x7a, 0x78, 0xf1, 0x55, 0xc3, 0xeb, 0x36, 0x4f, 0x1c,
    0x7d, 0x50, 0xf5, 0x87, 0xc9, 0x9b, 0x76, 0x3f, 0x1e, 0x7c, 0x7c, 0xfb, 0xca, 0xe9, 0xbf, 0x97,
    0x2f, 0x1c, 0x3f, 0x75, 0xfd, 0x40, 0xc1, 0x87, 0xdd, 0x7c, 0xc8, 0xfd, 0x07, 0x60, 0x4b, 0x02,
    0x7e, 0xc7, 0x5e, 0x7e, 0x07, 0x06, 0xc6, 0x5f, 0x53, 0x0f, 0x3e, 0xd6, 0xa0, 0x5d, 0x11, 0xba,
    0xb5, 0xa0, 0x81, 0x13, 0x36, 0x56, 0x61, 0x85, 0x19, 0xee, 0xe7, 0x5f, 0x79, 0xdb, 0x15, 0x18,
    0x62, 0x87, 0x2b, 0x25, 0x08, 0x22, 0x81, 0xd3, 0x8d, 0x48, 0xa2, 0x86, 0x1f, 0xae, 0xd6, 0x22,
    0x5e, 0x2b, 0x3a, 0xf8, 0x62, 0x53, 0x21, 0x31, 0x25, 0x40, 0x44, 0x35, 0xe2, 0x74, 0x63, 0x8c,
    0x2c, 0xe5, 0x88, 0xd2, 0x8e, 0x0f, 0xf9, 0x38, 0x92, 0x00, 0x05, 0x30, 0x85, 0x80, 0x44, 0x45,
    0xe2, 0x74, 0x24, 0x8f, 0x2c, 0x25, 0x89, 0xd2, 0x92, 0x10, 0x39, 0x39, 0xd2, 0x92, 0x04, 0x28,
    0xb0, 0xc0, 0x95, 0x32, 0x49, 0x54, 0xe5, 0x95, 0x0b, 0x64, 0xc9, 0xe4, 0x4a, 0x5b, 0x62, 0x49,
    0x51, 0x98, 0x5d, 0x22, 0x14, 0x10, 0x00, 0x21, 0xf9, 0x04, 0x04, 0x08, 0x00, 0x00, 0x00, 0x2c,
    0x51, 0x00, 0x44, 0x00, 0x0e, 0x00, 0x07, 0x00, 0x87, 0x00, 0x00, 0x00, 0x0d, 0x03, 0x03, 0x1a,
    0x06, 0x06, 0x26, 0x09, 0x0a, 0x33, 0x0d, 0x0d, 0x40, 0x10, 0x10, 0x4d, 0x13, 0x13, 0x5a, 0x16,
    0x16, 0x66, 0x19, 0x1a, 0x73, 0x1c, 0x1d, 0x80, 0x1f, 0x20, 0x8d, 0x22, 0x23, 0x9a, 0x26, 0x26,
    0xa6, 0x29, 0x2a, 0xb3, 0x2c, 0x2d, 0xc0, 0x2f, 0x30, 0x00, 0x00, 0x00, 0x00, 0x00, 0x00, 0x00,
    0x00, 0x00, 0x00, 0x00, 0x00, 0x00, 0x00, 0x00, 0x00, 0x00, 0x00, 0x00, 0x00, 0x00, 0x00, 0x00,
    0x00, 0x00, 0x00, 0x00, 0x00, 0x00, 0x00, 0x00, 0x00, 0x00, 0x00, 0x00, 0x00, 0x00, 0x00, 0x00,
    0x00, 0x00, 0x00, 0x00, 0x00, 0x00, 0x00, 0x00, 0x00, 0x00, 0x00, 0x00, 0x00, 0x00, 0x00, 0x00,
    0x00, 0x00, 0x00, 0x00, 0x00, 0x00, 0x00, 0x00, 0x00, 0x00, 0x00, 0x00, 0x00, 0x00, 0x00, 0x00,
    0x00, 0x00, 0x00, 0x00, 0x00, 0x00, 0x00, 0x00, 0x00, 0x00, 0x00, 0x00, 0x00, 0x00, 0x00, 0x00,
    0x00, 0x00, 0x00, 0x00, 0x00, 0x00, 0x00, 0x00, 0x00, 0x00, 0x00, 0x00, 0x00, 0x00, 0x00, 0x00,
    0x00, 0x00, 0x00, 0x00, 0x00, 0x00, 0x00, 0x00, 0x00, 0x00, 0x00, 0x00, 0x00, 0x00, 0x00, 0x00,
    0x00, 0x00, 0x00, 0x00, 0x00, 0x00, 0x00, 0x00, 0x00, 0x00, 0x00, 0x00, 0x00, 0x00, 0x00, 0x00,
    0x00, 0x00, 0x00, 0x00, 0x00, 0x00, 0x00, 0x00, 0x00, 0x00, 0x00, 0x00, 0x00, 0x00, 0x00, 0x00,
    0x00, 0x00, 0x00, 0x00, 0x00, 0x00, 0x00, 0x00, 0x00, 0x00, 0x00, 0x00, 0x00, 0x00, 0x00, 0x00,
    0x00, 0x00, 0x00, 0x00, 0x00, 0x00, 0x00, 0x00, 0x00, 0x00, 0x00, 0x00, 0x00, 0x00, 0x00, 0x00,
    0x00, 0x00, 0x00, 0x00, 0x00, 0x00, 0x00, 0x00, 0x00, 0x00, 0x00, 0x00, 0x00, 0x00, 0x00, 0x00,
    0x00, 0x00, 0x00, 0x00, 0x00, 0x00, 0x00, 0x00, 0x00, 0x00, 0x00, 0x00, 0x00, 0x00, 0x00, 0x00,
    0x00, 0x00, 0x00, 0x00, 0x00, 0x00, 0x00, 0x00, 0x00, 0x00, 0x00, 0x00, 0x00, 0x00, 0x00, 0x00,
    0x00, 0x00, 0x00, 0x00, 0x00, 0x00, 0x00, 0x00, 0x00, 0x00, 0x00, 0x00, 0x00, 0x00, 0x00, 0x00,
    0x00, 0x00, 0x00, 0x00, 0x00, 0x00, 0x00, 0x00, 0x00, 0x00, 0x00, 0x00, 0x00, 0x00, 0x00, 0x00,
    0x00, 0x00, 0x00, 0x00, 0x00, 0x00, 0x00, 0x00, 0x00, 0x00, 0x00, 0x00, 0x00, 0x00, 0x00, 0x00,
    0x00, 0x00, 0x00, 0x00, 0x00, 0x00, 0x00, 0x00, 0x00, 0x00, 0x00, 0x00, 0x00, 0x00, 0x00, 0x00,
    0x00, 0x00, 0x00, 0x00, 0x00, 0x00, 0x00, 0x00, 0x00, 0x00, 0x00, 0x00, 0x00, 0x00, 0x00, 0x00,
    0x00, 0x00, 0x00, 0x00, 0x00, 0x00, 0x00, 0x00, 0x00, 0x00, 0x00, 0x00, 0x00, 0x00, 0x00, 0x00,
    0x00, 0x00, 0x00, 0x00, 0x00, 0x00, 0x00, 0x00, 0x00, 0x00, 0x00, 0x00, 0x00, 0x00, 0x00, 0x00,
    0x00, 0x00, 0x00, 0x00, 0x00, 0x00, 0x00, 0x00, 0x00, 0x00, 0x00, 0x00, 0x00, 0x00, 0x00, 0x00,
    0x00, 0x00, 0x00, 0x00, 0x00, 0x00, 0x00, 0x00, 0x00, 0x00, 0x00, 0x00, 0x00, 0x00, 0x00, 0x00,
    0x00, 0x00, 0x00, 0x00, 0x00, 0x00, 0x00, 0x00, 0x00, 0x00, 0x00, 0x00, 0x00, 0x00, 0x00, 0x00,
    0x00, 0x00, 0x00, 0x00, 0x00, 0x00, 0x00, 0x00, 0x00, 0x00, 0x00, 0x00, 0x00, 0x00, 0x00, 0x00,
    0x00, 0x00, 0x00, 0x00, 0x00, 0x00, 0x00, 0x00, 0x00, 0x00, 0x00, 0x00, 0x00, 0x00, 0x00, 0x00,
    0x00, 0x00, 0x00, 0x00, 0x00, 0x00, 0x00, 0x00, 0x00, 0x00, 0x00, 0x00, 0x00, 0x00, 0x00, 0x00,
    0x00, 0x00, 0x00, 0x00, 0x00, 0x00, 0x00, 0x00, 0x00, 0x00, 0x00, 0x00, 0x00, 0x00, 0x00, 0x00,
    0x00, 0x00, 0x00, 0x00, 0x00, 0x00, 0x00, 0x00, 0x00, 0x00, 0x00, 0x00, 0x00, 0x00, 0x00, 0x00,
    0x00, 0x00, 0x00, 0x00, 0x00, 0x00, 0x00, 0x00, 0x00, 0x00, 0x00, 0x00, 0x00, 0x00, 0x00, 0x00,
    0x00, 0x00, 0x00, 0x00, 0x00, 0x00, 0x00, 0x00, 0x00, 0x00, 0x00, 0x00, 0x00, 0x00, 0x00, 0x00,
    0x00, 0x00, 0x00, 0x00, 0x00, 0x00, 0x00, 0x00, 0x00, 0x00, 0x00, 0x00, 0x00, 0x00, 0x00, 0x00,
    0x00, 0x00, 0x00, 0x00, 0x00, 0x00, 0x00, 0x00, 0x00, 0x00, 0x00, 0x00, 0x00, 0x00, 0x00, 0x00,
    0x00, 0x00, 0x00, 0x00, 0x00, 0x00, 0x00, 0x00, 0x00, 0x00, 0x00, 0x00, 0x00, 0x00, 0x00, 0x00,
    0x00, 0x00, 0x00, 0x00, 0x00, 0x00, 0x00, 0x00, 0x00, 0x00, 0x00, 0x00, 0x00, 0x00, 0x00, 0x00,
    0x00, 0x00, 0x00, 0x00, 0x00, 0x00, 0x00, 0x00, 0x00, 0x00, 0x00, 0x00, 0x00, 0x00, 0x00, 0x00,
    0x00, 0x00, 0x00, 0x00, 0x00, 0x00, 0x00, 0x00, 0x00, 0x00, 0x00, 0x00, 0x00, 0x00, 0x00, 0x00,
    0x00, 0x00, 0x00, 0x00, 0x00, 0x00, 0x00, 0x00, 0x00, 0x00, 0x00, 0x00, 0x00, 0x00, 0x00, 0x00,
    0x00, 0x00, 0x00, 0x00, 0x00, 0x00, 0x00, 0x00, 0x00, 0x00, 0x00, 0x00, 0x00, 0x00, 0x00, 0x00,
    0x00, 0x00, 0x00, 0x00, 0x00, 0x00, 0x00, 0x00, 0x00, 0x00, 0x00, 0x00, 0x00, 0x00, 0x00, 0x00,
    0x00, 0x00, 0x00, 0x00, 0x00, 0x00, 0x00, 0x00, 0x00, 0x00, 0x00, 0x00, 0x00, 0x00, 0x00, 0x00,
    0x00, 0x00, 0x00, 0x00, 0x00, 0x00, 0x00, 0x00, 0x00, 0x00, 0x00, 0x00, 0x00, 0x00, 0x00, 0x00,
    0x00, 0x00, 0x00, 0x00, 0x00, 0x00, 0x00, 0x00, 0x00, 0x00, 0x00, 0x00, 0x00, 0x00, 0x00, 0x00,
    0x00, 0x00, 0x00, 0x00, 0x00, 0x00, 0x00, 0x00, 0x00, 0x00, 0x00, 0x00, 0x00, 0x00, 0x00, 0x00,
    0x00, 0x00, 0x00, 0x00, 0x00, 0x00, 0x00, 0x00, 0x00, 0x08, 0x42, 0x00, 0x01, 0x08, 0x1c, 0x48,
    0x90, 0xa0, 0x00, 0x03, 0x0b, 0x0e, 0x14, 0x04, 0x40, 0x80, 0xc1, 0x01, 0x01, 0x05, 0x1e, 0x3c,
    0x70, 0x30, 0xc0, 0x20, 0x03, 0x89, 0x09, 0x00, 0x5c, 0xc4, 0x48, 0x80, 0xc0, 0x01, 0x07, 0x12,
    0x1d, 0x08, 0x00, 0x20, 0x00, 0xa4, 0xc4, 0x93, 0x27, 0x0b, 0x0c, 0x14, 0xb0, 0x00, 0xa5, 0x44,
    0x06, 0x15, 0x0b, 0x12, 0x40, 0xb0, 0x60, 0x41, 0x02, 0x03, 0x04, 0x03, 0x02, 0x00, 0x21, 0xf9,
    0x04, 0x04, 0x0c, 0x00, 0x00, 0x00, 0x2c, 0x19, 0x00, 0x14, 0x00, 0x7e, 0x00, 0x24, 0x00, 0x87,
    0x00, 0x00, 0x00, 0x0d, 0x03, 0x03, 0x1a, 0x06, 0x06, 0x26, 0x09, 0x0a, 0x33, 0x0d, 0x0d, 0x40,
    0x10, 0x10, 0x4d, 0x13, 0x13, 0x5a, 0x16, 0x16, 0x66, 0x19, 0x1a, 0x73, 0x1c, 0x1d, 0x80, 0x1f,
    0x20, 0x8d, 0x22, 0x23, 0x9a, 0x26, 0x26, 0xa6, 0x29, 0x2a, 0xb3, 0x2c, 0x2d, 0xc0, 0x2f, 0x30,
    0x00, 0x00, 0x00, 0x00, 0x00, 0x00, 0x00, 0x00, 0x00, 0x00, 0x00, 0x00, 0x00, 0x00, 0x00, 0x00,
    0x00, 0x00, 0x00, 0x00, 0x00, 0x00, 0x00, 0x00, 0x00, 0x00, 0x00, 0x00, 0x00, 0x00, 0x00, 0x00,
    0x00, 0x00, 0x00, 0x00, 0x00, 0x00, 0x00, 0x00, 0x00, 0x00, 0x00, 0x00, 0x00, 0x00, 0x00, 0x00,
    0x00, 0x00, 0x00, 0x00, 0x00, 0x00, 0x00, 0x00, 0x00, 0x00, 0x00, 0x00, 0x00, 0x00, 0x00, 0x00,
    0x00, 0x00, 0x00, 0x00, 0x00, 0x00, 0x00, 0x00, 0x00, 0x00, 0x00, 0x00, 0x00, 0x00, 0x00, 0x00,
    0x00, 0x00, 0x00, 0x00, 0x00, 0x00, 0x00, 0x00, 0x00, 0x00, 0x00, 0x00, 0x00, 0x00, 0x00, 0x00,
    0x00, 0x00, 0x00, 0x00, 0x00, 0x00, 0x00, 0x00, 0x00, 0x00, 0x00, 0x00, 0x00, 0x00, 0x00, 0x00,
    0x00, 0x00, 0x00, 0x00, 0x00, 0x00, 0x00, 0x00, 0x00, 0x00, 0x00, 0x00, 0x00, 0x00, 0x00, 0x00,
    0x00, 0x00, 0x00, 0x00, 0x00, 0x00, 0x00, 0x00, 0x00, 0x00, 0x00, 0x00, 0x00, 0x00, 0x00, 0x00,
    0x00, 0x00, 0x00, 0x00, 0x00, 0x00, 0x00, 0x00, 0x00, 0x00, 0x00, 0x00, 0x00, 0x00, 0x00, 0x00,
    0x00, 0x00, 0x00, 0x00, 0x00, 0x00, 0x00, 0x00, 0x00, 0x00, 0x00, 0x00, 0x00, 0x00, 0x00, 0x00,
    0x00, 0x00, 0x00, 0x00, 0x00, 0x00, 0x00, 0x00, 0x00, 0x00, 0x00, 0x00, 0x00, 0x00, 0x00, 0x00,
    0x00, 0x00, 0x00, 0x00, 0x00, 0x00, 0x00, 0x00, 0x00, 0x00, 0x00, 0x00, 0x00, 0x00, 0x00, 0x00,
    0x00, 0x00, 0x00, 0x00, 0x00, 0x00, 0x00, 0x00, 0x00, 0x00, 0x00, 0x00, 0x00, 0x00, 0x00, 0x00,
    0x00, 0x00, 0x00, 0x00, 0x00, 0x00, 0x00, 0x00, 0x00, 0x00, 0x00, 0x00, 0x00, 0x00, 0x00, 0x00,
    0x00, 0x00, 0x00, 0x00, 0x00, 0x00, 0x00, 0x00, 0x00, 0x00, 0x00, 0x00, 0x00, 0x00, 0x00, 0x00,
    0x00, 0x00, 0x00, 0x00, 0x00, 0x00, 0x00, 0x00, 0x00, 0x00, 0x00, 0x00, 0x00, 0x00, 0x00, 0x00,
    0x00, 0x00, 0x00, 0x00, 0x00, 0x00, 0x00, 0x00, 0x00, 0x00, 0x00, 0x00, 0x00, 0x00, 0x00, 0x00,
    0x00, 0x00, 0x00, 0x00, 0x00, 0x00, 0x00, 0x00, 0x00, 0x00, 0x00, 0x00, 0x00, 0x00, 0x00, 0x00,
    0x00, 0x00, 0x00, 0x00, 0x00, 0x00, 0x00, 0x00, 0x00, 0x00, 0x00, 0x00, 0x00, 0x00, 0x00, 0x00,
    0x00, 0x00, 0x00, 0x00, 0x00, 0x00, 0x00, 0x00, 0x00, 0x00, 0x00, 0x00, 0x00, 0x00, 0x00, 0x00,
    0x00, 0x00, 0x00, 0x00, 0x00, 0x00, 0x00, 0x00, 0x00, 0x00, 0x00, 0x00, 0x00, 0x00, 0x00, 0x00,
    0x00, 0x00, 0x00, 0x00, 0x00, 0x00, 0x00, 0x00, 0x00, 0x00, 0x00, 0x00, 0x00, 0x00, 0x00, 0x00,
    0x00, 0x00, 0x00, 0x00, 0x00, 0x00, 0x00, 0x00, 0x00, 0x00, 0x00, 0x00, 0x00, 0x00, 0x00, 0x00,
    0x00, 0x00, 0x00, 0x00, 0x00, 0x00, 0x00, 0x00, 0x00, 0x00, 0x00, 0x00, 0x00, 0x00, 0x00, 0x00,
    0x00, 0x00, 0x00, 0x00, 0x00, 0x00, 0x00, 0x00, 0x00, 0x00, 0x00, 0x00, 0x00, 0x00, 0x00, 0x00,
    0x00, 0x00, 0x00, 0x00, 0x00, 0x00, 0x00, 0x00, 0x00, 0x00, 0x00, 0x00, 0x00, 0x00, 0x00, 0x00,
    0x00, 0x00, 0x00, 0x00, 0x00, 0x00, 0x00, 0x00, 0x00, 0x00, 0x00, 0x00, 0x00, 0x00, 0x00, 0x00,
    0x00, 0x00, 0x00, 0x00, 0x00, 0x00, 0x00, 0x00, 0x00, 0x00, 0x00, 0x00, 0x00, 0x00, 0x00, 0x00,
    0x00, 0x00, 0x00, 0x00, 0x00, 0x00, 0x00, 0x00, 0x00, 0x00, 0x00, 0x00, 0x00, 0x00, 0x00, 0x00,
    0x00, 0x00, 0x00, 0x00, 0x00, 0x00, 0x00, 0x00, 0x00, 0x00, 0x00, 0x00, 0x00, 0x00, 0x00, 0x00,
    0x00, 0x00, 0x00, 0x00, 0x00, 0x00, 0x00, 0x00, 0x00, 0x00, 0x00, 0x00, 0x00, 0x00, 0x00, 0x00,
    0x00, 0x00, 0x00, 0x00, 0x00, 0x00, 0x00, 0x00, 0x00, 0x00, 0x00, 0x00, 0x00, 0x00, 0x00, 0x00,
    0x00, 0x00, 0x00, 0x00, 0x00, 0x00, 0x00, 0x00, 0x00, 0x00, 0x00, 0x00, 0x00, 0x00, 0x00, 0x00,
    0x00, 0x00, 0x00, 0x00, 0x00, 0x00, 0x00, 0x00, 0x00, 0x00, 0x00, 0x00, 0x00, 0x00, 0x00, 0x00,
    0x00, 0x00, 0x00, 0x00, 0x00, 0x00, 0x00, 0x00, 0x00, 0x00, 0x00, 0x00, 0x00, 0x00, 0x00, 0x00,
    0x00, 0x00, 0x00, 0x00, 0x00, 0x00, 0x00, 0x00, 0x00, 0x00, 0x00, 0x00, 0x00, 0x00, 0x00, 0x00,
    0x00, 0x00, 0x00, 0x00, 0x00, 0x00, 0x00, 0x00, 0x00, 0x00, 0x00, 0x00, 0x00, 0x00, 0x00, 0x00,
    0x00, 0x00, 0x00, 0x00, 0x00, 0x00, 0x00, 0x00, 0x00, 0x00, 0x00, 0x00, 0x00, 0x00, 0x00, 0x00,
    0x00, 0x00, 0x00, 0x00, 0x00, 0x00, 0x00, 0x00, 0x00, 0x00, 0x00, 0x00, 0x00, 0x00, 0x00, 0x00,
    0x00, 0x00, 0x00, 0x00, 0x00, 0x00, 0x00, 0x00, 0x00, 0x00, 0x00, 0x00, 0x00, 0x00, 0x00, 0x00,
    0x00, 0x00, 0x00, 0x00, 0x00, 0x00, 0x00, 0x00, 0x00, 0x00, 0x00, 0x00, 0x00, 0x00, 0x00, 0x00,
    0x00, 0x00, 0x00, 0x00, 0x00, 0x00, 0x00, 0x00, 0x00, 0x00, 0x00, 0x00, 0x00, 0x00, 0x00, 0x00,
    0x00, 0x00, 0x00, 0x00, 0x00, 0x00, 0x00, 0x00, 0x00, 0x00, 0x00, 0x00, 0x00, 0x00, 0x00, 0x00,
    0x00, 0x00, 0x00, 0x00, 0x00, 0x00, 0x00, 0x00, 0x00, 0x00, 0x00, 0x00, 0x00, 0x00, 0x00, 0x00,
    0x08, 0xff, 0x00, 0x01, 0x08, 0x1c, 0x40, 0xa0, 0xa0, 0xc0, 0x83, 0x08, 0x0f, 0x12, 0x34, 0x98,
    0xb0, 0xa1, 0xc3, 0x87, 0x10, 0x23, 0x4a, 0x9c, 0x28, 0x71, 0x21, 0x81, 0x89, 0x16, 0x11, 0x06,
    0x58, 0xf0, 0xa0, 0xe3, 0x03, 0x06, 0x03, 0x1e, 0x6e, 0xf4, 0xf8, 0x31, 0x24, 0xc5, 0x93, 0x28,
    0x53, 0xaa, 0x1c, 0xe9, 0x11, 0xa4, 0x48, 0x8e, 0x2d, 0x4d, 0x26, 0x20, 0xd9, 0xb1, 0x41, 0x00,
    0x87, 0x33, 0x69, 0xda, 0x54, 0xc9, 0xb3, 0xa7, 0x4f, 0x00, 0x39, 0x49, 0xee, 0x6c, 0x18, 0xd4,
    0xa3, 0xcd, 0x00, 0x0e, 0x68, 0x76, 0xbc, 0x98, 0x10, 0xa9, 0xd2, 0x07, 0x4c, 0x7f, 0x4a, 0x9d,
    0xda, 0xd0, 0xa9, 0xd2, 0xa8, 0x07, 0xad, 0xd2, 0x24, 0xa0, 0x95, 0x24, 0x56, 0x81, 0x5d, 0x3d,
    0x7e, 0xa5, 0x4a, 0xd6, 0x67, 0xd8, 0xa5, 0x55, 0x93, 0x5e, 0x3d, 0x0b, 0x35, 0xed, 0xd3, 0xb1,
    0x65, 0xe3, 0xa2, 0x64, 0x3b, 0x96, 0x2e, 0x5d, 0xb7, 0x57, 0xe5, 0xea, 0x5d, 0xa9, 0x76, 0x2b,
    0xde, 0xad, 0x77, 0x9b, 0xf6, 0xf5, 0xba, 0xb7, 0x30, 0xc5, 0xc0, 0x1a, 0x07, 0x8b, 0x45, 0x9c,
    0x55, 0x31, 0x5a, 0xc3, 0x90, 0x45, 0x3a, 0x6e, 0x2b, 0xf8, 0x2d, 0x63, 0xb0, 0x93, 0xe1, 0x46,
    0x86, 0x7c, 0x19, 0x80, 0xdd, 0xcc, 0x7f, 0x09, 0x6f, 0x1e, 0x8d, 0xf9, 0x6d, 0xe8, 0xc5, 0xa0,
    0x2b, 0xe7, 0x25, 0x3d, 0xba, 0xf3, 0x67, 0xd3, 0xaa, 0xfd, 0xb2, 0xde, 0xec, 0x3a, 0x73, 0x6d,
    0xd8, 0xb3, 0x39, 0xa7, 0x4e, 0x6c, 0x79, 0x77, 0x63, 0xdc, 0xb9, 0x0b, 0xdf, 0x5e, 0xeb, 0xbb,
    0xf4, 0xea, 0xe0, 0xc2, 0x8b, 0x7b, 0xb6, 0xad, 0xbc, 0x33, 0xf2, 0xb2, 0xc3, 0x01, 0x37, 0x57,
    0xfe, 0x9c, 0x6c, 0x74, 0xaf, 0xd7, 0xc5, 0x56, 0xdf, 0x9b, 0x7d, 0x69, 0x77, 0xca, 0xdb, 0xe3,
    0x7e, 0x9e, 0xe7, 0x3a, 0x1d, 0x78, 0x78, 0xaa, 0xe3, 0xc7, 0x9f, 0x17, 0x5f, 0x9e, 0xb8, 0xf9,
    0xe5, 0xef, 0xd7, 0x9b, 0x6d, 0x2f, 0xfd, 0xbd, 0x73, 0xf9, 0x3c, 0xd3, 0xd3, 0x17, 0x8d, 0x5f,
    0xaa, 0x7e, 0xfb, 0xd4, 0xf5, 0x97, 0xd2, 0x7f, 0xc7, 0xfd, 0x56, 0xa0, 0x80, 0xf9, 0xed, 0x87,
    0x1a, 0x80, 0xf1, 0x21, 0x78, 0x12, 0x81, 0xb2, 0xf1, 0x76, 0xa0, 0x83, 0x73, 0x29, 0xe8, 0x9d,
    0x85, 0xe0, 0x51, 0x38, 0x20, 0x86, 0xe4, 0x31, 0x38, 0xa1, 0x86, 0x13, 0x41, 0xc8, 0x9f, 0x81,
    0x11, 0x82, 0xf8, 0x20, 0x87, 0x6c, 0x99, 0x24, 0x21, 0x4d, 0x2a, 0x9a, 0x78, 0xd8, 0x64, 0x2d,
    0x1a, 0xc7, 0x22, 0x00, 0x07, 0x28, 0xb5, 0xc0, 0x43, 0x35, 0xd2, 0x74, 0xa3, 0x8b, 0x29, 0xe5,
    0x48, 0xd2, 0x8e, 0x0d, 0xf9, 0xe8, 0x11, 0x90, 0x07, 0x34, 0xe0, 0xc0, 0x91, 0x09, 0xdc, 0x84,
    0xa3, 0x91, 0x48, 0x2a, 0xc9, 0x23, 0x4a, 0x45, 0x1e, 0xe9, 0x40, 0x92, 0x10, 0x45, 0xd9, 0xa4,
    0x46, 0x01, 0x64, 0x19, 0x62, 0x96, 0x4e, 0x3e, 0x39, 0x20, 0x97, 0x5b, 0x6a, 0x29, 0x50, 0x40,
    0x00, 0x21, 0xf9, 0x04, 0x04, 0x0c, 0x00, 0x00, 0x00, 0x2c, 0x51, 0x00, 0x45, 0x00, 0x0e, 0x00,
    0x07, 0x00, 0x87, 0x00, 0x00, 0x00, 0x0d, 0x03, 0x03, 0x1a, 0x06, 0x06, 0x26, 0x09, 0x0a, 0x33,
    0x0d, 0x0d, 0x40, 0x10, 0x10, 0x4d, 0x13, 0x13, 0x5a, 0x16, 0x16, 0x66, 0x19, 0x1a, 0x73, 0x1c,
    0x1d, 0x80, 0x1f, 0x20, 0x8d, 0x22, 0x23, 0x9a, 0x26, 0x26, 0xa6, 0x29, 0x2a, 0xb3, 0x2c, 0x2d,
    0xc0, 0x2f, 0x30, 0x00, 0x00, 0x00, 0x00, 0x00, 0x00, 0x00, 0x00, 0x00, 0x00, 0x00, 0x00, 0x00,
    0x00, 0x00, 0x00, 0x00, 0x00, 0x00, 0x00, 0x00, 0x00, 0x00, 0x00, 0x00, 0x00, 0x00, 0x00, 0x00,
    0x00, 0x00, 0x00, 0x00, 0x00, 0x00, 0x00, 0x00, 0x00, 0x00, 0x00, 0x00, 0x00, 0x00, 0x00, 0x00,
    0x00, 0x00, 0x00, 0x00, 0x00, 0x00, 0x00, 0x00, 0x00, 0x00, 0x00, 0x00, 0x00, 0x00, 0x00, 0x00,
    0x00, 0x00, 0x00, 0x00, 0x00, 0x00, 0x00, 0x00, 0x00, 0x00, 0x00, 0x00, 0x00, 0x00, 0x00, 0x00,
    0x00, 0x00, 0x00, 0x00, 0x00, 0x00, 0x00, 0x00, 0x00, 0x00, 0x00, 0x00, 0x00, 0x00, 0x00, 0x00,
    0x00, 0x00, 0x00, 0x00, 0x00, 0x00, 0x00, 0x00, 0x00, 0x00, 0x00, 0x00, 0x00, 0x00, 0x00, 0x00,
    0x00, 0x00, 0x00, 0x00, 0x00, 0x00, 0x00, 0x00, 0x00, 0x00, 0x00, 0x00, 0x00, 0x00, 0x00, 0x00,
    0x00, 0x00, 0x00, 0x00, 0x00, 0x00, 0x00, 0x00, 0x00, 0x00, 0x00, 0x00, 0x00, 0x00, 0x00, 0x00,
    0x00, 0x00, 0x00, 0x00, 0x00, 0x00, 0x00, 0x00, 0x00, 0x00, 0x00, 0x00, 0x00, 0x00, 0x00, 0x00,
    0x00, 0x00, 0x00, 0x00, 0x00, 0x00, 0x00, 0x00, 0x00, 0x00, 0x00, 0x00, 0x00, 0x00, 0x00, 0x00,
    0x00, 0x00, 0x00, 0x00, 0x00, 0x00, 0x00, 0x00, 0x00, 0x00, 0x00, 0x00, 0x00, 0x00, 0x00, 0x00,
    0x00, 0x00, 0x00, 0x00, 0x00, 0x00, 0x00, 0x00, 0x00, 0x00, 0x00, 0x00, 0x00, 0x00, 0x00, 0x00,
    0x00, 0x00, 0x00, 0x00, 0x00, 0x00, 0x00, 0x00, 0x00, 0x00, 0x00, 0x00, 0x00, 0x00, 0x00, 0x00,
    0x00, 0x00, 0x00, 0x00, 0x00, 0x00, 0x00, 0x00, 0x00, 0x00, 0x00, 0x00, 0x00, 0x00, 0x00, 0x00,
    0x00, 0x00, 0x00, 0x00, 0x00, 0x00, 0x00, 0x00, 0x00, 0x00, 0x00, 0x00, 0x00, 0x00, 0x00, 0x00,
    0x00, 0x00, 0x00, 0x00, 0x00, 0x00, 0x00, 0x00, 0x00, 0x00, 0x00, 0x00, 0x00, 0x00, 0x00, 0x00,
    0x00, 0x00, 0x00, 0x00, 0x00, 0x00, 0x00, 0x00, 0x00, 0x00, 0x00, 0x00, 0x00, 0x00, 0x00, 0x00,
    0x00, 0x00, 0x00, 0x00, 0x00, 0x00, 0x00, 0x00, 0x00, 0x00, 0x00, 0x00, 0x00, 0x00, 0x00, 0x00,
    0x00, 0x00, 0x00, 0x00, 0x00, 0x00, 0x00, 0x00, 0x00, 0x00, 0x00, 0x00, 0x00, 0x00, 0x00, 0x00,
    0x00, 0x00, 0x00, 0x00, 0x00, 0x00, 0x00, 0x00, 0x00, 0x00, 0x00, 0x00, 0x00, 0x00, 0x00, 0x00,
    0x00, 0x00, 0x00, 0x00, 0x00, 0x00, 0x00, 0x00, 0x00, 0x00, 0x00, 0x00, 0x00, 0x00, 0x00, 0x00,
    0x00, 0x00, 0x00, 0x00, 0x00, 0x00, 0x00, 0x00, 0x00, 0x00, 0x00, 0x00, 0x00, 0x00, 0x00, 0x00,
    0x00, 0x00, 0x00, 0x00, 0x00, 0x00, 0x00, 0x00, 0x00, 0x00, 0x00, 0x00, 0x00, 0x00, 0x00, 0x00,
    0x00, 0x00, 0x00, 0x00, 0x00, 0x00, 0x00, 0x00, 0x00, 0x00, 0x00, 0x00, 0x00, 0x00, 0x00, 0x00,
    0x00, 0x00, 0x00, 0x00, 0x00, 0x00, 0x00, 0x00, 0x00, 0x00, 0x00, 0x00, 0x00, 0x00, 0x00, 0x00,
    0x00, 0x00, 0x00, 0x00, 0x00, 0x00, 0x00, 0x00, 0x00, 0x00, 0x00, 0x00, 0x00, 0x00, 0x00, 0x00,
    0x00, 0x00, 0x00, 0x00, 0x00, 0x00, 0x00, 0x00, 0x00, 0x00, 0x00, 0x00, 0x00, 0x00, 0x00, 0x00,
    0x00, 0x00, 0x00, 0x00, 0x00, 0x00, 0x00, 0x00, 0x00, 0x00, 0x00, 0x00, 0x00, 0x00, 0x00, 0x00,
    0x00, 0x00, 0x00, 0x00, 0x00, 0x00, 0x00, 0x00, 0x00, 0x00, 0x00, 0x00, 0x00, 0x00, 0x00, 0x00,
    0x00, 0x00, 0x00, 0x00, 0x00, 0x00, 0x00, 0x00, 0x00, 0x00, 0x00, 0x00, 0x00, 0x00, 0x00, 0x00,
    0x00, 0x00, 0x00, 0x00, 0x00, 0x00, 0x00, 0x00, 0x00, 0x00, 0x00, 0x00, 0x00, 0x00, 0x00, 0x00,
    0x00, 0x00, 0x00, 0x00, 0x00, 0x00, 0x00, 0x00, 0x00, 0x00, 0x00, 0x00, 0x00, 0x00, 0x00, 0x00,
    0x00, 0x00, 0x00, 0x00, 0x00, 0x00, 0x00, 0x00, 0x00, 0x00, 0x00, 0x00, 0x00, 0x00, 0x00, 0x00,
    0x00, 0x00, 0x00, 0x00, 0x00, 0x00, 0x00, 0x00, 0x00, 0x00, 0x00, 0x00, 0x00, 0x00, 0x00, 0x00,
    0x00, 0x00, 0x00, 0x00, 0x00, 0x00, 0x00, 0x00, 0x00, 0x00, 0x00, 0x00, 0x00, 0x00, 0x00, 0x00,
    0x00, 0x00, 0x00, 0x00, 0x00, 0x00, 0x00, 0x00, 0x00, 0x00, 0x00, 0x00, 0x00, 0x00, 0x00, 0x00,
    0x00, 0x00, 0x00, 0x00, 0x00, 0x00, 0x00, 0x00, 0x00, 0x00, 0x00, 0x00, 0x00, 0x00, 0x00, 0x00,
    0x00, 0x00, 0x00, 0x00, 0x00, 0x00, 0x00, 0x00, 0x00, 0x00, 0x00, 0x00, 0x00, 0x00, 0x00, 0x00,
    0x00, 0x00, 0x00, 0x00, 0x00, 0x00, 0x00, 0x00, 0x00, 0x00, 0x00, 0x00, 0x00, 0x00, 0x00, 0x00,
    0x00, 0x00, 0x00, 0x00, 0x00, 0x00, 0x00, 0x00, 0x00, 0x00, 0x00, 0x00, 0x00, 0x00, 0x00, 0x00,
    0x00, 0x00, 0x00, 0x00, 0x00, 0x00, 0x00, 0x00, 0x00, 0x00, 0x00, 0x00, 0x00, 0x00, 0x00, 0x00,
    0x00, 0x00, 0x00, 0x00, 0x00, 0x00, 0x00, 0x00, 0x00, 0x00, 0x00, 0x00, 0x00, 0x00, 0x00, 0x00,
    0x00, 0x00, 0x00, 0x00, 0x00, 0x00, 0x00, 0x00, 0x00, 0x00, 0x00, 0x00, 0x00, 0x00, 0x00, 0x00,
    0x00, 0x00, 0x00, 0x00, 0x00, 0x00, 0x00, 0x00, 0x00, 0x00, 0x00, 0x00, 0x00, 0x00, 0x00, 0x00,
    0x00, 0x00, 0x00, 0x08, 0x44, 0x00, 0x01, 0x08, 0x40, 0x50, 0x00, 0x80, 0xc1, 0x83, 0x03, 0x07,
    0x00, 0x30, 0xf0, 0xe0, 0x41, 0x83, 0x00, 0x07, 0x0d, 0x2a, 0x68, 0x88, 0x40, 0x80, 0x83, 0x86,
    0x0d, 0x0c, 0x04, 0x08, 0x40, 0x60, 0xc1, 0x83, 0x8b, 0x04, 0x00, 0x10, 0x68, 0xd8, 0xd0, 0xc1,
    0x45, 0x92, 0x07, 0x0e, 0x12, 0x68, 0x40, 0xb2, 0x65, 0xca, 0x88, 0x01, 0x10, 0x30, 0x30, 0xd9,
    0x20, 0x81, 0xc2, 0x88, 0x30, 0x21, 0xe2, 0x0c, 0x08, 0x00, 0x21, 0xf9, 0x04, 0x04, 0x20, 0x00,
    0x00, 0x00, 0x2c, 0x1a, 0x00, 0x14, 0x00, 0x7d, 0x00, 0x24, 0x00, 0x87, 0x00, 0x00, 0x00, 0x0d,
    0x03, 0x03, 0x1a, 0x06, 0x06, 0x26, 0x09, 0x0a, 0x33, 0x0d, 0x0d, 0x40, 0x10, 0x10, 0x4d, 0x13,
    0x13, 0x5a, 0x16, 0x16, 0x66, 0x19, 0x1a, 0x73, 0x1c, 0x1d, 0x80, 0x1f, 0x20, 0x8d, 0x22, 0x23,
    0x9a, 0x26, 0x26, 0xa6, 0x29, 0x2a, 0xb3, 0x2c, 0x2d, 0xc0, 0x2f, 0x30, 0x00, 0x00, 0x00, 0x00,
    0x00, 0x00, 0x00, 0x00, 0x00, 0x00, 0x00, 0x00, 0x00, 0x00, 0x00, 0x00, 0x00, 0x00, 0x00, 0x00,
    0x00, 0x00, 0x00, 0x00, 0x00, 0x00, 0x00, 0x00, 0x00, 0x00, 0x00, 0x00, 0x00, 0x00, 0x00, 0x00,
    0x00, 0x00, 0x00, 0x00, 0x00, 0x00, 0x00, 0x00, 0x00, 0x00, 0x00, 0x00, 0x00, 0x00, 0x00, 0x00,
    0x00, 0x00, 0x00, 0x00, 0x00, 0x00, 0x00, 0x00, 0x00, 0x00, 0x00, 0x00, 0x00, 0x00, 0x00, 0x00,
    0x00, 0x00, 0x00, 0x00, 0x00, 0x00, 0x00, 0x00, 0x00, 0x00, 0x00, 0x00, 0x00, 0x00, 0x00, 0x00,
    0x00, 0x00, 0x00, 0x00, 0x00, 0x00, 0x00, 0x00, 0x00, 0x00, 0x00, 0x00, 0x00, 0x00, 0x00, 0x00,
    0x00, 0x00, 0x00, 0x00, 0x00, 0x00, 0x00, 0x00, 0x00, 0x00, 0x00, 0x00, 0x00, 0x00, 0x00, 0x00,
    0x00, 0x00, 0x00, 0x00, 0x00, 0x00, 0x00, 0x00, 0x00, 0x00, 0x00, 0x00, 0x00, 0x00, 0x00, 0x00,
    0x00, 0x00, 0x00, 0x00, 0x00, 0x00, 0x00, 0x00, 0x00, 0x00, 0x00, 0x00, 0x00, 0x00, 0x00, 0x00,
    0x00, 0x00, 0x00, 0x00, 0x00, 0x00, 0x00, 0x00, 0x00, 0x00, 0x00, 0x00, 0x00, 0x00, 0x00, 0x00,
    0x00, 0x00, 0x00, 0x00, 0x00, 0x00, 0x00, 0x00, 0x00, 0x00, 0x00, 0x00, 0x00, 0x00, 0x00, 0x00,
    0x00, 0x00, 0x00, 0x00, 0x00, 0x00, 0x00, 0x00, 0x00, 0x00, 0x00, 0x00, 0x00, 0x00, 0x00, 0x00,
    0x00, 0x00, 0x00, 0x00, 0x00, 0x00, 0x00, 0x00, 0x00, 0x00, 0x00, 0x00, 0x00, 0x00, 0x00, 0x00,
    0x00, 0x00, 0x00, 0x00, 0x00, 0x00, 0x00, 0x00, 0x00, 0x00, 0x00, 0x00, 0x00, 0x00, 0x00, 0x00,
    0x00, 0x00, 0x00, 0x00, 0x00, 0x00, 0x00, 0x00, 0x00, 0x00, 0x00, 0x00, 0x00, 0x00, 0x00, 0x00,
    0x00, 0x00, 0x00, 0x00, 0x00, 0x00, 0x00, 0x00, 0x00, 0x00, 0x00, 0x00, 0x00, 0x00, 0x00, 0x00,
    0x00, 0x00, 0x00, 0x00, 0x00, 0x00, 0x00, 0x00, 0x00, 0x00, 0x00, 0x00, 0x00, 0x00, 0x00, 0x00,
    0x00, 0x00, 0x00, 0x00, 0x00, 0x00, 0x00, 0x00, 0x00, 0x00, 0x00, 0x00, 0x00, 0x00, 0x00, 0x00,
    0x00, 0x00, 0x00, 0x00, 0x00, 0x00, 0x00, 0x00, 0x00, 0x00, 0x00, 0x00, 0x00, 0x00, 0x00, 0x00,
    0x00, 0x00, 0x00, 0x00, 0x00, 0x00, 0x00, 0x00, 0x00, 0x00, 0x00, 0x00, 0x00, 0x00, 0x00, 0x00,
    0x00, 0x00, 0x00, 0x00, 0x00, 0x00, 0x00, 0x00, 0x00, 0x00, 0x00, 0x00, 0x00, 0x00, 0x00, 0x00,
    0x00, 0x00, 0x00, 0x00, 0x00, 0x00, 0x00, 0x00, 0x00, 0x00, 0x00, 0x00, 0x00, 0x00, 0x00, 0x00,
    0x00, 0x00, 0x00, 0x00, 0x00, 0x00, 0x00, 0x00, 0x00, 0x00, 0x00, 0x00, 0x00, 0x00, 0x00, 0x00,
    0x00, 0x00, 0x00, 0x00, 0x00, 0x00, 0x00, 0x00, 0x00, 0x00, 0x00, 0x00, 0x00, 0x00, 0x00, 0x00,
    0x00, 0x00, 0x00, 0x00, 0x00, 0x00, 0x00, 0x00, 0x00, 0x00, 0x00, 0x00, 0x00, 0x00, 0x00, 0x00,
    0x00, 0x00, 0x00, 0x00, 0x00, 0x00, 0x00, 0x00, 0x00, 0x00, 0x00, 0x00, 0x00, 0x00, 0x00, 0x00,
    0x00, 0x00, 0x00, 0x00, 0x00, 0x00, 0x00, 0x00, 0x00, 0x00, 0x00, 0x00, 0x00, 0x00, 0x00, 0x00,
    0x00, 0x00, 0x00, 0x00, 0x00, 0x00, 0x00, 0x00, 0x00, 0x00, 0x00, 0x00, 0x00, 0x00, 0x00, 0x00,
    0x00, 0x00, 0x00, 0x00, 0x00, 0x00, 0x00, 0x00, 0x00, 0x00, 0x00, 0x00, 0x00, 0x00, 0x00, 0x00,
    0x00, 0x00, 0x00, 0x00, 0x00, 0x00, 0x00, 0x00, 0x00, 0x00, 0x00, 0x00, 0x00, 0x00, 0x00, 0x00,
    0x00, 0x00, 0x00, 0x00, 0x00, 0x00, 0x00, 0x00, 0x00, 0x00, 0x00, 0x00, 0x00, 0x00, 0x00, 0x00,
    0x00, 0x00, 0x00, 0x00, 0x00, 0x00, 0x00, 0x00, 0x00, 0x00, 0x00, 0x00, 0x00, 0x00, 0x00, 0x00,
    0x00, 0x00, 0x00, 0x00, 0x00, 0x00, 0x00, 0x00, 0x00, 0x00, 0x00, 0x00, 0x00, 0x00, 0x00, 0x00,
    0x00, 0x00, 0x00, 0x00, 0x00, 0x00, 0x00, 0x00, 0x00, 0x00, 0x00, 0x00, 0x00, 0x00, 0x00, 0x00,
    0x00, 0x00, 0x00, 0x00, 0x00, 0x00, 0x00, 0x00, 0x00, 0x00, 0x00, 0x00, 0x00, 0x00, 0x00, 0x00,
    0x00, 0x00, 0x00, 0x00, 0x00, 0x00, 0x00, 0x00, 0x00, 0x00, 0x00, 0x00, 0x00, 0x00, 0x00, 0x00,
    0x00, 0x00, 0x00, 0x00, 0x00, 0x00, 0x00, 0x00, 0x00, 0x00, 0x00, 0x00, 0x00, 0x00, 0x00, 0x00,
    0x00, 0x00, 0x00, 0x00, 0x00, 0x00, 0x00, 0x00, 0x00, 0x00, 0x00, 0x00, 0x00, 0x00, 0x00, 0x00,
    0x00, 0x00, 0x00, 0x00, 0x00, 0x00, 0x00, 0x00, 0x00, 0x00, 0x00, 0x00, 0x00, 0x00, 0x00, 0x00,
    0x00, 0x00, 0x00, 0x00, 0x00, 0x00, 0x00, 0x00, 0x00, 0x00, 0x00, 0x00, 0x00, 0x00, 0x00, 0x00,
    0x00, 0x00, 0x00, 0x00, 0x00, 0x00, 0x00, 0x00, 0x00, 0x00, 0x00, 0x00, 0x00, 0x00, 0x00, 0x00,
    0x00, 0x00, 0x00, 0x00, 0x00, 0x00, 0x00, 0x00, 0x00, 0x00, 0x00, 0x00, 0x00, 0x00, 0x00, 0x00,
    0x00, 0x00, 0x00, 0x00, 0x00, 0x00, 0x00, 0x00, 0x00, 0x00, 0x00, 0x00, 0x00, 0x00, 0x00, 0x00,
    0x00, 0x00, 0x00, 0x00, 0x00, 0x00, 0x00, 0x00, 0x00, 0x00, 0x00, 0x00, 0x00, 0x00, 0x00, 0x00,
    0x00, 0x00, 0x00, 0x00, 0x00, 0x00, 0x00, 0x00, 0x00, 0x00, 0x00, 0x00, 0x08, 0xff, 0x00, 0x01,
    0x00, 0x08, 0x40, 0x30, 0x80, 0xc0, 0x83, 0x08, 0x0f, 0x16, 0x34, 0x98, 0xb0, 0xa1, 0xc3, 0x87,
    0x10, 0x23, 0x4a, 0x9c, 0x28, 0x71, 0xe1, 0x44, 0x8b, 0x07, 0x0f, 0x34, 0x70, 0xc0, 0x31, 0x01,
    0x43, 0x87, 0x1a, 0x39, 0x3a, 0xf0, 0x48, 0xb1, 0xa4, 0xc9, 0x93, 0x28, 0x05, 0x86, 0xec, 0xf8,
    0xb1, 0xe1, 0xca, 0x91, 0x06, 0x0f, 0x3c, 0x98, 0x49, 0x73, 0xc1, 0x43, 0x99, 0x34, 0x67, 0xda,
    0x4c, 0xc9, 0xb3, 0x67, 0x4a, 0x9c, 0x39, 0x77, 0xba, 0xcc, 0xa9, 0x13, 0x80, 0x03, 0xa2, 0x33,
    0x07, 0x34, 0x0c, 0x70, 0x14, 0xa9, 0x52, 0x9f, 0x50, 0xa3, 0x3a, 0x64, 0x8a, 0xf4, 0xc1, 0x53,
    0x84, 0x54, 0x9d, 0x36, 0x25, 0x4a, 0x60, 0xe9, 0xd6, 0x9c, 0x5d, 0xa5, 0x8a, 0x95, 0x9a, 0x95,
    0xab, 0xd7, 0xaa, 0x04, 0xbe, 0xd2, 0x0c, 0x8b, 0x55, 0xed, 0x4c, 0xb6, 0x63, 0xe3, 0xa6, 0x2c,
    0x0b, 0xf6, 0x2c, 0xd2, 0xb4, 0x68, 0xed, 0x9a, 0x95, 0xcb, 0xf7, 0x24, 0xdd, 0xb5, 0x7a, 0xc1,
    0xba, 0x7d, 0x00, 0x57, 0xe0, 0xdf, 0xb7, 0x7d, 0x13, 0x53, 0x3c, 0x4c, 0x38, 0xf0, 0xda, 0xc1,
    0x85, 0x07, 0x42, 0x56, 0x4c, 0x19, 0x22, 0xe3, 0xc8, 0x97, 0x27, 0x27, 0xbc, 0x5c, 0xb9, 0xf3,
    0x66, 0xcd, 0x6d, 0xd1, 0x82, 0x56, 0x38, 0xda, 0x73, 0x65, 0xce, 0x9f, 0x45, 0xe7, 0x4d, 0x7d,
    0xd7, 0xb4, 0x69, 0xd4, 0xa1, 0xef, 0x96, 0x96, 0xbc, 0xda, 0xf5, 0xe9, 0xd9, 0x99, 0x6b, 0x93,
    0xd6, 0x6d, 0x3b, 0x31, 0xec, 0xdd, 0xb2, 0x79, 0xd3, 0x6e, 0xdd, 0x9b, 0xf2, 0x6f, 0xc3, 0x90,
    0x71, 0xcf, 0x2e, 0x1e, 0xf7, 0xf8, 0x70, 0xae, 0xca, 0x85, 0x33, 0x1f, 0xeb, 0x3c, 0x37, 0xf1,
    0xd8, 0x7b, 0xa7, 0xf3, 0xad, 0x9e, 0x5c, 0xb8, 0x73, 0xed, 0x64, 0xa3, 0x07, 0xa8, 0xbf, 0x0e,
    0x3c, 0x3b, 0x78, 0xea, 0xe2, 0xa1, 0x7b, 0x5f, 0x7e, 0xde, 0x27, 0x77, 0xd5, 0xe4, 0x91, 0x4b,
    0x6f, 0xdf, 0xf3, 0xfd, 0x78, 0xf3, 0xf2, 0xe3, 0xd3, 0x77, 0x9f, 0x5e, 0xf0, 0xfa, 0xf9, 0xfb,
    0xa1, 0x64, 0x9f, 0x7a, 0xfa, 0x7d, 0x17, 0xa0, 0x80, 0xfd, 0x3d, 0xf6, 0x9f, 0x7e, 0x07, 0x22,
    0xb8, 0x20, 0x81, 0xf8, 0x3d, 0x57, 0x57, 0x83, 0xfc, 0x3d, 0xe8, 0x5f, 0x81, 0xec, 0x51, 0xb8,
    0x58, 0x82, 0x6f, 0x71, 0xd8, 0x98, 0x86, 0x3c, 0x0d, 0x78, 0x61, 0x84, 0x06, 0x82, 0x58, 0x91,
    0x87, 0x78, 0x61, 0x08, 0xa0, 0x89, 0x96, 0xa1, 0x88, 0x22, 0x8b, 0x0e, 0xaa, 0x78, 0xdf, 0x84,
    0xd8, 0xd1, 0x08, 0xe3, 0x86, 0x16, 0xae, 0x95, 0x00, 0x52, 0x0d, 0xb4, 0x74, 0xd0, 0x8e, 0x44,
    0xf5, 0x78, 0xe3, 0x49, 0x40, 0xe6, 0x24, 0x64, 0x43, 0x45, 0xd2, 0xd4, 0x63, 0x00, 0x0b, 0xe4,
    0xc4, 0xc0, 0x55, 0x9b, 0x35, 0x49, 0xd3, 0x93, 0x43, 0xfa, 0x25, 0xe5, 0x4c, 0x54, 0x4e, 0x75,
    0xe5, 0x03, 0x59, 0x02, 0x30, 0x00, 0x01, 0x60, 0x4e, 0xf4, 0x65, 0x98, 0x55, 0xa6, 0x34, 0x66,
    0x64, 0x0d, 0x9d, 0x79, 0x50, 0x40, 0x00, 0x21, 0xf9, 0x04, 0x04, 0x04, 0x00, 0x00, 0x00, 0x2c,
    0x51, 0x00, 0x45, 0x00, 0x0e, 0x00, 0x07, 0x00, 0x87, 0x00, 0x00, 0x00, 0x0d, 0x03, 0x03, 0x1a,
    0x06, 0x06, 0x26, 0x09, 0x0a, 0x33, 0x0d, 0x0d, 0x40, 0x10, 0x10, 0x4d, 0x13, 0x13, 0x5a, 0x16,
    0x16, 0x66, 0x19, 0x1a, 0x73, 0x1c, 0x1d, 0x80, 0x1f, 0x20, 0x8d, 0x22, 0x23, 0x9a, 0x26, 0x26,
    0xa6, 0x29, 0x2a, 0xb3, 0x2c, 0x2d, 0xc0, 0x2f, 0x30, 0x00, 0x00, 0x00, 0x00, 0x00, 0x00, 0x00,
    0x00, 0x00, 0x00, 0x00, 0x00, 0x00, 0x00, 0x00, 0x00, 0x00, 0x00, 0x00, 0x00, 0x00, 0x00, 0x00,
    0x00, 0x00, 0x00, 0x00, 0x00, 0x00, 0x00, 0x00, 0x00, 0x00, 0x00, 0x00, 0x00, 0x00, 0x00, 0x00,
    0x00, 0x00, 0x00, 0x00, 0x00, 0x00, 0x00, 0x00, 0x00, 0x00, 0x00, 0x00, 0x00, 0x00, 0x00, 0x00,
    0x00, 0x00, 0x00, 0x00, 0x00, 0x00, 0x00, 0x00, 0x00, 0x00, 0x00, 0x00, 0x00, 0x00, 0x00, 0x00,
    0x00, 0x00, 0x00, 0x00, 0x00, 0x00, 0x00, 0x00, 0x00, 0x00, 0x00, 0x00, 0x00, 0x00, 0x00, 0x00,
    0x00, 0x00, 0x00, 0x00, 0x00, 0x00, 0x00, 0x00, 0x00, 0x00, 0x00, 0x00, 0x00, 0x00, 0x00, 0x00,
    0x00, 0x00, 0x00, 0x00, 0x00, 0x00, 0x00, 0x00, 0x00, 0x00, 0x00, 0x00, 0x00, 0x00, 0x00, 0x00,
    0x00, 0x00, 0x00, 0x00, 0x00, 0x00, 0x00, 0x00, 0x00, 0x00, 0x00, 0x00, 0x00, 0x00, 0x00, 0x00,
    0x00, 0x00, 0x00, 0x00, 0x00, 0x00, 0x00, 0x00, 0x00, 0x00, 0x00, 0x00, 0x00, 0x00, 0x00, 0x00,
    0x00, 0x00, 0x00, 0x00, 0x00, 0x00, 0x00, 0x00, 0x00, 0x00, 0x00, 0x00, 0x00, 0x00, 0x00, 0x00,
    0x00, 0x00, 0x00, 0x00, 0x00, 0x00, 0x00, 0x00, 0x00, 0x00, 0x00, 0x00, 0x00, 0x00, 0x00, 0x00,
    0x00, 0x00, 0x00, 0x00, 0x00, 0x00, 0x00, 0x00, 0x00, 0x00, 0x00, 0x00, 0x00, 0x00, 0x00, 0x00,
    0x00, 0x00, 0x00, 0x00, 0x00, 0x00, 0x00, 0x00, 0x00, 0x00, 0x00, 0x00, 0x00, 0x00, 0x00, 0x00,
    0x00, 0x00, 0x00, 0x00, 0x00, 0x00, 0x00, 0x00, 0x00, 0x00, 0x00, 0x00, 0x00, 0x00, 0x00, 0x00,
    0x00, 0x00, 0x00, 0x00, 0x00, 0x00, 0x00, 0x00, 0x00, 0x00, 0x00, 0x00, 0x00, 0x00, 0x00, 0x00,
    0x00, 0x00, 0x00, 0x00, 0x00, 0x00, 0x00, 0x00, 0x00, 0x00, 0x00, 0x00, 0x00, 0x00, 0x00, 0x00,
    0x00, 0x00, 0x00, 0x00, 0x00, 0x00, 0x00, 0x00, 0x00, 0x00, 0x00, 0x00, 0x00, 0x00, 0x00, 0x00,
    0x00, 0x00, 0x00, 0x00, 0x00, 0x00, 0x00, 0x00, 0x00, 0x00, 0x00, 0x00, 0x00, 0x00, 0x00, 0x00,
    0x00, 0x00, 0x00, 0x00, 0x00, 0x00, 0x00, 0x00, 0x00, 0x00, 0x00, 0x00, 0x00, 0x00, 0x00, 0x00,
    0x00, 0x00, 0x00, 0x00, 0x00, 0x00, 0x00, 0x00, 0x00, 0x00, 0x00, 0x00, 0x00, 0x00, 0x00, 0x00,
    0x00, 0x00, 0x00, 0x00, 0x00, 0x00, 0x00, 0x00, 0x00, 0x00, 0x00, 0x00, 0x00, 0x00, 0x00, 0x00,
    0x00, 0x00, 0x00, 0x00, 0x00, 0x00, 0x00, 0x00, 0x00, 0x00, 0x00, 0x00, 0x00, 0x00, 0x00, 0x00,
    0x00, 0x00, 0x00, 0x00, 0x00, 0x00, 0x00, 0x00, 0x00, 0x00, 0x00, 0x00, 0x00, 0x00, 0x00, 0x00,
    0x00, 0x00, 0x00, 0x00, 0x00, 0x00, 0x00, 0x00, 0x00, 0x00, 0x00, 0x00, 0x00, 0x00, 0x00, 0x00,
    0x00, 0x00, 0x00, 0x00, 0x00, 0x00, 0x00, 0x00, 0x00, 0x00, 0x00, 0x00, 0x00, 0x00, 0x00, 0x00,
    0x00, 0x00, 0x00, 0x00, 0x00, 0x00, 0x00, 0x00, 0x00, 0x00, 0x00, 0x00, 0x00, 0x00, 0x00, 0x00,
    0x00, 0x00, 0x00, 0x00, 0x00, 0x00, 0x00, 0x00, 0x00, 0x00, 0x00, 0x00, 0x00, 0x00, 0x00, 0x00,
    0x00, 0x00, 0x00, 0x00, 0x00, 0x00, 0x00, 0x00, 0x00, 0x00, 0x00, 0x00, 0x00, 0x00, 0x00, 0x00,
    0x00, 0x00, 0x00, 0x00, 0x00, 0x00, 0x00, 0x00, 0x00, 0x00, 0x00, 0x00, 0x00, 0x00, 0x00, 0x00,
    0x00, 0x00, 0x00, 0x00, 0x00, 0x00, 0x00, 0x00, 0x00, 0x00, 0x00, 0x00, 0x00, 0x00, 0x00, 0x00,
    0x00, 0x00, 0x00, 0x00, 0x00, 0x00, 0x00, 0x00, 0x00, 0x00, 0x00, 0x00, 0x00, 0x00, 0x00, 0x00,
    0x00, 0x00, 0x00, 0x00, 0x00, 0x00, 0x00, 0x00, 0x00, 0x00, 0x00, 0x00, 0x00, 0x00, 0x00, 0x00,
    0x00, 0x00, 0x00, 0x00, 0x00, 0x00, 0x00, 0x00, 0x00, 0x00, 0x00, 0x00, 0x00, 0x00, 0x00, 0x00,
    0x00, 0x00, 0x00, 0x00, 0x00, 0x00, 0x00, 0x00, 0x00, 0x00, 0x00, 0x00, 0x00, 0x00, 0x00, 0x00,
    0x00, 0x00, 0x00, 0x00, 0x00, 0x00, 0x00, 0x00, 0x00, 0x00, 0x00, 0x00, 0x00, 0x00, 0x00, 0x00,
    0x00, 0x00, 0x00, 0x00, 0x00, 0x00, 0x00, 0x00, 0x00, 0x00, 0x00, 0x00, 0x00, 0x00, 0x00, 0x00,
    0x00, 0x00, 0x00, 0x00, 0x00, 0x00, 0x00, 0x00, 0x00, 0x00, 0x00, 0x00, 0x00, 0x00, 0x00, 0x00,
    0x00, 0x00, 0x00, 0x00, 0x00, 0x00, 0x00, 0x00, 0x00, 0x00, 0x00, 0x00, 0x00, 0x00, 0x00, 0x00,
    0x00, 0x00, 0x00, 0x00, 0x00, 0x00, 0x00, 0x00, 0x00, 0x00, 0x00, 0x00, 0x00, 0x00, 0x00, 0x00,
    0x00, 0x00, 0x00, 0x00, 0x00, 0x00, 0x00, 0x00, 0x00, 0x00, 0x00, 0x00, 0x00, 0x00, 0x00, 0x00,
    0x00, 0x00, 0x00, 0x00, 0x00, 0x00, 0x00, 0x00, 0x00, 0x00, 0x00, 0x00, 0x00, 0x00, 0x00, 0x00,
    0x00, 0x00, 0x00, 0x00, 0x00, 0x00, 0x00, 0x00, 0x00, 0x00, 0x00, 0x00, 0x00, 0x00, 0x00, 0x00,
    0x00, 0x00, 0x00, 0x00, 0x00, 0x00, 0x00, 0x00, 0x00, 0x00, 0x00, 0x00, 0x00, 0x00, 0x00, 0x00,
    0x00, 0x00, 0x00, 0x00, 0x00, 0x00, 0x00, 0x00, 0x00, 0x00, 0x00, 0x00, 0x00, 0x00, 0x00, 0x00,
    0x00, 0x00, 0x00, 0x00, 0x00, 0x00, 0x00, 0x00, 0x00, 0x08, 0x45, 0x00, 0x01, 0x00, 0x20, 0x30,
    0x40, 0xa0, 0x41, 0x00, 0x01, 0x08, 0x04, 0x00, 0x50, 0xa0, 0xc1, 0x03, 0x06, 0x07, 0x05, 0x22,
    0x78, 0xd0, 0xe0, 0xc0, 0x80, 0x07, 0x18, 0x15, 0x14, 0x44, 0x38, 0xd1, 0xc1, 0x83, 0x03, 0x00,
    0x0c, 0x60, 0xc4, 0xb8, 0x60, 0x81, 0xc7, 0x8c, 0x06, 0x0f, 0x8c, 0x5c, 0xf9, 0x40, 0xc1, 0x42,
    0x83, 0x04, 0x4c, 0x8e, 0x64, 0x60, 0x20, 0xa2, 0x41, 0x01, 0x04, 0x08, 0x08, 0x88, 0x18, 0x10,
    0x00, 0x21, 0xf9, 0x04, 0x04, 0x20, 0x00, 0x00, 0x00, 0x2c, 0x51, 0x00, 0x45, 0x00, 0x0e, 0x00,
    0x07, 0x00, 0x87, 0x00, 0x00, 0x00, 0x0d, 0x03, 0x03, 0x1a, 0x06, 0x06, 0x26, 0x09, 0x0a, 0x33,
    0x0d, 0x0d, 0x40, 0x10, 0x10, 0x4d, 0x13, 0x13, 0x5a, 0x16, 0x16, 0x66, 0x19, 0x1a, 0x73, 0x1c,
    0x1d, 0x80, 0x1f, 0x20, 0x8d, 0x22, 0x23, 0x9a, 0x26, 0x26, 0xa6, 0x29, 0x2a, 0xb3, 0x2c, 0x2d,
    0xc0, 0x2f, 0x30, 0x00, 0x00, 0x00, 0x00, 0x00, 0x00, 0x00, 0x00, 0x00, 0x00, 0x00, 0x00, 0x00,
    0x00, 0x00, 0x00, 0x00, 0x00, 0x00, 0x00, 0x00, 0x00, 0x00, 0x00, 0x00, 0x00, 0x00, 0x00, 0x00,
    0x00, 0x00, 0x00, 0x00, 0x00, 0x00, 0x00, 0x00, 0x00, 0x00, 0x00, 0x00, 0x00, 0x00, 0x00, 0x00,
    0x00, 0x00, 0x00, 0x00, 0x00, 0x00, 0x00, 0x00, 0x00, 0x00, 0x00, 0x00, 0x00, 0x00, 0x00, 0x00,
    0x00, 0x00, 0x00, 0x00, 0x00, 0x00, 0x00, 0x00, 0x00, 0x00, 0x00, 0x00, 0x00, 0x00, 0x00, 0x00,
    0x00, 0x00, 0x00, 0x00, 0x00, 0x00, 0x00, 0x00, 0x00, 0x00, 0x00, 0x00, 0x00, 0x00, 0x00, 0x00,
    0x00, 0x00, 0x00, 0x00, 0x00, 0x00, 0x00, 0x00, 0x00, 0x00, 0x00, 0x00, 0x00, 0x00, 0x00, 0x00,
    0x00, 0x00, 0x00, 0x00, 0x00, 0x00, 0x00, 0x00, 0x00, 0x00, 0x00, 0x00, 0x00, 0x00, 0x00, 0x00,
    0x00, 0x00, 0x00, 0x00, 0x00, 0x00, 0x00, 0x00, 0x00, 0x00, 0x00, 0x00, 0x00, 0x00, 0x00, 0x00,
    0x00, 0x00, 0x00, 0x00, 0x00, 0x00, 0x00, 0x00, 0x00, 0x00, 0x00, 0x00, 0x00, 0x00, 0x00, 0x00,
    0x00, 0x00, 0x00, 0x00, 0x00, 0x00, 0x00, 0x00, 0x00, 0x00, 0x00, 0x00, 0x00, 0x00, 0x00, 0x00,
    0x00, 0x00, 0x00, 0x00, 0x00, 0x00, 0x00, 0x00, 0x00, 0x00, 0x00, 0x00, 0x00, 0x00, 0x00, 0x00,
    0x00, 0x00, 0x00, 0x00, 0x00, 0x00, 0x00, 0x00, 0x00, 0x00, 0x00, 0x00, 0x00, 0x00, 0x00, 0x00,
    0x00, 0x00, 0x00, 0x00, 0x00, 0x00, 0x00, 0x00, 0x00, 0x00, 0x00, 0x00, 0x00, 0x00, 0x00, 0x00,
    0x00, 0x00, 0x00, 0x00, 0x00, 0x00, 0x00, 0x00, 0x00, 0x00, 0x00, 0x00, 0x00, 0x00, 0x00, 0x00,
    0x00, 0x00, 0x00, 0x00, 0x00, 0x00, 0x00, 0x00, 0x00, 0x00, 0x00, 0x00, 0x00, 0x00, 0x00, 0x00,
    0x00, 0x00, 0x00, 0x00, 0x00, 0x00, 0x00, 0x00, 0x00, 0x00, 0x00, 0x00, 0x00, 0x00, 0x00, 0x00,
    0x00, 0x00, 0x00, 0x00, 0x00, 0x00, 0x00, 0x00, 0x00, 0x00, 0x00, 0x00, 0x00, 0x00, 0x00, 0x00,
    0x00, 0x00, 0x00, 0x00, 0x00, 0x00, 0x00, 0x00, 0x00, 0x00, 0x00, 0x00, 0x00, 0x00, 0x00, 0x00,
    0x00, 0x00, 0x00, 0x00, 0x00, 0x00, 0x00, 0x00, 0x00, 0x00, 0x00, 0x00, 0x00, 0x00, 0x00, 0x00,
    0x00, 0x00, 0x00, 0x00, 0x00, 0x00, 0x00, 0x00, 0x00, 0x00, 0x00, 0x00, 0x00, 0x00, 0x00, 0x00,
    0x00, 0x00, 0x00, 0x00, 0x00, 0x00, 0x00, 0x00, 0x00, 0x00, 0x00, 0x00, 0x00, 0x00, 0x00, 0x00,
    0x00, 0x00, 0x00, 0x00, 0x00, 0x00, 0x00, 0x00, 0x00, 0x00, 0x00, 0x00, 0x00, 0x00, 0x00, 0x00,
    0x00, 0x00, 0x00, 0x00, 0x00, 0x00, 0x00, 0x00, 0x00, 0x00, 0x00, 0x00, 0x00, 0x00, 0x00, 0x00,
    0x00, 0x00, 0x00, 0x00, 0x00, 0x00, 0x00, 0x00, 0x00, 0x00, 0x00, 0x00, 0x00, 0x00, 0x00, 0x00,
    0x00, 0x00, 0x00, 0x00, 0x00, 0x00, 0x00, 0x00, 0x00, 0x00, 0x00, 0x00, 0x00, 0x00, 0x00, 0x00,
    0x00, 0x00, 0x00, 0x00, 0x00, 0x00, 0x00, 0x00, 0x00, 0x00, 0x00, 0x00, 0x00, 0x00, 0x00, 0x00,
    0x00, 0x00, 0x00, 0x00, 0x00, 0x00, 0x00, 0x00, 0x00, 0x00, 0x00, 0x00, 0x00, 0x00, 0x00, 0x00,
    0x00, 0x00, 0x00, 0x00, 0x00, 0x00, 0x00, 0x00, 0x00, 0x00, 0x00, 0x00, 0x00, 0x00, 0x00, 0x00,
    0x00, 0x00, 0x00, 0x00, 0x00, 0x00, 0x00, 0x00, 0x00, 0x00, 0x00, 0x00, 0x00, 0x00, 0x00, 0x00,
    0x00, 0x00, 0x00, 0x00, 0x00, 0x00, 0x00, 0x00, 0x00, 0x00, 0x00, 0x00, 0x00, 0x00, 0x00, 0x00,
    0x00, 0x00, 0x00, 0x00, 0x00, 0x00, 0x00, 0x00, 0x00, 0x00, 0x00, 0x00, 0x00, 0x00, 0x00, 0x00,
    0x00, 0x00, 0x00, 0x00, 0x00, 0x00, 0x00, 0x00, 0x00, 0x00, 0x00, 0x00, 0x00, 0x00, 0x00, 0x00,
    0x00, 0x00, 0x00, 0x00, 0x00, 0x00, 0x00, 0x00, 0x00, 0x00, 0x00, 0x00, 0x00, 0x00, 0x00, 0x00,
    0x00, 0x00, 0x00, 0x00, 0x00, 0x00, 0x00, 0x00, 0x00, 0x00, 0x00, 0x00, 0x00, 0x00, 0x00, 0x00,
    0x00, 0x00, 0x00, 0x00, 0x00, 0x00, 0x00, 0x00, 0x00, 0x00, 0x00, 0x00, 0x00, 0x00, 0x00, 0x00,
    0x00, 0x00, 0x00, 0x00, 0x00, 0x00, 0x00, 0x00, 0x00, 0x00, 0x00, 0x00, 0x00, 0x00, 0x00, 0x00,
    0x00, 0x00, 0x00, 0x00, 0x00, 0x00, 0x00, 0x00, 0x00, 0x00, 0x00, 0x00, 0x00, 0x00, 0x00, 0x00,
    0x00, 0x00, 0x00, 0x00, 0x00, 0x00, 0x00, 0x00, 0x00, 0x00, 0x00, 0x00, 0x00, 0x00, 0x00, 0x00,
    0x00, 0x00, 0x00, 0x00, 0x00, 0x00, 0x00, 0x00, 0x00, 0x00, 0x00, 0x00, 0x00, 0x00, 0x00, 0x00,
    0x00, 0x00, 0x00, 0x00, 0x00, 0x00, 0x00, 0x00, 0x00, 0x00, 0x00, 0x00, 0x00, 0x00, 0x00, 0x00,
    0x00, 0x00, 0x00, 0x00, 0x00, 0x00, 0x00, 0x00, 0x00, 0x00, 0x00, 0x00, 0x00, 0x00, 0x00, 0x00,
    0x00, 0x00, 0x00, 0x00, 0x00, 0x00, 0x00, 0x00, 0x00, 0x00, 0x00, 0x00, 0x00, 0x00, 0x00, 0x00,
    0x00, 0x00, 0x00, 0x00, 0x00, 0x00, 0x00, 0x00, 0x00, 0x00, 0x00, 0x00, 0x00, 0x00, 0x00, 0x00,
    0x00, 0x00, 0x00, 0x00, 0x00, 0x00, 0x00, 0x00, 0x00, 0x00, 0x00, 0x00, 0x00, 0x00, 0x00, 0x00,
    0x00, 0x00, 0x00, 0x08, 0x44, 0x00, 0x01, 0x08, 0x40, 0x50, 0x00, 0x80, 0xc1, 0x83, 0x03, 0x07,
    0x00, 0x30, 0xf0, 0xe0, 0x41, 0x83, 0x00, 0x07, 0x0d, 0x2a, 0x68, 0x88, 0x40, 0x80, 0x83, 0x86,
    0x0d, 0x0c, 0x04, 0x08, 0x40, 0x60, 0xc1, 0x83, 0x8b, 0x04, 0x00, 0x10, 0x68, 0xd8, 0xd0, 0xc1,
    0x45, 0x92, 0x07, 0x0e, 0x12, 0x68, 0x40, 0xb2, 0x65, 0xca, 0x88, 0x01, 0x10, 0x30, 0x30, 0xd9,
    0x20, 0x81, 0xc2, 0x88, 0x30, 0x21, 0xe2, 0x0c, 0x08, 0x00, 0x21, 0xf9, 0x04, 0x04, 0x0c, 0x00,
    0x00, 0x00, 0x2c, 0x1a, 0x00, 0x14, 0x00, 0x7d, 0x00, 0x24, 0x00, 0x87, 0x00, 0x00, 0x00, 0x0d,
    0x03, 0x03, 0x1a, 0x06, 0x06, 0x26, 0x09, 0x0a, 0x33, 0x0d, 0x0d, 0x40, 0x10, 0x10, 0x4d, 0x13,
    0x13, 0x5a, 0x16, 0x16, 0x66, 0x19, 0x1a, 0x73, 0x1c, 0x1d, 0x80, 0x1f, 0x20, 0x8d, 0x22, 0x23,
    0x9a, 0x26, 0x26, 0xa6, 0x29, 0x2a, 0xb3, 0x2c, 0x2d, 0xc0, 0x2f, 0x30, 0x00, 0x00, 0x00, 0x00,
    0x00, 0x00, 0x00, 0x00, 0x00, 0x00, 0x00, 0x00, 0x00, 0x00, 0x00, 0x00, 0x00, 0x00, 0x00, 0x00,
    0x00, 0x00, 0x00, 0x00, 0x00, 0x00, 0x00, 0x00, 0x00, 0x00, 0x00, 0x00, 0x00, 0x00, 0x00, 0x00,
    0x00, 0x00, 0x00, 0x00, 0x00, 0x00, 0x00, 0x00, 0x00, 0x00, 0x00, 0x00, 0x00, 0x00, 0x00, 0x00,
    0x00, 0x00, 0x00, 0x00, 0x00, 0x00, 0x00, 0x00, 0x00, 0x00, 0x00, 0x00, 0x00, 0x00, 0x00, 0x00,
    0x00, 0x00, 0x00, 0x00, 0x00, 0x00, 0x00, 0x00, 0x00, 0x00, 0x00, 0x00, 0x00, 0x00, 0x00, 0x00,
    0x00, 0x00, 0x00, 0x00, 0x00, 0x00, 0x00, 0x00, 0x00, 0x00, 0x00, 0x00, 0x00, 0x00, 0x00, 0x00,
    0x00, 0x00, 0x00, 0x00, 0x00, 0x00, 0x00, 0x00, 0x00, 0x00, 0x00, 0x00, 0x00, 0x00, 0x00, 0x00,
    0x00, 0x00, 0x00, 0x00, 0x00, 0x00, 0x00, 0x00, 0x00, 0x00, 0x00, 0x00, 0x00, 0x00, 0x00, 0x00,
    0x00, 0x00, 0x00, 0x00, 0x00, 0x00, 0x00, 0x00, 0x00, 0x00, 0x00, 0x00, 0x00, 0x00, 0x00, 0x00,
    0x00, 0x00, 0x00, 0x00, 0x00, 0x00, 0x00, 0x00, 0x00, 0x00, 0x00, 0x00, 0x00, 0x00, 0x00, 0x00,
    0x00, 0x00, 0x00, 0x00, 0x00, 0x00, 0x00, 0x00, 0x00, 0x00, 0x00, 0x00, 0x00, 0x00, 0x00, 0x00,
    0x00, 0x00, 0x00, 0x00, 0x00, 0x00, 0x00, 0x00, 0x00, 0x00, 0x00, 0x00, 0x00, 0x00, 0x00, 0x00,
    0x00, 0x00, 0x00, 0x00, 0x00, 0x00, 0x00, 0x00, 0x00, 0x00, 0x00, 0x00, 0x00, 0x00, 0x00, 0x00,
    0x00, 0x00, 0x00, 0x00, 0x00, 0x00, 0x00, 0x00, 0x00, 0x00, 0x00, 0x00, 0x00, 0x00, 0x00, 0x00,
    0x00, 0x00, 0x00, 0x00, 0x00, 0x00, 0x00, 0x00, 0x00, 0x00, 0x00, 0x00, 0x00, 0x00, 0x00, 0x00,
    0x00, 0x00, 0x00, 0x00, 0x00, 0x00, 0x00, 0x00, 0x00, 0x00, 0x00, 0x00, 0x00, 0x00, 0x00, 0x00,
    0x00, 0x00, 0x00, 0x00, 0x00, 0x00, 0x00, 0x00, 0x00, 0x00, 0x00, 0x00, 0x00, 0x00, 0x00, 0x00,
    0x00, 0x00, 0x00, 0x00, 0x00, 0x00, 0x00, 0x00, 0x00, 0x00, 0x00, 0x00, 0x00, 0x00, 0x00, 0x00,
    0x00, 0x00, 0x00, 0x00, 0x00, 0x00, 0x00, 0x00, 0x00, 0x00, 0x00, 0x00, 0x00, 0x00, 0x00, 0x00,
    0x00, 0x00, 0x00, 0x00, 0x00, 0x00, 0x00, 0x00, 0x00, 0x00, 0x00, 0x00, 0x00, 0x00, 0x00, 0x00,
    0x00, 0x00, 0x00, 0x00, 0x00, 0x00, 0x00, 0x00, 0x00, 0x00, 0x00, 0x00, 0x00, 0x00, 0x00, 0x00,
    0x00, 0x00, 0x00, 0x00, 0x00, 0x00, 0x00, 0x00, 0x00, 0x00, 0x00, 0x00, 0x00, 0x00, 0x00, 0x00,
    0x00, 0x00, 0x00, 0x00, 0x00, 0x00, 0x00, 0x00, 0x00, 0x00, 0x00, 0x00, 0x00, 0x00, 0x00, 0x00,
    0x00, 0x00, 0x00, 0x00, 0x00, 0x00, 0x00, 0x00, 0x00, 0x00, 0x00, 0x00, 0x00, 0x00, 0x00, 0x00,
    0x00, 0x00, 0x00, 0x00, 0x00, 0x00, 0x00, 0x00, 0x00, 0x00, 0x00, 0x00, 0x00, 0x00, 0x00, 0x00,
    0x00, 0x00, 0x00, 0x00, 0x00, 0x00, 0x00, 0x00, 0x00, 0x00, 0x00, 0x00, 0x00, 0x00, 0x00, 0x00,
    0x00, 0x00, 0x00, 0x00, 0x00, 0x00, 0x00, 0x00, 0x00, 0x00, 0x00, 0x00, 0x00, 0x00, 0x00, 0x00,
    0x00, 0x00, 0x00, 0x00, 0x00, 0x00, 0x00, 0x00, 0x00, 0x00, 0x00, 0x00, 0x00, 0x00, 0x00, 0x00,
    0x00, 0x00, 0x00, 0x00, 0x00, 0x00, 0x00, 0x00, 0x00, 0x00, 0x00, 0x00, 0x00, 0x00, 0x00, 0x00,
    0x00, 0x00, 0x00, 0x00, 0x00, 0x00, 0x00, 0x00, 0x00, 0x00, 0x00, 0x00, 0x00, 0x00, 0x00, 0x00,
    0x00, 0x00, 0x00, 0x00, 0x00, 0x00, 0x00, 0x00, 0x00, 0x00, 0x00, 0x00, 0x00, 0x00, 0x00, 0x00,
    0x00, 0x00, 0x00, 0x00, 0x00, 0x00, 0x00, 0x00, 0x00, 0x00, 0x00, 0x00, 0x00, 0x00, 0x00, 0x00,
    0x00, 0x00, 0x00, 0x00, 0x00, 0x00, 0x00, 0x00, 0x00, 0x00, 0x00, 0x00, 0x00, 0x00, 0x00, 0x00,
    0x00, 0x00, 0x00, 0x00, 0x00, 0x00, 0x00, 0x00, 0x00, 0x00, 0x00, 0x00, 0x00, 0x00, 0x00, 0x00,
    0x00, 0x00, 0x00, 0x00, 0x00, 0x00, 0x00, 0x00, 0x00, 0x00, 0x00, 0x00, 0x00, 0x00, 0x00, 0x00,
    0x00, 0x00, 0x00, 0x00, 0x00, 0x00, 0x00, 0x00, 0x00, 0x00, 0x00, 0x00, 0x00, 0x00, 0x00, 0x00,
    0x00, 0x00, 0x00, 0x00, 0x00, 0x00, 0x00, 0x00, 0x00, 0x00, 0x00, 0x00, 0x00, 0x00, 0x00, 0x00,
    0x00, 0x00, 0x00, 0x00, 0x00, 0x00, 0x00, 0x00, 0x00, 0x00, 0x00, 0x00, 0x00, 0x00, 0x00, 0x00,
    0x00, 0x00, 0x00, 0x00, 0x00, 0x00, 0x00, 0x00, 0x00, 0x00, 0x00, 0x00, 0x00, 0x00, 0x00, 0x00,
    0x00, 0x00, 0x00, 0x00, 0x00, 0x00, 0x00, 0x00, 0x00, 0x00, 0x00, 0x00, 0x00, 0x00, 0x00, 0x00,
    0x00, 0x00, 0x00, 0x00, 0x00, 0x00, 0x00, 0x00, 0x00, 0x00, 0x00, 0x00, 0x00, 0x00, 0x00, 0x00,
    0x00, 0x00, 0x00, 0x00, 0x00, 0x00, 0x00, 0x00, 0x00, 0x00, 0x00, 0x00, 0x00, 0x00, 0x00, 0x00,
    0x00, 0x00, 0x00, 0x00, 0x00, 0x00, 0x00, 0x00, 0x00, 0x00, 0x00, 0x00, 0x00, 0x00, 0x00, 0x00,
    0x00, 0x00, 0x00, 0x00, 0x00, 0x00, 0x00, 0x00, 0x00, 0x00, 0x00, 0x00, 0x00, 0x00, 0x00, 0x00,
    0x00, 0x00, 0x00, 0x00, 0x00, 0x00, 0x00, 0x00, 0x00, 0x00, 0x00, 0x00, 0x08, 0xff, 0x00, 0x01,
    0x00, 0x18, 0x40, 0xa0, 0xa0, 0xc0, 0x83, 0x08, 0x0f, 0x12, 0x34, 0x98, 0xb0, 0xa1, 0xc3, 0x87,
    0x10, 0x23, 0x4a, 0x9c, 0x28, 0x71, 0x21, 0x81, 0x89, 0x16, 0x0f, 0x06, 0x58, 0xf0, 0xa0, 0xe3,
    0x03, 0x06, 0x03, 0x1e, 0x6e, 0xf4, 0xf8, 0x31, 0x24, 0xc5, 0x93, 0x28, 0x53, 0xaa, 0x1c, 0xe9,
    0x11, 0xa4, 0x48, 0x8e, 0x2d, 0x43, 0x26, 0x20, 0xd9, 0xb1, 0x41, 0x00, 0x87, 0x33, 0x69, 0xda,
    0x54, 0xc9, 0xb3, 0xa7, 0x4f, 0x00, 0x39, 0x49, 0xee, 0x6c, 0x18, 0xd4, 0xa3, 0x4d, 0x07, 0x34,
    0x3b, 0x5e, 0x4c, 0x18, 0x00, 0x69, 0xd2, 0xa5, 0x3f, 0xa3, 0x4a, 0x6d, 0xd8, 0x34, 0xe9, 0x03,
    0xa8, 0x1a, 0x9d, 0xd2, 0x24, 0xa0, 0x95, 0x24, 0x56, 0x81, 0x55, 0x9f, 0x4e, 0x1d, 0x3b, 0x36,
    0xec, 0x56, 0xaa, 0x5d, 0x3d, 0x72, 0xb5, 0xfa, 0x15, 0x80, 0x59, 0xaf, 0x64, 0xe3, 0xfe, 0x7c,
    0xab, 0x16, 0x2d, 0xdb, 0xb4, 0x4a, 0xed, 0x8a, 0x95, 0xcb, 0x37, 0x25, 0xdd, 0xbc, 0x4c, 0xf1,
    0x5e, 0x15, 0xdc, 0xf6, 0xef, 0xd5, 0xbe, 0x88, 0x29, 0x1a, 0x2e, 0x4c, 0x98, 0xb0, 0xde, 0xb3,
    0x89, 0x23, 0x8b, 0x74, 0x1c, 0xf8, 0x2e, 0xdb, 0xc7, 0x70, 0x25, 0x6b, 0x46, 0xb8, 0x18, 0xb3,
    0x5a, 0xca, 0x9c, 0x41, 0x6f, 0xd6, 0xdc, 0xb9, 0xf2, 0x53, 0xd1, 0x60, 0x51, 0x8f, 0x4e, 0x5c,
    0x3a, 0xb4, 0xe5, 0xbd, 0xae, 0x61, 0xaf, 0x8e, 0xdc, 0x3a, 0xeb, 0x6b, 0xc8, 0xb1, 0x71, 0xcf,
    0x66, 0xad, 0x7a, 0x71, 0x6f, 0xd5, 0xbb, 0xe5, 0xd6, 0x4e, 0x7d, 0x3b, 0x73, 0x6e, 0xe3, 0xc1,
    0xfb, 0x0e, 0x77, 0xdb, 0xf8, 0xb2, 0x69, 0xdd, 0xc9, 0x85, 0xff, 0x2e, 0x5e, 0xf7, 0x39, 0xf2,
    0xe8, 0x71, 0x97, 0xfb, 0x76, 0x7e, 0xbc, 0x3a, 0x76, 0xe9, 0xdc, 0x6d, 0x9f, 0xab, 0x0e, 0x4f,
    0x5c, 0xf6, 0xf7, 0xb2, 0xd3, 0xc7, 0x9b, 0x67, 0x4e, 0xfe, 0xbc, 0x54, 0xed, 0xcd, 0xd7, 0x2f,
    0x77, 0x3f, 0x37, 0xfd, 0x56, 0xfb, 0xd7, 0xe9, 0xd7, 0x6f, 0xbf, 0x5d, 0x3e, 0x70, 0xfd, 0x3c,
    0xc1, 0x47, 0x1d, 0x60, 0xdd, 0x11, 0x08, 0xe0, 0x7e, 0xfe, 0x0d, 0x78, 0x98, 0x75, 0xde, 0x1d,
    0xe8, 0x93, 0x80, 0xea, 0x41, 0xc7, 0xde, 0x7a, 0x0e, 0xfa, 0x85, 0xdf, 0x67, 0xfc, 0xfd, 0x57,
    0xa1, 0x62, 0x17, 0x2a, 0xd5, 0xe1, 0x82, 0x1b, 0x06, 0xf8, 0xe1, 0x5a, 0x09, 0x52, 0x18, 0xe2,
    0x44, 0x10, 0xde, 0x97, 0x61, 0x7b, 0x27, 0xa2, 0x38, 0xe2, 0x88, 0x2d, 0xae, 0xf4, 0xa2, 0x55,
    0x26, 0x15, 0xf8, 0x40, 0x8d, 0x31, 0x72, 0x48, 0xa3, 0x67, 0x1d, 0x0d, 0x70, 0x40, 0x52, 0x0b,
    0x3c, 0xf4, 0x23, 0x4d, 0x41, 0xe6, 0x98, 0xd2, 0x90, 0x24, 0x15, 0xd9, 0x10, 0x92, 0x1e, 0x15,
    0x79, 0x40, 0x03, 0x0e, 0x44, 0x99, 0xc0, 0x4d, 0x42, 0x42, 0x29, 0x25, 0x95, 0x46, 0xa2, 0xf4,
    0x64, 0x94, 0x0e, 0x4c, 0x09, 0xd1, 0x96, 0x57, 0x6a, 0x14, 0xc0, 0x98, 0x28, 0x8e, 0x89, 0x65,
    0x96, 0x7e, 0x99, 0x59, 0x26, 0x99, 0x02, 0x05, 0x04, 0x00, 0x21, 0xf9, 0x04, 0x04, 0x0c, 0x00,
    0x00, 0x00, 0x2c, 0x51, 0x00, 0x45, 0x00, 0x0e, 0x00, 0x07, 0x00, 0x87, 0x00, 0x00, 0x00, 0x0d,
    0x03, 0x03, 0x1a, 0x06, 0x06, 0x26, 0x09, 0x0a, 0x33, 0x0d, 0x0d, 0x40, 0x10, 0x10, 0x4d, 0x13,
    0x13, 0x5a, 0x16, 0x16, 0x66, 0x19, 0x1a, 0x73, 0x1c, 0x1d, 0x80, 0x1f, 0x20, 0x8d, 0x22, 0x23,
    0x9a, 0x26, 0x26, 0xa6, 0x29, 0x2a, 0xb3, 0x2c, 0x2d, 0xc0, 0x2f, 0x30, 0x00, 0x00, 0x00, 0x00,
    0x00, 0x00, 0x00, 0x00, 0x00, 0x00, 0x00, 0x00, 0x00, 0x00, 0x00, 0x00, 0x00, 0x00, 0x00, 0x00,
    0x00, 0x00, 0x00, 0x00, 0x00, 0x00, 0x00, 0x00, 0x00, 0x00, 0x00, 0x00, 0x00, 0x00, 0x00, 0x00,
    0x00, 0x00, 0x00, 0x00, 0x00, 0x00, 0x00, 0x00, 0x00, 0x00, 0x00, 0x00, 0x00, 0x00, 0x00, 0x00,
    0x00, 0x00, 0x00, 0x00, 0x00, 0x00, 0x00, 0x00, 0x00, 0x00, 0x00, 0x00, 0x00, 0x00, 0x00, 0x00,
    0x00, 0x00, 0x00, 0x00, 0x00, 0x00, 0x00, 0x00, 0x00, 0x00, 0x00, 0x00, 0x00, 0x00, 0x00, 0x00,
    0x00, 0x00, 0x00, 0x00, 0x00, 0x00, 0x00, 0x00, 0x00, 0x00, 0x00, 0x00, 0x00, 0x00, 0x00, 0x00,
    0x00, 0x00, 0x00, 0x00, 0x00, 0x00, 0x00, 0x00, 0x00, 0x00, 0x00, 0x00, 0x00, 0x00, 0x00, 0x00,
    0x00, 0x00, 0x00, 0x00, 0x00, 0x00, 0x00, 0x00, 0x00, 0x00, 0x00, 0x00, 0x00, 0x00, 0x00, 0x00,
    0x00, 0x00, 0x00, 0x00, 0x00, 0x00, 0x00, 0x00, 0x00, 0x00, 0x00, 0x00, 0x00, 0x00, 0x00, 0x00,
    0x00, 0x00, 0x00, 0x00, 0x00, 0x00, 0x00, 0x00, 0x00, 0x00, 0x00, 0x00, 0x00, 0x00, 0x00, 0x00,
    0x00, 0x00, 0x00, 0x00, 0x00, 0x00, 0x00, 0x00, 0x00, 0x00, 0x00, 0x00, 0x00, 0x00, 0x00, 0x00,
    0x00, 0x00, 0x00, 0x00, 0x00, 0x00, 0x00, 0x00, 0x00, 0x00, 0x00, 0x00, 0x00, 0x00, 0x00, 0x00,
    0x00, 0x00, 0x00, 0x00, 0x00, 0x00, 0x00, 0x00, 0x00, 0x00, 0x00, 0x00, 0x00, 0x00, 0x00, 0x00,
    0x00, 0x00, 0x00, 0x00, 0x00, 0x00, 0x00, 0x00, 0x00, 0x00, 0x00, 0x00, 0x00, 0x00, 0x00, 0x00,
    0x00, 0x00, 0x00, 0x00, 0x00, 0x00, 0x00, 0x00, 0x00, 0x00, 0x00, 0x00, 0x00, 0x00, 0x00, 0x00,
    0x00, 0x00, 0x00, 0x00, 0x00, 0x00, 0x00, 0x00, 0x00, 0x00, 0x00, 0x00, 0x00, 0x00, 0x00, 0x00,
    0x00, 0x00, 0x00, 0x00, 0x00, 0x00, 0x00, 0x00, 0x00, 0x00, 0x00, 0x00, 0x00, 0x00, 0x00, 0x00,
    0x00, 0x00, 0x00, 0x00, 0x00, 0x00, 0x00, 0x00, 0x00, 0x00, 0x00, 0x00, 0x00, 0x00, 0x00, 0x00,
    0x00, 0x00, 0x00, 0x00, 0x00, 0x00, 0x00, 0x00, 0x00, 0x00, 0x00, 0x00, 0x00, 0x00, 0x00, 0x00,
    0x00, 0x00, 0x00, 0x00, 0x00, 0x00, 0x00, 0x00, 0x00, 0x00, 0x00, 0x00, 0x00, 0x00, 0x00, 0x00,
    0x00, 0x00, 0x00, 0x00, 0x00, 0x00, 0x00, 0x00, 0x00, 0x00, 0x00, 0x00, 0x00, 0x00, 0x00, 0x00,
    0x00, 0x00, 0x00, 0x00, 0x00, 0x00, 0x00, 0x00, 0x00, 0x00, 0x00, 0x00, 0x00, 0x00, 0x00, 0x00,
    0x00, 0x00, 0x00, 0x00, 0x00, 0x00, 0x00, 0x00, 0x00, 0x00, 0x00, 0x00, 0x00, 0x00, 0x00, 0x00,
    0x00, 0x00, 0x00, 0x00, 0x00, 0x00, 0x00, 0x00, 0x00, 0x00, 0x00, 0x00, 0x00, 0x00, 0x00, 0x00,
    0x00, 0x00, 0x00, 0x00, 0x00, 0x00, 0x00, 0x00, 0x00, 0x00, 0x00, 0x00, 0x00, 0x00, 0x00, 0x00,
    0x00, 0x00, 0x00, 0x00, 0x00, 0x00, 0x00, 0x00, 0x00, 0x00, 0x00, 0x00, 0x00, 0x00, 0x00, 0x00,
    0x00, 0x00, 0x00, 0x00, 0x00, 0x00, 0x00, 0x00, 0x00, 0x00, 0x00, 0x00, 0x00, 0x00, 0x00, 0x00,
    0x00, 0x00, 0x00, 0x00, 0x00, 0x00, 0x00, 0x00, 0x00, 0x00, 0x00, 0x00, 0x00, 0x00, 0x00, 0x00,
    0x00, 0x00, 0x00, 0x00, 0x00, 0x00, 0x00, 0x00, 0x00, 0x00, 0x00, 0x00, 0x00, 0x00, 0x00, 0x00,
    0x00, 0x00, 0x00, 0x00, 0x00, 0x00, 0x00, 0x00, 0x00, 0x00, 0x00, 0x00, 0x00, 0x00, 0x00, 0x00,
    0x00, 0x00, 0x00, 0x00, 0x00, 0x00, 0x00, 0x00, 0x00, 0x00, 0x00, 0x00, 0x00, 0x00, 0x00, 0x00,
    0x00, 0x00, 0x00, 0x00, 0x00, 0x00, 0x00, 0x00, 0x00, 0x00, 0x00, 0x00, 0x00, 0x00, 0x00, 0x00,
    0x00, 0x00, 0x00, 0x00, 0x00, 0x00, 0x00, 0x00, 0x00, 0x00, 0x00, 0x00, 0x00, 0x00, 0x00, 0x00,
    0x00, 0x00, 0x00, 0x00, 0x00, 0x00, 0x00, 0x00, 0x00, 0x00, 0x00, 0x00, 0x00, 0x00, 0x00, 0x00,
    0x00, 0x00, 0x00, 0x00, 0x00, 0x00, 0x00, 0x00, 0x00, 0x00, 0x00, 0x00, 0x00, 0x00, 0x00, 0x00,
    0x00, 0x00, 0x00, 0x00, 0x00, 0x00, 0x00, 0x00, 0x00, 0x00, 0x00, 0x00, 0x00, 0x00, 0x00, 0x00,
    0x00, 0x00, 0x00, 0x00, 0x00, 0x00, 0x00, 0x00, 0x00, 0x00, 0x00, 0x00, 0x00, 0x00, 0x00, 0x00,
    0x00, 0x00, 0x00, 0x00, 0x00, 0x00, 0x00, 0x00, 0x00, 0x00, 0x00, 0x00, 0x00, 0x00, 0x00, 0x00,
    0x00, 0x00, 0x00, 0x00, 0x00, 0x00, 0x00, 0x00, 0x00, 0x00, 0x00, 0x00, 0x00, 0x00, 0x00, 0x00,
    0x00, 0x00, 0x00, 0x00, 0x00, 0x00, 0x00, 0x00, 0x00, 0x00, 0x00, 0x00, 0x00, 0x00, 0x00, 0x00,
    0x00, 0x00, 0x00, 0x00, 0x00, 0x00, 0x00, 0x00, 0x00, 0x00, 0x00, 0x00, 0x00, 0x00, 0x00, 0x00,
    0x00, 0x00, 0x00, 0x00, 0x00, 0x00, 0x00, 0x00, 0x00, 0x00, 0x00, 0x00, 0x00, 0x00, 0x00, 0x00,
    0x00, 0x00, 0x00, 0x00, 0x00, 0x00, 0x00, 0x00, 0x00, 0x00, 0x00, 0x00, 0x00, 0x00, 0x00, 0x00,
    0x00, 0x00, 0x00, 0x00, 0x00, 0x00, 0x00, 0x00, 0x00, 0x00, 0x00, 0x00, 0x00, 0x00, 0x00, 0x00,
    0x00, 0x00, 0x00, 0x00, 0x00, 0x00, 0x00, 0x00, 0x00, 0x00, 0x00, 0x00, 0x08, 0x42, 0x00, 0x05,
    0x18, 0x58, 0x70, 0x00, 0x80, 0xc1, 0x83, 0x04, 0x18, 0x1c, 0x10, 0x50, 0xe0, 0xc1, 0x03, 0x07,
    0x03, 0x0e, 0x02, 0x10, 0xc0, 0xc0, 0x61, 0x02, 0x00, 0x15, 0x2d, 0x12, 0x20, 0x70, 0xc0, 0x81,
    0x43, 0x07, 0x02, 0x26, 0x7a, 0x74, 0x48, 0x92, 0x64, 0x81, 0x83, 0x02, 0x16, 0x94, 0x74, 0xc8,
    0x20, 0xa2, 0x44, 0x00, 0x04, 0x10, 0x2c, 0x58, 0x90, 0xc0, 0xc0, 0xcb, 0x9b, 0x38, 0x03, 0x02,
    0x00, 0x21, 0xf9, 0x04, 0x04, 0x08, 0x00, 0x00, 0x00, 0x2c, 0x19, 0x00, 0x14, 0x00, 0x7e, 0x00,
    0x24, 0x00, 0x87, 0x00, 0x00, 0x00, 0x0d, 0x03, 0x03, 0x1a, 0x06, 0x06, 0x26, 0x09, 0x0a, 0x33,
    0x0d, 0x0d, 0x40, 0x10, 0x10, 0x4d, 0x13, 0x13, 0x5a, 0x16, 0x16, 0x66, 0x19, 0x1a, 0x73, 0x1c,
    0x1d, 0x80, 0x1f, 0x20, 0x8d, 0x22, 0x23, 0x9a, 0x26, 0x26, 0xa6, 0x29, 0x2a, 0xb3, 0x2c, 0x2d,
    0xc0, 0x2f, 0x30, 0x00, 0x00, 0x00, 0x00, 0x00, 0x00, 0x00, 0x00, 0x00, 0x00, 0x00, 0x00, 0x00,
    0x00, 0x00, 0x00, 0x00, 0x00, 0x00, 0x00, 0x00, 0x00, 0x00, 0x00, 0x00, 0x00, 0x00, 0x00, 0x00,
    0x00, 0x00, 0x00, 0x00, 0x00, 0x00, 0x00, 0x00, 0x00, 0x00, 0x00, 0x00, 0x00, 0x00, 0x00, 0x00,
    0x00, 0x00, 0x00, 0x00, 0x00, 0x00, 0x00, 0x00, 0x00, 0x00, 0x00, 0x00, 0x00, 0x00, 0x00, 0x00,
    0x00, 0x00, 0x00, 0x00, 0x00, 0x00, 0x00, 0x00, 0x00, 0x00, 0x00, 0x00, 0x00, 0x00, 0x00, 0x00,
    0x00, 0x00, 0x00, 0x00, 0x00, 0x00, 0x00, 0x00, 0x00, 0x00, 0x00, 0x00, 0x00, 0x00, 0x00, 0x00,
    0x00, 0x00, 0x00, 0x00, 0x00, 0x00, 0x00, 0x00, 0x00, 0x00, 0x00, 0x00, 0x00, 0x00, 0x00, 0x00,
    0x00, 0x00, 0x00, 0x00, 0x00, 0x00, 0x00, 0x00, 0x00, 0x00, 0x00, 0x00, 0x00, 0x00, 0x00, 0x00,
    0x00, 0x00, 0x00, 0x00, 0x00, 0x00, 0x00, 0x00, 0x00, 0x00, 0x00, 0x00, 0x00, 0x00, 0x00, 0x00,
    0x00, 0x00, 0x00, 0x00, 0x00, 0x00, 0x00, 0x00, 0x00, 0x00, 0x00, 0x00, 0x00, 0x00, 0x00, 0x00,
    0x00, 0x00, 0x00, 0x00, 0x00, 0x00, 0x00, 0x00, 0x00, 0x00, 0x00, 0x00, 0x00, 0x00, 0x00, 0x00,
    0x00, 0x00, 0x00, 0x00, 0x00, 0x00, 0x00, 0x00, 0x00, 0x00, 0x00, 0x00, 0x00, 0x00, 0x00, 0x00,
    0x00, 0x00, 0x00, 0x00, 0x00, 0x00, 0x00, 0x00, 0x00, 0x00, 0x00, 0x00, 0x00, 0x00, 0x00, 0x00,
    0x00, 0x00, 0x00, 0x00, 0x00, 0x00, 0x00, 0x00, 0x00, 0x00, 0x00, 0x00, 0x00, 0x00, 0x00, 0x00,
    0x00, 0x00, 0x00, 0x00, 0x00, 0x00, 0x00, 0x00, 0x00, 0x00, 0x00, 0x00, 0x00, 0x00, 0x00, 0x00,
    0x00, 0x00, 0x00, 0x00, 0x00, 0x00, 0x00, 0x00, 0x00, 0x00, 0x00, 0x00, 0x00, 0x00, 0x00, 0x00,
    0x00, 0x00, 0x00, 0x00, 0x00, 0x00, 0x00, 0x00, 0x00, 0x00, 0x00, 0x00, 0x00, 0x00, 0x00, 0x00,
    0x00, 0x00, 0x00, 0x00, 0x00, 0x00, 0x00, 0x00, 0x00, 0x00, 0x00, 0x00, 0x00, 0x00, 0x00, 0x00,
    0x00, 0x00, 0x00, 0x00, 0x00, 0x00, 0x00, 0x00, 0x00, 0x00, 0x00, 0x00, 0x00, 0x00, 0x00, 0x00,
    0x00, 0x00, 0x00, 0x00, 0x00, 0x00, 0x00, 0x00, 0x00, 0x00, 0x00, 0x00, 0x00, 0x00, 0x00, 0x00,
    0x00, 0x00, 0x00, 0x00, 0x00, 0x00, 0x00, 0x00, 0x00, 0x00, 0x00, 0x00, 0x00, 0x00, 0x00, 0x00,
    0x00, 0x00, 0x00, 0x00, 0x00, 0x00, 0x00, 0x00, 0x00, 0x00, 0x00, 0x00, 0x00, 0x00, 0x00, 0x00,
    0x00, 0x00, 0x00, 0x00, 0x00, 0x00, 0x00, 0x00, 0x00, 0x00, 0x00, 0x00, 0x00, 0x00, 0x00, 0x00,
    0x00, 0x00, 0x00, 0x00, 0x00, 0x00, 0x00, 0x00, 0x00, 0x00, 0x00, 0x00, 0x00, 0x00, 0x00, 0x00,
    0x00, 0x00, 0x00, 0x00, 0x00, 0x00, 0x00, 0x00, 0x00, 0x00, 0x00, 0x00, 0x00, 0x00, 0x00, 0x00,
    0x00, 0x00, 0x00, 0x00, 0x00, 0x00, 0x00, 0x00, 0x00, 0x00, 0x00, 0x00, 0x00, 0x00, 0x00, 0x00,
    0x00, 0x00, 0x00, 0x00, 0x00, 0x00, 0x00, 0x00, 0x00, 0x00, 0x00, 0x00, 0x00, 0x00, 0x00, 0x00,
    0x00, 0x00, 0x00, 0x00, 0x00, 0x00, 0x00, 0x00, 0x00, 0x00, 0x00, 0x00, 0x00, 0x00, 0x00, 0x00,
    0x00, 0x00, 0x00, 0x00, 0x00, 0x00, 0x00, 0x00, 0x00, 0x00, 0x00, 0x00, 0x00, 0x00, 0x00, 0x00,
    0x00, 0x00, 0x00, 0x00, 0x00, 0x00, 0x00, 0x00, 0x00, 0x00, 0x00, 0x00, 0x00, 0x00, 0x00, 0x00,
    0x00, 0x00, 0x00, 0x00, 0x00, 0x00, 0x00, 0x00, 0x00, 0x00, 0x00, 0x00, 0x00, 0x00, 0x00, 0x00,
    0x00, 0x00, 0x00, 0x00, 0x00, 0x00, 0x00, 0x00, 0x00, 0x00, 0x00, 0x00, 0x00, 0x00, 0x00, 0x00,
    0x00, 0x00, 0x00, 0x00, 0x00, 0x00, 0x00, 0x00, 0x00, 0x00, 0x00, 0x00, 0x00, 0x00, 0x00, 0x00,
    0x00, 0x00, 0x00, 0x00, 0x00, 0x00, 0x00, 0x00, 0x00, 0x00, 0x00, 0x00, 0x00, 0x00, 0x00, 0x00,
    0x00, 0x00, 0x00, 0x00, 0x00, 0x00, 0x00, 0x00, 0x00, 0x00, 0x00, 0x00, 0x00, 0x00, 0x00, 0x00,
    0x00, 0x00, 0x00, 0x00, 0x00, 0x00, 0x00, 0x00, 0x00, 0x00, 0x00, 0x00, 0x00, 0x00, 0x00, 0x00,
    0x00, 0x00, 0x00, 0x00, 0x00, 0x00, 0x00, 0x00, 0x00, 0x00, 0x00, 0x00, 0x00, 0x00, 0x00, 0x00,
    0x00, 0x00, 0x00, 0x00, 0x00, 0x00, 0x00, 0x00, 0x00, 0x00, 0x00, 0x00, 0x00, 0x00, 0x00, 0x00,
    0x00, 0x00, 0x00, 0x00, 0x00, 0x00, 0x00, 0x00, 0x00, 0x00, 0x00, 0x00, 0x00, 0x00, 0x00, 0x00,
    0x00, 0x00, 0x00, 0x00, 0x00, 0x00, 0x00, 0x00, 0x00, 0x00, 0x00, 0x00, 0x00, 0x00, 0x00, 0x00,
    0x00, 0x00, 0x00, 0x00, 0x00, 0x00, 0x00, 0x00, 0x00, 0x00, 0x00, 0x00, 0x00, 0x00, 0x00, 0x00,
    0x00, 0x00, 0x00, 0x00, 0x00, 0x00, 0x00, 0x00, 0x00, 0x00, 0x00, 0x00, 0x00, 0x00, 0x00, 0x00,
    0x00, 0x00, 0x00, 0x00, 0x00, 0x00, 0x00, 0x00, 0x00, 0x00, 0x00, 0x00, 0x00, 0x00, 0x00, 0x00,
    0x00, 0x00, 0x00, 0x00, 0x00, 0x00, 0x00, 0x00, 0x00, 0x00, 0x00, 0x00, 0x00, 0x00, 0x00, 0x00,
    0x00, 0x00, 0x00, 0x00, 0x00, 0x00, 0x00, 0x00, 0x00, 0x00, 0x00, 0x00, 0x00, 0x00, 0x00, 0x00,
    0x00, 0x00, 0x00, 0x08, 0xff, 0x00, 0x01, 0x00, 0x08, 0x70, 0xa0, 0xe0, 0x81, 0x01, 0x02, 0x13,
    0x2a, 0x1c, 0x68, 0xf0, 0xe0, 0xc2, 0x87, 0x10, 0x23, 0x4a, 0x9c, 0x48, 0xb1, 0xe2, 0x44, 0x82,
    0x06, 0x11, 0x4a, 0xc4, 0x58, 0x50, 0x23, 0x80, 0x01, 0x0d, 0x1e, 0x88, 0x14, 0x69, 0x20, 0x22,
    0xc8, 0x91, 0x24, 0x2d, 0xaa, 0x5c, 0xc9, 0xb2, 0xe5, 0xc7, 0x90, 0x28, 0x4b, 0x42, 0x3c, 0x19,
    0x53, 0xe0, 0x02, 0x94, 0x22, 0x1d, 0x04, 0x80, 0x78, 0x13, 0xa7, 0x4e, 0x97, 0x40, 0x83, 0xba,
    0xec, 0x89, 0xf2, 0xe7, 0x43, 0xa2, 0x23, 0x75, 0x06, 0x70, 0x80, 0x53, 0x24, 0x81, 0x87, 0x4b,
    0x9b, 0x3e, 0x78, 0x2a, 0xb4, 0xaa, 0x55, 0x88, 0x51, 0x9b, 0x52, 0x55, 0x98, 0x15, 0x27, 0x81,
    0xae, 0x28, 0xb7, 0x26, 0x04, 0x3b, 0x52, 0xec, 0xd5, 0xb3, 0x42, 0xc9, 0x3a, 0x85, 0xca, 0x54,
    0xab, 0xda, 0xa9, 0x6c, 0xa5, 0x9a, 0x45, 0x4b, 0x97, 0xe5, 0xdb, 0xb9, 0x77, 0xef, 0xc6, 0xd5,
    0x5a, 0xb7, 0x6f, 0x4b, 0xbd, 0x0b, 0xf3, 0xb6, 0xf5, 0xba, 0x97, 0xb0, 0xdf, 0xc3, 0x15, 0x01,
    0x73, 0x1d, 0x1c, 0x56, 0xf1, 0x58, 0xc6, 0x65, 0x11, 0x4b, 0xde, 0x08, 0x79, 0x6d, 0xe0, 0xca,
    0x53, 0x1d, 0x0b, 0xd4, 0x3c, 0xb9, 0x33, 0x67, 0xc1, 0x72, 0x0b, 0x87, 0xed, 0x4c, 0xfa, 0x71,
    0xe8, 0xcb, 0x72, 0x3f, 0x63, 0x9e, 0x5b, 0xfa, 0xb0, 0xea, 0xd4, 0xab, 0x45, 0x47, 0x6e, 0xed,
    0x39, 0x36, 0x6a, 0xb7, 0xb6, 0x17, 0x9f, 0xa6, 0x2d, 0xf9, 0x35, 0xee, 0xdd, 0xa6, 0xf9, 0xf2,
    0xee, 0x9d, 0x3b, 0xb8, 0x57, 0xdf, 0x86, 0x87, 0xbb, 0x2e, 0xbe, 0x79, 0x35, 0xf2, 0xd1, 0xca,
    0x97, 0x03, 0x6f, 0x0e, 0x7b, 0xfa, 0x40, 0xe6, 0xd1, 0xd1, 0x3e, 0x2f, 0xbb, 0xdd, 0x72, 0xf6,
    0xba, 0xdd, 0x33, 0x63, 0x9b, 0xe7, 0xfc, 0xdd, 0x6a, 0xf8, 0xaf, 0xe3, 0xb1, 0x97, 0xaf, 0x7a,
    0xfe, 0xfc, 0x7a, 0xba, 0xed, 0xd3, 0x5b, 0x7f, 0x1f, 0x34, 0xbe, 0x75, 0xf2, 0xf4, 0x5d, 0xda,
    0x17, 0xae, 0x9b, 0x7f, 0xfe, 0xb4, 0xf2, 0xfd, 0xe6, 0x1f, 0x75, 0x03, 0xfe, 0xa7, 0x5f, 0x80,
    0xc7, 0x21, 0x08, 0x9d, 0x81, 0xf5, 0x29, 0xc8, 0x9d, 0x83, 0xde, 0x31, 0x78, 0xe0, 0x7d, 0xce,
    0x41, 0x08, 0x97, 0x84, 0x40, 0xed, 0x97, 0x9c, 0x71, 0x0b, 0x62, 0x68, 0x97, 0x85, 0xe8, 0x51,
    0x38, 0x9f, 0x87, 0x14, 0x69, 0xd8, 0x21, 0x81, 0x1b, 0x92, 0x68, 0x91, 0x7b, 0x30, 0xe1, 0x24,
    0x00, 0x44, 0x2d, 0xa2, 0xf4, 0xa2, 0x8a, 0x2c, 0xc5, 0x38, 0xd2, 0x8c, 0x0b, 0xd9, 0x28, 0xd2,
    0x8b, 0x05, 0x34, 0x85, 0x40, 0x44, 0x3d, 0xe2, 0xf4, 0x23, 0x8d, 0x2c, 0x05, 0x89, 0xd2, 0x90,
    0x0f, 0x19, 0x39, 0x12, 0x92, 0x04, 0x28, 0xb0, 0xc0, 0x93, 0x32, 0x45, 0xd4, 0xe4, 0x93, 0x0b,
    0x44, 0x49, 0xe4, 0x4a, 0x53, 0x42, 0x39, 0x51, 0x96, 0x55, 0x5e, 0xe9, 0xe5, 0x42, 0x01, 0x01,
    0x00, 0x21, 0xf9, 0x04, 0x04, 0x08, 0x00, 0x00, 0x00, 0x2c, 0x51, 0x00, 0x44, 0x00, 0x0e, 0x00,
    0x07, 0x00, 0x87, 0x00, 0x00, 0x00, 0x0d, 0x03, 0x03, 0x1a, 0x06, 0x06, 0x26, 0x09, 0x0a, 0x33,
    0x0d, 0x0d, 0x40, 0x10, 0x10, 0x4d, 0x13, 0x13, 0x5a, 0x16, 0x16, 0x66, 0x19, 0x1a, 0x73, 0x1c,
    0x1d, 0x80, 0x1f, 0x20, 0x8d, 0x22, 0x23, 0x9a, 0x26, 0x26, 0xa6, 0x29, 0x2a, 0xb3, 0x2c, 0x2d,
    0xc0, 0x2f, 0x30, 0x00, 0x00, 0x00, 0x00, 0x00, 0x00, 0x00, 0x00, 0x00, 0x00, 0x00, 0x00, 0x00,
    0x00, 0x00, 0x00, 0x00, 0x00, 0x00, 0x00, 0x00, 0x00, 0x00, 0x00, 0x00, 0x00, 0x00, 0x00, 0x00,
    0x00, 0x00, 0x00, 0x00, 0x00, 0x00, 0x00, 0x00, 0x00, 0x00, 0x00, 0x00, 0x00, 0x00, 0x00, 0x00,
    0x00, 0x00, 0x00, 0x00, 0x00, 0x00, 0x00, 0x00, 0x00, 0x00, 0x00, 0x00, 0x00, 0x00, 0x00, 0x00,
    0x00, 0x00, 0x00, 0x00, 0x00, 0x00, 0x00, 0x00, 0x00, 0x00, 0x00, 0x00, 0x00, 0x00, 0x00, 0x00,
    0x00, 0x00, 0x00, 0x00, 0x00, 0x00, 0x00, 0x00, 0x00, 0x00, 0x00, 0x00, 0x00, 0x00, 0x00, 0x00,
    0x00, 0x00, 0x00, 0x00, 0x00, 0x00, 0x00, 0x00, 0x00, 0x00, 0x00, 0x00, 0x00, 0x00, 0x00, 0x00,
    0x00, 0x00, 0x00, 0x00, 0x00, 0x00, 0x00, 0x00, 0x00, 0x00, 0x00, 0x00, 0x00, 0x00, 0x00, 0x00,
    0x00, 0x00, 0x00, 0x00, 0x00, 0x00, 0x00, 0x00, 0x00, 0x00, 0x00, 0x00, 0x00, 0x00, 0x00, 0x00,
    0x00, 0x00, 0x00, 0x00, 0x00, 0x00, 0x00, 0x00, 0x00, 0x00, 0x00, 0x00, 0x00, 0x00, 0x00, 0x00,
    0x00, 0x00, 0x00, 0x00, 0x00, 0x00, 0x00, 0x00, 0x00, 0x00, 0x00, 0x00, 0x00, 0x00, 0x00, 0x00,
    0x00, 0x00, 0x00, 0x00, 0x00, 0x00, 0x00, 0x00, 0x00, 0x00, 0x00, 0x00, 0x00, 0x00, 0x00, 0x00,
    0x00, 0x00, 0x00, 0x00, 0x00, 0x00, 0x00, 0x00, 0x00, 0x00, 0x00, 0x00, 0x00, 0x00, 0x00, 0x00,
    0x00, 0x00, 0x00, 0x00, 0x00, 0x00, 0x00, 0x00, 0x00, 0x00, 0x00, 0x00, 0x00, 0x00, 0x00, 0x00,
    0x00, 0x00, 0x00, 0x00, 0x00, 0x00, 0x00, 0x00, 0x00, 0x00, 0x00, 0x00, 0x00, 0x00, 0x00, 0x00,
    0x00, 0x00, 0x00, 0x00, 0x00, 0x00, 0x00, 0x00, 0x00, 0x00, 0x00, 0x00, 0x00, 0x00, 0x00, 0x00,
    0x00, 0x00, 0x00, 0x00, 0x00, 0x00, 0x00, 0x00, 0x00, 0x00, 0x00, 0x00, 0x00, 0x00, 0x00, 0x00,
    0x00, 0x00, 0x00, 0x00, 0x00, 0x00, 0x00, 0x00, 0x00, 0x00, 0x00, 0x00, 0x00, 0x00, 0x00, 0x00,
    0x00, 0x00, 0x00, 0x00, 0x00, 0x00, 0x00, 0x00, 0x00, 0x00, 0x00, 0x00, 0x00, 0x00, 0x00, 0x00,
    0x00, 0x00, 0x00, 0x00, 0x00, 0x00, 0x00, 0x00, 0x00, 0x00, 0x00, 0x00, 0x00, 0x00, 0x00, 0x00,
    0x00, 0x00, 0x00, 0x00, 0x00, 0x00, 0x00, 0x00, 0x00, 0x00, 0x00, 0x00, 0x00, 0x00, 0x00, 0x00,
    0x00, 0x00, 0x00, 0x00, 0x00, 0x00, 0x00, 0x00, 0x00, 0x00, 0x00, 0x00, 0x00, 0x00, 0x00, 0x00,
    0x00, 0x00, 0x00, 0x00, 0x00, 0x00, 0x00, 0x00, 0x00, 0x00, 0x00, 0x00, 0x00, 0x00, 0x00, 0x00,
    0x00, 0x00, 0x00, 0x00, 0x00, 0x00, 0x00, 0x00, 0x00, 0x00, 0x00, 0x00, 0x00, 0x00, 0x00, 0x00,
    0x00, 0x00, 0x00, 0x00, 0x00, 0x00, 0x00, 0x00, 0x00, 0x00, 0x00, 0x00, 0x00, 0x00, 0x00, 0x00,
    0x00, 0x00, 0x00, 0x00, 0x00, 0x00, 0x00, 0x00, 0x00, 0x00, 0x00, 0x00, 0x00, 0x00, 0x00, 0x00,
    0x00, 0x00, 0x00, 0x00, 0x00, 0x00, 0x00, 0x00, 0x00, 0x00, 0x00, 0x00, 0x00, 0x00, 0x00, 0x00,
    0x00, 0x00, 0x00, 0x00, 0x00, 0x00, 0x00, 0x00, 0x00, 0x00, 0x00, 0x00, 0x00, 0x00, 0x00, 0x00,
    0x00, 0x00, 0x00, 0x00, 0x00, 0x00, 0x00, 0x00, 0x00, 0x00, 0x00, 0x00, 0x00, 0x00, 0x00, 0x00,
    0x00, 0x00, 0x00, 0x00, 0x00, 0x00, 0x00, 0x00, 0x00, 0x00, 0x00, 0x00, 0x00, 0x00, 0x00, 0x00,
    0x00, 0x00, 0x00, 0x00, 0x00, 0x00, 0x00, 0x00, 0x00, 0x00, 0x00, 0x00, 0x00, 0x00, 0x00, 0x00,
    0x00, 0x00, 0x00, 0x00, 0x00, 0x00, 0x00, 0x00, 0x00, 0x00, 0x00, 0x00, 0x00, 0x00, 0x00, 0x00,
    0x00, 0x00, 0x00, 0x00, 0x00, 0x00, 0x00, 0x00, 0x00, 0x00, 0x00, 0x00, 0x00, 0x00, 0x00, 0x00,
    0x00, 0x00, 0x00, 0x00, 0x00, 0x00, 0x00, 0x00, 0x00, 0x00, 0x00, 0x00, 0x00, 0x00, 0x00, 0x00,
    0x00, 0x00, 0x00, 0x00, 0x00, 0x00, 0x00, 0x00, 0x00, 0x00, 0x00, 0x00, 0x00, 0x00, 0x00, 0x00,
    0x00, 0x00, 0x00, 0x00, 0x00, 0x00, 0x00, 0x00, 0x00, 0x00, 0x00, 0x00, 0x00, 0x00, 0x00, 0x00,
    0x00, 0x00, 0x00, 0x00, 0x00, 0x00, 0x00, 0x00, 0x00, 0x00, 0x00, 0x00, 0x00, 0x00, 0x00, 0x00,
    0x00, 0x00, 0x00, 0x00, 0x00, 0x00, 0x00, 0x00, 0x00, 0x00, 0x00, 0x00, 0x00, 0x00, 0x00, 0x00,
    0x00, 0x00, 0x00, 0x00, 0x00, 0x00, 0x00, 0x00, 0x00, 0x00, 0x00, 0x00, 0x00, 0x00, 0x00, 0x00,
    0x00, 0x00, 0x00, 0x00, 0x00, 0x00, 0x00, 0x00, 0x00, 0x00, 0x00, 0x00, 0x00, 0x00, 0x00, 0x00,
    0x00, 0x00, 0x00, 0x00, 0x00, 0x00, 0x00, 0x00, 0x00, 0x00, 0x00, 0x00, 0x00, 0x00, 0x00, 0x00,
    0x00, 0x00, 0x00, 0x00, 0x00, 0x00, 0x00, 0x00, 0x00, 0x00, 0x00, 0x00, 0x00, 0x00, 0x00, 0x00,
    0x00, 0x00, 0x00, 0x00, 0x00, 0x00, 0x00, 0x00, 0x00, 0x00, 0x00, 0x00, 0x00, 0x00, 0x00, 0x00,
    0x00, 0x00, 0x00, 0x00, 0x00, 0x00, 0x00, 0x00, 0x00, 0x00, 0x00, 0x00, 0x00, 0x00, 0x00, 0x00,
    0x00, 0x00, 0x00, 0x00, 0x00, 0x00, 0x00, 0x00, 0x00, 0x00, 0x00, 0x00, 0x00, 0x00, 0x00, 0x00,
    0x00, 0x00, 0x00, 0x08, 0x44, 0x00, 0x01, 0x00, 0x10, 0x10, 0x40, 0xa0, 0x41, 0x81, 0x05, 0x01,
    0x0c, 0x48, 0xe0, 0x40, 0xc1, 0x41, 0x81, 0x06, 0x1a, 0x12, 0x28, 0xf0, 0xa0, 0xe2, 0x81, 0x83,
    0x04, 0x1c, 0x54, 0x44, 0x00, 0x20, 0x41, 0xc5, 0x07, 0x0c, 0x10, 0x20, 0x58, 0xf0, 0x91, 0x41,
    0xc1, 0x00, 0x24, 0x3f, 0xaa, 0x6c, 0x30, 0xe0, 0xe0, 0x01, 0x8d, 0x2a, 0x13, 0x24, 0x3c, 0x18,
    0xa0, 0xc0, 0x81, 0x03, 0x06, 0x04, 0x1c, 0x0c, 0x08, 0x00, 0x21, 0xf9, 0x04, 0x04, 0x08, 0x00,
    0x00, 0x00, 0x2c, 0x1a, 0x00, 0x14, 0x00, 0x7d, 0x00, 0x23, 0x00, 0x87, 0x00, 0x00, 0x00, 0x0d,
    0x03, 0x03, 0x1a, 0x06, 0x06, 0x26, 0x09, 0x0a, 0x33, 0x0d, 0x0d, 0x40, 0x10, 0x10, 0x4d, 0x13,
    0x13, 0x5a, 0x16, 0x16, 0x66, 0x19, 0x1a, 0x73, 0x1c, 0x1d, 0x80, 0x1f, 0x20, 0x8d, 0x22, 0x23,
    0x9a, 0x26, 0x26, 0xa6, 0x29, 0x2a, 0xb3, 0x2c, 0x2d, 0xc0, 0x2f, 0x30, 0x00, 0x00, 0x00, 0x00,
    0x00, 0x00, 0x00, 0x00, 0x00, 0x00, 0x00, 0x00, 0x00, 0x00, 0x00, 0x00, 0x00, 0x00, 0x00, 0x00,
    0x00, 0x00, 0x00, 0x00, 0x00, 0x00, 0x00, 0x00, 0x00, 0x00, 0x00, 0x00, 0x00, 0x00, 0x00, 0x00,
    0x00, 0x00, 0x00, 0x00, 0x00, 0x00, 0x00, 0x00, 0x00, 0x00, 0x00, 0x00, 0x00, 0x00, 0x00, 0x00,
    0x00, 0x00, 0x00, 0x00, 0x00, 0x00, 0x00, 0x00, 0x00, 0x00, 0x00, 0x00, 0x00, 0x00, 0x00, 0x00,
    0x00, 0x00, 0x00, 0x00, 0x00, 0x00, 0x00, 0x00, 0x00, 0x00, 0x00, 0x00, 0x00, 0x00, 0x00, 0x00,
    0x00, 0x00, 0x00, 0x00, 0x00, 0x00, 0x00, 0x00, 0x00, 0x00, 0x00, 0x00, 0x00, 0x00, 0x00, 0x00,
    0x00, 0x00, 0x00, 0x00, 0x00, 0x00, 0x00, 0x00, 0x00, 0x00, 0x00, 0x00, 0x00, 0x00, 0x00, 0x00,
    0x00, 0x00, 0x00, 0x00, 0x00, 0x00, 0x00, 0x00, 0x00, 0x00, 0x00, 0x00, 0x00, 0x00, 0x00, 0x00,
    0x00, 0x00, 0x00, 0x00, 0x00, 0x00, 0x00, 0x00, 0x00, 0x00, 0x00, 0x00, 0x00, 0x00, 0x00, 0x00,
    0x00, 0x00, 0x00, 0x00, 0x00, 0x00, 0x00, 0x00, 0x00, 0x00, 0x00, 0x00, 0x00, 0x00, 0x00, 0x00,
    0x00, 0x00, 0x00, 0x00, 0x00, 0x00, 0x00, 0x00, 0x00, 0x00, 0x00, 0x00, 0x00, 0x00, 0x00, 0x00,
    0x00, 0x00, 0x00, 0x00, 0x00, 0x00, 0x00, 0x00, 0x00, 0x00, 0x00, 0x00, 0x00, 0x00, 0x00, 0x00,
    0x00, 0x00, 0x00, 0x00, 0x00, 0x00, 0x00, 0x00, 0x00, 0x00, 0x00, 0x00, 0x00, 0x00, 0x00, 0x00,
    0x00, 0x00, 0x00, 0x00, 0x00, 0x00, 0x00, 0x00, 0x00, 0x00, 0x00, 0x00, 0x00, 0x00, 0x00, 0x00,
    0x00, 0x00, 0x00, 0x00, 0x00, 0x00, 0x00, 0x00, 0x00, 0x00, 0x00, 0x00, 0x00, 0x00, 0x00, 0x00,
    0x00, 0x00, 0x00, 0x00, 0x00, 0x00, 0x00, 0x00, 0x00, 0x00, 0x00, 0x00, 0x00, 0x00, 0x00, 0x00,
    0x00, 0x00, 0x00, 0x00, 0x00, 0x00, 0x00, 0x00, 0x00, 0x00, 0x00, 0x00, 0x00, 0x00, 0x00, 0x00,
    0x00, 0x00, 0x00, 0x00, 0x00, 0x00, 0x00, 0x00, 0x00, 0x00, 0x00, 0x00, 0x00, 0x00, 0x00, 0x00,
    0x00, 0x00, 0x00, 0x00, 0x00, 0x00, 0x00, 0x00, 0x00, 0x00, 0x00, 0x00, 0x00, 0x00, 0x00, 0x00,
    0x00, 0x00, 0x00, 0x00, 0x00, 0x00, 0x00, 0x00, 0x00, 0x00, 0x00, 0x00, 0x00, 0x00, 0x00, 0x00,
    0x00, 0x00, 0x00, 0x00, 0x00, 0x00, 0x00, 0x00, 0x00, 0x00, 0x00, 0x00, 0x00, 0x00, 0x00, 0x00,
    0x00, 0x00, 0x00, 0x00, 0x00, 0x00, 0x00, 0x00, 0x00, 0x00, 0x00, 0x00, 0x00, 0x00, 0x00, 0x00,
    0x00, 0x00, 0x00, 0x00, 0x00, 0x00, 0x00, 0x00, 0x00, 0x00, 0x00, 0x00, 0x00, 0x00, 0x00, 0x00,
    0x00, 0x00, 0x00, 0x00, 0x00, 0x00, 0x00, 0x00, 0x00, 0x00, 0x00, 0x00, 0x00, 0x00, 0x00, 0x00,
    0x00, 0x00, 0x00, 0x00, 0x00, 0x00, 0x00, 0x00, 0x00, 0x00, 0x00, 0x00, 0x00, 0x00, 0x00, 0x00,
    0x00, 0x00, 0x00, 0x00, 0x00, 0x00, 0x00, 0x00, 0x00, 0x00, 0x00, 0x00, 0x00, 0x00, 0x00, 0x00,
    0x00, 0x00, 0x00, 0x00, 0x00, 0x00, 0x00, 0x00, 0x00, 0x00, 0x00, 0x00, 0x00, 0x00, 0x00, 0x00,
    0x00, 0x00, 0x00, 0x00, 0x00, 0x00, 0x00, 0x00, 0x00, 0x00, 0x00, 0x00, 0x00, 0x00, 0x00, 0x00,
    0x00, 0x00, 0x00, 0x00, 0x00, 0x00, 0x00, 0x00, 0x00, 0x00, 0x00, 0x00, 0x00, 0x00, 0x00, 0x00,
    0x00, 0x00, 0x00, 0x00, 0x00, 0x00, 0x00, 0x00, 0x00, 0x00, 0x00, 0x00, 0x00, 0x00, 0x00, 0x00,
    0x00, 0x00, 0x00, 0x00, 0x00, 0x00, 0x00, 0x00, 0x00, 0x00, 0x00, 0x00, 0x00, 0x00, 0x00, 0x00,
    0x00, 0x00, 0x00, 0x00, 0x00, 0x00, 0x00, 0x00, 0x00, 0x00, 0x00, 0x00, 0x00, 0x00, 0x00, 0x00,
    0x00, 0x00, 0x00, 0x00, 0x00, 0x00, 0x00, 0x00, 0x00, 0x00, 0x00, 0x00, 0x00, 0x00, 0x00, 0x00,
    0x00, 0x00, 0x00, 0x00, 0x00, 0x00, 0x00, 0x00, 0x00, 0x00, 0x00, 0x00, 0x00, 0x00, 0x00, 0x00,
    0x00, 0x00, 0x00, 0x00, 0x00, 0x00, 0x00, 0x00, 0x00, 0x00, 0x00, 0x00, 0x00, 0x00, 0x00, 0x00,
    0x00, 0x00, 0x00, 0x00, 0x00, 0x00, 0x00, 0x00, 0x00, 0x00, 0x00, 0x00, 0x00, 0x00, 0x00, 0x00,
    0x00, 0x00, 0x00, 0x00, 0x00, 0x00, 0x00, 0x00, 0x00, 0x00, 0x00, 0x00, 0x00, 0x00, 0x00, 0x00,
    0x00, 0x00, 0x00, 0x00, 0x00, 0x00, 0x00, 0x00, 0x00, 0x00, 0x00, 0x00, 0x00, 0x00, 0x00, 0x00,
    0x00, 0x00, 0x00, 0x00, 0x00, 0x00, 0x00, 0x00, 0x00, 0x00, 0x00, 0x00, 0x00, 0x00, 0x00, 0x00,
    0x00, 0x00, 0x00, 0x00, 0x00, 0x00, 0x00, 0x00, 0x00, 0x00, 0x00, 0x00, 0x00, 0x00, 0x00, 0x00,
    0x00, 0x00, 0x00, 0x00, 0x00, 0x00, 0x00, 0x00, 0x00, 0x00, 0x00, 0x00, 0x00, 0x00, 0x00, 0x00,
    0x00, 0x00, 0x00, 0x00, 0x00, 0x00, 0x00, 0x00, 0x00, 0x00, 0x00, 0x00, 0x00, 0x00, 0x00, 0x00,
    0x00, 0x00, 0x00, 0x00, 0x00, 0x00, 0x00, 0x00, 0x00, 0x00, 0x00, 0x00, 0x00, 0x00, 0x00, 0x00,
    0x00, 0x00, 0x00, 0x00, 0x00, 0x00, 0x00, 0x00, 0x00, 0x00, 0x00, 0x00, 0x00, 0x00, 0x00, 0x00,
    0x00, 0x00, 0x00, 0x00, 0x00, 0x00, 0x00, 0x00, 0x00, 0x00, 0x00, 0x00, 0x08, 0xff, 0x00, 0x01,
    0x10, 0x50, 0xb0, 0xa0, 0xa0, 0x01, 0x00, 0x08, 0x13, 0x2a, 0x1c, 0x58, 0x70, 0xc1, 0x41, 0x85,
    0x10, 0x23, 0x4a, 0x9c, 0x48, 0xb1, 0xa2, 0xc5, 0x8b, 0x10, 0x19, 0x1a, 0xac, 0xa8, 0xd1, 0x21,
    0xc2, 0x02, 0x0f, 0x42, 0x8a, 0x44, 0x30, 0x11, 0xa4, 0xc8, 0x90, 0x24, 0x31, 0xaa, 0x5c, 0xc9,
    0xb2, 0xa5, 0xc9, 0x93, 0x29, 0x23, 0xbe, 0x1c, 0x09, 0xa0, 0xc1, 0x49, 0x91, 0x02, 0x24, 0xda,
    0xbc, 0xf9, 0x20, 0x67, 0xcb, 0x9f, 0x40, 0x83, 0xee, 0xbc, 0xe9, 0x13, 0xe2, 0xd0, 0x93, 0x02,
    0x1c, 0xf0, 0x7c, 0x40, 0x20, 0x62, 0x00, 0xa5, 0x3c, 0x9b, 0x06, 0x9d, 0x4a, 0xb5, 0xe2, 0xd3,
    0xa5, 0x52, 0x15, 0x5e, 0x8d, 0x0a, 0xf5, 0x66, 0xd6, 0x84, 0x5b, 0xbd, 0x56, 0x1d, 0x4b, 0x16,
    0x61, 0xd8, 0x93, 0x5f, 0xcd, 0x76, 0x45, 0xbb, 0x56, 0x64, 0x5a, 0x00, 0x67, 0xdd, 0x96, 0x9d,
    0x3b, 0x35, 0x6e, 0xc8, 0xb7, 0x76, 0x99, 0xb6, 0xbd, 0xeb, 0x74, 0x2f, 0x53, 0xba, 0x80, 0x5b,
    0xe6, 0xc5, 0xeb, 0x97, 0x40, 0xe1, 0xbe, 0x58, 0x03, 0x2b, 0xc6, 0x38, 0x18, 0x31, 0xd7, 0xc4,
    0x10, 0x1b, 0x2f, 0x9e, 0x3c, 0x51, 0xb2, 0xd6, 0xc2, 0x87, 0x23, 0x67, 0xa6, 0xcc, 0x19, 0xec,
    0x66, 0xcf, 0x58, 0x3f, 0xab, 0x85, 0xdc, 0xb9, 0xb3, 0x65, 0xd0, 0x8f, 0xa3, 0x3a, 0x16, 0x5b,
    0xda, 0xb4, 0x68, 0xb8, 0x98, 0x49, 0xa3, 0x66, 0xdd, 0x9a, 0xf2, 0xe9, 0xd1, 0xa9, 0x69, 0xcf,
    0x46, 0x5b, 0x9b, 0xf3, 0x6d, 0xd8, 0xa1, 0x65, 0xe3, 0xd6, 0xdd, 0x3b, 0xf0, 0xef, 0xc1, 0xaf,
    0x7f, 0x17, 0x9f, 0x7b, 0x3c, 0xb6, 0x6a, 0xcd, 0xc2, 0x97, 0x33, 0x4f, 0xee, 0x9c, 0x38, 0xf0,
    0xe7, 0xd2, 0x01, 0x37, 0x0f, 0x8e, 0x7d, 0xb7, 0xdc, 0xec, 0xda, 0xa9, 0x73, 0xa1, 0xb7, 0xae,
    0x1c, 0x3c, 0xd5, 0xed, 0xb9, 0x79, 0x43, 0xef, 0x6e, 0x7e, 0x2c, 0x7a, 0xaf, 0xe2, 0xd9, 0xb7,
    0x3f, 0x1f, 0x1f, 0x7e, 0xf4, 0xf2, 0xf3, 0x7f, 0xbe, 0x67, 0x7b, 0xff, 0x75, 0x7e, 0xa0, 0xfb,
    0xb9, 0x55, 0x9f, 0x7a, 0xff, 0xd1, 0xd7, 0xdf, 0x78, 0x04, 0x7a, 0xc7, 0x57, 0x81, 0x06, 0xca,
    0x87, 0xdc, 0x81, 0xf2, 0x31, 0xc8, 0x52, 0x80, 0x77, 0x0d, 0xf8, 0x9d, 0x84, 0x00, 0x5a, 0x58,
    0x21, 0x84, 0xd6, 0x61, 0xa8, 0x12, 0x85, 0x7a, 0x71, 0x98, 0xa0, 0x87, 0x2b, 0x81, 0x68, 0x98,
    0x88, 0x17, 0x92, 0x58, 0xa2, 0x86, 0x21, 0x3a, 0xe8, 0x9f, 0x8a, 0x56, 0xb1, 0x48, 0xc0, 0x02,
    0x3c, 0x39, 0x10, 0x80, 0x44, 0x34, 0xde, 0x64, 0x23, 0x8c, 0x2d, 0xe5, 0x78, 0xd2, 0x8e, 0x11,
    0xf9, 0x28, 0x92, 0x8d, 0x03, 0x1c, 0xf5, 0xc0, 0x43, 0x11, 0x15, 0x79, 0x13, 0x92, 0x3c, 0xaa,
    0xa4, 0xe4, 0x49, 0x4c, 0x2a, 0xf4, 0xa4, 0x48, 0x0f, 0x05, 0x70, 0xc0, 0x95, 0x07, 0x0c, 0x60,
    0x15, 0x96, 0x59, 0x36, 0xa9, 0x1f, 0x97, 0x5a, 0x52, 0x64, 0x25, 0x96, 0x61, 0x06, 0x04, 0x00,
    0x21, 0xf9, 0x04, 0x04, 0x0c, 0x00, 0x00, 0x00, 0x2c, 0x51, 0x00, 0x44, 0x00, 0x0e, 0x00, 0x07,
    0x00, 0x87, 0x00, 0x00, 0x00, 0x0d, 0x03, 0x03, 0x1a, 0x06, 0x06, 0x26, 0x09, 0x0a, 0x33, 0x0d,
    0x0d, 0x40, 0x10, 0x10, 0x4d, 0x13, 0x13, 0x5a, 0x16, 0x16, 0x66, 0x19, 0x1a, 0x73, 0x1c, 0x1d,
    0x80, 0x1f, 0x20, 0x8d, 0x22, 0x23, 0x9a, 0x26, 0x26, 0xa6, 0x29, 0x2a, 0xb3, 0x2c, 0x2d, 0xc0,
    0x2f, 0x30, 0x00, 0x00, 0x00, 0x00, 0x00, 0x00, 0x00, 0x00, 0x00, 0x00, 0x00, 0x00, 0x00, 0x00,
    0x00, 0x00, 0x00, 0x00, 0x00, 0x00, 0x00, 0x00, 0x00, 0x00, 0x00, 0x00, 0x00, 0x00, 0x00, 0x00,
    0x00, 0x00, 0x00, 0x00, 0x00, 0x00, 0x00, 0x00, 0x00, 0x00, 0x00, 0x00, 0x00, 0x00, 0x00, 0x00,
    0x00, 0x00, 0x00, 0x00, 0x00, 0x00, 0x00, 0x00, 0x00, 0x00, 0x00, 0x00, 0x00, 0x00, 0x00, 0x00,
    0x00, 0x00, 0x00, 0x00, 0x00, 0x00, 0x00, 0x00, 0x00, 0x00, 0x00, 0x00, 0x00, 0x00, 0x00, 0x00,
    0x00, 0x00, 0x00, 0x00, 0x00, 0x00, 0x00, 0x00, 0x00, 0x00, 0x00, 0x00, 0x00, 0x00, 0x00, 0x00,
    0x00, 0x00, 0x00, 0x00, 0x00, 0x00, 0x00, 0x00, 0x00, 0x00, 0x00, 0x00, 0x00, 0x00, 0x00, 0x00,
    0x00, 0x00, 0x00, 0x00, 0x00, 0x00, 0x00, 0x00, 0x00, 0x00, 0x00, 0x00, 0x00, 0x00, 0x00, 0x00,
    0x00, 0x00, 0x00, 0x00, 0x00, 0x00, 0x00, 0x00, 0x00, 0x00, 0x00, 0x00, 0x00, 0x00, 0x00, 0x00,
    0x00, 0x00, 0x00, 0x00, 0x00, 0x00, 0x00, 0x00, 0x00, 0x00, 0x00, 0x00, 0x00, 0x00, 0x00, 0x00,
    0x00, 0x00, 0x00, 0x00, 0x00, 0x00, 0x00, 0x00, 0x00, 0x00, 0x00, 0x00, 0x00, 0x00, 0x00, 0x00,
    0x00, 0x00, 0x00, 0x00, 0x00, 0x00, 0x00, 0x00, 0x00, 0x00, 0x00, 0x00, 0x00, 0x00, 0x00, 0x00,
    0x00, 0x00, 0x00, 0x00, 0x00, 0x00, 0x00, 0x00, 0x00, 0x00, 0x00, 0x00, 0x00, 0x00, 0x00, 0x00,
    0x00, 0x00, 0x00, 0x00, 0x00, 0x00, 0x00, 0x00, 0x00, 0x00, 0x00, 0x00, 0x00, 0x00, 0x00, 0x00,
    0x00, 0x00, 0x00, 0x00, 0x00, 0x00, 0x00, 0x00, 0x00, 0x00, 0x00, 0x00, 0x00, 0x00, 0x00, 0x00,
    0x00, 0x00, 0x00, 0x00, 0x00, 0x00, 0x00, 0x00, 0x00, 0x00, 0x00, 0x00, 0x00, 0x00, 0x00, 0x00,
    0x00, 0x00, 0x00, 0x00, 0x00, 0x00, 0x00, 0x00, 0x00, 0x00, 0x00, 0x00, 0x00, 0x00, 0x00, 0x00,
    0x00, 0x00, 0x00, 0x00, 0x00, 0x00, 0x00, 0x00, 0x00, 0x00, 0x00, 0x00, 0x00, 0x00, 0x00, 0x00,
    0x00, 0x00, 0x00, 0x00, 0x00, 0x00, 0x00, 0x00, 0x00, 0x00, 0x00, 0x00, 0x00, 0x00, 0x00, 0x00,
    0x00, 0x00, 0x00, 0x00, 0x00, 0x00, 0x00, 0x00, 0x00, 0x00, 0x00, 0x00, 0x00, 0x00, 0x00, 0x00,
    0x00, 0x00, 0x00, 0x00, 0x00, 0x00, 0x00, 0x00, 0x00, 0x00, 0x00, 0x00, 0x00, 0x00, 0x00, 0x00,
    0x00, 0x00, 0x00, 0x00, 0x00, 0x00, 0x00, 0x00, 0x00, 0x00, 0x00, 0x00, 0x00, 0x00, 0x00, 0x00,
    0x00, 0x00, 0x00, 0x00, 0x00, 0x00, 0x00, 0x00, 0x00, 0x00, 0x00, 0x00, 0x00, 0x00, 0x00, 0x00,
    0x00, 0x00, 0x00, 0x00, 0x00, 0x00, 0x00, 0x00, 0x00, 0x00, 0x00, 0x00, 0x00, 0x00, 0x00, 0x00,
    0x00, 0x00, 0x00, 0x00, 0x00, 0x00, 0x00, 0x00, 0x00, 0x00, 0x00, 0x00, 0x00, 0x00, 0x00, 0x00,
    0x00, 0x00, 0x00, 0x00, 0x00, 0x00, 0x00, 0x00, 0x00, 0x00, 0x00, 0x00, 0x00, 0x00, 0x00, 0x00,
    0x00, 0x00, 0x00, 0x00, 0x00, 0x00, 0x00, 0x00, 0x00, 0x00, 0x00, 0x00, 0x00, 0x00, 0x00, 0x00,
    0x00, 0x00, 0x00, 0x00, 0x00, 0x00, 0x00, 0x00, 0x00, 0x00, 0x00, 0x00, 0x00, 0x00, 0x00, 0x00,
    0x00, 0x00, 0x00, 0x00, 0x00, 0x00, 0x00, 0x00, 0x00, 0x00, 0x00, 0x00, 0x00, 0x00, 0x00, 0x00,
    0x00, 0x00, 0x00, 0x00, 0x00, 0x00, 0x00, 0x00, 0x00, 0x00, 0x00, 0x00, 0x00, 0x00, 0x00, 0x00,
    0x00, 0x00, 0x00, 0x00, 0x00, 0x00, 0x00, 0x00, 0x00, 0x00, 0x00, 0x00, 0x00, 0x00, 0x00, 0x00,
    0x00, 0x00, 0x00, 0x00, 0x00, 0x00, 0x00, 0x00, 0x00, 0x00, 0x00, 0x00, 0x00, 0x00, 0x00, 0x00,
    0x00, 0x00, 0x00, 0x00, 0x00, 0x00, 0x00, 0x00, 0x00, 0x00, 0x00, 0x00, 0x00, 0x00, 0x00, 0x00,
    0x00, 0x00, 0x00, 0x00, 0x00, 0x00, 0x00, 0x00, 0x00, 0x00, 0x00, 0x00, 0x00, 0x00, 0x00, 0x00,
    0x00, 0x00, 0x00, 0x00, 0x00, 0x00, 0x00, 0x00, 0x00, 0x00, 0x00, 0x00, 0x00, 0x00, 0x00, 0x00,
    0x00, 0x00, 0x00, 0x00, 0x00, 0x00, 0x00, 0x00, 0x00, 0x00, 0x00, 0x00, 0x00, 0x00, 0x00, 0x00,
    0x00, 0x00, 0x00, 0x00, 0x00, 0x00, 0x00, 0x00, 0x00, 0x00, 0x00, 0x00, 0x00, 0x00, 0x00, 0x00,
    0x00, 0x00, 0x00, 0x00, 0x00, 0x00, 0x00, 0x00, 0x00, 0x00, 0x00, 0x00, 0x00, 0x00, 0x00, 0x00,
    0x00, 0x00, 0x00, 0x00, 0x00, 0x00, 0x00, 0x00, 0x00, 0x00, 0x00, 0x00, 0x00, 0x00, 0x00, 0x00,
    0x00, 0x00, 0x00, 0x00, 0x00, 0x00, 0x00, 0x00, 0x00, 0x00, 0x00, 0x00, 0x00, 0x00, 0x00, 0x00,
    0x00, 0x00, 0x00, 0x00, 0x00, 0x00, 0x00, 0x00, 0x00, 0x00, 0x00, 0x00, 0x00, 0x00, 0x00, 0x00,
    0x00, 0x00, 0x00, 0x00, 0x00, 0x00, 0x00, 0x00, 0x00, 0x00, 0x00, 0x00, 0x00, 0x00, 0x00, 0x00,
    0x00, 0x00, 0x00, 0x00, 0x00, 0x00, 0x00, 0x00, 0x00, 0x00, 0x00, 0x00, 0x00, 0x00, 0x00, 0x00,
    0x00, 0x00, 0x00, 0x00, 0x00, 0x00, 0x00, 0x00, 0x00, 0x00, 0x00, 0x00, 0x00, 0x00, 0x00, 0x00,
    0x00, 0x00, 0x00, 0x00, 0x00, 0x00, 0x00, 0x00, 0x00, 0x00, 0x00, 0x00, 0x00, 0x00, 0x00, 0x00,
    0x00, 0x00, 0x08, 0x45, 0x00, 0x01, 0x00, 0x20, 0x30, 0x40, 0xa0, 0x41, 0x00, 0x01, 0x08, 0x04,
    0x00, 0x50, 0xa0, 0xc1, 0x03, 0x06, 0x07, 0x05, 0x22, 0x78, 0xd0, 0xe0, 0xc0, 0x80, 0x07, 0x18,
    0x15, 0x14, 0x44, 0x38, 0xd1, 0xc1, 0x83, 0x03, 0x00, 0x0c, 0x60, 0xc4, 0xb8, 0x60, 0x81, 0xc7,
    0x8c, 0x06, 0x0f, 0x8c, 0x5c, 0xf9, 0x40, 0xc1, 0x42, 0x83, 0x04, 0x4c, 0x8e, 0x64, 0x60, 0x20,
    0xa2, 0x41, 0x01, 0x04, 0x08, 0x08, 0x88, 0x18, 0x10, 0x00, 0x21, 0xf9, 0x04, 0x04, 0x08, 0x00,
    0x00, 0x00, 0x2c, 0x19, 0x00, 0x13, 0x00, 0x7e, 0x00, 0x24, 0x00, 0x87, 0x00, 0x00, 0x00, 0x0d,
    0x03, 0x03, 0x1a, 0x06, 0x06, 0x26, 0x09, 0x0a, 0x33, 0x0d, 0x0d, 0x40, 0x10, 0x10, 0x4d, 0x13,
    0x13, 0x5a, 0x16, 0x16, 0x66, 0x19, 0x1a, 0x73, 0x1c, 0x1d, 0x80, 0x1f, 0x20, 0x8d, 0x22, 0x23,
    0x9a, 0x26, 0x26, 0xa6, 0x29, 0x2a, 0xb3, 0x2c, 0x2d, 0xc0, 0x2f, 0x30, 0x00, 0x00, 0x00, 0x00,
    0x00, 0x00, 0x00, 0x00, 0x00, 0x00, 0x00, 0x00, 0x00, 0x00, 0x00, 0x00, 0x00, 0x00, 0x00, 0x00,
    0x00, 0x00, 0x00, 0x00, 0x00, 0x00, 0x00, 0x00, 0x00, 0x00, 0x00, 0x00, 0x00, 0x00, 0x00, 0x00,
    0x00, 0x00, 0x00, 0x00, 0x00, 0x00, 0x00, 0x00, 0x00, 0x00, 0x00, 0x00, 0x00, 0x00, 0x00, 0x00,
    0x00, 0x00, 0x00, 0x00, 0x00, 0x00, 0x00, 0x00, 0x00, 0x00, 0x00, 0x00, 0x00, 0x00, 0x00, 0x00,
    0x00, 0x00, 0x00, 0x00, 0x00, 0x00, 0x00, 0x00, 0x00, 0x00, 0x00, 0x00, 0x00, 0x00, 0x00, 0x00,
    0x00, 0x00, 0x00, 0x00, 0x00, 0x00, 0x00, 0x00, 0x00, 0x00, 0x00, 0x00, 0x00, 0x00, 0x00, 0x00,
    0x00, 0x00, 0x00, 0x00, 0x00, 0x00, 0x00, 0x00, 0x00, 0x00, 0x00, 0x00, 0x00, 0x00, 0x00, 0x00,
    0x00, 0x00, 0x00, 0x00, 0x00, 0x00, 0x00, 0x00, 0x00, 0x00, 0x00, 0x00, 0x00, 0x00, 0x00, 0x00,
    0x00, 0x00, 0x00, 0x00, 0x00, 0x00, 0x00, 0x00, 0x00, 0x00, 0x00, 0x00, 0x00, 0x00, 0x00, 0x00,
    0x00, 0x00, 0x00, 0x00, 0x00, 0x00, 0x00, 0x00, 0x00, 0x00, 0x00, 0x00, 0x00, 0x00, 0x00, 0x00,
    0x00, 0x00, 0x00, 0x00, 0x00, 0x00, 0x00, 0x00, 0x00, 0x00, 0x00, 0x00, 0x00, 0x00, 0x00, 0x00,
    0x00, 0x00, 0x00, 0x00, 0x00, 0x00, 0x00, 0x00, 0x00, 0x00, 0x00, 0x00, 0x00, 0x00, 0x00, 0x00,
    0x00, 0x00, 0x00, 0x00, 0x00, 0x00, 0x00, 0x00, 0x00, 0x00, 0x00, 0x00, 0x00, 0x00, 0x00, 0x00,
    0x00, 0x00, 0x00, 0x00, 0x00, 0x00, 0x00, 0x00, 0x00, 0x00, 0x00, 0x00, 0x00, 0x00, 0x00, 0x00,
    0x00, 0x00, 0x00, 0x00, 0x00, 0x00, 0x00, 0x00, 0x00, 0x00, 0x00, 0x00, 0x00, 0x00, 0x00, 0x00,
    0x00, 0x00, 0x00, 0x00, 0x00, 0x00, 0x00, 0x00, 0x00, 0x00, 0x00, 0x00, 0x00, 0x00, 0x00, 0x00,
    0x00, 0x00, 0x00, 0x00, 0x00, 0x00, 0x00, 0x00, 0x00, 0x00, 0x00, 0x00, 0x00, 0x00, 0x00, 0x00,
    0x00, 0x00, 0x00, 0x00, 0x00, 0x00, 0x00, 0x00, 0x00, 0x00, 0x00, 0x00, 0x00, 0x00, 0x00, 0x00,
    0x00, 0x00, 0x00, 0x00, 0x00, 0x00, 0x00, 0x00, 0x00, 0x00, 0x00, 0x00, 0x00, 0x00, 0x00, 0x00,
    0x00, 0x00, 0x00, 0x00, 0x00, 0x00, 0x00, 0x00, 0x00, 0x00, 0x00, 0x00, 0x00, 0x00, 0x00, 0x00,
    0x00, 0x00, 0x00, 0x00, 0x00, 0x00, 0x00, 0x00, 0x00, 0x00, 0x00, 0x00, 0x00, 0x00, 0x00, 0x00,
    0x00, 0x00, 0x00, 0x00, 0x00, 0x00, 0x00, 0x00, 0x00, 0x00, 0x00, 0x00, 0x00, 0x00, 0x00, 0x00,
    0x00, 0x00, 0x00, 0x00, 0x00, 0x00, 0x00, 0x00, 0x00, 0x00, 0x00, 0x00, 0x00, 0x00, 0x00, 0x00,
    0x00, 0x00, 0x00, 0x00, 0x00, 0x00, 0x00, 0x00, 0x00, 0x00, 0x00, 0x00, 0x00, 0x00, 0x00, 0x00,
    0x00, 0x00, 0x00, 0x00, 0x00, 0x00, 0x00, 0x00, 0x00, 0x00, 0x00, 0x00, 0x00, 0x00, 0x00, 0x00,
    0x00, 0x00, 0x00, 0x00, 0x00, 0x00, 0x00, 0x00, 0x00, 0x00, 0x00, 0x00, 0x00, 0x00, 0x00, 0x00,
    0x00, 0x00, 0x00, 0x00, 0x00, 0x00, 0x00, 0x00, 0x00, 0x00, 0x00, 0x00, 0x00, 0x00, 0x00, 0x00,
    0x00, 0x00, 0x00, 0x00, 0x00, 0x00, 0x00, 0x00, 0x00, 0x00, 0x00, 0x00, 0x00, 0x00, 0x00, 0x00,
    0x00, 0x00, 0x00, 0x00, 0x00, 0x00, 0x00, 0x00, 0x00, 0x00, 0x00, 0x00, 0x00, 0x00, 0x00, 0x00,
    0x00, 0x00, 0x00, 0x00, 0x00, 0x00, 0x00, 0x00, 0x00, 0x00, 0x00, 0x00, 0x00, 0x00, 0x00, 0x00,
    0x00, 0x00, 0x00, 0x00, 0x00, 0x00, 0x00, 0x00, 0x00, 0x00, 0x00, 0x00, 0x00, 0x00, 0x00, 0x00,
    0x00, 0x00, 0x00, 0x00, 0x00, 0x00, 0x00, 0x00, 0x00, 0x00, 0x00, 0x00, 0x00, 0x00, 0x00, 0x00,
    0x00, 0x00, 0x00, 0x00, 0x00, 0x00, 0x00, 0x00, 0x00, 0x00, 0x00, 0x00, 0x00, 0x00, 0x00, 0x00,
    0x00, 0x00, 0x00, 0x00, 0x00, 0x00, 0x00, 0x00, 0x00, 0x00, 0x00, 0x00, 0x00, 0x00, 0x00, 0x00,
    0x00, 0x00, 0x00, 0x00, 0x00, 0x00, 0x00, 0x00, 0x00, 0x00, 0x00, 0x00, 0x00, 0x00, 0x00, 0x00,
    0x00, 0x00, 0x00, 0x00, 0x00, 0x00, 0x00, 0x00, 0x00, 0x00, 0x00, 0x00, 0x00, 0x00, 0x00, 0x00,
    0x00, 0x00, 0x00, 0x00, 0x00, 0x00, 0x00, 0x00, 0x00, 0x00, 0x00, 0x00, 0x00, 0x00, 0x00, 0x00,
    0x00, 0x00, 0x00, 0x00, 0x00, 0x00, 0x00, 0x00, 0x00, 0x00, 0x00, 0x00, 0x00, 0x00, 0x00, 0x00,
    0x00, 0x00, 0x00, 0x00, 0x00, 0x00, 0x00, 0x00, 0x00, 0x00, 0x00, 0x00, 0x00, 0x00, 0x00, 0x00,
    0x00, 0x00, 0x00, 0x00, 0x00, 0x00, 0x00, 0x00, 0x00, 0x00, 0x00, 0x00, 0x00, 0x00, 0x00, 0x00,
    0x00, 0x00, 0x00, 0x00, 0x00, 0x00, 0x00, 0x00, 0x00, 0x00, 0x00, 0x00, 0x00, 0x00, 0x00, 0x00,
    0x00, 0x00, 0x00, 0x00, 0x00, 0x00, 0x00, 0x00, 0x00, 0x00, 0x00, 0x00, 0x00, 0x00, 0x00, 0x00,
    0x00, 0x00, 0x00, 0x00, 0x00, 0x00, 0x00, 0x00, 0x00, 0x00, 0x00, 0x00, 0x00, 0x00, 0x00, 0x00,
    0x00, 0x00, 0x00, 0x00, 0x00, 0x00, 0x00, 0x00, 0x00, 0x00, 0x00, 0x00, 0x00, 0x00, 0x00, 0x00,
    0x00, 0x00, 0x00, 0x00, 0x00, 0x00, 0x00, 0x00, 0x00, 0x00, 0x00, 0x00, 0x08, 0xff, 0x00, 0x01,
    0x08, 0x0c, 0x40, 0x30, 0x80, 0xc0, 0x83, 0x08, 0x0f, 0x16, 0x34, 0x98, 0xb0, 0xa1, 0xc3, 0x87,
    0x10, 0x23, 0x4a, 0x9c, 0x28, 0x71, 0xe1, 0x44, 0x8b, 0x08, 0x0f, 0x34, 0x70, 0xc0, 0x31, 0x01,
    0x43, 0x87, 0x1a, 0x39, 0x3a, 0xf0, 0x48, 0xb1, 0xa4, 0xc9, 0x93, 0x28, 0x05, 0x86, 0xec, 0xf8,
    0xb1, 0xe1, 0xca, 0x91, 0x0c, 0x0f, 0x3c, 0x98, 0x49, 0x73, 0xc1, 0x43, 0x99, 0x34, 0x67, 0xda,
    0x4c, 0xc9, 0xb3, 0x67, 0x4a, 0x9c, 0x39, 0x77, 0xba, 0xcc, 0xa9, 0x13, 0x40, 0x00, 0x07, 0x44,
    0x67, 0x0e, 0x68, 0x78, 0x34, 0xe9, 0x83, 0xa5, 0x3e, 0xa3, 0x4a, 0x75, 0xd8, 0x34, 0x29, 0x54,
    0x84, 0x55, 0x89, 0x0e, 0xc8, 0x9a, 0x93, 0x00, 0x53, 0xa4, 0x49, 0xbd, 0x4e, 0x1d, 0x3b, 0x95,
    0x2b, 0x4d, 0xb1, 0x58, 0xc1, 0x12, 0x25, 0x60, 0x76, 0x26, 0x5a, 0x85, 0x6a, 0xbb, 0x92, 0x9d,
    0xeb, 0xb3, 0xed, 0x83, 0xb7, 0x03, 0xe3, 0x9e, 0xb5, 0x8b, 0xd7, 0xa8, 0x5e, 0xb7, 0x74, 0x03,
    0xa3, 0xe4, 0xfb, 0xd5, 0x29, 0xdb, 0xbf, 0x77, 0x0b, 0x87, 0x15, 0xcc, 0x98, 0x22, 0xe1, 0x84,
    0x7c, 0x1f, 0xa7, 0x35, 0xdc, 0xb8, 0x32, 0x44, 0xc9, 0x70, 0x0d, 0x63, 0xce, 0x4b, 0xd9, 0xb2,
    0xe7, 0xc9, 0x8b, 0x21, 0x23, 0x3e, 0xdc, 0x19, 0xf4, 0xda, 0xcf, 0xa8, 0xfd, 0x96, 0xce, 0x1c,
    0x76, 0xb3, 0xea, 0xd0, 0xa9, 0x2d, 0xbb, 0x8e, 0x3c, 0x5a, 0xf1, 0xe9, 0xd8, 0xb2, 0x6b, 0x8b,
    0xd6, 0xac, 0xdb, 0xb4, 0x5c, 0xdc, 0x95, 0x67, 0x8f, 0x16, 0xbe, 0x1a, 0x78, 0x60, 0xe2, 0xad,
    0x7b, 0xb3, 0xbe, 0x6d, 0x5c, 0x30, 0xf2, 0xb5, 0xcf, 0x7f, 0x37, 0x3f, 0xae, 0x9c, 0x73, 0xf2,
    0xe2, 0xaf, 0x99, 0x4f, 0x9f, 0x1b, 0x7d, 0x6f, 0xf5, 0xec, 0xd2, 0xb7, 0x93, 0xa1, 0xed, 0xee,
    0x96, 0x7c, 0x62, 0xf1, 0xdc, 0xbf, 0xd3, 0xc6, 0xee, 0x1a, 0x7d, 0x5d, 0xf5, 0xc3, 0xe1, 0x63,
    0x77, 0xdf, 0xd3, 0x3c, 0x69, 0xd8, 0xcb, 0xc3, 0xd3, 0x7f, 0xcf, 0x3e, 0x7e, 0xff, 0xf9, 0xfb,
    0x0d, 0x26, 0xdf, 0x75, 0xf8, 0x59, 0xa7, 0x5d, 0x80, 0x3c, 0xd9, 0x67, 0x1f, 0x82, 0x51, 0x29,
    0x38, 0xe0, 0x81, 0x0c, 0x9e, 0xe4, 0xe0, 0x7f, 0x05, 0x46, 0x68, 0xd2, 0x84, 0x15, 0xb6, 0x67,
    0xe1, 0x45, 0x0f, 0x76, 0xb5, 0xe0, 0x86, 0x02, 0x52, 0x08, 0x5d, 0x87, 0x67, 0x81, 0x18, 0x62,
    0x86, 0xfe, 0xa1, 0x08, 0xa0, 0x89, 0x0f, 0x61, 0x08, 0xa1, 0x86, 0x2c, 0x52, 0x45, 0x22, 0x60,
    0x09, 0x24, 0xd5, 0x40, 0x4b, 0x07, 0xd5, 0x48, 0xd4, 0x8d, 0x31, 0x9a, 0xa4, 0x63, 0x4e, 0x3c,
    0x36, 0xf4, 0x23, 0x4d, 0x3c, 0x06, 0xb0, 0x40, 0x4e, 0x0c, 0x5c, 0x05, 0xd9, 0x91, 0x34, 0x25,
    0xd9, 0xe3, 0x85, 0x4c, 0xce, 0xe4, 0x24, 0x55, 0x51, 0x3e, 0x30, 0xa5, 0x40, 0x03, 0x10, 0xa0,
    0xe5, 0x44, 0x59, 0x6e, 0xf9, 0x24, 0x4a, 0x5d, 0xf6, 0xd5, 0x50, 0x98, 0x07, 0x05, 0x04, 0x00,
    0x21, 0xf9, 0x04, 0x04, 0x04, 0x00, 0x00, 0x00, 0x2c, 0x51, 0x00, 0x44, 0x00, 0x0e, 0x00, 0x07,
    0x00, 0x87, 0x00, 0x00, 0x00, 0x0d, 0x03, 0x03, 0x1a, 0x06, 0x06, 0x26, 0x09, 0x0a, 0x33, 0x0d,
    0x0d, 0x40, 0x10, 0x10, 0x4d, 0x13, 0x13, 0x5a, 0x16, 0x16, 0x66, 0x19, 0x1a, 0x73, 0x1c, 0x1d,
    0x80, 0x1f, 0x20, 0x8d, 0x22, 0x23, 0x9a, 0x26, 0x26, 0xa6, 0x29, 0x2a, 0xb3, 0x2c, 0x2d, 0xc0,
    0x2f, 0x30, 0x00, 0x00, 0x00, 0x00, 0x00, 0x00, 0x00, 0x00, 0x00, 0x00, 0x00, 0x00, 0x00, 0x00,
    0x00, 0x00, 0x00, 0x00, 0x00, 0x00, 0x00, 0x00, 0x00, 0x00, 0x00, 0x00, 0x00, 0x00, 0x00, 0x00,
    0x00, 0x00, 0x00, 0x00, 0x00, 0x00, 0x00, 0x00, 0x00, 0x00, 0x00, 0x00, 0x00, 0x00, 0x00, 0x00,
    0x00, 0x00, 0x00, 0x00, 0x00, 0x00, 0x00, 0x00, 0x00, 0x00, 0x00, 0x00, 0x00, 0x00, 0x00, 0x00,
    0x00, 0x00, 0x00, 0x00, 0x00, 0x00, 0x00, 0x00, 0x00, 0x00, 0x00, 0x00, 0x00, 0x00, 0x00, 0x00,
    0x00, 0x00, 0x00, 0x00, 0x00, 0x00, 0x00, 0x00, 0x00, 0x00, 0x00, 0x00, 0x00, 0x00, 0x00, 0x00,
    0x00, 0x00, 0x00, 0x00, 0x00, 0x00, 0x00, 0x00, 0x00, 0x00, 0x00, 0x00, 0x00, 0x00, 0x00, 0x00,
    0x00, 0x00, 0x00, 0x00, 0x00, 0x00, 0x00, 0x00, 0x00, 0x00, 0x00, 0x00, 0x00, 0x00, 0x00, 0x00,
    0x00, 0x00, 0x00, 0x00, 0x00, 0x00, 0x00, 0x00, 0x00, 0x00, 0x00, 0x00, 0x00, 0x00, 0x00, 0x00,
    0x00, 0x00, 0x00, 0x00, 0x00, 0x00, 0x00, 0x00, 0x00, 0x00, 0x00, 0x00, 0x00, 0x00, 0x00, 0x00,
    0x00, 0x00, 0x00, 0x00, 0x00, 0x00, 0x00, 0x00, 0x00, 0x00, 0x00, 0x00, 0x00, 0x00, 0x00, 0x00,
    0x00, 0x00, 0x00, 0x00, 0x00, 0x00, 0x00, 0x00, 0x00, 0x00, 0x00, 0x00, 0x00, 0x00, 0x00, 0x00,
    0x00, 0x00, 0x00, 0x00, 0x00, 0x00, 0x00, 0x00, 0x00, 0x00, 0x00, 0x00, 0x00, 0x00, 0x00, 0x00,
    0x00, 0x00, 0x00, 0x00, 0x00, 0x00, 0x00, 0x00, 0x00, 0x00, 0x00, 0x00, 0x00, 0x00, 0x00, 0x00,
    0x00, 0x00, 0x00, 0x00, 0x00, 0x00, 0x00, 0x00, 0x00, 0x00, 0x00, 0x00, 0x00, 0x00, 0x00, 0x00,
    0x00, 0x00, 0x00, 0x00, 0x00, 0x00, 0x00, 0x00, 0x00, 0x00, 0x00, 0x00, 0x00, 0x00, 0x00, 0x00,
    0x00, 0x00, 0x00, 0x00, 0x00, 0x00, 0x00, 0x00, 0x00, 0x00, 0x00, 0x00, 0x00, 0x00, 0x00, 0x00,
    0x00, 0x00, 0x00, 0x00, 0x00, 0x00, 0x00, 0x00, 0x00, 0x00, 0x00, 0x00, 0x00, 0x00, 0x00, 0x00,
    0x00, 0x00, 0x00, 0x00, 0x00, 0x00, 0x00, 0x00, 0x00, 0x00, 0x00, 0x00, 0x00, 0x00, 0x00, 0x00,
    0x00, 0x00, 0x00, 0x00, 0x00, 0x00, 0x00, 0x00, 0x00, 0x00, 0x00, 0x00, 0x00, 0x00, 0x00, 0x00,
    0x00, 0x00, 0x00, 0x00, 0x00, 0x00, 0x00, 0x00, 0x00, 0x00, 0x00, 0x00, 0x00, 0x00, 0x00, 0x00,
    0x00, 0x00, 0x00, 0x00, 0x00, 0x00, 0x00, 0x00, 0x00, 0x00, 0x00, 0x00, 0x00, 0x00, 0x00, 0x00,
    0x00, 0x00, 0x00, 0x00, 0x00, 0x00, 0x00, 0x00, 0x00, 0x00, 0x00, 0x00, 0x00, 0x00, 0x00, 0x00,
    0x00, 0x00, 0x00, 0x00, 0x00, 0x00, 0x00, 0x00, 0x00, 0x00, 0x00, 0x00, 0x00, 0x00, 0x00, 0x00,
    0x00, 0x00, 0x00, 0x00, 0x00, 0x00, 0x00, 0x00, 0x00, 0x00, 0x00, 0x00, 0x00, 0x00, 0x00, 0x00,
    0x00, 0x00, 0x00, 0x00, 0x00, 0x00, 0x00, 0x00, 0x00, 0x00, 0x00, 0x00, 0x00, 0x00, 0x00, 0x00,
    0x00, 0x00, 0x00, 0x00, 0x00, 0x00, 0x00, 0x00, 0x00, 0x00, 0x00, 0x00, 0x00, 0x00, 0x00, 0x00,
    0x00, 0x00, 0x00, 0x00, 0x00, 0x00, 0x00, 0x00, 0x00, 0x00, 0x00, 0x00, 0x00, 0x00, 0x00, 0x00,
    0x00, 0x00, 0x00, 0x00, 0x00, 0x00, 0x00, 0x00, 0x00, 0x00, 0x00, 0x00, 0x00, 0x00, 0x00, 0x00,
    0x00, 0x00, 0x00, 0x00, 0x00, 0x00, 0x00, 0x00, 0x00, 0x00, 0x00, 0x00, 0x00, 0x00, 0x00, 0x00,
    0x00, 0x00, 0x00, 0x00, 0x00, 0x00, 0x00, 0x00, 0x00, 0x00, 0x00, 0x00, 0x00, 0x00, 0x00, 0x00,
    0x00, 0x00, 0x00, 0x00, 0x00, 0x00, 0x00, 0x00, 0x00, 0x00, 0x00, 0x00, 0x00, 0x00, 0x00, 0x00,
    0x00, 0x00, 0x00, 0x00, 0x00, 0x00, 0x00, 0x00, 0x00, 0x00, 0x00, 0x00, 0x00, 0x00, 0x00, 0x00,
    0x00, 0x00, 0x00, 0x00, 0x00, 0x00, 0x00, 0x00, 0x00, 0x00, 0x00, 0x00, 0x00, 0x00, 0x00, 0x00,
    0x00, 0x00, 0x00, 0x00, 0x00, 0x00, 0x00, 0x00, 0x00, 0x00, 0x00, 0x00, 0x00, 0x00, 0x00, 0x00,
    0x00, 0x00, 0x00, 0x00, 0x00, 0x00, 0x00, 0x00, 0x00, 0x00, 0x00, 0x00, 0x00, 0x00, 0x00, 0x00,
    0x00, 0x00, 0x00, 0x00, 0x00, 0x00, 0x00, 0x00, 0x00, 0x00, 0x00, 0x00, 0x00, 0x00, 0x00, 0x00,
    0x00, 0x00, 0x00, 0x00, 0x00, 0x00, 0x00, 0x00, 0x00, 0x00, 0x00, 0x00, 0x00, 0x00, 0x00, 0x00,
    0x00, 0x00, 0x00, 0x00, 0x00, 0x00, 0x00, 0x00, 0x00, 0x00, 0x00, 0x00, 0x00, 0x00, 0x00, 0x00,
    0x00, 0x00, 0x00, 0x00, 0x00, 0x00, 0x00, 0x00, 0x00, 0x00, 0x00, 0x00, 0x00, 0x00, 0x00, 0x00,
    0x00, 0x00, 0x00, 0x00, 0x00, 0x00, 0x00, 0x00, 0x00, 0x00, 0x00, 0x00, 0x00, 0x00, 0x00, 0x00,
    0x00, 0x00, 0x00, 0x00, 0x00, 0x00, 0x00, 0x00, 0x00, 0x00, 0x00, 0x00, 0x00, 0x00, 0x00, 0x00,
    0x00, 0x00, 0x00, 0x00, 0x00, 0x00, 0x00, 0x00, 0x00, 0x00, 0x00, 0x00, 0x00, 0x00, 0x00, 0x00,
    0x00, 0x00, 0x00, 0x00, 0x00, 0x00, 0x00, 0x00, 0x00, 0x00, 0x00, 0x00, 0x00, 0x00, 0x00, 0x00,
    0x00, 0x00, 0x00, 0x00, 0x00, 0x00, 0x00, 0x00, 0x00, 0x00, 0x00, 0x00, 0x00, 0x00, 0x00, 0x00,
    0x00, 0x00, 0x08, 0x44, 0x00, 0x01, 0x08, 0x40, 0x50, 0x00, 0x80, 0xc1, 0x83, 0x03, 0x07, 0x00,
    0x30, 0xf0, 0xe0, 0x41, 0x83, 0x00, 0x07, 0x0d, 0x2a, 0x68, 0x88, 0x40, 0x80, 0x83, 0x86, 0x0d,
    0x0c, 0x04, 0x08, 0x40, 0x60, 0xc1, 0x83, 0x8b, 0x04, 0x00, 0x10, 0x68, 0xd8, 0xd0, 0xc1, 0x45,
    0x92, 0x07, 0x0e, 0x12, 0x68, 0x40, 0xb2, 0x65, 0xca, 0x88, 0x01, 0x10, 0x30, 0x30, 0xd9, 0x20,
    0x81, 0xc2, 0x88, 0x30, 0x21, 0xe2, 0x0c, 0x08, 0x00, 0x21, 0xf9, 0x04, 0x04, 0x0c, 0x00, 0x00,
    0x00, 0x2c, 0x1a, 0x00, 0x13, 0x00, 0x7d, 0x00, 0x24, 0x00, 0x87, 0x00, 0x00, 0x00, 0x0d, 0x03,
    0x03, 0x1a, 0x06, 0x06, 0x26, 0x09, 0x0a, 0x33, 0x0d, 0x0d, 0x40, 0x10, 0x10, 0x4d, 0x13, 0x13,
    0x5a, 0x16, 0x16, 0x66, 0x19, 0x1a, 0x73, 0x1c, 0x1d, 0x80, 0x1f, 0x20, 0x8d, 0x22, 0x23, 0x9a,
    0x26, 0x26, 0xa6, 0x29, 0x2a, 0xb3, 0x2c, 0x2d, 0xc0, 0x2f, 0x30, 0x00, 0x00, 0x00, 0x00, 0x00,
    0x00, 0x00, 0x00, 0x00, 0x00, 0x00, 0x00, 0x00, 0x00, 0x00, 0x00, 0x00, 0x00, 0x00, 0x00, 0x00,
    0x00, 0x00, 0x00, 0x00, 0x00, 0x00, 0x00, 0x00, 0x00, 0x00, 0x00, 0x00, 0x00, 0x00, 0x00, 0x00,
    0x00, 0x00, 0x00, 0x00, 0x00, 0x00, 0x00, 0x00, 0x00, 0x00, 0x00, 0x00, 0x00, 0x00, 0x00, 0x00,
    0x00, 0x00, 0x00, 0x00, 0x00, 0x00, 0x00, 0x00, 0x00, 0x00, 0x00, 0x00, 0x00, 0x00, 0x00, 0x00,
    0x00, 0x00, 0x00, 0x00, 0x00, 0x00, 0x00, 0x00, 0x00, 0x00, 0x00, 0x00, 0x00, 0x00, 0x00, 0x00,
    0x00, 0x00, 0x00, 0x00, 0x00, 0x00, 0x00, 0x00, 0x00, 0x00, 0x00, 0x00, 0x00, 0x00, 0x00, 0x00,
    0x00, 0x00, 0x00, 0x00, 0x00, 0x00, 0x00, 0x00, 0x00, 0x00, 0x00, 0x00, 0x00, 0x00, 0x00, 0x00,
    0x00, 0x00, 0x00, 0x00, 0x00, 0x00, 0x00, 0x00, 0x00, 0x00, 0x00, 0x00, 0x00, 0x00, 0x00, 0x00,
    0x00, 0x00, 0x00, 0x00, 0x00, 0x00, 0x00, 0x00, 0x00, 0x00, 0x00, 0x00, 0x00, 0x00, 0x00, 0x00,
    0x00, 0x00, 0x00, 0x00, 0x00, 0x00, 0x00, 0x00, 0x00, 0x00, 0x00, 0x00, 0x00, 0x00, 0x00, 0x00,
    0x00, 0x00, 0x00, 0x00, 0x00, 0x00, 0x00, 0x00, 0x00, 0x00, 0x00, 0x00, 0x00, 0x00, 0x00, 0x00,
    0x00, 0x00, 0x00, 0x00, 0x00, 0x00, 0x00, 0x00, 0x00, 0x00, 0x00, 0x00, 0x00, 0x00, 0x00, 0x00,
    0x00, 0x00, 0x00, 0x00, 0x00, 0x00, 0x00, 0x00, 0x00, 0x00, 0x00, 0x00, 0x00, 0x00, 0x00, 0x00,
    0x00, 0x00, 0x00, 0x00, 0x00, 0x00, 0x00, 0x00, 0x00, 0x00, 0x00, 0x00, 0x00, 0x00, 0x00, 0x00,
    0x00, 0x00, 0x00, 0x00, 0x00, 0x00, 0x00, 0x00, 0x00, 0x00, 0x00, 0x00, 0x00, 0x00, 0x00, 0x00,
    0x00, 0x00, 0x00, 0x00, 0x00, 0x00, 0x00, 0x00, 0x00, 0x00, 0x00, 0x00, 0x00, 0x00, 0x00, 0x00,
    0x00, 0x00, 0x00, 0x00, 0x00, 0x00, 0x00, 0x00, 0x00, 0x00, 0x00, 0x00, 0x00, 0x00, 0x00, 0x00,
    0x00, 0x00, 0x00, 0x00, 0x00, 0x00, 0x00, 0x00, 0x00, 0x00, 0x00, 0x00, 0x00, 0x00, 0x00, 0x00,
    0x00, 0x00, 0x00, 0x00, 0x00, 0x00, 0x00, 0x00, 0x00, 0x00, 0x00, 0x00, 0x00, 0x00, 0x00, 0x00,
    0x00, 0x00, 0x00, 0x00, 0x00, 0x00, 0x00, 0x00, 0x00, 0x00, 0x00, 0x00, 0x00, 0x00, 0x00, 0x00,
    0x00, 0x00, 0x00, 0x00, 0x00, 0x00, 0x00, 0x00, 0x00, 0x00, 0x00, 0x00, 0x00, 0x00, 0x00, 0x00,
    0x00, 0x00, 0x00, 0x00, 0x00, 0x00, 0x00, 0x00, 0x00, 0x00, 0x00, 0x00, 0x00, 0x00, 0x00, 0x00,
    0x00, 0x00, 0x00, 0x00, 0x00, 0x00, 0x00, 0x00, 0x00, 0x00, 0x00, 0x00, 0x00, 0x00, 0x00, 0x00,
    0x00, 0x00, 0x00, 0x00, 0x00, 0x00, 0x00, 0x00, 0x00, 0x00, 0x00, 0x00, 0x00, 0x00, 0x00, 0x00,
    0x00, 0x00, 0x00, 0x00, 0x00, 0x00, 0x00, 0x00, 0x00, 0x00, 0x00, 0x00, 0x00, 0x00, 0x00, 0x00,
    0x00, 0x00, 0x00, 0x00, 0x00, 0x00, 0x00, 0x00, 0x00, 0x00, 0x00, 0x00, 0x00, 0x00, 0x00, 0x00,
    0x00, 0x00, 0x00, 0x00, 0x00, 0x00, 0x00, 0x00, 0x00, 0x00, 0x00, 0x00, 0x00, 0x00, 0x00, 0x00,
    0x00, 0x00, 0x00, 0x00, 0x00, 0x00, 0x00, 0x00, 0x00, 0x00, 0x00, 0x00, 0x00, 0x00, 0x00, 0x00,
    0x00, 0x00, 0x00, 0x00, 0x00, 0x00, 0x00, 0x00, 0x00, 0x00, 0x00, 0x00, 0x00, 0x00, 0x00, 0x00,
    0x00, 0x00, 0x00, 0x00, 0x00, 0x00, 0x00, 0x00, 0x00, 0x00, 0x00, 0x00, 0x00, 0x00, 0x00, 0x00,
    0x00, 0x00, 0x00, 0x00, 0x00, 0x00, 0x00, 0x00, 0x00, 0x00, 0x00, 0x00, 0x00, 0x00, 0x00, 0x00,
    0x00, 0x00, 0x00, 0x00, 0x00, 0x00, 0x00, 0x00, 0x00, 0x00, 0x00, 0x00, 0x00, 0x00, 0x00, 0x00,
    0x00, 0x00, 0x00, 0x00, 0x00, 0x00, 0x00, 0x00, 0x00, 0x00, 0x00, 0x00, 0x00, 0x00, 0x00, 0x00,
    0x00, 0x00, 0x00, 0x00, 0x00, 0x00, 0x00, 0x00, 0x00, 0x00, 0x00, 0x00, 0x00, 0x00, 0x00, 0x00,
    0x00, 0x00, 0x00, 0x00, 0x00, 0x00, 0x00, 0x00, 0x00, 0x00, 0x00, 0x00, 0x00, 0x00, 0x00, 0x00,
    0x00, 0x00, 0x00, 0x00, 0x00, 0x00, 0x00, 0x00, 0x00, 0x00, 0x00, 0x00, 0x00, 0x00, 0x00, 0x00,
    0x00, 0x00, 0x00, 0x00, 0x00, 0x00, 0x00, 0x00, 0x00, 0x00, 0x00, 0x00, 0x00, 0x00, 0x00, 0x00,
    0x00, 0x00, 0x00, 0x00, 0x00, 0x00, 0x00, 0x00, 0x00, 0x00, 0x00, 0x00, 0x00, 0x00, 0x00, 0x00,
    0x00, 0x00, 0x00, 0x00, 0x00, 0x00, 0x00, 0x00, 0x00, 0x00, 0x00, 0x00, 0x00, 0x00, 0x00, 0x00,
    0x00, 0x00, 0x00, 0x00, 0x00, 0x00, 0x00, 0x00, 0x00, 0x00, 0x00, 0x00, 0x00, 0x00, 0x00, 0x00,
    0x00, 0x00, 0x00, 0x00, 0x00, 0x00, 0x00, 0x00, 0x00, 0x00, 0x00, 0x00, 0x00, 0x00, 0x00, 0x00,
    0x00, 0x00, 0x00, 0x00, 0x00, 0x00, 0x00, 0x00, 0x00, 0x00, 0x00, 0x00, 0x00, 0x00, 0x00, 0x00,
    0x00, 0x00, 0x00, 0x00, 0x00, 0x00, 0x00, 0x00, 0x00, 0x00, 0x00, 0x00, 0x00, 0x00, 0x00, 0x00,
    0x00, 0x00, 0x00, 0x00, 0x00, 0x00, 0x00, 0x00, 0x00, 0x00, 0x00, 0x00, 0x00, 0x00, 0x00, 0x00,
    0x00, 0x00, 0x00, 0x00, 0x00, 0x00, 0x00, 0x00, 0x00, 0x00, 0x00, 0x08, 0xff, 0x00, 0x01, 0x00,
    0x18, 0x40, 0xa0, 0xa0, 0xc0, 0x83, 0x08, 0x0f, 0x12, 0x34, 0x98, 0xb0, 0xa1, 0xc3, 0x87, 0x10,
    0x23, 0x4a, 0x9c, 0x28, 0x71, 0x21, 0x81, 0x89, 0x16, 0x0f, 0x06, 0x58, 0xf0, 0xa0, 0xe3, 0x03,
    0x06, 0x03, 0x1e, 0x6e, 0xf4, 0xf8, 0x31, 0x24, 0xc5, 0x93, 0x28, 0x53, 0xaa, 0x1c, 0xe9, 0x11,
    0xa4, 0x48, 0x8e, 0x2d, 0x43, 0x26, 0x20, 0xd9, 0xb1, 0x41, 0x00, 0x87, 0x33, 0x69, 0xda, 0x54,
    0xc9, 0xb3, 0xa7, 0x4f, 0x00, 0x39, 0x49, 0xee, 0x6c, 0x18, 0xd4, 0xa3, 0x4d, 0x07, 0x34, 0x3b,
    0x5e, 0x4c, 0x18, 0x00, 0x69, 0xd2, 0xa5, 0x3f, 0xa3, 0x4a, 0x6d, 0xd8, 0x34, 0xe9, 0x03, 0xa8,
    0x1a, 0x9d, 0xd2, 0x24, 0xa0, 0x95, 0x24, 0x56, 0x81, 0x55, 0x9f, 0x4e, 0x1d, 0x3b, 0x36, 0xec,
    0x56, 0xaa, 0x5d, 0x3d, 0x72, 0xb5, 0xfa, 0x15, 0x80, 0x59, 0xaf, 0x64, 0xe3, 0xfe, 0x7c, 0xab,
    0x16, 0x2d, 0xdb, 0xb4, 0x4a, 0xed, 0x8a, 0x95, 0xcb, 0x37, 0x25, 0xdd, 0xbc, 0x4c, 0xf1, 0x5e,
    0x15, 0xdc, 0xf6, 0xef, 0xd5, 0xbe, 0x88, 0x29, 0x1a, 0x2e, 0x4c, 0x98, 0xb0, 0xde, 0xb3, 0x89,
    0x23, 0x8b, 0x74, 0x1c, 0xf8, 0x2e, 0xdb, 0xc7, 0x70, 0x25, 0x6b, 0x46, 0xb8, 0x18, 0xb3, 0x5a,
    0xca, 0x9c, 0x41, 0x6f, 0xd6, 0xdc, 0xb9, 0xf2, 0x53, 0xd1, 0x60, 0x51, 0x8f, 0x4e, 0x5c, 0x3a,
    0xb4, 0xe5, 0xbd, 0xae, 0x61, 0xaf, 0x8e, 0xdc, 0x3a, 0xeb, 0x6b, 0xc8, 0xb1, 0x71, 0xcf, 0x66,
    0xad, 0x7a, 0x71, 0x6f, 0xd5, 0xbb, 0xe5, 0xd6, 0x4e, 0x7d, 0x3b, 0x73, 0x6e, 0xe3, 0xc1, 0xfb,
    0x0e, 0x77, 0xdb, 0xf8, 0xb2, 0x69, 0xdd, 0xc9, 0x85, 0xff, 0x2e, 0x5e, 0xf7, 0x39, 0xf2, 0xe8,
    0x71, 0x97, 0xfb, 0x76, 0x7e, 0xbc, 0x3a, 0x76, 0xe9, 0xdc, 0x6d, 0x9f, 0xab, 0x0e, 0x4f, 0x5c,
    0xf6, 0xf7, 0xb2, 0xd3, 0xc7, 0x9b, 0x67, 0x4e, 0xfe, 0xbc, 0x54, 0xed, 0xcd, 0xd7, 0x2f, 0x77,
    0x3f, 0x37, 0xfd, 0x56, 0xfb, 0xd7, 0xe9, 0xd7, 0x6f, 0xbf, 0x5d, 0x3e, 0x70, 0xfd, 0x3c, 0xc1,
    0x47, 0x1d, 0x60, 0xdd, 0x11, 0x08, 0xe0, 0x7e, 0xfe, 0x0d, 0x78, 0x98, 0x75, 0xde, 0x1d, 0xe8,
    0x93, 0x80, 0xea, 0x41, 0xc7, 0xde, 0x7a, 0x0e, 0xfa, 0x85, 0xdf, 0x67, 0xfc, 0xfd, 0x57, 0xa1,
    0x62, 0x17, 0x2a, 0xd5, 0xe1, 0x82, 0x1b, 0x06, 0xf8, 0xe1, 0x5a, 0x09, 0x52, 0x18, 0xe2, 0x44,
    0x10, 0xde, 0x97, 0x61, 0x7b, 0x27, 0xa2, 0x38, 0xe2, 0x88, 0x2d, 0xae, 0xf4, 0xa2, 0x55, 0x26,
    0x15, 0xf8, 0x40, 0x8d, 0x31, 0x72, 0x48, 0xa3, 0x67, 0x1d, 0x0d, 0x70, 0x40, 0x52, 0x0b, 0x3c,
    0xf4, 0x23, 0x4d, 0x41, 0xe6, 0x98, 0xd2, 0x90, 0x24, 0x15, 0xd9, 0x10, 0x92, 0x1e, 0x15, 0x79,
    0x40, 0x03, 0x0e, 0x44, 0x99, 0xc0, 0x4d, 0x42, 0x42, 0x29, 0x25, 0x95, 0x46, 0xa2, 0xf4, 0x64,
    0x94, 0x0e, 0x4c, 0x09, 0xd1, 0x96, 0x57, 0x6a, 0x14, 0xc0, 0x98, 0x28, 0x8e, 0x89, 0x65, 0x96,
    0x7e, 0x99, 0x59, 0x26, 0x99, 0x02, 0x05, 0x04, 0x00, 0x21, 0xf9, 0x04, 0x04, 0x08, 0x00, 0x00,
    0x00, 0x2c, 0x51, 0x00, 0x44, 0x00, 0x0e, 0x00, 0x07, 0x00, 0x87, 0x00, 0x00, 0x00, 0x0d, 0x03,
    0x03, 0x1a, 0x06, 0x06, 0x26, 0x09, 0x0a, 0x33, 0x0d, 0x0d, 0x40, 0x10, 0x10, 0x4d, 0x13, 0x13,
    0x5a, 0x16, 0x16, 0x66, 0x19, 0x1a, 0x73, 0x1c, 0x1d, 0x80, 0x1f, 0x20, 0x8d, 0x22, 0x23, 0x9a,
    0x26, 0x26, 0xa6, 0x29, 0x2a, 0xb3, 0x2c, 0x2d, 0xc0, 0x2f, 0x30, 0x00, 0x00, 0x00, 0x00, 0x00,
    0x00, 0x00, 0x00, 0x00, 0x00, 0x00, 0x00, 0x00, 0x00, 0x00, 0x00, 0x00, 0x00, 0x00, 0x00, 0x00,
    0x00, 0x00, 0x00, 0x00, 0x00, 0x00, 0x00, 0x00, 0x00, 0x00, 0x00, 0x00, 0x00, 0x00, 0x00, 0x00,
    0x00, 0x00, 0x00, 0x00, 0x00, 0x00, 0x00, 0x00, 0x00, 0x00, 0x00, 0x00, 0x00, 0x00, 0x00, 0x00,
    0x00, 0x00, 0x00, 0x00, 0x00, 0x00, 0x00, 0x00, 0x00, 0x00, 0x00, 0x00, 0x00, 0x00, 0x00, 0x00,
    0x00, 0x00, 0x00, 0x00, 0x00, 0x00, 0x00, 0x00, 0x00, 0x00, 0x00, 0x00, 0x00, 0x00, 0x00, 0x00,
    0x00, 0x00, 0x00, 0x00, 0x00, 0x00, 0x00, 0x00, 0x00, 0x00, 0x00, 0x00, 0x00, 0x00, 0x00, 0x00,
    0x00, 0x00, 0x00, 0x00, 0x00, 0x00, 0x00, 0x00, 0x00, 0x00, 0x00, 0x00, 0x00, 0x00, 0x00, 0x00,
    0x00, 0x00, 0x00, 0x00, 0x00, 0x00, 0x00, 0x00, 0x00, 0x00, 0x00, 0x00, 0x00, 0x00, 0x00, 0x00,
    0x00, 0x00, 0x00, 0x00, 0x00, 0x00, 0x00, 0x00, 0x00, 0x00, 0x00, 0x00, 0x00, 0x00, 0x00, 0x00,
    0x00, 0x00, 0x00, 0x00, 0x00, 0x00, 0x00, 0x00, 0x00, 0x00, 0x00, 0x00, 0x00, 0x00, 0x00, 0x00,
    0x00, 0x00, 0x00, 0x00, 0x00, 0x00, 0x00, 0x00, 0x00, 0x00, 0x00, 0x00, 0x00, 0x00, 0x00, 0x00,
    0x00, 0x00, 0x00, 0x00, 0x00, 0x00, 0x00, 0x00, 0x00, 0x00, 0x00, 0x00, 0x00, 0x00, 0x00, 0x00,
    0x00, 0x00, 0x00, 0x00, 0x00, 0x00, 0x00, 0x00, 0x00, 0x00, 0x00, 0x00, 0x00, 0x00, 0x00, 0x00,
    0x00, 0x00, 0x00, 0x00, 0x00, 0x00, 0x00, 0x00, 0x00, 0x00, 0x00, 0x00, 0x00, 0x00, 0x00, 0x00,
    0x00, 0x00, 0x00, 0x00, 0x00, 0x00, 0x00, 0x00, 0x00, 0x00, 0x00, 0x00, 0x00, 0x00, 0x00, 0x00,
    0x00, 0x00, 0x00, 0x00, 0x00, 0x00, 0x00, 0x00, 0x00, 0x00, 0x00, 0x00, 0x00, 0x00, 0x00, 0x00,
    0x00, 0x00, 0x00, 0x00, 0x00, 0x00, 0x00, 0x00, 0x00, 0x00, 0x00, 0x00, 0x00, 0x00, 0x00, 0x00,
    0x00, 0x00, 0x00, 0x00, 0x00, 0x00, 0x00, 0x00, 0x00, 0x00, 0x00, 0x00, 0x00, 0x00, 0x00, 0x00,
    0x00, 0x00, 0x00, 0x00, 0x00, 0x00, 0x00, 0x00, 0x00, 0x00, 0x00, 0x00, 0x00, 0x00, 0x00, 0x00,
    0x00, 0x00, 0x00, 0x00, 0x00, 0x00, 0x00, 0x00, 0x00, 0x00, 0x00, 0x00, 0x00, 0x00, 0x00, 0x00,
    0x00, 0x00, 0x00, 0x00, 0x00, 0x00, 0x00, 0x00, 0x00, 0x00, 0x00, 0x00, 0x00, 0x00, 0x00, 0x00,
    0x00, 0x00, 0x00, 0x00, 0x00, 0x00, 0x00, 0x00, 0x00, 0x00, 0x00, 0x00, 0x00, 0x00, 0x00, 0x00,
    0x00, 0x00, 0x00, 0x00, 0x00, 0x00, 0x00, 0x00, 0x00, 0x00, 0x00, 0x00, 0x00, 0x00, 0x00, 0x00,
    0x00, 0x00, 0x00, 0x00, 0x00, 0x00, 0x00, 0x00, 0x00, 0x00, 0x00, 0x00, 0x00, 0x00, 0x00, 0x00,
    0x00, 0x00, 0x00, 0x00, 0x00, 0x00, 0x00, 0x00, 0x00, 0x00, 0x00, 0x00, 0x00, 0x00, 0x00, 0x00,
    0x00, 0x00, 0x00, 0x00, 0x00, 0x00, 0x00, 0x00, 0x00, 0x00, 0x00, 0x00, 0x00, 0x00, 0x00, 0x00,
    0x00, 0x00, 0x00, 0x00, 0x00, 0x00, 0x00, 0x00, 0x00, 0x00, 0x00, 0x00, 0x00, 0x00, 0x00, 0x00,
    0x00, 0x00, 0x00, 0x00, 0x00, 0x00, 0x00, 0x00, 0x00, 0x00, 0x00, 0x00, 0x00, 0x00, 0x00, 0x00,
    0x00, 0x00, 0x00, 0x00, 0x00, 0x00, 0x00, 0x00, 0x00, 0x00, 0x00, 0x00, 0x00, 0x00, 0x00, 0x00,
    0x00, 0x00, 0x00, 0x00, 0x00, 0x00, 0x00, 0x00, 0x00, 0x00, 0x00, 0x00, 0x00, 0x00, 0x00, 0x00,
    0x00, 0x00, 0x00, 0x00, 0x00, 0x00, 0x00, 0x00, 0x00, 0x00, 0x00, 0x00, 0x00, 0x00, 0x00, 0x00,
    0x00, 0x00, 0x00, 0x00, 0x00, 0x00, 0x00, 0x00, 0x00, 0x00, 0x00, 0x00, 0x00, 0x00, 0x00, 0x00,
    0x00, 0x00, 0x00, 0x00, 0x00, 0x00, 0x00, 0x00, 0x00, 0x00, 0x00, 0x00, 0x00, 0x00, 0x00, 0x00,
    0x00, 0x00, 0x00, 0x00, 0x00, 0x00, 0x00, 0x00, 0x00, 0x00, 0x00, 0x00, 0x00, 0x00, 0x00, 0x00,
    0x00, 0x00, 0x00, 0x00, 0x00, 0x00, 0x00, 0x00, 0x00, 0x00, 0x00, 0x00, 0x00, 0x00, 0x00, 0x00,
    0x00, 0x00, 0x00, 0x00, 0x00, 0x00, 0x00, 0x00, 0x00, 0x00, 0x00, 0x00, 0x00, 0x00, 0x00, 0x00,
    0x00, 0x00, 0x00, 0x00, 0x00, 0x00, 0x00, 0x00, 0x00, 0x00, 0x00, 0x00, 0x00, 0x00, 0x00, 0x00,
    0x00, 0x00, 0x00, 0x00, 0x00, 0x00, 0x00, 0x00, 0x00, 0x00, 0x00, 0x00, 0x00, 0x00, 0x00, 0x00,
    0x00, 0x00, 0x00, 0x00, 0x00, 0x00, 0x00, 0x00, 0x00, 0x00, 0x00, 0x00, 0x00, 0x00, 0x00, 0x00,
    0x00, 0x00, 0x00, 0x00, 0x00, 0x00, 0x00, 0x00, 0x00, 0x00, 0x00, 0x00, 0x00, 0x00, 0x00, 0x00,
    0x00, 0x00, 0x00, 0x00, 0x00, 0x00, 0x00, 0x00, 0x00, 0x00, 0x00, 0x00, 0x00, 0x00, 0x00, 0x00,
    0x00, 0x00, 0x00, 0x00, 0x00, 0x00, 0x00, 0x00, 0x00, 0x00, 0x00, 0x00, 0x00, 0x00, 0x00, 0x00,
    0x00, 0x00, 0x00, 0x00, 0x00, 0x00, 0x00, 0x00, 0x00, 0x00, 0x00, 0x00, 0x00, 0x00, 0x00, 0x00,
    0x00, 0x00, 0x00, 0x00, 0x00, 0x00, 0x00, 0x00, 0x00, 0x00, 0x00, 0x00, 0x00, 0x00, 0x00, 0x00,
    0x00, 0x00, 0x00, 0x00, 0x00, 0x00, 0x00, 0x00, 0x00, 0x00, 0x00, 0x08, 0x42, 0x00, 0x05, 0x18,
    0x58, 0x70, 0x00, 0x80, 0xc1, 0x83, 0x04, 0x18, 0x1c, 0x10, 0x50, 0xe0, 0xc1, 0x03, 0x07, 0x03,
    0x0e, 0x02, 0x10, 0xc0, 0xc0, 0x61, 0x02, 0x00, 0x15, 0x2d, 0x12, 0x20, 0x70, 0xc0, 0x81, 0x43,
    0x07, 0x02, 0x26, 0x7a, 0x74, 0x48, 0x92, 0x64, 0x81, 0x83, 0x02, 0x16, 0x94, 0x74, 0xc8, 0x20,
    0xa2, 0x44, 0x00, 0x04, 0x10, 0x2c, 0x58, 0x90, 0xc0, 0xc0, 0xcb, 0x9b, 0x38, 0x03, 0x02, 0x00,
    0x21, 0xf9, 0x04, 0x04, 0x08, 0x00, 0x00, 0x00, 0x2c, 0x19, 0x00, 0x13, 0x00, 0x7e, 0x00, 0x24,
    0x00, 0x87, 0x00, 0x00, 0x00, 0x0d, 0x03, 0x03, 0x1a, 0x06, 0x06, 0x26, 0x09, 0x0a, 0x33, 0x0d,
    0x0d, 0x40, 0x10, 0x10, 0x4d, 0x13, 0x13, 0x5a, 0x16, 0x16, 0x66, 0x19, 0x1a, 0x73, 0x1c, 0x1d,
    0x80, 0x1f, 0x20, 0x8d, 0x22, 0x23, 0x9a, 0x26, 0x26, 0xa6, 0x29, 0x2a, 0xb3, 0x2c, 0x2d, 0xc0,
    0x2f, 0x30, 0x00, 0x00, 0x00, 0x00, 0x00, 0x00, 0x00, 0x00, 0x00, 0x00, 0x00, 0x00, 0x00, 0x00,
    0x00, 0x00, 0x00, 0x00, 0x00, 0x00, 0x00, 0x00, 0x00, 0x00, 0x00, 0x00, 0x00, 0x00, 0x00, 0x00,
    0x00, 0x00, 0x00, 0x00, 0x00, 0x00, 0x00, 0x00, 0x00, 0x00, 0x00, 0x00, 0x00, 0x00, 0x00, 0x00,
    0x00, 0x00, 0x00, 0x00, 0x00, 0x00, 0x00, 0x00, 0x00, 0x00, 0x00, 0x00, 0x00, 0x00, 0x00, 0x00,
    0x00, 0x00, 0x00, 0x00, 0x00, 0x00, 0x00, 0x00, 0x00, 0x00, 0x00, 0x00, 0x00, 0x00, 0x00, 0x00,
    0x00, 0x00, 0x00, 0x00, 0x00, 0x00, 0x00, 0x00, 0x00, 0x00, 0x00, 0x00, 0x00, 0x00, 0x00, 0x00,
    0x00, 0x00, 0x00, 0x00, 0x00, 0x00, 0x00, 0x00, 0x00, 0x00, 0x00, 0x00, 0x00, 0x00, 0x00, 0x00,
    0x00, 0x00, 0x00, 0x00, 0x00, 0x00, 0x00, 0x00, 0x00, 0x00, 0x00, 0x00, 0x00, 0x00, 0x00, 0x00,
    0x00, 0x00, 0x00, 0x00, 0x00, 0x00, 0x00, 0x00, 0x00, 0x00, 0x00, 0x00, 0x00, 0x00, 0x00, 0x00,
    0x00, 0x00, 0x00, 0x00, 0x00, 0x00, 0x00, 0x00, 0x00, 0x00, 0x00, 0x00, 0x00, 0x00, 0x00, 0x00,
    0x00, 0x00, 0x00, 0x00, 0x00, 0x00, 0x00, 0x00, 0x00, 0x00, 0x00, 0x00, 0x00, 0x00, 0x00, 0x00,
    0x00, 0x00, 0x00, 0x00, 0x00, 0x00, 0x00, 0x00, 0x00, 0x00, 0x00, 0x00, 0x00, 0x00, 0x00, 0x00,
    0x00, 0x00, 0x00, 0x00, 0x00, 0x00, 0x00, 0x00, 0x00, 0x00, 0x00, 0x00, 0x00, 0x00, 0x00, 0x00,
    0x00, 0x00, 0x00, 0x00, 0x00, 0x00, 0x00, 0x00, 0x00, 0x00, 0x00, 0x00, 0x00, 0x00, 0x00, 0x00,
    0x00, 0x00, 0x00, 0x00, 0x00, 0x00, 0x00, 0x00, 0x00, 0x00, 0x00, 0x00, 0x00, 0x00, 0x00, 0x00,
    0x00, 0x00, 0x00, 0x00, 0x00, 0x00, 0x00, 0x00, 0x00, 0x00, 0x00, 0x00, 0x00, 0x00, 0x00, 0x00,
    0x00, 0x00, 0x00, 0x00, 0x00, 0x00, 0x00, 0x00, 0x00, 0x00, 0x00, 0x00, 0x00, 0x00, 0x00, 0x00,
    0x00, 0x00, 0x00, 0x00, 0x00, 0x00, 0x00, 0x00, 0x00, 0x00, 0x00, 0x00, 0x00, 0x00, 0x00, 0x00,
    0x00, 0x00, 0x00, 0x00, 0x00, 0x00, 0x00, 0x00, 0x00, 0x00, 0x00, 0x00, 0x00, 0x00, 0x00, 0x00,
    0x00, 0x00, 0x00, 0x00, 0x00, 0x00, 0x00, 0x00, 0x00, 0x00, 0x00, 0x00, 0x00, 0x00, 0x00, 0x00,
    0x00, 0x00, 0x00, 0x00, 0x00, 0x00, 0x00, 0x00, 0x00, 0x00, 0x00, 0x00, 0x00, 0x00, 0x00, 0x00,
    0x00, 0x00, 0x00, 0x00, 0x00, 0x00, 0x00, 0x00, 0x00, 0x00, 0x00, 0x00, 0x00, 0x00, 0x00, 0x00,
    0x00, 0x00, 0x00, 0x00, 0x00, 0x00, 0x00, 0x00, 0x00, 0x00, 0x00, 0x00, 0x00, 0x00, 0x00, 0x00,
    0x00, 0x00, 0x00, 0x00, 0x00, 0x00, 0x00, 0x00, 0x00, 0x00, 0x00, 0x00, 0x00, 0x00, 0x00, 0x00,
    0x00, 0x00, 0x00, 0x00, 0x00, 0x00, 0x00, 0x00, 0x00, 0x00, 0x00, 0x00, 0x00, 0x00, 0x00, 0x00,
    0x00, 0x00, 0x00, 0x00, 0x00, 0x00, 0x00, 0x00, 0x00, 0x00, 0x00, 0x00, 0x00, 0x00, 0x00, 0x00,
    0x00, 0x00, 0x00, 0x00, 0x00, 0x00, 0x00, 0x00, 0x00, 0x00, 0x00, 0x00, 0x00, 0x00, 0x00, 0x00,
    0x00, 0x00, 0x00, 0x00, 0x00, 0x00, 0x00, 0x00, 0x00, 0x00, 0x00, 0x00, 0x00, 0x00, 0x00, 0x00,
    0x00, 0x00, 0x00, 0x00, 0x00, 0x00, 0x00, 0x00, 0x00, 0x00, 0x00, 0x00, 0x00, 0x00, 0x00, 0x00,
    0x00, 0x00, 0x00, 0x00, 0x00, 0x00, 0x00, 0x00, 0x00, 0x00, 0x00, 0x00, 0x00, 0x00, 0x00, 0x00,
    0x00, 0x00, 0x00, 0x00, 0x00, 0x00, 0x00, 0x00, 0x00, 0x00, 0x00, 0x00, 0x00, 0x00, 0x00, 0x00,
    0x00, 0x00, 0x00, 0x00, 0x00, 0x00, 0x00, 0x00, 0x00, 0x00, 0x00, 0x00, 0x00, 0x00, 0x00, 0x00,
    0x00, 0x00, 0x00, 0x00, 0x00, 0x00, 0x00, 0x00, 0x00, 0x00, 0x00, 0x00, 0x00, 0x00, 0x00, 0x00,
    0x00, 0x00, 0x00, 0x00, 0x00, 0x00, 0x00, 0x00, 0x00, 0x00, 0x00, 0x00, 0x00, 0x00, 0x00, 0x00,
    0x00, 0x00, 0x00, 0x00, 0x00, 0x00, 0x00, 0x00, 0x00, 0x00, 0x00, 0x00, 0x00, 0x00, 0x00, 0x00,
    0x00, 0x00, 0x00, 0x00, 0x00, 0x00, 0x00, 0x00, 0x00, 0x00, 0x00, 0x00, 0x00, 0x00, 0x00, 0x00,
    0x00, 0x00, 0x00, 0x00, 0x00, 0x00, 0x00, 0x00, 0x00, 0x00, 0x00, 0x00, 0x00, 0x00, 0x00, 0x00,
    0x00, 0x00, 0x00, 0x00, 0x00, 0x00, 0x00, 0x00, 0x00, 0x00, 0x00, 0x00, 0x00, 0x00, 0x00, 0x00,
    0x00, 0x00, 0x00, 0x00, 0x00, 0x00, 0x00, 0x00, 0x00, 0x00, 0x00, 0x00, 0x00, 0x00, 0x00, 0x00,
    0x00, 0x00, 0x00, 0x00, 0x00, 0x00, 0x00, 0x00, 0x00, 0x00, 0x00, 0x00, 0x00, 0x00, 0x00, 0x00,
    0x00, 0x00, 0x00, 0x00, 0x00, 0x00, 0x00, 0x00, 0x00, 0x00, 0x00, 0x00, 0x00, 0x00, 0x00, 0x00,
    0x00, 0x00, 0x00, 0x00, 0x00, 0x00, 0x00, 0x00, 0x00, 0x00, 0x00, 0x00, 0x00, 0x00, 0x00, 0x00,
    0x00, 0x00, 0x00, 0x00, 0x00, 0x00, 0x00, 0x00, 0x00, 0x00, 0x00, 0x00, 0x00, 0x00, 0x00, 0x00,
    0x00, 0x00, 0x00, 0x00, 0x00, 0x00, 0x00, 0x00, 0x00, 0x00, 0x00, 0x00, 0x00, 0x00, 0x00, 0x00,
    0x00, 0x00, 0x00, 0x00, 0x00, 0x00, 0x00, 0x00, 0x00, 0x00, 0x00, 0x00, 0x00, 0x00, 0x00, 0x00,
    0x00, 0x00, 0x08, 0xff, 0x00, 0x01, 0x00, 0x08, 0x70, 0xa0, 0xe0, 0x81, 0x01, 0x02, 0x13, 0x2a,
    0x1c, 0x68, 0xf0, 0xe0, 0xc2, 0x87, 0x10, 0x23, 0x4a, 0x9c, 0x48, 0xb1, 0xe2, 0x44, 0x82, 0x06,
    0x11, 0x4a, 0xc4, 0x58, 0x50, 0x23, 0x80, 0x01, 0x0d, 0x1e, 0x88, 0x14, 0x69, 0x20, 0x22, 0xc8,
    0x91, 0x24, 0x2d, 0xaa, 0x5c, 0xc9, 0xb2, 0xe5, 0xc7, 0x90, 0x28, 0x4b, 0x42, 0x3c, 0x19, 0x53,
    0xe0, 0x02, 0x94, 0x22, 0x1d, 0x04, 0x80, 0x78, 0x13, 0xa7, 0x4e, 0x97, 0x40, 0x83, 0xba, 0xec,
    0x89, 0xf2, 0xe7, 0x43, 0xa2, 0x23, 0x75, 0x06, 0x70, 0x80, 0x53, 0x24, 0x81, 0x87, 0x4b, 0x9b,
    0x3e, 0x78, 0x2a, 0xb4, 0xaa, 0x55, 0x88, 0x51, 0x9b, 0x52, 0x55, 0x98, 0x15, 0x27, 0x81, 0xae,
    0x28, 0xb7, 0x26, 0x04, 0x3b, 0x52, 0xec, 0xd5, 0xb3, 0x42, 0xc9, 0x3a, 0x85, 0xca, 0x54, 0xab,
    0xda, 0xa9, 0x6c, 0xa5, 0x9a, 0x45, 0x4b, 0x97, 0xe5, 0xdb, 0xb9, 0x77, 0xef, 0xc6, 0xd5, 0x5a,
    0xb7, 0x6f, 0x4b, 0xbd, 0x0b, 0xf3, 0xb6, 0xf5, 0xba, 0x97, 0xb0, 0xdf, 0xc3, 0x15, 0x01, 0x73,
    0x1d, 0x1c, 0x56, 0xf1, 0x58, 0xc6, 0x65, 0x11, 0x4b, 0xde, 0x08, 0x79, 0x6d, 0xe0, 0xca, 0x53,
    0x1d, 0x0b, 0xd4, 0x3c, 0xb9, 0x33, 0x67, 0xc1, 0x72, 0x0b, 0x87, 0xed, 0x4c, 0xfa, 0x71, 0xe8,
    0xcb, 0x72, 0x3f, 0x63, 0x9e, 0x5b, 0xfa, 0xb0, 0xea, 0xd4, 0xab, 0x45, 0x47, 0x6e, 0xed, 0x39,
    0x36, 0x6a, 0xb7, 0xb6, 0x17, 0x9f, 0xa6, 0x2d, 0xf9, 0x35, 0xee, 0xdd, 0xa6, 0xf9, 0xf2, 0xee,
    0x9d, 0x3b, 0xb8, 0x57, 0xdf, 0x86, 0x87, 0xbb, 0x2e, 0xbe, 0x79, 0x35, 0xf2, 0xd1, 0xca, 0x97,
    0x03, 0x6f, 0x0e, 0x7b, 0xfa, 0x40, 0xe6, 0xd1, 0xd1, 0x3e, 0x2f, 0xbb, 0xdd, 0x72, 0xf6, 0xba,
    0xdd, 0x33, 0x63, 0x9b, 0xe7, 0xfc, 0xdd, 0x6a, 0xf8, 0xaf, 0xe3, 0xb1, 0x97, 0xaf, 0x7a, 0xfe,
    0xfc, 0x7a, 0xba, 0xed, 0xd3, 0x5b, 0x7f, 0x1f, 0x34, 0xbe, 0x75, 0xf2, 0xf4, 0x5d, 0xda, 0x17,
    0xae, 0x9b, 0x7f, 0xfe, 0xb4, 0xf2, 0xfd, 0xe6, 0x1f, 0x75, 0x03, 0xfe, 0xa7, 0x5f, 0x80, 0xc7,
    0x21, 0x08, 0x9d, 0x81, 0xf5, 0x29, 0xc8, 0x9d, 0x83, 0xde, 0x31, 0x78, 0xe0, 0x7d, 0xce, 0x41,
    0x08, 0x97, 0x84, 0x40, 0xed, 0x97, 0x9c, 0x71, 0x0b, 0x62, 0x68, 0x97, 0x85, 0xe8, 0x51, 0x38,
    0x9f, 0x87, 0x14, 0x69, 0xd8, 0x21, 0x81, 0x1b, 0x92, 0x68, 0x91, 0x7b, 0x30, 0xe1, 0x24, 0x00,
    0x44, 0x2d, 0xa2, 0xf4, 0xa2, 0x8a, 0x2c, 0xc5, 0x38, 0xd2, 0x8c, 0x0b, 0xd9, 0x28, 0xd2, 0x8b,
    0x05, 0x34, 0x85, 0x40, 0x44, 0x3d, 0xe2, 0xf4, 0x23, 0x8d, 0x2c, 0x05, 0x89, 0xd2, 0x90, 0x0f,
    0x19, 0x39, 0x12, 0x92, 0x04, 0x28, 0xb0, 0xc0, 0x93, 0x32, 0x45, 0xd4, 0xe4, 0x93, 0x0b, 0x44,
    0x49, 0xe4, 0x4a, 0x53, 0x42, 0x39, 0x51, 0x96, 0x55, 0x5e, 0xe9, 0xe5, 0x42, 0x01, 0x01, 0x00,
    0x21, 0xf9, 0x04, 0x04, 0x08, 0x00, 0x00, 0x00, 0x2c, 0x51, 0x00, 0x43, 0x00, 0x0e, 0x00, 0x07,
    0x00, 0x87, 0x00, 0x00, 0x00, 0x0d, 0x03, 0x03, 0x1a, 0x06, 0x06, 0x26, 0x09, 0x0a, 0x33, 0x0d,
    0x0d, 0x40, 0x10, 0x10, 0x4d, 0x13, 0x13, 0x5a, 0x16, 0x16, 0x66, 0x19, 0x1a, 0x73, 0x1c, 0x1d,
    0x80, 0x1f, 0x20, 0x8d, 0x22, 0x23, 0x9a, 0x26, 0x26, 0xa6, 0x29, 0x2a, 0xb3, 0x2c, 0x2d, 0xc0,
    0x2f, 0x30, 0x00, 0x00, 0x00, 0x00, 0x00, 0x00, 0x00, 0x00, 0x00, 0x00, 0x00, 0x00, 0x00, 0x00,
    0x00, 0x00, 0x00, 0x00, 0x00, 0x00, 0x00, 0x00, 0x00, 0x00, 0x00, 0x00, 0x00, 0x00, 0x00, 0x00,
    0x00, 0x00, 0x00, 0x00, 0x00, 0x00, 0x00, 0x00, 0x00, 0x00, 0x00, 0x00, 0x00, 0x00, 0x00, 0x00,
    0x00, 0x00, 0x00, 0x00, 0x00, 0x00, 0x00, 0x00, 0x00, 0x00, 0x00, 0x00, 0x00, 0x00, 0x00, 0x00,
    0x00, 0x00, 0x00, 0x00, 0x00, 0x00, 0x00, 0x00, 0x00, 0x00, 0x00, 0x00, 0x00, 0x00, 0x00, 0x00,
    0x00, 0x00, 0x00, 0x00, 0x00, 0x00, 0x00, 0x00, 0x00, 0x00, 0x00, 0x00, 0x00, 0x00, 0x00, 0x00,
    0x00, 0x00, 0x00, 0x00, 0x00, 0x00, 0x00, 0x00, 0x00, 0x00, 0x00, 0x00, 0x00, 0x00, 0x00, 0x00,
    0x00, 0x00, 0x00, 0x00, 0x00, 0x00, 0x00, 0x00, 0x00, 0x00, 0x00, 0x00, 0x00, 0x00, 0x00, 0x00,
    0x00, 0x00, 0x00, 0x00, 0x00, 0x00, 0x00, 0x00, 0x00, 0x00, 0x00, 0x00, 0x00, 0x00, 0x00, 0x00,
    0x00, 0x00, 0x00, 0x00, 0x00, 0x00, 0x00, 0x00, 0x00, 0x00, 0x00, 0x00, 0x00, 0x00, 0x00, 0x00,
    0x00, 0x00, 0x00, 0x00, 0x00, 0x00, 0x00, 0x00, 0x00, 0x00, 0x00, 0x00, 0x00, 0x00, 0x00, 0x00,
    0x00, 0x00, 0x00, 0x00, 0x00, 0x00, 0x00, 0x00, 0x00, 0x00, 0x00, 0x00, 0x00, 0x00, 0x00, 0x00,
    0x00, 0x00, 0x00, 0x00, 0x00, 0x00, 0x00, 0x00, 0x00, 0x00, 0x00, 0x00, 0x00, 0x00, 0x00, 0x00,
    0x00, 0x00, 0x00, 0x00, 0x00, 0x00, 0x00, 0x00, 0x00, 0x00, 0x00, 0x00, 0x00, 0x00, 0x00, 0x00,
    0x00, 0x00, 0x00, 0x00, 0x00, 0x00, 0x00, 0x00, 0x00, 0x00, 0x00, 0x00, 0x00, 0x00, 0x00, 0x00,
    0x00, 0x00, 0x00, 0x00, 0x00, 0x00, 0x00, 0x00, 0x00, 0x00, 0x00, 0x00, 0x00, 0x00, 0x00, 0x00,
    0x00, 0x00, 0x00, 0x00, 0x00, 0x00, 0x00, 0x00, 0x00, 0x00, 0x00, 0x00, 0x00, 0x00, 0x00, 0x00,
    0x00, 0x00, 0x00, 0x00, 0x00, 0x00, 0x00, 0x00, 0x00, 0x00, 0x00, 0x00, 0x00, 0x00, 0x00, 0x00,
    0x00, 0x00, 0x00, 0x00, 0x00, 0x00, 0x00, 0x00, 0x00, 0x00, 0x00, 0x00, 0x00, 0x00, 0x00, 0x00,
    0x00, 0x00, 0x00, 0x00, 0x00, 0x00, 0x00, 0x00, 0x00, 0x00, 0x00, 0x00, 0x00, 0x00, 0x00, 0x00,
    0x00, 0x00, 0x00, 0x00, 0x00, 0x00, 0x00, 0x00, 0x00, 0x00, 0x00, 0x00, 0x00, 0x00, 0x00, 0x00,
    0x00, 0x00, 0x00, 0x00, 0x00, 0x00, 0x00, 0x00, 0x00, 0x00, 0x00, 0x00, 0x00, 0x00, 0x00, 0x00,
    0x00, 0x00, 0x00, 0x00, 0x00, 0x00, 0x00, 0x00, 0x00, 0x00, 0x00, 0x00, 0x00, 0x00, 0x00, 0x00,
    0x00, 0x00, 0x00, 0x00, 0x00, 0x00, 0x00, 0x00, 0x00, 0x00, 0x00, 0x00, 0x00, 0x00, 0x00, 0x00,
    0x00, 0x00, 0x00, 0x00, 0x00, 0x00, 0x00, 0x00, 0x00, 0x00, 0x00, 0x00, 0x00, 0x00, 0x00, 0x00,
    0x00, 0x00, 0x00, 0x00, 0x00, 0x00, 0x00, 0x00, 0x00, 0x00, 0x00, 0x00, 0x00, 0x00, 0x00, 0x00,
    0x00, 0x00, 0x00, 0x00, 0x00, 0x00, 0x00, 0x00, 0x00, 0x00, 0x00, 0x00, 0x00, 0x00, 0x00, 0x00,
    0x00, 0x00, 0x00, 0x00, 0x00, 0x00, 0x00, 0x00, 0x00, 0x00, 0x00, 0x00, 0x00, 0x00, 0x00, 0x00,
    0x00, 0x00, 0x00, 0x00, 0x00, 0x00, 0x00, 0x00, 0x00, 0x00, 0x00, 0x00, 0x00, 0x00, 0x00, 0x00,
    0x00, 0x00, 0x00, 0x00, 0x00, 0x00, 0x00, 0x00, 0x00, 0x00, 0x00, 0x00, 0x00, 0x00, 0x00, 0x00,
    0x00, 0x00, 0x00, 0x00, 0x00, 0x00, 0x00, 0x00, 0x00, 0x00, 0x00, 0x00, 0x00, 0x00, 0x00, 0x00,
    0x00, 0x00, 0x00, 0x00, 0x00, 0x00, 0x00, 0x00, 0x00, 0x00, 0x00, 0x00, 0x00, 0x00, 0x00, 0x00,
    0x00, 0x00, 0x00, 0x00, 0x00, 0x00, 0x00, 0x00, 0x00, 0x00, 0x00, 0x00, 0x00, 0x00, 0x00, 0x00,
    0x00, 0x00, 0x00, 0x00, 0x00, 0x00, 0x00, 0x00, 0x00, 0x00, 0x00, 0x00, 0x00, 0x00, 0x00, 0x00,
    0x00, 0x00, 0x00, 0x00, 0x00, 0x00, 0x00, 0x00, 0x00, 0x00, 0x00, 0x00, 0x00, 0x00, 0x00, 0x00,
    0x00, 0x00, 0x00, 0x00, 0x00, 0x00, 0x00, 0x00, 0x00, 0x00, 0x00, 0x00, 0x00, 0x00, 0x00, 0x00,
    0x00, 0x00, 0x00, 0x00, 0x00, 0x00, 0x00, 0x00, 0x00, 0x00, 0x00, 0x00, 0x00, 0x00, 0x00, 0x00,
    0x00, 0x00, 0x00, 0x00, 0x00, 0x00, 0x00, 0x00, 0x00, 0x00, 0x00, 0x00, 0x00, 0x00, 0x00, 0x00,
    0x00, 0x00, 0x00, 0x00, 0x00, 0x00, 0x00, 0x00, 0x00, 0x00, 0x00, 0x00, 0x00, 0x00, 0x00, 0x00,
    0x00, 0x00, 0x00, 0x00, 0x00, 0x00, 0x00, 0x00, 0x00, 0x00, 0x00, 0x00, 0x00, 0x00, 0x00, 0x00,
    0x00, 0x00, 0x00, 0x00, 0x00, 0x00, 0x00, 0x00, 0x00, 0x00, 0x00, 0x00, 0x00, 0x00, 0x00, 0x00,
    0x00, 0x00, 0x00, 0x00, 0x00, 0x00, 0x00, 0x00, 0x00, 0x00, 0x00, 0x00, 0x00, 0x00, 0x00, 0x00,
    0x00, 0x00, 0x00, 0x00, 0x00, 0x00, 0x00, 0x00, 0x00, 0x00, 0x00, 0x00, 0x00, 0x00, 0x00, 0x00,
    0x00, 0x00, 0x00, 0x00, 0x00, 0x00, 0x00, 0x00, 0x00, 0x00, 0x00, 0x00, 0x00, 0x00, 0x00, 0x00,
    0x00, 0x00, 0x00, 0x00, 0x00, 0x00, 0x00, 0x00, 0x00, 0x00, 0x00, 0x00, 0x00, 0x00, 0x00, 0x00,
    0x00, 0x00, 0x08, 0x44, 0x00, 0x01, 0x00, 0x10, 0x10, 0x40, 0xa0, 0x41, 0x81, 0x05, 0x01, 0x0c,
    0x48, 0xe0, 0x40, 0xc1, 0x41, 0x81, 0x06, 0x1a, 0x12, 0x28, 0xf0, 0xa0, 0xe2, 0x81, 0x83, 0x04,
    0x1c, 0x54, 0x44, 0x00, 0x20, 0x41, 0xc5, 0x07, 0x0c, 0x10, 0x20, 0x58, 0xf0, 0x91, 0x41, 0xc1,
    0x00, 0x24, 0x3f, 0xaa, 0x6c, 0x30, 0xe0, 0xe0, 0x01, 0x8d, 0x2a, 0x13, 0x24, 0x3c, 0x18, 0xa0,
    0xc0, 0x81, 0x03, 0x06, 0x04, 0x1c, 0x0c, 0x08, 0x00, 0x21, 0xf9, 0x04, 0x04, 0x0c, 0x00, 0x00,
    0x00, 0x2c, 0x1a, 0x00, 0x13, 0x00, 0x7d, 0x00, 0x23, 0x00, 0x87, 0x00, 0x00, 0x00, 0x0d, 0x03,
    0x03, 0x1a, 0x06, 0x06, 0x26, 0x09, 0x0a, 0x33, 0x0d, 0x0d, 0x40, 0x10, 0x10, 0x4d, 0x13, 0x13,
    0x5a, 0x16, 0x16, 0x66, 0x19, 0x1a, 0x73, 0x1c, 0x1d, 0x80, 0x1f, 0x20, 0x8d, 0x22, 0x23, 0x9a,
    0x26, 0x26, 0xa6, 0x29, 0x2a, 0xb3, 0x2c, 0x2d, 0xc0, 0x2f, 0x30, 0x00, 0x00, 0x00, 0x00, 0x00,
    0x00, 0x00, 0x00, 0x00, 0x00, 0x00, 0x00, 0x00, 0x00, 0x00, 0x00, 0x00, 0x00, 0x00, 0x00, 0x00,
    0x00, 0x00, 0x00, 0x00, 0x00, 0x00, 0x00, 0x00, 0x00, 0x00, 0x00, 0x00, 0x00, 0x00, 0x00, 0x00,
    0x00, 0x00, 0x00, 0x00, 0x00, 0x00, 0x00, 0x00, 0x00, 0x00, 0x00, 0x00, 0x00, 0x00, 0x00, 0x00,
    0x00, 0x00, 0x00, 0x00, 0x00, 0x00, 0x00, 0x00, 0x00, 0x00, 0x00, 0x00, 0x00, 0x00, 0x00, 0x00,
    0x00, 0x00, 0x00, 0x00, 0x00, 0x00, 0x00, 0x00, 0x00, 0x00, 0x00, 0x00, 0x00, 0x00, 0x00, 0x00,
    0x00, 0x00, 0x00, 0x00, 0x00, 0x00, 0x00, 0x00, 0x00, 0x00, 0x00, 0x00, 0x00, 0x00, 0x00, 0x00,
    0x00, 0x00, 0x00, 0x00, 0x00, 0x00, 0x00, 0x00, 0x00, 0x00, 0x00, 0x00, 0x00, 0x00, 0x00, 0x00,
    0x00, 0x00, 0x00, 0x00, 0x00, 0x00, 0x00, 0x00, 0x00, 0x00, 0x00, 0x00, 0x00, 0x00, 0x00, 0x00,
    0x00, 0x00, 0x00, 0x00, 0x00, 0x00, 0x00, 0x00, 0x00, 0x00, 0x00, 0x00, 0x00, 0x00, 0x00, 0x00,
    0x00, 0x00, 0x00, 0x00, 0x00, 0x00, 0x00, 0x00, 0x00, 0x00, 0x00, 0x00, 0x00, 0x00, 0x00, 0x00,
    0x00, 0x00, 0x00, 0x00, 0x00, 0x00, 0x00, 0x00, 0x00, 0x00, 0x00, 0x00, 0x00, 0x00, 0x00, 0x00,
    0x00, 0x00, 0x00, 0x00, 0x00, 0x00, 0x00, 0x00, 0x00, 0x00, 0x00, 0x00, 0x00, 0x00, 0x00, 0x00,
    0x00, 0x00, 0x00, 0x00, 0x00, 0x00, 0x00, 0x00, 0x00, 0x00, 0x00, 0x00, 0x00, 0x00, 0x00, 0x00,
    0x00, 0x00, 0x00, 0x00, 0x00, 0x00, 0x00, 0x00, 0x00, 0x00, 0x00, 0x00, 0x00, 0x00, 0x00, 0x00,
    0x00, 0x00, 0x00, 0x00, 0x00, 0x00, 0x00, 0x00, 0x00, 0x00, 0x00, 0x00, 0x00, 0x00, 0x00, 0x00,
    0x00, 0x00, 0x00, 0x00, 0x00, 0x00, 0x00, 0x00, 0x00, 0x00, 0x00, 0x00, 0x00, 0x00, 0x00, 0x00,
    0x00, 0x00, 0x00, 0x00, 0x00, 0x00, 0x00, 0x00, 0x00, 0x00, 0x00, 0x00, 0x00, 0x00, 0x00, 0x00,
    0x00, 0x00, 0x00, 0x00, 0x00, 0x00, 0x00, 0x00, 0x00, 0x00, 0x00, 0x00, 0x00, 0x00, 0x00, 0x00,
    0x00, 0x00, 0x00, 0x00, 0x00, 0x00, 0x00, 0x00, 0x00, 0x00, 0x00, 0x00, 0x00, 0x00, 0x00, 0x00,
    0x00, 0x00, 0x00, 0x00, 0x00, 0x00, 0x00, 0x00, 0x00, 0x00, 0x00, 0x00, 0x00, 0x00, 0x00, 0x00,
    0x00, 0x00, 0x00, 0x00, 0x00, 0x00, 0x00, 0x00, 0x00, 0x00, 0x00, 0x00, 0x00, 0x00, 0x00, 0x00,
    0x00, 0x00, 0x00, 0x00, 0x00, 0x00, 0x00, 0x00, 0x00, 0x00, 0x00, 0x00, 0x00, 0x00, 0x00, 0x00,
    0x00, 0x00, 0x00, 0x00, 0x00, 0x00, 0x00, 0x00, 0x00, 0x00, 0x00, 0x00, 0x00, 0x00, 0x00, 0x00,
    0x00, 0x00, 0x00, 0x00, 0x00, 0x00, 0x00, 0x00, 0x00, 0x00, 0x00, 0x00, 0x00, 0x00, 0x00, 0x00,
    0x00, 0x00, 0x00, 0x00, 0x00, 0x00, 0x00, 0x00, 0x00, 0x00, 0x00, 0x00, 0x00, 0x00, 0x00, 0x00,
    0x00, 0x00, 0x00, 0x00, 0x00, 0x00, 0x00, 0x00, 0x00, 0x00, 0x00, 0x00, 0x00, 0x00, 0x00, 0x00,
    0x00, 0x00, 0x00, 0x00, 0x00, 0x00, 0x00, 0x00, 0x00, 0x00, 0x00, 0x00, 0x00, 0x00, 0x00, 0x00,
    0x00, 0x00, 0x00, 0x00, 0x00, 0x00, 0x00, 0x00, 0x00, 0x00, 0x00, 0x00, 0x00, 0x00, 0x00, 0x00,
    0x00, 0x00, 0x00, 0x00, 0x00, 0x00, 0x00, 0x00, 0x00, 0x00, 0x00, 0x00, 0x00, 0x00, 0x00, 0x00,
    0x00, 0x00, 0x00, 0x00, 0x00, 0x00, 0x00, 0x00, 0x00, 0x00, 0x00, 0x00, 0x00, 0x00, 0x00, 0x00,
    0x00, 0x00, 0x00, 0x00, 0x00, 0x00, 0x00, 0x00, 0x00, 0x00, 0x00, 0x00, 0x00, 0x00, 0x00, 0x00,
    0x00, 0x00, 0x00, 0x00, 0x00, 0x00, 0x00, 0x00, 0x00, 0x00, 0x00, 0x00, 0x00, 0x00, 0x00, 0x00,
    0x00, 0x00, 0x00, 0x00, 0x00, 0x00, 0x00, 0x00, 0x00, 0x00, 0x00, 0x00, 0x00, 0x00, 0x00, 0x00,
    0x00, 0x00, 0x00, 0x00, 0x00, 0x00, 0x00, 0x00, 0x00, 0x00, 0x00, 0x00, 0x00, 0x00, 0x00, 0x00,
    0x00, 0x00, 0x00, 0x00, 0x00, 0x00, 0x00, 0x00, 0x00, 0x00, 0x00, 0x00, 0x00, 0x00, 0x00, 0x00,
    0x00, 0x00, 0x00, 0x00, 0x00, 0x00, 0x00, 0x00, 0x00, 0x00, 0x00, 0x00, 0x00, 0x00, 0x00, 0x00,
    0x00, 0x00, 0x00, 0x00, 0x00, 0x00, 0x00, 0x00, 0x00, 0x00, 0x00, 0x00, 0x00, 0x00, 0x00, 0x00,
    0x00, 0x00, 0x00, 0x00, 0x00, 0x00, 0x00, 0x00, 0x00, 0x00, 0x00, 0x00, 0x00, 0x00, 0x00, 0x00,
    0x00, 0x00, 0x00, 0x00, 0x00, 0x00, 0x00, 0x00, 0x00, 0x00, 0x00, 0x00, 0x00, 0x00, 0x00, 0x00,
    0x00, 0x00, 0x00, 0x00, 0x00, 0x00, 0x00, 0x00, 0x00, 0x00, 0x00, 0x00, 0x00, 0x00, 0x00, 0x00,
    0x00, 0x00, 0x00, 0x00, 0x00, 0x00, 0x00, 0x00, 0x00, 0x00, 0x00, 0x00, 0x00, 0x00, 0x00, 0x00,
    0x00, 0x00, 0x00, 0x00, 0x00, 0x00, 0x00, 0x00, 0x00, 0x00, 0x00, 0x00, 0x00, 0x00, 0x00, 0x00,
    0x00, 0x00, 0x00, 0x00, 0x00, 0x00, 0x00, 0x00, 0x00, 0x00, 0x00, 0x00, 0x00, 0x00, 0x00, 0x00,
    0x00, 0x00, 0x00, 0x00, 0x00, 0x00, 0x00, 0x00, 0x00, 0x00, 0x00, 0x00, 0x00, 0x00, 0x00, 0x00,
    0x00, 0x00, 0x00, 0x00, 0x00, 0x00, 0x00, 0x00, 0x00, 0x00, 0x00, 0x08, 0xff, 0x00, 0x01, 0x10,
    0x50, 0xb0, 0xa0, 0xa0, 0x01, 0x00, 0x08, 0x13, 0x2a, 0x1c, 0x58, 0x70, 0xc1, 0x41, 0x85, 0x10,
    0x23, 0x4a, 0x9c, 0x48, 0xb1, 0xa2, 0xc5, 0x8b, 0x10, 0x19, 0x1a, 0xac, 0xa8, 0xd1, 0x21, 0xc2,
    0x02, 0x0f, 0x42, 0x8a, 0x44, 0x30, 0x11, 0xa4, 0xc8, 0x90, 0x24, 0x31, 0xaa, 0x5c, 0xc9, 0xb2,
    0xa5, 0xc9, 0x93, 0x29, 0x23, 0xbe, 0x1c, 0x09, 0xa0, 0xc1, 0x49, 0x91, 0x02, 0x24, 0xda, 0xbc,
    0xf9, 0x20, 0x67, 0xcb, 0x9f, 0x40, 0x83, 0xee, 0xbc, 0xe9, 0x13, 0xe2, 0xd0, 0x93, 0x02, 0x1c,
    0xf0, 0x7c, 0x40, 0x20, 0x62, 0x00, 0xa5, 0x3c, 0x9b, 0x06, 0x9d, 0x4a, 0xb5, 0xe2, 0xd3, 0xa5,
    0x52, 0x15, 0x5e, 0x8d, 0x0a, 0xf5, 0x66, 0xd6, 0x84, 0x5b, 0xbd, 0x56, 0x1d, 0x4b, 0x16, 0x61,
    0xd8, 0x93, 0x5f, 0xcd, 0x76, 0x45, 0xbb, 0x56, 0x64, 0x5a, 0x00, 0x67, 0xdd, 0x96, 0x9d, 0x3b,
    0x35, 0x6e, 0xc8, 0xb7, 0x76, 0x99, 0xb6, 0xbd, 0xeb, 0x74, 0x2f, 0x53, 0xba, 0x80, 0x5b, 0xe6,
    0xc5, 0xeb, 0x97, 0x40, 0xe1, 0xbe, 0x58, 0x03, 0x2b, 0xc6, 0x38, 0x18, 0x31, 0xd7, 0xc4, 0x10,
    0x1b, 0x2f, 0x9e, 0x3c, 0x51, 0xb2, 0xd6, 0xc2, 0x87, 0x23, 0x67, 0xa6, 0xcc, 0x19, 0xec, 0x66,
    0xcf, 0x58, 0x3f, 0xab, 0x85, 0xdc, 0xb9, 0xb3, 0x65, 0xd0, 0x8f, 0xa3, 0x3a, 0x16, 0x5b, 0xda,
    0xb4, 0x68, 0xb8, 0x98, 0x49, 0xa3, 0x66, 0xdd, 0x9a, 0xf2, 0xe9, 0xd1, 0xa9, 0x69, 0xcf, 0x46,
    0x5b, 0x9b, 0xf3, 0x6d, 0xd8, 0xa1, 0x65, 0xe3, 0xd6, 0xdd, 0x3b, 0xf0, 0xef, 0xc1, 0xaf, 0x7f,
    0x17, 0x9f, 0x7b, 0x3c, 0xb6, 0x6a, 0xcd, 0xc2, 0x97, 0x33, 0x4f, 0xee, 0x9c, 0x38, 0xf0, 0xe7,
    0xd2, 0x01, 0x37, 0x0f, 0x8e, 0x7d, 0xb7, 0xdc, 0xec, 0xda, 0xa9, 0x73, 0xa1, 0xb7, 0xae, 0x1c,
    0x3c, 0xd5, 0xed, 0xb9, 0x79, 0x43, 0xef, 0x6e, 0x7e, 0x2c, 0x7a, 0xaf, 0xe2, 0xd9, 0xb7, 0x3f,
    0x1f, 0x1f, 0x7e, 0xf4, 0xf2, 0xf3, 0x7f, 0xbe, 0x67, 0x7b, 0xff, 0x75, 0x7e, 0xa0, 0xfb, 0xb9,
    0x55, 0x9f, 0x7a, 0xff, 0xd1, 0xd7, 0xdf, 0x78, 0x04, 0x7a, 0xc7, 0x57, 0x81, 0x06, 0xca, 0x87,
    0xdc, 0x81, 0xf2, 0x31, 0xc8, 0x52, 0x80, 0x77, 0x0d, 0xf8, 0x9d, 0x84, 0x00, 0x5a, 0x58, 0x21,
    0x84, 0xd6, 0x61, 0xa8, 0x12, 0x85, 0x7a, 0x71, 0x98, 0xa0, 0x87, 0x2b, 0x81, 0x68, 0x98, 0x88,
    0x17, 0x92, 0x58, 0xa2, 0x86, 0x21, 0x3a, 0xe8, 0x9f, 0x8a, 0x56, 0xb1, 0x48, 0xc0, 0x02, 0x3c,
    0x39, 0x10, 0x80, 0x44, 0x34, 0xde, 0x64, 0x23, 0x8c, 0x2d, 0xe5, 0x78, 0xd2, 0x8e, 0x11, 0xf9,
    0x28, 0x92, 0x8d, 0x03, 0x1c, 0xf5, 0xc0, 0x43, 0x11, 0x15, 0x79, 0x13, 0x92, 0x3c, 0xaa, 0xa4,
    0xe4, 0x49, 0x4c, 0x2a, 0xf4, 0xa4, 0x48, 0x0f, 0x05, 0x70, 0xc0, 0x95, 0x07, 0x0c, 0x60, 0x15,
    0x96, 0x59, 0x36, 0xa9, 0x1f, 0x97, 0x5a, 0x52, 0x64, 0x25, 0x96, 0x61, 0x06, 0x04, 0x00, 0x21,
    0xf9, 0x04, 0x04, 0x0c, 0x00, 0x00, 0x00, 0x2c, 0x51, 0x00, 0x43, 0x00, 0x0e, 0x00, 0x07, 0x00,
    0x87, 0x00, 0x00, 0x00, 0x0d, 0x03, 0x03, 0x1a, 0x06, 0x06, 0x26, 0x09, 0x0a, 0x33, 0x0d, 0x0d,
    0x40, 0x10, 0x10, 0x4d, 0x13, 0x13, 0x5a, 0x16, 0x16, 0x66, 0x19, 0x1a, 0x73, 0x1c, 0x1d, 0x80,
    0x1f, 0x20, 0x8d, 0x22, 0x23, 0x9a, 0x26, 0x26, 0xa6, 0x29, 0x2a, 0xb3, 0x2c, 0x2d, 0xc0, 0x2f,
    0x30, 0x00, 0x00, 0x00, 0x00, 0x00, 0x00, 0x00, 0x00, 0x00, 0x00, 0x00, 0x00, 0x00, 0x00, 0x00,
    0x00, 0x00, 0x00, 0x00, 0x00, 0x00, 0x00, 0x00, 0x00, 0x00, 0x00, 0x00, 0x00, 0x00, 0x00, 0x00,
    0x00, 0x00, 0x00, 0x00, 0x00, 0x00, 0x00, 0x00, 0x00, 0x00, 0x00, 0x00, 0x00, 0x00, 0x00, 0x00,
    0x00, 0x00, 0x00, 0x00, 0x00, 0x00, 0x00, 0x00, 0x00, 0x00, 0x00, 0x00, 0x00, 0x00, 0x00, 0x00,
    0x00, 0x00, 0x00, 0x00, 0x00, 0x00, 0x00, 0x00, 0x00, 0x00, 0x00, 0x00, 0x00, 0x00, 0x00, 0x00,
    0x00, 0x00, 0x00, 0x00, 0x00, 0x00, 0x00, 0x00, 0x00, 0x00, 0x00, 0x00, 0x00, 0x00, 0x00, 0x00,
    0x00, 0x00, 0x00, 0x00, 0x00, 0x00, 0x00, 0x00, 0x00, 0x00, 0x00, 0x00, 0x00, 0x00, 0x00, 0x00,
    0x00, 0x00, 0x00, 0x00, 0x00, 0x00, 0x00, 0x00, 0x00, 0x00, 0x00, 0x00, 0x00, 0x00, 0x00, 0x00,
    0x00, 0x00, 0x00, 0x00, 0x00, 0x00, 0x00, 0x00, 0x00, 0x00, 0x00, 0x00, 0x00, 0x00, 0x00, 0x00,
    0x00, 0x00, 0x00, 0x00, 0x00, 0x00, 0x00, 0x00, 0x00, 0x00, 0x00, 0x00, 0x00, 0x00, 0x00, 0x00,
    0x00, 0x00, 0x00, 0x00, 0x00, 0x00, 0x00, 0x00, 0x00, 0x00, 0x00, 0x00, 0x00, 0x00, 0x00, 0x00,
    0x00, 0x00, 0x00, 0x00, 0x00, 0x00, 0x00, 0x00, 0x00, 0x00, 0x00, 0x00, 0x00, 0x00, 0x00, 0x00,
    0x00, 0x00, 0x00, 0x00, 0x00, 0x00, 0x00, 0x00, 0x00, 0x00, 0x00, 0x00, 0x00, 0x00, 0x00, 0x00,
    0x00, 0x00, 0x00, 0x00, 0x00, 0x00, 0x00, 0x00, 0x00, 0x00, 0x00, 0x00, 0x00, 0x00, 0x00, 0x00,
    0x00, 0x00, 0x00, 0x00, 0x00, 0x00, 0x00, 0x00, 0x00, 0x00, 0x00, 0x00, 0x00, 0x00, 0x00, 0x00,
    0x00, 0x00, 0x00, 0x00, 0x00, 0x00, 0x00, 0x00, 0x00, 0x00, 0x00, 0x00, 0x00, 0x00, 0x00, 0x00,
    0x00, 0x00, 0x00, 0x00, 0x00, 0x00, 0x00, 0x00, 0x00, 0x00, 0x00, 0x00, 0x00, 0x00, 0x00, 0x00,
    0x00, 0x00, 0x00, 0x00, 0x00, 0x00, 0x00, 0x00, 0x00, 0x00, 0x00, 0x00, 0x00, 0x00, 0x00, 0x00,
    0x00, 0x00, 0x00, 0x00, 0x00, 0x00, 0x00, 0x00, 0x00, 0x00, 0x00, 0x00, 0x00, 0x00, 0x00, 0x00,
    0x00, 0x00, 0x00, 0x00, 0x00, 0x00, 0x00, 0x00, 0x00, 0x00, 0x00, 0x00, 0x00, 0x00, 0x00, 0x00,
    0x00, 0x00, 0x00, 0x00, 0x00, 0x00, 0x00, 0x00, 0x00, 0x00, 0x00, 0x00, 0x00, 0x00, 0x00, 0x00,
    0x00, 0x00, 0x00, 0x00, 0x00, 0x00, 0x00, 0x00, 0x00, 0x00, 0x00, 0x00, 0x00, 0x00, 0x00, 0x00,
    0x00, 0x00, 0x00, 0x00, 0x00, 0x00, 0x00, 0x00, 0x00, 0x00, 0x00, 0x00, 0x00, 0x00, 0x00, 0x00,
    0x00, 0x00, 0x00, 0x00, 0x00, 0x00, 0x00, 0x00, 0x00, 0x00, 0x00, 0x00, 0x00, 0x00, 0x00, 0x00,
    0x00, 0x00, 0x00, 0x00, 0x00, 0x00, 0x00, 0x00, 0x00, 0x00, 0x00, 0x00, 0x00, 0x00, 0x00, 0x00,
    0x00, 0x00, 0x00, 0x00, 0x00, 0x00, 0x00, 0x00, 0x00, 0x00, 0x00, 0x00, 0x00, 0x00, 0x00, 0x00,
    0x00, 0x00, 0x00, 0x00, 0x00, 0x00, 0x00, 0x00, 0x00, 0x00, 0x00, 0x00, 0x00, 0x00, 0x00, 0x00,
    0x00, 0x00, 0x00, 0x00, 0x00, 0x00, 0x00, 0x00, 0x00, 0x00, 0x00, 0x00, 0x00, 0x00, 0x00, 0x00,
    0x00, 0x00, 0x00, 0x00, 0x00, 0x00, 0x00, 0x00, 0x00, 0x00, 0x00, 0x00, 0x00, 0x00, 0x00, 0x00,
    0x00, 0x00, 0x00, 0x00, 0x00, 0x00, 0x00, 0x00, 0x00, 0x00, 0x00, 0x00, 0x00, 0x00, 0x00, 0x00,
    0x00, 0x00, 0x00, 0x00, 0x00, 0x00, 0x00, 0x00, 0x00, 0x00, 0x00, 0x00, 0x00, 0x00, 0x00, 0x00,
    0x00, 0x00, 0x00, 0x00, 0x00, 0x00, 0x00, 0x00, 0x00, 0x00, 0x00, 0x00, 0x00, 0x00, 0x00, 0x00,
    0x00, 0x00, 0x00, 0x00, 0x00, 0x00, 0x00, 0x00, 0x00, 0x00, 0x00, 0x00, 0x00, 0x00, 0x00, 0x00,
    0x00, 0x00, 0x00, 0x00, 0x00, 0x00, 0x00, 0x00, 0x00, 0x00, 0x00, 0x00, 0x00, 0x00, 0x00, 0x00,
    0x00, 0x00, 0x00, 0x00, 0x00, 0x00, 0x00, 0x00, 0x00, 0x00, 0x00, 0x00, 0x00, 0x00, 0x00, 0x00,
    0x00, 0x00, 0x00, 0x00, 0x00, 0x00, 0x00, 0x00, 0x00, 0x00, 0x00, 0x00, 0x00, 0x00, 0x00, 0x00,
    0x00, 0x00, 0x00, 0x00, 0x00, 0x00, 0x00, 0x00, 0x00, 0x00, 0x00, 0x00, 0x00, 0x00, 0x00, 0x00,
    0x00, 0x00, 0x00, 0x00, 0x00, 0x00, 0x00, 0x00, 0x00, 0x00, 0x00, 0x00, 0x00, 0x00, 0x00, 0x00,
    0x00, 0x00, 0x00, 0x00, 0x00, 0x00, 0x00, 0x00, 0x00, 0x00, 0x00, 0x00, 0x00, 0x00, 0x00, 0x00,
    0x00, 0x00, 0x00, 0x00, 0x00, 0x00, 0x00, 0x00, 0x00, 0x00, 0x00, 0x00, 0x00, 0x00, 0x00, 0x00,
    0x00, 0x00, 0x00, 0x00, 0x00, 0x00, 0x00, 0x00, 0x00, 0x00, 0x00, 0x00, 0x00, 0x00, 0x00, 0x00,
    0x00, 0x00, 0x00, 0x00, 0x00, 0x00, 0x00, 0x00, 0x00, 0x00, 0x00, 0x00, 0x00, 0x00, 0x00, 0x00,
    0x00, 0x00, 0x00, 0x00, 0x00, 0x00, 0x00, 0x00, 0x00, 0x00, 0x00, 0x00, 0x00, 0x00, 0x00, 0x00,
    0x00, 0x00, 0x00, 0x00, 0x00, 0x00, 0x00, 0x00, 0x00, 0x00, 0x00, 0x00, 0x00, 0x00, 0x00, 0x00,
    0x00, 0x00, 0x00, 0x00, 0x00, 0x00, 0x00, 0x00, 0x00, 0x00, 0x00, 0x00, 0x00, 0x00, 0x00, 0x00,
    0x00, 0x08, 0x45, 0x00, 0x01, 0x00, 0x20, 0x30, 0x40, 0xa0, 0x41, 0x00, 0x01, 0x08, 0x04, 0x00,
    0x50, 0xa0, 0xc1, 0x03, 0x06, 0x07, 0x05, 0x22, 0x78, 0xd0, 0xe0, 0xc0, 0x80, 0x07, 0x18, 0x15,
    0x14, 0x44, 0x38, 0xd1, 0xc1, 0x83, 0x03, 0x00, 0x0c, 0x60, 0xc4, 0xb8, 0x60, 0x81, 0xc7, 0x8c,
    0x06, 0x0f, 0x8c, 0x5c, 0xf9, 0x40, 0xc1, 0x42, 0x83, 0x04, 0x4c, 0x8e, 0x64, 0x60, 0x20, 0xa2,
    0x41, 0x01, 0x04, 0x08, 0x08, 0x88, 0x18, 0x10, 0x00, 0x21, 0xf9, 0x04, 0x04, 0x10, 0x00, 0x00,
    0x00, 0x2c, 0x19, 0x00, 0x12, 0x00, 0x7e, 0x00, 0x24, 0x00, 0x87, 0x00, 0x00, 0x00, 0x0d, 0x03,
    0x03, 0x1a, 0x06, 0x06, 0x26, 0x09, 0x0a, 0x33, 0x0d, 0x0d, 0x40, 0x10, 0x10, 0x4d, 0x13, 0x13,
    0x5a, 0x16, 0x16, 0x66, 0x19, 0x1a, 0x73, 0x1c, 0x1d, 0x80, 0x1f, 0x20, 0x8d, 0x22, 0x23, 0x9a,
    0x26, 0x26, 0xa6, 0x29, 0x2a, 0xb3, 0x2c, 0x2d, 0xc0, 0x2f, 0x30, 0x00, 0x00, 0x00, 0x00, 0x00,
    0x00, 0x00, 0x00, 0x00, 0x00, 0x00, 0x00, 0x00, 0x00, 0x00, 0x00, 0x00, 0x00, 0x00, 0x00, 0x00,
    0x00, 0x00, 0x00, 0x00, 0x00, 0x00, 0x00, 0x00, 0x00, 0x00, 0x00, 0x00, 0x00, 0x00, 0x00, 0x00,
    0x00, 0x00, 0x00, 0x00, 0x00, 0x00, 0x00, 0x00, 0x00, 0x00, 0x00, 0x00, 0x00, 0x00, 0x00, 0x00,
    0x00, 0x00, 0x00, 0x00, 0x00, 0x00, 0x00, 0x00, 0x00, 0x00, 0x00, 0x00, 0x00, 0x00, 0x00, 0x00,
    0x00, 0x00, 0x00, 0x00, 0x00, 0x00, 0x00, 0x00, 0x00, 0x00, 0x00, 0x00, 0x00, 0x00, 0x00, 0x00,
    0x00, 0x00, 0x00, 0x00, 0x00, 0x00, 0x00, 0x00, 0x00, 0x00, 0x00, 0x00, 0x00, 0x00, 0x00, 0x00,
    0x00, 0x00, 0x00, 0x00, 0x00, 0x00, 0x00, 0x00, 0x00, 0x00, 0x00, 0x00, 0x00, 0x00, 0x00, 0x00,
    0x00, 0x00, 0x00, 0x00, 0x00, 0x00, 0x00, 0x00, 0x00, 0x00, 0x00, 0x00, 0x00, 0x00, 0x00, 0x00,
    0x00, 0x00, 0x00, 0x00, 0x00, 0x00, 0x00, 0x00, 0x00, 0x00, 0x00, 0x00, 0x00, 0x00, 0x00, 0x00,
    0x00, 0x00, 0x00, 0x00, 0x00, 0x00, 0x00, 0x00, 0x00, 0x00, 0x00, 0x00, 0x00, 0x00, 0x00, 0x00,
    0x00, 0x00, 0x00, 0x00, 0x00, 0x00, 0x00, 0x00, 0x00, 0x00, 0x00, 0x00, 0x00, 0x00, 0x00, 0x00,
    0x00, 0x00, 0x00, 0x00, 0x00, 0x00, 0x00, 0x00, 0x00, 0x00, 0x00, 0x00, 0x00, 0x00, 0x00, 0x00,
    0x00, 0x00, 0x00, 0x00, 0x00, 0x00, 0x00, 0x00, 0x00, 0x00, 0x00, 0x00, 0x00, 0x00, 0x00, 0x00,
    0x00, 0x00, 0x00, 0x00, 0x00, 0x00, 0x00, 0x00, 0x00, 0x00, 0x00, 0x00, 0x00, 0x00, 0x00, 0x00,
    0x00, 0x00, 0x00, 0x00, 0x00, 0x00, 0x00, 0x00, 0x00, 0x00, 0x00, 0x00, 0x00, 0x00, 0x00, 0x00,
    0x00, 0x00, 0x00, 0x00, 0x00, 0x00, 0x00, 0x00, 0x00, 0x00, 0x00, 0x00, 0x00, 0x00, 0x00, 0x00,
    0x00, 0x00, 0x00, 0x00, 0x00, 0x00, 0x00, 0x00, 0x00, 0x00, 0x00, 0x00, 0x00, 0x00, 0x00, 0x00,
    0x00, 0x00, 0x00, 0x00, 0x00, 0x00, 0x00, 0x00, 0x00, 0x00, 0x00, 0x00, 0x00, 0x00, 0x00, 0x00,
    0x00, 0x00, 0x00, 0x00, 0x00, 0x00, 0x00, 0x00, 0x00, 0x00, 0x00, 0x00, 0x00, 0x00, 0x00, 0x00,
    0x00, 0x00, 0x00, 0x00, 0x00, 0x00, 0x00, 0x00, 0x00, 0x00, 0x00, 0x00, 0x00, 0x00, 0x00, 0x00,
    0x00, 0x00, 0x00, 0x00, 0x00, 0x00, 0x00, 0x00, 0x00, 0x00, 0x00, 0x00, 0x00, 0x00, 0x00, 0x00,
    0x00, 0x00, 0x00, 0x00, 0x00, 0x00, 0x00, 0x00, 0x00, 0x00, 0x00, 0x00, 0x00, 0x00, 0x00, 0x00,
    0x00, 0x00, 0x00, 0x00, 0x00, 0x00, 0x00, 0x00, 0x00, 0x00, 0x00, 0x00, 0x00, 0x00, 0x00, 0x00,
    0x00, 0x00, 0x00, 0x00, 0x00, 0x00, 0x00, 0x00, 0x00, 0x00, 0x00, 0x00, 0x00, 0x00, 0x00, 0x00,
    0x00, 0x00, 0x00, 0x00, 0x00, 0x00, 0x00, 0x00, 0x00, 0x00, 0x00, 0x00, 0x00, 0x00, 0x00, 0x00,
    0x00, 0x00, 0x00, 0x00, 0x00, 0x00, 0x00, 0x00, 0x00, 0x00, 0x00, 0x00, 0x00, 0x00, 0x00, 0x00,
    0x00, 0x00, 0x00, 0x00, 0x00, 0x00, 0x00, 0x00, 0x00, 0x00, 0x00, 0x00, 0x00, 0x00, 0x00, 0x00,
    0x00, 0x00, 0x00, 0x00, 0x00, 0x00, 0x00, 0x00, 0x00, 0x00, 0x00, 0x00, 0x00, 0x00, 0x00, 0x00,
    0x00, 0x00, 0x00, 0x00, 0x00, 0x00, 0x00, 0x00, 0x00, 0x00, 0x00, 0x00, 0x00, 0x00, 0x00, 0x00,
    0x00, 0x00, 0x00, 0x00, 0x00, 0x00, 0x00, 0x00, 0x00, 0x00, 0x00, 0x00, 0x00, 0x00, 0x00, 0x00,
    0x00, 0x00, 0x00, 0x00, 0x00, 0x00, 0x00, 0x00, 0x00, 0x00, 0x00, 0x00, 0x00, 0x00, 0x00, 0x00,
    0x00, 0x00, 0x00, 0x00, 0x00, 0x00, 0x00, 0x00, 0x00, 0x00, 0x00, 0x00, 0x00, 0x00, 0x00, 0x00,
    0x00, 0x00, 0x00, 0x00, 0x00, 0x00, 0x00, 0x00, 0x00, 0x00, 0x00, 0x00, 0x00, 0x00, 0x00, 0x00,
    0x00, 0x00, 0x00, 0x00, 0x00, 0x00, 0x00, 0x00, 0x00, 0x00, 0x00, 0x00, 0x00, 0x00, 0x00, 0x00,
    0x00, 0x00, 0x00, 0x00, 0x00, 0x00, 0x00, 0x00, 0x00, 0x00, 0x00, 0x00, 0x00, 0x00, 0x00, 0x00,
    0x00, 0x00, 0x00, 0x00, 0x00, 0x00, 0x00, 0x00, 0x00, 0x00, 0x00, 0x00, 0x00, 0x00, 0x00, 0x00,
    0x00, 0x00, 0x00, 0x00, 0x00, 0x00, 0x00, 0x00, 0x00, 0x00, 0x00, 0x00, 0x00, 0x00, 0x00, 0x00,
    0x00, 0x00, 0x00, 0x00, 0x00, 0x00, 0x00, 0x00, 0x00, 0x00, 0x00, 0x00, 0x00, 0x00, 0x00, 0x00,
    0x00, 0x00, 0x00, 0x00, 0x00, 0x00, 0x00, 0x00, 0x00, 0x00, 0x00, 0x00, 0x00, 0x00, 0x00, 0x00,
    0x00, 0x00, 0x00, 0x00, 0x00, 0x00, 0x00, 0x00, 0x00, 0x00, 0x00, 0x00, 0x00, 0x00, 0x00, 0x00,
    0x00, 0x00, 0x00, 0x00, 0x00, 0x00, 0x00, 0x00, 0x00, 0x00, 0x00, 0x00, 0x00, 0x00, 0x00, 0x00,
    0x00, 0x00, 0x00, 0x00, 0x00, 0x00, 0x00, 0x00, 0x00, 0x00, 0x00, 0x00, 0x00, 0x00, 0x00, 0x00,
    0x00, 0x00, 0x00, 0x00, 0x00, 0x00, 0x00, 0x00, 0x00, 0x00, 0x00, 0x00, 0x00, 0x00, 0x00, 0x00,
    0x00, 0x00, 0x00, 0x00, 0x00, 0x00, 0x00, 0x00, 0x00, 0x00, 0x00, 0x00, 0x00, 0x00, 0x00, 0x00,
    0x00, 0x00, 0x00, 0x00, 0x00, 0x00, 0x00, 0x00, 0x00, 0x00, 0x00, 0x08, 0xff, 0x00, 0x01, 0x08,
    0x0c, 0x40, 0x30, 0x80, 0xc0, 0x83, 0x08, 0x0f, 0x16, 0x34, 0x98, 0xb0, 0xa1, 0xc3, 0x87, 0x10,
    0x23, 0x4a, 0x9c, 0x28, 0x71, 0xe1, 0x44, 0x8b, 0x08, 0x0f, 0x34, 0x70, 0xc0, 0x31, 0x01, 0x43,
    0x87, 0x1a, 0x39, 0x3a, 0xf0, 0x48, 0xb1, 0xa4, 0xc9, 0x93, 0x28, 0x05, 0x86, 0xec, 0xf8, 0xb1,
    0xe1, 0xca, 0x91, 0x0c, 0x0f, 0x3c, 0x98, 0x49, 0x73, 0xc1, 0x43, 0x99, 0x34, 0x67, 0xda, 0x4c,
    0xc9, 0xb3, 0x67, 0x4a, 0x9c, 0x39, 0x77, 0xba, 0xcc, 0xa9, 0x13, 0x40, 0x00, 0x07, 0x44, 0x67,
    0x0e, 0x68, 0x78, 0x34, 0xe9, 0x83, 0xa5, 0x3e, 0xa3, 0x4a, 0x75, 0xd8, 0x34, 0x29, 0x54, 0x84,
    0x55, 0x89, 0x0e, 0xc8, 0x9a, 0x93, 0x00, 0x53, 0xa4, 0x49, 0xbd, 0x4e, 0x1d, 0x3b, 0x95, 0x2b,
    0x4d, 0xb1, 0x58, 0xc1, 0x12, 0x25, 0x60, 0x76, 0x26, 0x5a, 0x85, 0x6a, 0xbb, 0x92, 0x9d, 0xeb,
    0xb3, 0xed, 0x83, 0xb7, 0x03, 0xe3, 0x9e, 0xb5, 0x8b, 0xd7, 0xa8, 0x5e, 0xb7, 0x74, 0x03, 0xa3,
    0xe4, 0xfb, 0xd5, 0x29, 0xdb, 0xbf, 0x77, 0x0b, 0x87, 0x15, 0xcc, 0x98, 0x22, 0xe1, 0x84, 0x7c,
    0x1f, 0xa7, 0x35, 0xdc, 0xb8, 0x32, 0x44, 0xc9, 0x70, 0x0d, 0x63, 0xce, 0x4b, 0xd9, 0xb2, 0xe7,
    0xc9, 0x8b, 0x21, 0x23, 0x3e, 0xdc, 0x19, 0xf4, 0xda, 0xcf, 0xa8, 0xfd, 0x96, 0xce, 0x1c, 0x76,
    0xb3, 0xea, 0xd0, 0xa9, 0x2d, 0xbb, 0x8e, 0x3c, 0x5a, 0xf1, 0xe9, 0xd8, 0xb2, 0x6b, 0x8b, 0xd6,
    0xac, 0xdb, 0xb4, 0x5c, 0xdc, 0x95, 0x67, 0x8f, 0x16, 0xbe, 0x1a, 0x78, 0x60, 0xe2, 0xad, 0x7b,
    0xb3, 0xbe, 0x6d, 0x5c, 0x30, 0xf2, 0xb5, 0xcf, 0x7f, 0x37, 0x3f, 0xae, 0x9c, 0x73, 0xf2, 0xe2,
    0xaf, 0x99, 0x4f, 0x9f, 0x1b, 0x7d, 0x6f, 0xf5, 0xec, 0xd2, 0xb7, 0x93, 0xa1, 0xed, 0xee, 0x96,
    0x7c, 0x62, 0xf1, 0xdc, 0xbf, 0xd3, 0xc6, 0xee, 0x1a, 0x7d, 0x5d, 0xf5, 0xc3, 0xe1, 0x63, 0x77,
    0xdf, 0xd3, 0x3c, 0x69, 0xd8, 0xcb, 0xc3, 0xd3, 0x7f, 0xcf, 0x3e, 0x7e, 0xff, 0xf9, 0xfb, 0x0d,
    0x26, 0xdf, 0x75, 0xf8, 0x59, 0xa7, 0x5d, 0x80, 0x3c, 0xd9, 0x67, 0x1f, 0x82, 0x51, 0x29, 0x38,
    0xe0, 0x81, 0x0c, 0x9e, 0xe4, 0xe0, 0x7f, 0x05, 0x46, 0x68, 0xd2, 0x84, 0x15, 0xb6, 0x67, 0xe1,
    0x45, 0x0f, 0x76, 0xb5, 0xe0, 0x86, 0x02, 0x52, 0x08, 0x5d, 0x87, 0x67, 0x81, 0x18, 0x62, 0x86,
    0xfe, 0xa1, 0x08, 0xa0, 0x89, 0x0f, 0x61, 0x08, 0xa1, 0x86, 0x2c, 0x52, 0x45, 0x22, 0x60, 0x09,
    0x24, 0xd5, 0x40, 0x4b, 0x07, 0xd5, 0x48, 0xd4, 0x8d, 0x31, 0x9a, 0xa4, 0x63, 0x4e, 0x3c, 0x36,
    0xf4, 0x23, 0x4d, 0x3c, 0x06, 0xb0, 0x40, 0x4e, 0x0c, 0x5c, 0x05, 0xd9, 0x91, 0x34, 0x25, 0xd9,
    0xe3, 0x85, 0x4c, 0xce, 0xe4, 0x24, 0x55, 0x51, 0x3e, 0x30, 0xa5, 0x40, 0x03, 0x10, 0xa0, 0xe5,
    0x44, 0x59, 0x6e, 0xf9, 0x24, 0x4a, 0x5d, 0xf6, 0xd5, 0x50, 0x98, 0x07, 0x05, 0x04, 0x00, 0x21,
    0xf9, 0x04, 0x04, 0x04, 0x00, 0x00, 0x00, 0x2c, 0x19, 0x00, 0x12, 0x00, 0x7e, 0x00, 0x24, 0x00,
    0x87, 0x00, 0x00, 0x00, 0x0d, 0x03, 0x03, 0x1a, 0x06, 0x06, 0x26, 0x09, 0x0a, 0x33, 0x0d, 0x0d,
    0x40, 0x10, 0x10, 0x4d, 0x13, 0x13, 0x5a, 0x16, 0x16, 0x66, 0x19, 0x1a, 0x73, 0x1c, 0x1d, 0x80,
    0x1f, 0x20, 0x8d, 0x22, 0x23, 0x9a, 0x26, 0x26, 0xa6, 0x29, 0x2a, 0xb3, 0x2c, 0x2d, 0xc0, 0x2f,
    0x30, 0x00, 0x00, 0x00, 0x00, 0x00, 0x00, 0x00, 0x00, 0x00, 0x00, 0x00, 0x00, 0x00, 0x00, 0x00,
    0x00, 0x00, 0x00, 0x00, 0x00, 0x00, 0x00, 0x00, 0x00, 0x00, 0x00, 0x00, 0x00, 0x00, 0x00, 0x00,
    0x00, 0x00, 0x00, 0x00, 0x00, 0x00, 0x00, 0x00, 0x00, 0x00, 0x00, 0x00, 0x00, 0x00, 0x00, 0x00,
    0x00, 0x00, 0x00, 0x00, 0x00, 0x00, 0x00, 0x00, 0x00, 0x00, 0x00, 0x00, 0x00, 0x00, 0x00, 0x00,
    0x00, 0x00, 0x00, 0x00, 0x00, 0x00, 0x00, 0x00, 0x00, 0x00, 0x00, 0x00, 0x00, 0x00, 0x00, 0x00,
    0x00, 0x00, 0x00, 0x00, 0x00, 0x00, 0x00, 0x00, 0x00, 0x00, 0x00, 0x00, 0x00, 0x00, 0x00, 0x00,
    0x00, 0x00, 0x00, 0x00, 0x00, 0x00, 0x00, 0x00, 0x00, 0x00, 0x00, 0x00, 0x00, 0x00, 0x00, 0x00,
    0x00, 0x00, 0x00, 0x00, 0x00, 0x00, 0x00, 0x00, 0x00, 0x00, 0x00, 0x00, 0x00, 0x00, 0x00, 0x00,
    0x00, 0x00, 0x00, 0x00, 0x00, 0x00, 0x00, 0x00, 0x00, 0x00, 0x00, 0x00, 0x00, 0x00, 0x00, 0x00,
    0x00, 0x00, 0x00, 0x00, 0x00, 0x00, 0x00, 0x00, 0x00, 0x00, 0x00, 0x00, 0x00, 0x00, 0x00, 0x00,
    0x00, 0x00, 0x00, 0x00, 0x00, 0x00, 0x00, 0x00, 0x00, 0x00, 0x00, 0x00, 0x00, 0x00, 0x00, 0x00,
    0x00, 0x00, 0x00, 0x00, 0x00, 0x00, 0x00, 0x00, 0x00, 0x00, 0x00, 0x00, 0x00, 0x00, 0x00, 0x00,
    0x00, 0x00, 0x00, 0x00, 0x00, 0x00, 0x00, 0x00, 0x00, 0x00, 0x00, 0x00, 0x00, 0x00, 0x00, 0x00,
    0x00, 0x00, 0x00, 0x00, 0x00, 0x00, 0x00, 0x00, 0x00, 0x00, 0x00, 0x00, 0x00, 0x00, 0x00, 0x00,
    0x00, 0x00, 0x00, 0x00, 0x00, 0x00, 0x00, 0x00, 0x00, 0x00, 0x00, 0x00, 0x00, 0x00, 0x00, 0x00,
    0x00, 0x00, 0x00, 0x00, 0x00, 0x00, 0x00, 0x00, 0x00, 0x00, 0x00, 0x00, 0x00, 0x00, 0x00, 0x00,
    0x00, 0x00, 0x00, 0x00, 0x00, 0x00, 0x00, 0x00, 0x00, 0x00, 0x00, 0x00, 0x00, 0x00, 0x00, 0x00,
    0x00, 0x00, 0x00, 0x00, 0x00, 0x00, 0x00, 0x00, 0x00, 0x00, 0x00, 0x00, 0x00, 0x00, 0x00, 0x00,
    0x00, 0x00, 0x00, 0x00, 0x00, 0x00, 0x00, 0x00, 0x00, 0x00, 0x00, 0x00, 0x00, 0x00, 0x00, 0x00,
    0x00, 0x00, 0x00, 0x00, 0x00, 0x00, 0x00, 0x00, 0x00, 0x00, 0x00, 0x00, 0x00, 0x00, 0x00, 0x00,
    0x00, 0x00, 0x00, 0x00, 0x00, 0x00, 0x00, 0x00, 0x00, 0x00, 0x00, 0x00, 0x00, 0x00, 0x00, 0x00,
    0x00, 0x00, 0x00, 0x00, 0x00, 0x00, 0x00, 0x00, 0x00, 0x00, 0x00, 0x00, 0x00, 0x00, 0x00, 0x00,
    0x00, 0x00, 0x00, 0x00, 0x00, 0x00, 0x00, 0x00, 0x00, 0x00, 0x00, 0x00, 0x00, 0x00, 0x00, 0x00,
    0x00, 0x00, 0x00, 0x00, 0x00, 0x00, 0x00, 0x00, 0x00, 0x00, 0x00, 0x00, 0x00, 0x00, 0x00, 0x00,
    0x00, 0x00, 0x00, 0x00, 0x00, 0x00, 0x00, 0x00, 0x00, 0x00, 0x00, 0x00, 0x00, 0x00, 0x00, 0x00,
    0x00, 0x00, 0x00, 0x00, 0x00, 0x00, 0x00, 0x00, 0x00, 0x00, 0x00, 0x00, 0x00, 0x00, 0x00, 0x00,
    0x00, 0x00, 0x00, 0x00, 0x00, 0x00, 0x00, 0x00, 0x00, 0x00, 0x00, 0x00, 0x00, 0x00, 0x00, 0x00,
    0x00, 0x00, 0x00, 0x00, 0x00, 0x00, 0x00, 0x00, 0x00, 0x00, 0x00, 0x00, 0x00, 0x00, 0x00, 0x00,
    0x00, 0x00, 0x00, 0x00, 0x00, 0x00, 0x00, 0x00, 0x00, 0x00, 0x00, 0x00, 0x00, 0x00, 0x00, 0x00,
    0x00, 0x00, 0x00, 0x00, 0x00, 0x00, 0x00, 0x00, 0x00, 0x00, 0x00, 0x00, 0x00, 0x00, 0x00, 0x00,
    0x00, 0x00, 0x00, 0x00, 0x00, 0x00, 0x00, 0x00, 0x00, 0x00, 0x00, 0x00, 0x00, 0x00, 0x00, 0x00,
    0x00, 0x00, 0x00, 0x00, 0x00, 0x00, 0x00, 0x00, 0x00, 0x00, 0x00, 0x00, 0x00, 0x00, 0x00, 0x00,
    0x00, 0x00, 0x00, 0x00, 0x00, 0x00, 0x00, 0x00, 0x00, 0x00, 0x00, 0x00, 0x00, 0x00, 0x00, 0x00,
    0x00, 0x00, 0x00, 0x00, 0x00, 0x00, 0x00, 0x00, 0x00, 0x00, 0x00, 0x00, 0x00, 0x00, 0x00, 0x00,
    0x00, 0x00, 0x00, 0x00, 0x00, 0x00, 0x00, 0x00, 0x00, 0x00, 0x00, 0x00, 0x00, 0x00, 0x00, 0x00,
    0x00, 0x00, 0x00, 0x00, 0x00, 0x00, 0x00, 0x00, 0x00, 0x00, 0x00, 0x00, 0x00, 0x00, 0x00, 0x00,
    0x00, 0x00, 0x00, 0x00, 0x00, 0x00, 0x00, 0x00, 0x00, 0x00, 0x00, 0x00, 0x00, 0x00, 0x00, 0x00,
    0x00, 0x00, 0x00, 0x00, 0x00, 0x00, 0x00, 0x00, 0x00, 0x00, 0x00, 0x00, 0x00, 0x00, 0x00, 0x00,
    0x00, 0x00, 0x00, 0x00, 0x00, 0x00, 0x00, 0x00, 0x00, 0x00, 0x00, 0x00, 0x00, 0x00, 0x00, 0x00,
    0x00, 0x00, 0x00, 0x00, 0x00, 0x00, 0x00, 0x00, 0x00, 0x00, 0x00, 0x00, 0x00, 0x00, 0x00, 0x00,
    0x00, 0x00, 0x00, 0x00, 0x00, 0x00, 0x00, 0x00, 0x00, 0x00, 0x00, 0x00, 0x00, 0x00, 0x00, 0x00,
    0x00, 0x00, 0x00, 0x00, 0x00, 0x00, 0x00, 0x00, 0x00, 0x00, 0x00, 0x00, 0x00, 0x00, 0x00, 0x00,
    0x00, 0x00, 0x00, 0x00, 0x00, 0x00, 0x00, 0x00, 0x00, 0x00, 0x00, 0x00, 0x00, 0x00, 0x00, 0x00,
    0x00, 0x00, 0x00, 0x00, 0x00, 0x00, 0x00, 0x00, 0x00, 0x00, 0x00, 0x00, 0x00, 0x00, 0x00, 0x00,
    0x00, 0x00, 0x00, 0x00, 0x00, 0x00, 0x00, 0x00, 0x00, 0x00, 0x00, 0x00, 0x00, 0x00, 0x00, 0x00,
    0x00, 0x08, 0xff, 0x00, 0x01, 0x08, 0x1c, 0x48, 0xb0, 0xa0, 0xc1, 0x83, 0x08, 0x13, 0x2a, 0x5c,
    0xc8, 0xb0, 0xa1, 0xc3, 0x87, 0x10, 0x23, 0x4a, 0x9c, 0x48, 0xb1, 0xa2, 0xc5, 0x8b, 0x18, 0x33,
    0x6a, 0xdc, 0xc8, 0xb1, 0xa3, 0xc7, 0x8f, 0x20, 0x43, 0x8a, 0x1c, 0x29, 0x90, 0x80, 0x82, 0x05,
    0x28, 0x0d, 0x28, 0x34, 0x89, 0x72, 0x81, 0x4a, 0x92, 0x30, 0x09, 0xb2, 0x4c, 0xb9, 0xf2, 0x24,
    0x4d, 0x81, 0x05, 0x1e, 0xe8, 0xdc, 0x89, 0x00, 0x61, 0xce, 0x9d, 0x3a, 0x7b, 0xc6, 0x84, 0xf9,
    0x13, 0xa8, 0x50, 0x83, 0x45, 0x79, 0x0a, 0x6c, 0x00, 0x74, 0xa7, 0x80, 0x83, 0x4c, 0x9b, 0x3e,
    0x78, 0x3a, 0x74, 0x64, 0xd4, 0xa6, 0x54, 0x0b, 0x5e, 0x05, 0x2a, 0x20, 0x80, 0x03, 0xa9, 0x0f,
    0x08, 0x18, 0xf4, 0x0a, 0x56, 0x6c, 0xd5, 0x90, 0x64, 0xa5, 0x9a, 0x25, 0x98, 0xb6, 0x29, 0x81,
    0xb6, 0x40, 0xd7, 0x0e, 0x84, 0xbb, 0x53, 0xee, 0xd9, 0x8e, 0x74, 0x75, 0xda, 0x05, 0x90, 0x37,
    0x6c, 0xdf, 0xbd, 0x7f, 0xef, 0x82, 0x0c, 0x5c, 0xf0, 0x2f, 0x61, 0xb6, 0x5f, 0xd5, 0x0a, 0xfe,
    0x78, 0x78, 0x6e, 0x62, 0xb7, 0x8d, 0x05, 0x46, 0x5e, 0x9c, 0x71, 0xb2, 0xe1, 0xc7, 0x71, 0xc7,
    0x62, 0xae, 0x4b, 0x19, 0xef, 0x66, 0xbd, 0x9a, 0xcb, 0x5a, 0xfe, 0x1c, 0xb6, 0x33, 0xc7, 0xd1,
    0xa2, 0x49, 0x03, 0x56, 0x6d, 0x7a, 0x23, 0x6a, 0xb5, 0xaf, 0xdd, 0xb6, 0xd6, 0x18, 0x3b, 0x6e,
    0x6d, 0xce, 0xb3, 0x31, 0xde, 0xd6, 0xbb, 0xbb, 0x74, 0xee, 0x8b, 0xbd, 0xdf, 0xb2, 0x2e, 0x3c,
    0xfc, 0x77, 0xc5, 0xe0, 0xc1, 0x8d, 0x5b, 0x44, 0x5e, 0xdc, 0x71, 0x59, 0xe5, 0xc7, 0x9b, 0x4b,
    0x56, 0x9d, 0x1c, 0xfa, 0x44, 0xe6, 0xcf, 0x89, 0x67, 0xb7, 0x1e, 0x11, 0xbb, 0x62, 0xed, 0xdf,
    0xb9, 0x43, 0x69, 0xf4, 0x2e, 0x1b, 0x7c, 0x79, 0xf1, 0x0f, 0xc9, 0x67, 0x36, 0xbf, 0x1e, 0xbd,
    0x43, 0xf5, 0xb8, 0x11, 0x6f, 0x77, 0xcf, 0x10, 0xbe, 0xce, 0x01, 0xa1, 0xa5, 0xe2, 0xa7, 0xdf,
    0xb0, 0xef, 0x7e, 0xf9, 0xfa, 0x01, 0x70, 0x80, 0x54, 0x0b, 0x20, 0x34, 0x60, 0x53, 0x05, 0xf2,
    0xe7, 0xd0, 0x81, 0x40, 0x25, 0x68, 0x10, 0x83, 0x3b, 0x39, 0x78, 0x40, 0x03, 0x0e, 0x54, 0x98,
    0x40, 0x00, 0x09, 0x4d, 0x58, 0xa1, 0x03, 0x17, 0x2a, 0xf8, 0x90, 0x86, 0x16, 0x62, 0x68, 0x20,
    0x85, 0x21, 0xb2, 0x15, 0xc0, 0x89, 0xf5, 0x9d, 0x28, 0xa2, 0x87, 0xe9, 0xa9, 0x98, 0x22, 0x8a,
    0x2c, 0xc6, 0x28, 0xe3, 0x8c, 0x34, 0xd6, 0x68, 0x23, 0x4c, 0x01, 0x01, 0x00, 0x21, 0xf9, 0x04,
    0x04, 0x04, 0x00, 0x00, 0x00, 0x2c, 0x19, 0x00, 0x17, 0x00, 0x7e, 0x00, 0x1b, 0x00, 0x87, 0x00,
    0x00, 0x00, 0x0d, 0x03, 0x03, 0x1a, 0x06, 0x06, 0x26, 0x09, 0x0a, 0x33, 0x0d, 0x0d, 0x40, 0x10,
    0x10, 0x4d, 0x13, 0x13, 0x5a, 0x16, 0x16, 0x66, 0x19, 0x1a, 0x73, 0x1c, 0x1d, 0x80, 0x1f, 0x20,
    0x8d, 0x22, 0x23, 0x9a, 0x26, 0x26, 0xa6, 0x29, 0x2a, 0xb3, 0x2c, 0x2d, 0xc0, 0x2f, 0x30, 0x00,
    0x00, 0x00, 0x00, 0x00, 0x00, 0x00, 0x00, 0x00, 0x00, 0x00, 0x00, 0x00, 0x00, 0x00, 0x00, 0x00,
    0x00, 0x00, 0x00, 0x00, 0x00, 0x00, 0x00, 0x00, 0x00, 0x00, 0x00, 0x00, 0x00, 0x00, 0x00, 0x00,
    0x00, 0x00, 0x00, 0x00, 0x00, 0x00, 0x00, 0x00, 0x00, 0x00, 0x00, 0x00, 0x00, 0x00, 0x00, 0x00,
    0x00, 0x00, 0x00, 0x00, 0x00, 0x00, 0x00, 0x00, 0x00, 0x00, 0x00, 0x00, 0x00, 0x00, 0x00, 0x00,
    0x00, 0x00, 0x00, 0x00, 0x00, 0x00, 0x00, 0x00, 0x00, 0x00, 0x00, 0x00, 0x00, 0x00, 0x00, 0x00,
    0x00, 0x00, 0x00, 0x00, 0x00, 0x00, 0x00, 0x00, 0x00, 0x00, 0x00, 0x00, 0x00, 0x00, 0x00, 0x00,
    0x00, 0x00, 0x00, 0x00, 0x00, 0x00, 0x00, 0x00, 0x00, 0x00, 0x00, 0x00, 0x00, 0x00, 0x00, 0x00,
    0x00, 0x00, 0x00, 0x00, 0x00, 0x00, 0x00, 0x00, 0x00, 0x00, 0x00, 0x00, 0x00, 0x00, 0x00, 0x00,
    0x00, 0x00, 0x00, 0x00, 0x00, 0x00, 0x00, 0x00, 0x00, 0x00, 0x00, 0x00, 0x00, 0x00, 0x00, 0x00,
    0x00, 0x00, 0x00, 0x00, 0x00, 0x00, 0x00, 0x00, 0x00, 0x00, 0x00, 0x00, 0x00, 0x00, 0x00, 0x00,
    0x00, 0x00, 0x00, 0x00, 0x00, 0x00, 0x00, 0x00, 0x00, 0x00, 0x00, 0x00, 0x00, 0x00, 0x00, 0x00,
    0x00, 0x00, 0x00, 0x00, 0x00, 0x00, 0x00, 0x00, 0x00, 0x00, 0x00, 0x00, 0x00, 0x00, 0x00, 0x00,
    0x00, 0x00, 0x00, 0x00, 0x00, 0x00, 0x00, 0x00, 0x00, 0x00, 0x00, 0x00, 0x00, 0x00, 0x00, 0x00,
    0x00, 0x00, 0x00, 0x00, 0x00, 0x00, 0x00, 0x00, 0x00, 0x00, 0x00, 0x00, 0x00, 0x00, 0x00, 0x00,
    0x00, 0x00, 0x00, 0x00, 0x00, 0x00, 0x00, 0x00, 0x00, 0x00, 0x00, 0x00, 0x00, 0x00, 0x00, 0x00,
    0x00, 0x00, 0x00, 0x00, 0x00, 0x00, 0x00, 0x00, 0x00, 0x00, 0x00, 0x00, 0x00, 0x00, 0x00, 0x00,
    0x00, 0x00, 0x00, 0x00, 0x00, 0x00, 0x00, 0x00, 0x00, 0x00, 0x00, 0x00, 0x00, 0x00, 0x00, 0x00,
    0x00, 0x00, 0x00, 0x00, 0x00, 0x00, 0x00, 0x00, 0x00, 0x00, 0x00, 0x00, 0x00, 0x00, 0x00, 0x00,
    0x00, 0x00, 0x00, 0x00, 0x00, 0x00, 0x00, 0x00, 0x00, 0x00, 0x00, 0x00, 0x00, 0x00, 0x00, 0x00,
    0x00, 0x00, 0x00, 0x00, 0x00, 0x00, 0x00, 0x00, 0x00, 0x00, 0x00, 0x00, 0x00, 0x00, 0x00, 0x00,
    0x00, 0x00, 0x00, 0x00, 0x00, 0x00, 0x00, 0x00, 0x00, 0x00, 0x00, 0x00, 0x00, 0x00, 0x00, 0x00,
    0x00, 0x00, 0x00, 0x00, 0x00, 0x00, 0x00, 0x00, 0x00, 0x00, 0x00, 0x00, 0x00, 0x00, 0x00, 0x00,
    0x00, 0x00, 0x00, 0x00, 0x00, 0x00, 0x00, 0x00, 0x00, 0x00, 0x00, 0x00, 0x00, 0x00, 0x00, 0x00,
    0x00, 0x00, 0x00, 0x00, 0x00, 0x00, 0x00, 0x00, 0x00, 0x00, 0x00, 0x00, 0x00, 0x00, 0x00, 0x00,
    0x00, 0x00, 0x00, 0x00, 0x00, 0x00, 0x00, 0x00, 0x00, 0x00, 0x00, 0x00, 0x00, 0x00, 0x00, 0x00,
    0x00, 0x00, 0x00, 0x00, 0x00, 0x00, 0x00, 0x00, 0x00, 0x00, 0x00, 0x00, 0x00, 0x00, 0x00, 0x00,
    0x00, 0x00, 0x00, 0x00, 0x00, 0x00, 0x00, 0x00, 0x00, 0x00, 0x00, 0x00, 0x00, 0x00, 0x00, 0x00,
    0x00, 0x00, 0x00, 0x00, 0x00, 0x00, 0x00, 0x00, 0x00, 0x00, 0x00, 0x00, 0x00, 0x00, 0x00, 0x00,
    0x00, 0x00, 0x00, 0x00, 0x00, 0x00, 0x00, 0x00, 0x00, 0x00, 0x00, 0x00, 0x00, 0x00, 0x00, 0x00,
    0x00, 0x00, 0x00, 0x00, 0x00, 0x00, 0x00, 0x00, 0x00, 0x00, 0x00, 0x00, 0x00, 0x00, 0x00, 0x00,
    0x00, 0x00, 0x00, 0x00, 0x00, 0x00, 0x00, 0x00, 0x00, 0x00, 0x00, 0x00, 0x00, 0x00, 0x00, 0x00,
    0x00, 0x00, 0x00, 0x00, 0x00, 0x00, 0x00, 0x00, 0x00, 0x00, 0x00, 0x00, 0x00, 0x00, 0x00, 0x00,
    0x00, 0x00, 0x00, 0x00, 0x00, 0x00, 0x00, 0x00, 0x00, 0x00, 0x00, 0x00, 0x00, 0x00, 0x00, 0x00,
    0x00, 0x00, 0x00, 0x00, 0x00, 0x00, 0x00, 0x00, 0x00, 0x00, 0x00, 0x00, 0x00, 0x00, 0x00, 0x00,
    0x00, 0x00, 0x00, 0x00, 0x00, 0x00, 0x00, 0x00, 0x00, 0x00, 0x00, 0x00, 0x00, 0x00, 0x00, 0x00,
    0x00, 0x00, 0x00, 0x00, 0x00, 0x00, 0x00, 0x00, 0x00, 0x00, 0x00, 0x00, 0x00, 0x00, 0x00, 0x00,
    0x00, 0x00, 0x00, 0x00, 0x00, 0x00, 0x00, 0x00, 0x00, 0x00, 0x00, 0x00, 0x00, 0x00, 0x00, 0x00,
    0x00, 0x00, 0x00, 0x00, 0x00, 0x00, 0x00, 0x00, 0x00, 0x00, 0x00, 0x00, 0x00, 0x00, 0x00, 0x00,
    0x00, 0x00, 0x00, 0x00, 0x00, 0x00, 0x00, 0x00, 0x00, 0x00, 0x00, 0x00, 0x00, 0x00, 0x00, 0x00,
    0x00, 0x00, 0x00, 0x00, 0x00, 0x00, 0x00, 0x00, 0x00, 0x00, 0x00, 0x00, 0x00, 0x00, 0x00, 0x00,
    0x00, 0x00, 0x00, 0x00, 0x00, 0x00, 0x00, 0x00, 0x00, 0x00, 0x00, 0x00, 0x00, 0x00, 0x00, 0x00,
    0x00, 0x00, 0x00, 0x00, 0x00, 0x00, 0x00, 0x00, 0x00, 0x00, 0x00, 0x00, 0x00, 0x00, 0x00, 0x00,
    0x00, 0x00, 0x00, 0x00, 0x00, 0x00, 0x00, 0x00, 0x00, 0x00, 0x00, 0x00, 0x00, 0x00, 0x00, 0x00,
    0x00, 0x00, 0x00, 0x00, 0x00, 0x00, 0x00, 0x00, 0x00, 0x00, 0x00, 0x00, 0x00, 0x00, 0x00, 0x00,
    0x00, 0x00, 0x00, 0x00, 0x00, 0x00, 0x00, 0x00, 0x00, 0x00, 0x00, 0x00, 0x00, 0x00, 0x00, 0x08,
    0xff, 0x00, 0x01, 0x08, 0x1c, 0x48, 0xb0, 0xa0, 0xc1, 0x83, 0x08, 0x13, 0x2a, 0x5c, 0xc8, 0xb0,
    0xa1, 0xc3, 0x87, 0x10, 0x23, 0x4a, 0x9c, 0x48, 0xb1, 0xa2, 0xc5, 0x8b, 0x18, 0x33, 0x6a, 0xdc,
    0xc8, 0xb1, 0xa3, 0xc7, 0x8f, 0x0a, 0x03, 0x1c, 0x18, 0x79, 0x60, 0x40, 0x48, 0x92, 0x25, 0x41,
    0xaa, 0x6c, 0x28, 0x92, 0xa4, 0xc9, 0x84, 0x2d, 0x47, 0xbe, 0x04, 0x30, 0xa0, 0xc1, 0x83, 0x9b,
    0x37, 0x0d, 0x20, 0xac, 0x89, 0x33, 0xe7, 0xca, 0x9f, 0x07, 0x79, 0xf6, 0xd4, 0x19, 0xd4, 0xe6,
    0x50, 0x81, 0x0b, 0x7a, 0xde, 0x74, 0x10, 0xe0, 0x60, 0x52, 0xa5, 0x4c, 0x81, 0x4a, 0x45, 0xaa,
    0xf4, 0x41, 0x54, 0x83, 0x4f, 0x7b, 0x32, 0x0d, 0xe0, 0xa0, 0xea, 0x03, 0x02, 0x06, 0xb9, 0x7a,
    0x05, 0x3b, 0xf5, 0xa7, 0xd8, 0xaa, 0x64, 0x09, 0x9e, 0x55, 0x4a, 0x60, 0x6d, 0xcf, 0xb4, 0x03,
    0xdd, 0xe2, 0x84, 0x5b, 0xf6, 0xa3, 0xdc, 0x9b, 0x74, 0x01, 0xdc, 0xfd, 0xba, 0x37, 0x6f, 0xdf,
    0xba, 0x2b, 0xff, 0x16, 0xec, 0x2b, 0x58, 0x6d, 0x57, 0xb4, 0x80, 0x55, 0x16, 0x8e, 0x7b, 0x98,
    0xed, 0x62, 0x81, 0x8f, 0x13, 0x6f, 0x8c, 0x4c, 0xb8, 0xf1, 0xdb, 0xb0, 0x96, 0xe7, 0x4a, 0xb6,
    0x9b, 0x19, 0x2f, 0xe6, 0xb1, 0x94, 0x3b, 0x7f, 0xdd, 0xec, 0x31, 0x34, 0x68, 0xd1, 0x7e, 0x51,
    0x93, 0xee, 0x68, 0x1a, 0x6d, 0x6b, 0xb6, 0xab, 0x39, 0xbe, 0x7e, 0x3b, 0x5b, 0x73, 0x6c, 0x8d,
    0xb5, 0xf1, 0xe6, 0x1e, 0x7d, 0x3b, 0xe3, 0xee, 0xb6, 0xaa, 0x07, 0x07, 0xef, 0x7d, 0xf1, 0x37,
    0x00, 0xa3, 0x4a, 0x05, 0x1c, 0x44, 0xde, 0x53, 0x39, 0x71, 0x8c, 0xcc, 0x71, 0x3a, 0x2f, 0x18,
    0xfd, 0xa6, 0xf2, 0x02, 0x55, 0x11, 0x20, 0xc4, 0xae, 0x54, 0xfb, 0x73, 0x8c, 0xdc, 0x7b, 0x7a,
    0x26, 0x37, 0x18, 0x1e, 0xe7, 0x78, 0x02, 0x0a, 0x16, 0xa8, 0x27, 0x8a, 0x10, 0xbd, 0xfa, 0x05,
    0xec, 0xbf, 0x5f, 0x74, 0xbf, 0x5e, 0x21, 0x7d, 0xf8, 0xf2, 0xf3, 0xeb, 0xdf, 0xcf, 0xbf, 0xbf,
    0xff, 0xff, 0x00, 0x06, 0xc8, 0x5f, 0x40, 0x00, 0x21, 0xf9, 0x04, 0x04, 0x04, 0x00, 0x00, 0x00,
    0x2c, 0x19, 0x00, 0x1b, 0x00, 0x7e, 0x00, 0x12, 0x00, 0x87, 0x00, 0x00, 0x00, 0x0d, 0x03, 0x03,
    0x1a, 0x06, 0x06, 0x26, 0x09, 0x0a, 0x33, 0x0d, 0x0d, 0x40, 0x10, 0x10, 0x4d, 0x13, 0x13, 0x5a,
    0x16, 0x16, 0x66, 0x19, 0x1a, 0x73, 0x1c, 0x1d, 0x80, 0x1f, 0x20, 0x8d, 0x22, 0x23, 0x9a, 0x26,
    0x26, 0xa6, 0x29, 0x2a, 0xb3, 0x2c, 0x2d, 0xc0, 0x2f, 0x30, 0x00, 0x00, 0x00, 0x00, 0x00, 0x00,
    0x00, 0x00, 0x00, 0x00, 0x00, 0x00, 0x00, 0x00, 0x00, 0x00, 0x00, 0x00, 0x00, 0x00, 0x00, 0x00,
    0x00, 0x00, 0x00, 0x00, 0x00, 0x00, 0x00, 0x00, 0x00, 0x00, 0x00, 0x00, 0x00, 0x00, 0x00, 0x00,
    0x00, 0x00, 0x00, 0x00, 0x00, 0x00, 0x00, 0x00, 0x00, 0x00, 0x00, 0x00, 0x00, 0x00, 0x00, 0x00,
    0x00, 0x00, 0x00, 0x00, 0x00, 0x00, 0x00, 0x00, 0x00, 0x00, 0x00, 0x00, 0x00, 0x00, 0x00, 0x00,
    0x00, 0x00, 0x00, 0x00, 0x00, 0x00, 0x00, 0x00, 0x00, 0x00, 0x00, 0x00, 0x00, 0x00, 0x00, 0x00,
    0x00, 0x00, 0x00, 0x00, 0x00, 0x00, 0x00, 0x00, 0x00, 0x00, 0x00, 0x00, 0x00, 0x00, 0x00, 0x00,
    0x00, 0x00, 0x00, 0x00, 0x00, 0x00, 0x00, 0x00, 0x00, 0x00, 0x00, 0x00, 0x00, 0x00, 0x00, 0x00,
    0x00, 0x00, 0x00, 0x00, 0x00, 0x00, 0x00, 0x00, 0x00, 0x00, 0x00, 0x00, 0x00, 0x00, 0x00, 0x00,
    0x00, 0x00, 0x00, 0x00, 0x00, 0x00, 0x00, 0x00, 0x00, 0x00, 0x00, 0x00, 0x00, 0x00, 0x00, 0x00,
    0x00, 0x00, 0x00, 0x00, 0x00, 0x00, 0x00, 0x00, 0x00, 0x00, 0x00, 0x00, 0x00, 0x00, 0x00, 0x00,
    0x00, 0x00, 0x00, 0x00, 0x00, 0x00, 0x00, 0x00, 0x00, 0x00, 0x00, 0x00, 0x00, 0x00, 0x00, 0x00,
    0x00, 0x00, 0x00, 0x00, 0x00, 0x00, 0x00, 0x00, 0x00, 0x00, 0x00, 0x00, 0x00, 0x00, 0x00, 0x00,
    0x00, 0x00, 0x00, 0x00, 0x00, 0x00, 0x00, 0x00, 0x00, 0x00, 0x00, 0x00, 0x00, 0x00, 0x00, 0x00,
    0x00, 0x00, 0x00, 0x00, 0x00, 0x00, 0x00, 0x00, 0x00, 0x00, 0x00, 0x00, 0x00, 0x00, 0x00, 0x00,
    0x00, 0x00, 0x00, 0x00, 0x00, 0x00, 0x00, 0x00, 0x00, 0x00, 0x00, 0x00, 0x00, 0x00, 0x00, 0x00,
    0x00, 0x00, 0x00, 0x00, 0x00, 0x00, 0x00, 0x00, 0x00, 0x00, 0x00, 0x00, 0x00, 0x00, 0x00, 0x00,
    0x00, 0x00, 0x00, 0x00, 0x00, 0x00, 0x00, 0x00, 0x00, 0x00, 0x00, 0x00, 0x00, 0x00, 0x00, 0x00,
    0x00, 0x00, 0x00, 0x00, 0x00, 0x00, 0x00, 0x00, 0x00, 0x00, 0x00, 0x00, 0x00, 0x00, 0x00, 0x00,
    0x00, 0x00, 0x00, 0x00, 0x00, 0x00, 0x00, 0x00, 0x00, 0x00, 0x00, 0x00, 0x00, 0x00, 0x00, 0x00,
    0x00, 0x00, 0x00, 0x00, 0x00, 0x00, 0x00, 0x00, 0x00, 0x00, 0x00, 0x00, 0x00, 0x00, 0x00, 0x00,
    0x00, 0x00, 0x00, 0x00, 0x00, 0x00, 0x00, 0x00, 0x00, 0x00, 0x00, 0x00, 0x00, 0x00, 0x00, 0x00,
    0x00, 0x00, 0x00, 0x00, 0x00, 0x00, 0x00, 0x00, 0x00, 0x00, 0x00, 0x00, 0x00, 0x00, 0x00, 0x00,
    0x00, 0x00, 0x00, 0x00, 0x00, 0x00, 0x00, 0x00, 0x00, 0x00, 0x00, 0x00, 0x00, 0x00, 0x00, 0x00,
    0x00, 0x00, 0x00, 0x00, 0x00, 0x00, 0x00, 0x00, 0x00, 0x00, 0x00, 0x00, 0x00, 0x00, 0x00, 0x00,
    0x00, 0x00, 0x00, 0x00, 0x00, 0x00, 0x00, 0x00, 0x00, 0x00, 0x00, 0x00, 0x00, 0x00, 0x00, 0x00,
    0x00, 0x00, 0x00, 0x00, 0x00, 0x00, 0x00, 0x00, 0x00, 0x00, 0x00, 0x00, 0x00, 0x00, 0x00, 0x00,
    0x00, 0x00, 0x00, 0x00, 0x00, 0x00, 0x00, 0x00, 0x00, 0x00, 0x00, 0x00, 0x00, 0x00, 0x00, 0x00,
    0x00, 0x00, 0x00, 0x00, 0x00, 0x00, 0x00, 0x00, 0x00, 0x00, 0x00, 0x00, 0x00, 0x00, 0x00, 0x00,
    0x00, 0x00, 0x00, 0x00, 0x00, 0x00, 0x00, 0x00, 0x00, 0x00, 0x00, 0x00, 0x00, 0x00, 0x00, 0x00,
    0x00, 0x00, 0x00, 0x00, 0x00, 0x00, 0x00, 0x00, 0x00, 0x00, 0x00, 0x00, 0x00, 0x00, 0x00, 0x00,
    0x00, 0x00, 0x00, 0x00, 0x00, 0x00, 0x00, 0x00, 0x00, 0x00, 0x00, 0x00, 0x00, 0x00, 0x00, 0x00,
    0x00, 0x00, 0x00, 0x00, 0x00, 0x00, 0x00, 0x00, 0x00, 0x00, 0x00, 0x00, 0x00, 0x00, 0x00, 0x00,
    0x00, 0x00, 0x00, 0x00, 0x00, 0x00, 0x00, 0x00, 0x00, 0x00, 0x00, 0x00, 0x00, 0x00, 0x00, 0x00,
    0x00, 0x00, 0x00, 0x00, 0x00, 0x00, 0x00, 0x00, 0x00, 0x00, 0x00, 0x00, 0x00, 0x00, 0x00, 0x00,
    0x00, 0x00, 0x00, 0x00, 0x00, 0x00, 0x00, 0x00, 0x00, 0x00, 0x00, 0x00, 0x00, 0x00, 0x00, 0x00,
    0x00, 0x00, 0x00, 0x00, 0x00, 0x00, 0x00, 0x00, 0x00, 0x00, 0x00, 0x00, 0x00, 0x00, 0x00, 0x00,
    0x00, 0x00, 0x00, 0x00, 0x00, 0x00, 0x00, 0x00, 0x00, 0x00, 0x00, 0x00, 0x00, 0x00, 0x00, 0x00,
    0x00, 0x00, 0x00, 0x00, 0x00, 0x00, 0x00, 0x00, 0x00, 0x00, 0x00, 0x00, 0x00, 0x00, 0x00, 0x00,
    0x00, 0x00, 0x00, 0x00, 0x00, 0x00, 0x00, 0x00, 0x00, 0x00, 0x00, 0x00, 0x00, 0x00, 0x00, 0x00,
    0x00, 0x00, 0x00, 0x00, 0x00, 0x00, 0x00, 0x00, 0x00, 0x00, 0x00, 0x00, 0x00, 0x00, 0x00, 0x00,
    0x00, 0x00, 0x00, 0x00, 0x00, 0x00, 0x00, 0x00, 0x00, 0x00, 0x00, 0x00, 0x00, 0x00, 0x00, 0x00,
    0x00, 0x00, 0x00, 0x00, 0x00, 0x00, 0x00, 0x00, 0x00, 0x00, 0x00, 0x00, 0x00, 0x00, 0x00, 0x00,
    0x00, 0x00, 0x00, 0x00, 0x00, 0x00, 0x00, 0x00, 0x00, 0x00, 0x00, 0x00, 0x00, 0x00, 0x00, 0x00,
    0x00, 0x00, 0x00, 0x00, 0x00, 0x00, 0x00, 0x00, 0x00, 0x00, 0x00, 0x00, 0x00, 0x00, 0x00, 0x00,
    0x00, 0x00, 0x00, 0x00, 0x00, 0x00, 0x00, 0x00, 0x00, 0x00, 0x08, 0xe4, 0x00, 0x01, 0x08, 0x1c,
    0x48, 0xb0, 0xa0, 0xc1, 0x83, 0x08, 0x13, 0x2a, 0x5c, 0xc8, 0xb0, 0xa1, 0xc3, 0x87, 0x10, 0x23,
    0x4a, 0x9c, 0x48, 0xb1, 0xa2, 0xc5, 0x8b, 0x18, 0x33, 0x6a, 0xdc, 0xc8, 0xb1, 0xa3, 0xc7, 0x8f,
    0x0b, 0x07, 0x10, 0x18, 0xc9, 0x50, 0x24, 0x49, 0x90, 0x28, 0x1d, 0x9a, 0x24, 0x50, 0x72, 0x24,
    0xcb, 0x81, 0x01, 0x16, 0x3c, 0x98, 0xf9, 0x80, 0xc1, 0x00, 0x84, 0x31, 0x69, 0xd6, 0xbc, 0x99,
    0xb2, 0xa7, 0xc1, 0x9c, 0x34, 0x6d, 0xe2, 0x94, 0x19, 0x94, 0x67, 0x02, 0x9d, 0x33, 0x1b, 0x04,
    0x38, 0x78, 0x14, 0xa9, 0x52, 0x9f, 0x50, 0x05, 0x36, 0xd5, 0xf9, 0xd4, 0xe0, 0x54, 0x9a, 0x4a,
    0x03, 0x38, 0x40, 0x3a, 0xf3, 0x25, 0x41, 0xad, 0x5c, 0x1f, 0x78, 0x8d, 0x8a, 0x12, 0x2c, 0xd7,
    0xb1, 0x02, 0xcd, 0x22, 0x25, 0xa0, 0x56, 0x27, 0x5a, 0x00, 0x6d, 0x69, 0xbe, 0x25, 0xdb, 0x31,
    0x6e, 0xd7, 0x9f, 0x5b, 0xcf, 0xda, 0x15, 0x8b, 0x37, 0xec, 0x5c, 0xba, 0x1b, 0xf7, 0xbe, 0x15,
    0x2c, 0xb8, 0xef, 0x59, 0xc0, 0x65, 0xf3, 0xae, 0x35, 0xbc, 0x98, 0xa8, 0x4e, 0x07, 0x4b, 0x0d,
    0x3a, 0xa6, 0x09, 0x19, 0x31, 0xca, 0xc9, 0x33, 0x2b, 0x4b, 0xe6, 0x5a, 0x79, 0x40, 0x03, 0xa4,
    0x06, 0x10, 0x7a, 0x06, 0x6d, 0x19, 0xe5, 0x68, 0x9d, 0xa1, 0x0f, 0x9e, 0xa6, 0x99, 0x1a, 0xee,
    0x81, 0xd7, 0x07, 0x78, 0xe2, 0x84, 0x1d, 0xbb, 0x74, 0xca, 0x00, 0xb4, 0x65, 0x1f, 0xc4, 0x0d,
    0x5b, 0xb7, 0xed, 0xdf, 0xc0, 0x83, 0x0b, 0x1f, 0x4e, 0xbc, 0xb8, 0xf1, 0xe3, 0x07, 0x03, 0x02,
    0x00, 0x21, 0xf9, 0x04, 0x04, 0x04, 0x00, 0x00, 0x00, 0x2c, 0x19, 0x00, 0x1f, 0x00, 0x7e, 0x00,
    0x0a, 0x00, 0x87, 0x00, 0x00, 0x00, 0x0d, 0x03, 0x03, 0x1a, 0x06, 0x06, 0x26, 0x09, 0x0a, 0x33,
    0x0d, 0x0d, 0x40, 0x10, 0x10, 0x4d, 0x13, 0x13, 0x5a, 0x16, 0x16, 0x66, 0x19, 0x1a, 0x73, 0x1c,
    0x1d, 0x80, 0x1f, 0x20, 0x8d, 0x22, 0x23, 0x9a, 0x26, 0x26, 0xa6, 0x29, 0x2a, 0xb3, 0x2c, 0x2d,
    0xc0, 0x2f, 0x30, 0x00, 0x00, 0x00, 0x00, 0x00, 0x00, 0x00, 0x00, 0x00, 0x00, 0x00, 0x00, 0x00,
    0x00, 0x00, 0x00, 0x00, 0x00, 0x00, 0x00, 0x00, 0x00, 0x00, 0x00, 0x00, 0x00, 0x00, 0x00, 0x00,
    0x00, 0x00, 0x00, 0x00, 0x00, 0x00, 0x00, 0x00, 0x00, 0x00, 0x00, 0x00, 0x00, 0x00, 0x00, 0x00,
    0x00, 0x00, 0x00, 0x00, 0x00, 0x00, 0x00, 0x00, 0x00, 0x00, 0x00, 0x00, 0x00, 0x00, 0x00, 0x00,
    0x00, 0x00, 0x00, 0x00, 0x00, 0x00, 0x00, 0x00, 0x00, 0x00, 0x00, 0x00, 0x00, 0x00, 0x00, 0x00,
    0x00, 0x00, 0x00, 0x00, 0x00, 0x00, 0x00, 0x00, 0x00, 0x00, 0x00, 0x00, 0x00, 0x00, 0x00, 0x00,
    0x00, 0x00, 0x00, 0x00, 0x00, 0x00, 0x00, 0x00, 0x00, 0x00, 0x00, 0x00, 0x00, 0x00, 0x00, 0x00,
    0x00, 0x00, 0x00, 0x00, 0x00, 0x00, 0x00, 0x00, 0x00, 0x00, 0x00, 0x00, 0x00, 0x00, 0x00, 0x00,
    0x00, 0x00, 0x00, 0x00, 0x00, 0x00, 0x00, 0x00, 0x00, 0x00, 0x00, 0x00, 0x00, 0x00, 0x00, 0x00,
    0x00, 0x00, 0x00, 0x00, 0x00, 0x00, 0x00, 0x00, 0x00, 0x00, 0x00, 0x00, 0x00, 0x00, 0x00, 0x00,
    0x00, 0x00, 0x00, 0x00, 0x00, 0x00, 0x00, 0x00, 0x00, 0x00, 0x00, 0x00, 0x00, 0x00, 0x00, 0x00,
    0x00, 0x00, 0x00, 0x00, 0x00, 0x00, 0x00, 0x00, 0x00, 0x00, 0x00, 0x00, 0x00, 0x00, 0x00, 0x00,
    0x00, 0x00, 0x00, 0x00, 0x00, 0x00, 0x00, 0x00, 0x00, 0x00, 0x00, 0x00, 0x00, 0x00, 0x00, 0x00,
    0x00, 0x00, 0x00, 0x00, 0x00, 0x00, 0x00, 0x00, 0x00, 0x00, 0x00, 0x00, 0x00, 0x00, 0x00, 0x00,
    0x00, 0x00, 0x00, 0x00, 0x00, 0x00, 0x00, 0x00, 0x00, 0x00, 0x00, 0x00, 0x00, 0x00, 0x00, 0x00,
    0x00, 0x00, 0x00, 0x00, 0x00, 0x00, 0x00, 0x00, 0x00, 0x00, 0x00, 0x00, 0x00, 0x00, 0x00, 0x00,
    0x00, 0x00, 0x00, 0x00, 0x00, 0x00, 0x00, 0x00, 0x00, 0x00, 0x00, 0x00, 0x00, 0x00, 0x00, 0x00,
    0x00, 0x00, 0x00, 0x00, 0x00, 0x00, 0x00, 0x00, 0x00, 0x00, 0x00, 0x00, 0x00, 0x00, 0x00, 0x00,
    0x00, 0x00, 0x00, 0x00, 0x00, 0x00, 0x00, 0x00, 0x00, 0x00, 0x00, 0x00, 0x00, 0x00, 0x00, 0x00,
    0x00, 0x00, 0x00, 0x00, 0x00, 0x00, 0x00, 0x00, 0x00, 0x00, 0x00, 0x00, 0x00, 0x00, 0x00, 0x00,
    0x00, 0x00, 0x00, 0x00, 0x00, 0x00, 0x00, 0x00, 0x00, 0x00, 0x00, 0x00, 0x00, 0x00, 0x00, 0x00,
    0x00, 0x00, 0x00, 0x00, 0x00, 0x00, 0x00, 0x00, 0x00, 0x00, 0x00, 0x00, 0x00, 0x00, 0x00, 0x00,
    0x00, 0x00, 0x00, 0x00, 0x00, 0x00, 0x00, 0x00, 0x00, 0x00, 0x00, 0x00, 0x00, 0x00, 0x00, 0x00,
    0x00, 0x00, 0x00, 0x00, 0x00, 0x00, 0x00, 0x00, 0x00, 0x00, 0x00, 0x00, 0x00, 0x00, 0x00, 0x00,
    0x00, 0x00, 0x00, 0x00, 0x00, 0x00, 0x00, 0x00, 0x00, 0x00, 0x00, 0x00, 0x00, 0x00, 0x00, 0x00,
    0x00, 0x00, 0x00, 0x00, 0x00, 0x00, 0x00, 0x00, 0x00, 0x00, 0x00, 0x00, 0x00, 0x00, 0x00, 0x00,
    0x00, 0x00, 0x00, 0x00, 0x00, 0x00, 0x00, 0x00, 0x00, 0x00, 0x00, 0x00, 0x00, 0x00, 0x00, 0x00,
    0x00, 0x00, 0x00, 0x00, 0x00, 0x00, 0x00, 0x00, 0x00, 0x00, 0x00, 0x00, 0x00, 0x00, 0x00, 0x00,
    0x00, 0x00, 0x00, 0x00, 0x00, 0x00, 0x00, 0x00, 0x00, 0x00, 0x00, 0x00, 0x00, 0x00, 0x00, 0x00,
    0x00, 0x00, 0x00, 0x00, 0x00, 0x00, 0x00, 0x00, 0x00, 0x00, 0x00, 0x00, 0x00, 0x00, 0x00, 0x00,
    0x00, 0x00, 0x00, 0x00, 0x00, 0x00, 0x00, 0x00, 0x00, 0x00, 0x00, 0x00, 0x00, 0x00, 0x00, 0x00,
    0x00, 0x00, 0x00, 0x00, 0x00, 0x00, 0x00, 0x00, 0x00, 0x00, 0x00, 0x00, 0x00, 0x00, 0x00, 0x00,
    0x00, 0x00, 0x00, 0x00, 0x00, 0x00, 0x00, 0x00, 0x00, 0x00, 0x00, 0x00, 0x00, 0x00, 0x00, 0x00,
    0x00, 0x00, 0x00, 0x00, 0x00, 0x00, 0x00, 0x00, 0x00, 0x00, 0x00, 0x00, 0x00, 0x00, 0x00, 0x00,
    0x00, 0x00, 0x00, 0x00, 0x00, 0x00, 0x00, 0x00, 0x00, 0x00, 0x00, 0x00, 0x00, 0x00, 0x00, 0x00,
    0x00, 0x00, 0x00, 0x00, 0x00, 0x00, 0x00, 0x00, 0x00, 0x00, 0x00, 0x00, 0x00, 0x00, 0x00, 0x00,
    0x00, 0x00, 0x00, 0x00, 0x00, 0x00, 0x00, 0x00, 0x00, 0x00, 0x00, 0x00, 0x00, 0x00, 0x00, 0x00,
    0x00, 0x00, 0x00, 0x00, 0x00, 0x00, 0x00, 0x00, 0x00, 0x00, 0x00, 0x00, 0x00, 0x00, 0x00, 0x00,
    0x00, 0x00, 0x00, 0x00, 0x00, 0x00, 0x00, 0x00, 0x00, 0x00, 0x00, 0x00, 0x00, 0x00, 0x00, 0x00,
    0x00, 0x00, 0x00, 0x00, 0x00, 0x00, 0x00, 0x00, 0x00, 0x00, 0x00, 0x00, 0x00, 0x00, 0x00, 0x00,
    0x00, 0x00, 0x00, 0x00, 0x00, 0x00, 0x00, 0x00, 0x00, 0x00, 0x00, 0x00, 0x00, 0x00, 0x00, 0x00,
    0x00, 0x00, 0x00, 0x00, 0x00, 0x00, 0x00, 0x00, 0x00, 0x00, 0x00, 0x00, 0x00, 0x00, 0x00, 0x00,
    0x00, 0x00, 0x00, 0x00, 0x00, 0x00, 0x00, 0x00, 0x00, 0x00, 0x00, 0x00, 0x00, 0x00, 0x00, 0x00,
    0x00, 0x00, 0x00, 0x00, 0x00, 0x00, 0x00, 0x00, 0x00, 0x00, 0x00, 0x00, 0x00, 0x00, 0x00, 0x00,
    0x00, 0x00, 0x00, 0x00, 0x00, 0x00, 0x00, 0x00, 0x00, 0x00, 0x00, 0x00, 0x00, 0x00, 0x00, 0x00,
    0x00, 0x00, 0x00, 0x08, 0x8d, 0x00, 0x01, 0x08, 0x1c, 0x48, 0xb0, 0xa0, 0xc1, 0x83, 0x08, 0x13,
    0x2a, 0x5c, 0xc8, 0xb0, 0xa1, 0xc3, 0x87, 0x10, 0x23, 0x4a, 0x9c, 0x48, 0xb1, 0xa2, 0xc5, 0x8b,
    0x18, 0x33, 0x6a, 0xdc, 0x08, 0x20, 0xc0, 0x81, 0x8f, 0x08, 0x0e, 0x20, 0x18, 0x80, 0xd0, 0x23,
    0x48, 0x91, 0x24, 0x39, 0xaa, 0x94, 0x68, 0x52, 0x24, 0xca, 0x92, 0x1f, 0x5d, 0x8e, 0xec, 0xc8,
    0xe0, 0x81, 0xcd, 0x9b, 0x0e, 0x04, 0x18, 0x0c, 0x50, 0xf3, 0xa6, 0xcd, 0x9c, 0x2b, 0x83, 0x36,
    0xe4, 0xe9, 0xf3, 0xa7, 0xce, 0x82, 0x44, 0x8b, 0xe6, 0x0c, 0xe0, 0xa0, 0xa8, 0xcd, 0x94, 0x04,
    0x99, 0x3a, 0x7d, 0x00, 0x55, 0xa8, 0xd5, 0x9d, 0x4d, 0x9d, 0x56, 0x15, 0x28, 0x55, 0x2b, 0x80,
    0x01, 0x0b, 0xc2, 0x8a, 0x35, 0x80, 0x10, 0xac, 0xd8, 0xb0, 0x64, 0xaf, 0xaa, 0x35, 0x68, 0xf6,
    0x6c, 0x5a, 0xb6, 0x67, 0xd1, 0xae, 0x9d, 0x4b, 0xb7, 0xae, 0xdd, 0xbb, 0x78, 0xf3, 0xea, 0x9d,
    0x18, 0x10, 0x00, 0x21, 0xf9, 0x04, 0x04, 0x04, 0x00, 0x00, 0x00, 0x2c, 0x19, 0x00, 0x1f, 0x00,
    0x7e, 0x00, 0x0a, 0x00, 0x87, 0x00, 0x00, 0x00, 0x0d, 0x03, 0x03, 0x1a, 0x06, 0x06, 0x26, 0x09,
    0x0a, 0x33, 0x0d, 0x0d, 0x40, 0x10, 0x10, 0x4d, 0x13, 0x13, 0x5a, 0x16, 0x16, 0x66, 0x19, 0x1a,
    0x73, 0x1c, 0x1d, 0x80, 0x1f, 0x20, 0x8d, 0x22, 0x23, 0x9a, 0x26, 0x26, 0xa6, 0x29, 0x2a, 0xb3,
    0x2c, 0x2d, 0xc0, 0x2f, 0x30, 0x00, 0x00, 0x00, 0x00, 0x00, 0x00, 0x00, 0x00, 0x00, 0x00, 0x00,
    0x00, 0x00, 0x00, 0x00, 0x00, 0x00, 0x00, 0x00, 0x00, 0x00, 0x00, 0x00, 0x00, 0x00, 0x00, 0x00,
    0x00, 0x00, 0x00, 0x00, 0x00, 0x00, 0x00, 0x00, 0x00, 0x00, 0x00, 0x00, 0x00, 0x00, 0x00, 0x00,
    0x00, 0x00, 0x00, 0x00, 0x00, 0x00, 0x00, 0x00, 0x00, 0x00, 0x00, 0x00, 0x00, 0x00, 0x00, 0x00,
    0x00, 0x00, 0x00, 0x00, 0x00, 0x00, 0x00, 0x00, 0x00, 0x00, 0x00, 0x00, 0x00, 0x00, 0x00, 0x00,
    0x00, 0x00, 0x00, 0x00, 0x00, 0x00, 0x00, 0x00, 0x00, 0x00, 0x00, 0x00, 0x00, 0x00, 0x00, 0x00,
    0x00, 0x00, 0x00, 0x00, 0x00, 0x00, 0x00, 0x00, 0x00, 0x00, 0x00, 0x00, 0x00, 0x00, 0x00, 0x00,
    0x00, 0x00, 0x00, 0x00, 0x00, 0x00, 0x00, 0x00, 0x00, 0x00, 0x00, 0x00, 0x00, 0x00, 0x00, 0x00,
    0x00, 0x00, 0x00, 0x00, 0x00, 0x00, 0x00, 0x00, 0x00, 0x00, 0x00, 0x00, 0x00, 0x00, 0x00, 0x00,
    0x00, 0x00, 0x00, 0x00, 0x00, 0x00, 0x00, 0x00, 0x00, 0x00, 0x00, 0x00, 0x00, 0x00, 0x00, 0x00,
    0x00, 0x00, 0x00, 0x00, 0x00, 0x00, 0x00, 0x00, 0x00, 0x00, 0x00, 0x00, 0x00, 0x00, 0x00, 0x00,
    0x00, 0x00, 0x00, 0x00, 0x00, 0x00, 0x00, 0x00, 0x00, 0x00, 0x00, 0x00, 0x00, 0x00, 0x00, 0x00,
    0x00, 0x00, 0x00, 0x00, 0x00, 0x00, 0x00, 0x00, 0x00, 0x00, 0x00, 0x00, 0x00, 0x00, 0x00, 0x00,
    0x00, 0x00, 0x00, 0x00, 0x00, 0x00, 0x00, 0x00, 0x00, 0x00, 0x00, 0x00, 0x00, 0x00, 0x00, 0x00,
    0x00, 0x00, 0x00, 0x00, 0x00, 0x00, 0x00, 0x00, 0x00, 0x00, 0x00, 0x00, 0x00, 0x00, 0x00, 0x00,
    0x00, 0x00, 0x00, 0x00, 0x00, 0x00, 0x00, 0x00, 0x00, 0x00, 0x00, 0x00, 0x00, 0x00, 0x00, 0x00,
    0x00, 0x00, 0x00, 0x00, 0x00, 0x00, 0x00, 0x00, 0x00, 0x00, 0x00, 0x00, 0x00, 0x00, 0x00, 0x00,
    0x00, 0x00, 0x00, 0x00, 0x00, 0x00, 0x00, 0x00, 0x00, 0x00, 0x00, 0x00, 0x00, 0x00, 0x00, 0x00,
    0x00, 0x00, 0x00, 0x00, 0x00, 0x00, 0x00, 0x00, 0x00, 0x00, 0x00, 0x00, 0x00, 0x00, 0x00, 0x00,
    0x00, 0x00, 0x00, 0x00, 0x00, 0x00, 0x00, 0x00, 0x00, 0x00, 0x00, 0x00, 0x00, 0x00, 0x00, 0x00,
    0x00, 0x00, 0x00, 0x00, 0x00, 0x00, 0x00, 0x00, 0x00, 0x00, 0x00, 0x00, 0x00, 0x00, 0x00, 0x00,
    0x00, 0x00, 0x00, 0x00, 0x00, 0x00, 0x00, 0x00, 0x00, 0x00, 0x00, 0x00, 0x00, 0x00, 0x00, 0x00,
    0x00, 0x00, 0x00, 0x00, 0x00, 0x00, 0x00, 0x00, 0x00, 0x00, 0x00, 0x00, 0x00, 0x00, 0x00, 0x00,
    0x00, 0x00, 0x00, 0x00, 0x00, 0x00, 0x00, 0x00, 0x00, 0x00, 0x00, 0x00, 0x00, 0x00, 0x00, 0x00,
    0x00, 0x00, 0x00, 0x00, 0x00, 0x00, 0x00, 0x00, 0x00, 0x00, 0x00, 0x00, 0x00, 0x00, 0x00, 0x00,
    0x00, 0x00, 0x00, 0x00, 0x00, 0x00, 0x00, 0x00, 0x00, 0x00, 0x00, 0x00, 0x00, 0x00, 0x00, 0x00,
    0x00, 0x00, 0x00, 0x00, 0x00, 0x00, 0x00, 0x00, 0x00, 0x00, 0x00, 0x00, 0x00, 0x00, 0x00, 0x00,
    0x00, 0x00, 0x00, 0x00, 0x00, 0x00, 0x00, 0x00, 0x00, 0x00, 0x00, 0x00, 0x00, 0x00, 0x00, 0x00,
    0x00, 0x00, 0x00, 0x00, 0x00, 0x00, 0x00, 0x00, 0x00, 0x00, 0x00, 0x00, 0x00, 0x00, 0x00, 0x00,
    0x00, 0x00, 0x00, 0x00, 0x00, 0x00, 0x00, 0x00, 0x00, 0x00, 0x00, 0x00, 0x00, 0x00, 0x00, 0x00,
    0x00, 0x00, 0x00, 0x00, 0x00, 0x00, 0x00, 0x00, 0x00, 0x00, 0x00, 0x00, 0x00, 0x00, 0x00, 0x00,
    0x00, 0x00, 0x00, 0x00, 0x00, 0x00, 0x00, 0x00, 0x00, 0x00, 0x00, 0x00, 0x00, 0x00, 0x00, 0x00,
    0x00, 0x00, 0x00, 0x00, 0x00, 0x00, 0x00, 0x00, 0x00, 0x00, 0x00, 0x00, 0x00, 0x00, 0x00, 0x00,
    0x00, 0x00, 0x00, 0x00, 0x00, 0x00, 0x00, 0x00, 0x00, 0x00, 0x00, 0x00, 0x00, 0x00, 0x00, 0x00,
    0x00, 0x00, 0x00, 0x00, 0x00, 0x00, 0x00, 0x00, 0x00, 0x00, 0x00, 0x00, 0x00, 0x00, 0x00, 0x00,
    0x00, 0x00, 0x00, 0x00, 0x00, 0x00, 0x00, 0x00, 0x00, 0x00, 0x00, 0x00, 0x00, 0x00, 0x00, 0x00,
    0x00, 0x00, 0x00, 0x00, 0x00, 0x00, 0x00, 0x00, 0x00, 0x00, 0x00, 0x00, 0x00, 0x00, 0x00, 0x00,
    0x00, 0x00, 0x00, 0x00, 0x00, 0x00, 0x00, 0x00, 0x00, 0x00, 0x00, 0x00, 0x00, 0x00, 0x00, 0x00,
    0x00, 0x00, 0x00, 0x00, 0x00, 0x00, 0x00, 0x00, 0x00, 0x00, 0x00, 0x00, 0x00, 0x00, 0x00, 0x00,
    0x00, 0x00, 0x00, 0x00, 0x00, 0x00, 0x00, 0x00, 0x00, 0x00, 0x00, 0x00, 0x00, 0x00, 0x00, 0x00,
    0x00, 0x00, 0x00, 0x00, 0x00, 0x00, 0x00, 0x00, 0x00, 0x00, 0x00, 0x00, 0x00, 0x00, 0x00, 0x00,
    0x00, 0x00, 0x00, 0x00, 0x00, 0x00, 0x00, 0x00, 0x00, 0x00, 0x00, 0x00, 0x00, 0x00, 0x00, 0x00,
    0x00, 0x00, 0x00, 0x00, 0x00, 0x00, 0x00, 0x00, 0x00, 0x00, 0x00, 0x00, 0x00, 0x00, 0x00, 0x00,
    0x00, 0x00, 0x00, 0x00, 0x00, 0x00, 0x00, 0x00, 0x00, 0x00, 0x00, 0x00, 0x00, 0x00, 0x00, 0x00,
    0x00, 0x00, 0x00, 0x00, 0x00, 0x00, 0x00, 0x00, 0x00, 0x00, 0x00, 0x00, 0x00, 0x00, 0x00, 0x00,
    0x00, 0x00, 0x00, 0x00, 0x00, 0x08, 0xcb, 0x00, 0x01, 0x08, 0x1c, 0x40, 0xa0, 0xa0, 0xc0, 0x83,
    0x08, 0x0f, 0x12, 0x34, 0x98, 0xb0, 0xa1, 0xc3, 0x87, 0x10, 0x23, 0x4a, 0x9c, 0x28, 0x71, 0x21,
    0x81, 0x89, 0x16, 0x11, 0x06, 0x58, 0xf0, 0xa0, 0xe3, 0x03, 0x06, 0x03, 0x1e, 0x6e, 0xf4, 0xf8,
    0x31, 0x24, 0xc5, 0x93, 0x28, 0x53, 0xaa, 0x1c, 0xe9, 0x11, 0xa4, 0x48, 0x8e, 0x2d, 0x4d, 0x26,
    0x20, 0xd9, 0xb1, 0x41, 0x00, 0x87, 0x33, 0x69, 0xda, 0x54, 0xc9, 0xb3, 0xa7, 0x4f, 0x00, 0x39,
    0x49, 0xee, 0x6c, 0x18, 0xd4, 0xa3, 0xcd, 0x00, 0x0e, 0x68, 0x76, 0xbc, 0x98, 0x10, 0xa9, 0xd2,
    0x07, 0x4c, 0x7f, 0x4a, 0x9d, 0xda, 0xd0, 0xa9, 0xd2, 0xa8, 0x07, 0xad, 0xd2, 0x24, 0xa0, 0x95,
    0x24, 0x56, 0x81, 0x5d, 0x3d, 0x7e, 0xa5, 0x4a, 0xd6, 0x67, 0xd8, 0xa5, 0x55, 0x93, 0x5e, 0x3d,
    0x0b, 0x35, 0xed, 0xd3, 0xb1, 0x65, 0xe3, 0xa2, 0x64, 0x3b, 0x96, 0x2e, 0x5d, 0xb7, 0x57, 0xe5,
    0xea, 0x5d, 0xa9, 0x76, 0x2b, 0x5e, 0xbf, 0x30, 0x49, 0x3a, 0xb8, 0xd9, 0x30, 0xb0, 0xc7, 0xc1,
    0x7b, 0x13, 0x9f, 0x34, 0xdc, 0x11, 0x71, 0x61, 0xa5, 0x88, 0x07, 0x34, 0xa0, 0x69, 0xe0, 0xa1,
    0x64, 0xca, 0x8a, 0x33, 0x57, 0x9c, 0x4c, 0xb2, 0xb2, 0xc3, 0xcb, 0x9d, 0xb3, 0x1e, 0x18, 0x7d,
    0xc0, 0xa4, 0x48, 0xd2, 0xa5, 0x35, 0xab, 0x86, 0x18, 0x00, 0xb5, 0x69, 0x87, 0xad, 0x49, 0x9b,
    0x0c, 0x08, 0x00, 0x21, 0xf9, 0x04, 0x04, 0x04, 0x00, 0x00, 0x00, 0x2c, 0x19, 0x00, 0x1b, 0x00,
    0x7e, 0x00, 0x12, 0x00, 0x87, 0x00, 0x00, 0x00, 0x0d, 0x03, 0x03, 0x1a, 0x06, 0x06, 0x26, 0x09,
    0x0a, 0x33, 0x0d, 0x0d, 0x40, 0x10, 0x10, 0x4d, 0x13, 0x13, 0x5a, 0x16, 0x16, 0x66, 0x19, 0x1a,
    0x73, 0x1c, 0x1d, 0x80, 0x1f, 0x20, 0x8d, 0x22, 0x23, 0x9a, 0x26, 0x26, 0xa6, 0x29, 0x2a, 0xb3,
    0x2c, 0x2d, 0xc0, 0x2f, 0x30, 0x00, 0x00, 0x00, 0x00, 0x00, 0x00, 0x00, 0x00, 0x00, 0x00, 0x00,
    0x00, 0x00, 0x00, 0x00, 0x00, 0x00, 0x00, 0x00, 0x00, 0x00, 0x00, 0x00, 0x00, 0x00, 0x00, 0x00,
    0x00, 0x00, 0x00, 0x00, 0x00, 0x00, 0x00, 0x00, 0x00, 0x00, 0x00, 0x00, 0x00, 0x00, 0x00, 0x00,
    0x00, 0x00, 0x00, 0x00, 0x00, 0x00, 0x00, 0x00, 0x00, 0x00, 0x00, 0x00, 0x00, 0x00, 0x00, 0x00,
    0x00, 0x00, 0x00, 0x00, 0x00, 0x00, 0x00, 0x00, 0x00, 0x00, 0x00, 0x00, 0x00, 0x00, 0x00, 0x00,
    0x00, 0x00, 0x00, 0x00, 0x00, 0x00, 0x00, 0x00, 0x00, 0x00, 0x00, 0x00, 0x00, 0x00, 0x00, 0x00,
    0x00, 0x00, 0x00, 0x00, 0x00, 0x00, 0x00, 0x00, 0x00, 0x00, 0x00, 0x00, 0x00, 0x00, 0x00, 0x00,
    0x00, 0x00, 0x00, 0x00, 0x00, 0x00, 0x00, 0x00, 0x00, 0x00, 0x00, 0x00, 0x00, 0x00, 0x00, 0x00,
    0x00, 0x00, 0x00, 0x00, 0x00, 0x00, 0x00, 0x00, 0x00, 0x00, 0x00, 0x00, 0x00, 0x00, 0x00, 0x00,
    0x00, 0x00, 0x00, 0x00, 0x00, 0x00, 0x00, 0x00, 0x00, 0x00, 0x00, 0x00, 0x00, 0x00, 0x00, 0x00,
    0x00, 0x00, 0x00, 0x00, 0x00, 0x00, 0x00, 0x00, 0x00, 0x00, 0x00, 0x00, 0x00, 0x00, 0x00, 0x00,
    0x00, 0x00, 0x00, 0x00, 0x00, 0x00, 0x00, 0x00, 0x00, 0x00, 0x00, 0x00, 0x00, 0x00, 0x00, 0x00,
    0x00, 0x00, 0x00, 0x00, 0x00, 0x00, 0x00, 0x00, 0x00, 0x00, 0x00, 0x00, 0x00, 0x00, 0x00, 0x00,
    0x00, 0x00, 0x00, 0x00, 0x00, 0x00, 0x00, 0x00, 0x00, 0x00, 0x00, 0x00, 0x00, 0x00, 0x00, 0x00,
    0x00, 0x00, 0x00, 0x00, 0x00, 0x00, 0x00, 0x00, 0x00, 0x00, 0x00, 0x00, 0x00, 0x00, 0x00, 0x00,
    0x00, 0x00, 0x00, 0x00, 0x00, 0x00, 0x00, 0x00, 0x00, 0x00, 0x00, 0x00, 0x00, 0x00, 0x00, 0x00,
    0x00, 0x00, 0x00, 0x00, 0x00, 0x00, 0x00, 0x00, 0x00, 0x00, 0x00, 0x00, 0x00, 0x00, 0x00, 0x00,
    0x00, 0x00, 0x00, 0x00, 0x00, 0x00, 0x00, 0x00, 0x00, 0x00, 0x00, 0x00, 0x00, 0x00, 0x00, 0x00,
    0x00, 0x00, 0x00, 0x00, 0x00, 0x00, 0x00, 0x00, 0x00, 0x00, 0x00, 0x00, 0x00, 0x00, 0x00, 0x00,
    0x00, 0x00, 0x00, 0x00, 0x00, 0x00, 0x00, 0x00, 0x00, 0x00, 0x00, 0x00, 0x00, 0x00, 0x00, 0x00,
    0x00, 0x00, 0x00, 0x00, 0x00, 0x00, 0x00, 0x00, 0x00, 0x00, 0x00, 0x00, 0x00, 0x00, 0x00, 0x00,
    0x00, 0x00, 0x00, 0x00, 0x00, 0x00, 0x00, 0x00, 0x00, 0x00, 0x00, 0x00, 0x00, 0x00, 0x00, 0x00,
    0x00, 0x00, 0x00, 0x00, 0x00, 0x00, 0x00, 0x00, 0x00, 0x00, 0x00, 0x00, 0x00, 0x00, 0x00, 0x00,
    0x00, 0x00, 0x00, 0x00, 0x00, 0x00, 0x00, 0x00, 0x00, 0x00, 0x00, 0x00, 0x00, 0x00, 0x00, 0x00,
    0x00, 0x00, 0x00, 0x00, 0x00, 0x00, 0x00, 0x00, 0x00, 0x00, 0x00, 0x00, 0x00, 0x00, 0x00, 0x00,
    0x00, 0x00, 0x00, 0x00, 0x00, 0x00, 0x00, 0x00, 0x00, 0x00, 0x00, 0x00, 0x00, 0x00, 0x00, 0x00,
    0x00, 0x00, 0x00, 0x00, 0x00, 0x00, 0x00, 0x00, 0x00, 0x00, 0x00, 0x00, 0x00, 0x00, 0x00, 0x00,
    0x00, 0x00, 0x00, 0x00, 0x00, 0x00, 0x00, 0x00, 0x00, 0x00, 0x00, 0x00, 0x00, 0x00, 0x00, 0x00,
    0x00, 0x00, 0x00, 0x00, 0x00, 0x00, 0x00, 0x00, 0x00, 0x00, 0x00, 0x00, 0x00, 0x00, 0x00, 0x00,
    0x00, 0x00, 0x00, 0x00, 0x00, 0x00, 0x00, 0x00, 0x00, 0x00, 0x00, 0x00, 0x00, 0x00, 0x00, 0x00,
    0x00, 0x00, 0x00, 0x00, 0x00, 0x00, 0x00, 0x00, 0x00, 0x00, 0x00, 0x00, 0x00, 0x00, 0x00, 0x00,
    0x00, 0x00, 0x00, 0x00, 0x00, 0x00, 0x00, 0x00, 0x00, 0x00, 0x00, 0x00, 0x00, 0x00, 0x00, 0x00,
    0x00, 0x00, 0x00, 0x00, 0x00, 0x00, 0x00, 0x00, 0x00, 0x00, 0x00, 0x00, 0x00, 0x00, 0x00, 0x00,
    0x00, 0x00, 0x00, 0x00, 0x00, 0x00, 0x00, 0x00, 0x00, 0x00, 0x00, 0x00, 0x00, 0x00, 0x00, 0x00,
    0x00, 0x00, 0x00, 0x00, 0x00, 0x00, 0x00, 0x00, 0x00, 0x00, 0x00, 0x00, 0x00, 0x00, 0x00, 0x00,
    0x00, 0x00, 0x00, 0x00, 0x00, 0x00, 0x00, 0x00, 0x00, 0x00, 0x00, 0x00, 0x00, 0x00, 0x00, 0x00,
    0x00, 0x00, 0x00, 0x00, 0x00, 0x00, 0x00, 0x00, 0x00, 0x00, 0x00, 0x00, 0x00, 0x00, 0x00, 0x00,
    0x00, 0x00, 0x00, 0x00, 0x00, 0x00, 0x00, 0x00, 0x00, 0x00, 0x00, 0x00, 0x00, 0x00, 0x00, 0x00,
    0x00, 0x00, 0x00, 0x00, 0x00, 0x00, 0x00, 0x00, 0x00, 0x00, 0x00, 0x00, 0x00, 0x00, 0x00, 0x00,
    0x00, 0x00, 0x00, 0x00, 0x00, 0x00, 0x00, 0x00, 0x00, 0x00, 0x00, 0x00, 0x00, 0x00, 0x00, 0x00,
    0x00, 0x00, 0x00, 0x00, 0x00, 0x00, 0x00, 0x00, 0x00, 0x00, 0x00, 0x00, 0x00, 0x00, 0x00, 0x00,
    0x00, 0x00, 0x00, 0x00, 0x00, 0x00, 0x00, 0x00, 0x00, 0x00, 0x00, 0x00, 0x00, 0x00, 0x00, 0x00,
    0x00, 0x00, 0x00, 0x00, 0x00, 0x00, 0x00, 0x00, 0x00, 0x00, 0x00, 0x00, 0x00, 0x00, 0x00, 0x00,
    0x00, 0x00, 0x00, 0x00, 0x00, 0x00, 0x00, 0x00, 0x00, 0x00, 0x00, 0x00, 0x00, 0x00, 0x00, 0x00,
    0x00, 0x00, 0x00, 0x00, 0x00, 0x00, 0x00, 0x00, 0x00, 0x00, 0x00, 0x00, 0x00, 0x00, 0x00, 0x00,
    0x00, 0x00, 0x00, 0x00, 0x00, 0x08, 0xff, 0x00, 0x01, 0x00, 0x08, 0x70, 0xa0, 0xe0, 0x81, 0x01,
    0x02, 0x13, 0x2a, 0x1c, 0x68, 0xf0, 0xe0, 0xc2, 0x87, 0x10, 0x23, 0x4a, 0x9c, 0x48, 0xb1, 0xe2,
    0x44, 0x82, 0x06, 0x11, 0x4a, 0xc4, 0x58, 0x50, 0x23, 0x80, 0x01, 0x0d, 0x1e, 0x88, 0x14, 0x69,
    0x20, 0x22, 0xc8, 0x91, 0x24, 0x2d, 0xaa, 0x5c, 0xc9, 0xb2, 0xe5, 0xc7, 0x90, 0x28, 0x4b, 0x42,
    0x3c, 0x19, 0x53, 0xe0, 0x02, 0x94, 0x22, 0x1d, 0x04, 0x80, 0x78, 0x13, 0xa7, 0x4e, 0x97, 0x40,
    0x83, 0xba, 0xec, 0x89, 0xf2, 0xe7, 0x43, 0xa2, 0x23, 0x75, 0x06, 0x70, 0x80, 0x53, 0x24, 0x81,
    0x87, 0x4b, 0x9b, 0x3e, 0x78, 0x2a, 0xb4, 0xaa, 0x55, 0x88, 0x51, 0x9b, 0x52, 0x55, 0x98, 0x15,
    0x27, 0x81, 0xae, 0x28, 0xb7, 0x26, 0x04, 0x3b, 0x52, 0xec, 0xd5, 0xb3, 0x42, 0xc9, 0x3a, 0x85,
    0xca, 0x54, 0xab, 0xda, 0xa9, 0x6c, 0xa5, 0x9a, 0x45, 0x4b, 0x97, 0xe5, 0xdb, 0xb9, 0x77, 0xef,
    0xc6, 0xd5, 0x5a, 0xb7, 0x6f, 0x4b, 0xbd, 0x0b, 0xf3, 0xb6, 0xf5, 0xba, 0x97, 0xb0, 0xdf, 0xc3,
    0x15, 0x01, 0x73, 0x1d, 0x1c, 0x56, 0xf1, 0x58, 0xc6, 0x65, 0x11, 0x4b, 0xde, 0x08, 0x79, 0x6d,
    0xe0, 0xca, 0x53, 0x1d, 0x0b, 0xd4, 0x3c, 0xb9, 0x33, 0x67, 0xc1, 0x72, 0x0b, 0x87, 0xed, 0x4c,
    0xfa, 0x71, 0xe8, 0xcb, 0x72, 0x3f, 0x63, 0x9e, 0x5b, 0xfa, 0xb0, 0xea, 0xd4, 0xab, 0x45, 0x47,
    0x6e, 0xed, 0x39, 0x36, 0x6a, 0xb7, 0xb6, 0x17, 0x9f, 0xa6, 0x2d, 0xf9, 0x35, 0xee, 0xdd, 0xa6,
    0xf9, 0xf2, 0xee, 0x9d, 0x3b, 0x38, 0x61, 0x98, 0x38, 0x05, 0x40, 0x44, 0x8e, 0x52, 0xf9, 0x70,
    0xc9, 0xcc, 0x47, 0x3a, 0x5f, 0x18, 0x5d, 0xa4, 0xf2, 0x02, 0x4d, 0x11, 0x44, 0xc4, 0x8e, 0x53,
    0xfb, 0x73, 0xc9, 0xdc, 0x51, 0x7a, 0x1b, 0x7f, 0x18, 0x7e, 0xe4, 0x78, 0x02, 0x0a, 0x16, 0xa8,
    0x97, 0x19, 0x11, 0xbd, 0xfa, 0x05, 0xec, 0xbf, 0x23, 0x76, 0xbf, 0x7e, 0x22, 0x7d, 0xf8, 0x02,
    0x03, 0x02, 0x00, 0x21, 0xf9, 0x04, 0x04, 0x04, 0x00, 0x00, 0x00, 0x2c, 0x19, 0x00, 0x17, 0x00,
    0x7e, 0x00, 0x1b, 0x00, 0x87, 0x00, 0x00, 0x00, 0x0d, 0x03, 0x03, 0x1a, 0x06, 0x06, 0x26, 0x09,
    0x0a, 0x33, 0x0d, 0x0d, 0x40, 0x10, 0x10, 0x4d, 0x13, 0x13, 0x5a, 0x16, 0x16, 0x66, 0x19, 0x1a,
    0x73, 0x1c, 0x1d, 0x80, 0x1f, 0x20, 0x8d, 0x22, 0x23, 0x9a, 0x26, 0x26, 0xa6, 0x29, 0x2a, 0xb3,
    0x2c, 0x2d, 0xc0, 0x2f, 0x30, 0x00, 0x00, 0x00, 0x00, 0x00, 0x00, 0x00, 0x00, 0x00, 0x00, 0x00,
    0x00, 0x00, 0x00, 0x00, 0x00, 0x00, 0x00, 0x00, 0x00, 0x00, 0x00, 0x00, 0x00, 0x00, 0x00, 0x00,
    0x00, 0x00, 0x00, 0x00, 0x00, 0x00, 0x00, 0x00, 0x00, 0x00, 0x00, 0x00, 0x00, 0x00, 0x00, 0x00,
    0x00, 0x00, 0x00, 0x00, 0x00, 0x00, 0x00, 0x00, 0x00, 0x00, 0x00, 0x00, 0x00, 0x00, 0x00, 0x00,
    0x00, 0x00, 0x00, 0x00, 0x00, 0x00, 0x00, 0x00, 0x00, 0x00, 0x00, 0x00, 0x00, 0x00, 0x00, 0x00,
    0x00, 0x00, 0x00, 0x00, 0x00, 0x00, 0x00, 0x00, 0x00, 0x00, 0x00, 0x00, 0x00, 0x00, 0x00, 0x00,
    0x00, 0x00, 0x00, 0x00, 0x00, 0x00, 0x00, 0x00, 0x00, 0x00, 0x00, 0x00, 0x00, 0x00, 0x00, 0x00,
    0x00, 0x00, 0x00, 0x00, 0x00, 0x00, 0x00, 0x00, 0x00, 0x00, 0x00, 0x00, 0x00, 0x00, 0x00, 0x00,
    0x00, 0x00, 0x00, 0x00, 0x00, 0x00, 0x00, 0x00, 0x00, 0x00, 0x00, 0x00, 0x00, 0x00, 0x00, 0x00,
    0x00, 0x00, 0x00, 0x00, 0x00, 0x00, 0x00, 0x00, 0x00, 0x00, 0x00, 0x00, 0x00, 0x00, 0x00, 0x00,
    0x00, 0x00, 0x00, 0x00, 0x00, 0x00, 0x00, 0x00, 0x00, 0x00, 0x00, 0x00, 0x00, 0x00, 0x00, 0x00,
    0x00, 0x00, 0x00, 0x00, 0x00, 0x00, 0x00, 0x00, 0x00, 0x00, 0x00, 0x00, 0x00, 0x00, 0x00, 0x00,
    0x00, 0x00, 0x00, 0x00, 0x00, 0x00, 0x00, 0x00, 0x00, 0x00, 0x00, 0x00, 0x00, 0x00, 0x00, 0x00,
    0x00, 0x00, 0x00, 0x00, 0x00, 0x00, 0x00, 0x00, 0x00, 0x00, 0x00, 0x00, 0x00, 0x00, 0x00, 0x00,
    0x00, 0x00, 0x00, 0x00, 0x00, 0x00, 0x00, 0x00, 0x00, 0x00, 0x00, 0x00, 0x00, 0x00, 0x00, 0x00,
    0x00, 0x00, 0x00, 0x00, 0x00, 0x00, 0x00, 0x00, 0x00, 0x00, 0x00, 0x00, 0x00, 0x00, 0x00, 0x00,
    0x00, 0x00, 0x00, 0x00, 0x00, 0x00, 0x00, 0x00, 0x00, 0x00, 0x00, 0x00, 0x00, 0x00, 0x00, 0x00,
    0x00, 0x00, 0x00, 0x00, 0x00, 0x00, 0x00, 0x00, 0x00, 0x00, 0x00, 0x00, 0x00, 0x00, 0x00, 0x00,
    0x00, 0x00, 0x00, 0x00, 0x00, 0x00, 0x00, 0x00, 0x00, 0x00, 0x00, 0x00, 0x00, 0x00, 0x00, 0x00,
    0x00, 0x00, 0x00, 0x00, 0x00, 0x00, 0x00, 0x00, 0x00, 0x00, 0x00, 0x00, 0x00, 0x00, 0x00, 0x00,
    0x00, 0x00, 0x00, 0x00, 0x00, 0x00, 0x00, 0x00, 0x00, 0x00, 0x00, 0x00, 0x00, 0x00, 0x00, 0x00,
    0x00, 0x00, 0x00, 0x00, 0x00, 0x00, 0x00, 0x00, 0x00, 0x00, 0x00, 0x00, 0x00, 0x00, 0x00, 0x00,
    0x00, 0x00, 0x00, 0x00, 0x00, 0x00, 0x00, 0x00, 0x00, 0x00, 0x00, 0x00, 0x00, 0x00, 0x00, 0x00,
    0x00, 0x00, 0x00, 0x00, 0x00, 0x00, 0x00, 0x00, 0x00, 0x00, 0x00, 0x00, 0x00, 0x00, 0x00, 0x00,
    0x00, 0x00, 0x00, 0x00, 0x00, 0x00, 0x00, 0x00, 0x00, 0x00, 0x00, 0x00, 0x00, 0x00, 0x00, 0x00,
    0x00, 0x00, 0x00, 0x00, 0x00, 0x00, 0x00, 0x00, 0x00, 0x00, 0x00, 0x00, 0x00, 0x00, 0x00, 0x00,
    0x00, 0x00, 0x00, 0x00, 0x00, 0x00, 0x00, 0x00, 0x00, 0x00, 0x00, 0x00, 0x00, 0x00, 0x00, 0x00,
    0x00, 0x00, 0x00, 0x00, 0x00, 0x00, 0x00, 0x00, 0x00, 0x00, 0x00, 0x00, 0x00, 0x00, 0x00, 0x00,
    0x00, 0x00, 0x00, 0x00, 0x00, 0x00, 0x00, 0x00, 0x00, 0x00, 0x00, 0x00, 0x00, 0x00, 0x00, 0x00,
    0x00, 0x00, 0x00, 0x00, 0x00, 0x00, 0x00, 0x00, 0x00, 0x00, 0x00, 0x00, 0x00, 0x00, 0x00, 0x00,
    0x00, 0x00, 0x00, 0x00, 0x00, 0x00, 0x00, 0x00, 0x00, 0x00, 0x00, 0x00, 0x00, 0x00, 0x00, 0x00,
    0x00, 0x00, 0x00, 0x00, 0x00, 0x00, 0x00, 0x00, 0x00, 0x00, 0x00, 0x00, 0x00, 0x00, 0x00, 0x00,
    0x00, 0x00, 0x00, 0x00, 0x00, 0x00, 0x00, 0x00, 0x00, 0x00, 0x00, 0x00, 0x00, 0x00, 0x00, 0x00,
    0x00, 0x00, 0x00, 0x00, 0x00, 0x00, 0x00, 0x00, 0x00, 0x00, 0x00, 0x00, 0x00, 0x00, 0x00, 0x00,
    0x00, 0x00, 0x00, 0x00, 0x00, 0x00, 0x00, 0x00, 0x00, 0x00, 0x00, 0x00, 0x00, 0x00, 0x00, 0x00,
    0x00, 0x00, 0x00, 0x00, 0x00, 0x00, 0x00, 0x00, 0x00, 0x00, 0x00, 0x00, 0x00, 0x00, 0x00, 0x00,
    0x00, 0x00, 0x00, 0x00, 0x00, 0x00, 0x00, 0x00, 0x00, 0x00, 0x00, 0x00, 0x00, 0x00, 0x00, 0x00,
    0x00, 0x00, 0x00, 0x00, 0x00, 0x00, 0x00, 0x00, 0x00, 0x00, 0x00, 0x00, 0x00, 0x00, 0x00, 0x00,
    0x00, 0x00, 0x00, 0x00, 0x00, 0x00, 0x00, 0x00, 0x00, 0x00, 0x00, 0x00, 0x00, 0x00, 0x00, 0x00,
    0x00, 0x00, 0x00, 0x00, 0x00, 0x00, 0x00, 0x00, 0x00, 0x00, 0x00, 0x00, 0x00, 0x00, 0x00, 0x00,
    0x00, 0x00, 0x00, 0x00, 0x00, 0x00, 0x00, 0x00, 0x00, 0x00, 0x00, 0x00, 0x00, 0x00, 0x00, 0x00,
    0x00, 0x00, 0x00, 0x00, 0x00, 0x00, 0x00, 0x00, 0x00, 0x00, 0x00, 0x00, 0x00, 0x00, 0x00, 0x00,
    0x00, 0x00, 0x00, 0x00, 0x00, 0x00, 0x00, 0x00, 0x00, 0x00, 0x00, 0x00, 0x00, 0x00, 0x00, 0x00,
    0x00, 0x00, 0x00, 0x00, 0x00, 0x00, 0x00, 0x00, 0x00, 0x00, 0x00, 0x00, 0x00, 0x00, 0x00, 0x00,
    0x00, 0x00, 0x00, 0x00, 0x00, 0x00, 0x00, 0x00, 0x00, 0x00, 0x00, 0x00, 0x00, 0x00, 0x00, 0x00,
    0x00, 0x00, 0x00, 0x00, 0x00, 0x08, 0xff, 0x00, 0x01, 0x00, 0x20, 0xa0, 0x60, 0x81, 0x41, 0x03,
    0x02, 0x13, 0x2a, 0x1c, 0x58, 0xf0, 0xe0, 0xc2, 0x87, 0x10, 0x23, 0x4a, 0x9c, 0x48, 0xb1, 0xe2,
    0x44, 0x82, 0x06, 0x17, 0x20, 0x94, 0x88, 0xd1, 0xa1, 0xc0, 0x02, 0x0f, 0x42, 0x8a, 0x44, 0x10,
    0x11, 0xa4, 0xc8, 0x90, 0x24, 0x2d, 0xaa, 0x5c, 0xc9, 0xb2, 0xa5, 0xc9, 0x93, 0x29, 0x1f, 0xbe,
    0x1c, 0x29, 0xb0, 0xc1, 0x49, 0x91, 0x02, 0x20, 0xda, 0xbc, 0xf9, 0x20, 0x67, 0xcb, 0x9f, 0x40,
    0x83, 0xee, 0xbc, 0xe9, 0x73, 0xe1, 0xd0, 0x93, 0x02, 0x02, 0x38, 0xe0, 0xf9, 0x80, 0xc0, 0x43,
    0xa5, 0x4c, 0x9d, 0x06, 0x9d, 0x4a, 0x75, 0x22, 0x54, 0x9e, 0x52, 0x15, 0x5e, 0xbd, 0x49, 0x60,
    0xeb, 0xc9, 0xac, 0x09, 0xbd, 0x8a, 0x04, 0x5b, 0xb5, 0x6c, 0x55, 0xb1, 0x21, 0xc9, 0x02, 0x40,
    0xdb, 0x94, 0xad, 0x5a, 0xb7, 0x66, 0xe3, 0x9e, 0x5d, 0x8a, 0xf5, 0x29, 0x5d, 0xae, 0x70, 0x17,
    0xe6, 0x95, 0xcb, 0xb7, 0xe5, 0xde, 0xb0, 0x77, 0xbf, 0xfe, 0x15, 0x38, 0xb8, 0xaf, 0x61, 0xab,
    0x81, 0xc7, 0xda, 0x8d, 0x5a, 0xb8, 0xf0, 0xe1, 0xc7, 0x7a, 0x13, 0xa7, 0x5d, 0x8c, 0xb5, 0xb1,
    0xe4, 0xa6, 0x90, 0x33, 0x43, 0xb4, 0xcc, 0xf8, 0xf2, 0x5b, 0xcf, 0x9a, 0x43, 0x03, 0x8e, 0x4a,
    0x19, 0x2f, 0xe8, 0xc8, 0xa4, 0x45, 0x87, 0xe6, 0x5c, 0xf9, 0xb4, 0x56, 0xd7, 0xaa, 0x21, 0xb3,
    0x36, 0x9d, 0xfa, 0x75, 0xed, 0xd8, 0x8f, 0x67, 0x0b, 0x86, 0x4d, 0x98, 0x37, 0xee, 0xbe, 0xba,
    0xc7, 0x06, 0x9f, 0xfc, 0x3b, 0xb7, 0x6f, 0xb7, 0xc3, 0x31, 0x17, 0x3f, 0x9c, 0xbc, 0xeb, 0x71,
    0xdf, 0xcb, 0xcd, 0x36, 0x6f, 0x1e, 0xdd, 0xf0, 0xf4, 0xe7, 0xb7, 0xab, 0x4b, 0xc7, 0xde, 0x3a,
    0xfb, 0x5a, 0xe8, 0xda, 0xa7, 0x5e, 0x57, 0xf7, 0xee, 0x38, 0x7c, 0xd0, 0xf1, 0x75, 0x51, 0xa7,
    0x37, 0x5f, 0x16, 0xfd, 0xcd, 0x01, 0xa5, 0x4f, 0xc2, 0x67, 0xdf, 0xfe, 0xf2, 0x7c, 0xdb, 0x3c,
    0xe1, 0x1f, 0xe0, 0xb9, 0x20, 0xe2, 0xfe, 0x9b, 0xfd, 0xd1, 0x67, 0xd6, 0x7f, 0x27, 0x05, 0xf8,
    0x10, 0x81, 0x22, 0x19, 0x78, 0x40, 0x03, 0x0e, 0x34, 0x98, 0x40, 0x00, 0x12, 0x2d, 0xd8, 0xa0,
    0x03, 0x0f, 0x0a, 0x18, 0x97, 0x84, 0x0e, 0x42, 0xe8, 0x1f, 0x83, 0x19, 0x6a, 0x15, 0xc0, 0x87,
    0x15, 0x7d, 0x08, 0xa2, 0x85, 0x72, 0x89, 0xa8, 0xa1, 0x55, 0x22, 0x26, 0x14, 0x10, 0x00, 0x21,
    0xf9, 0x04, 0x04, 0x18, 0x00, 0x00, 0x00, 0x2c, 0x19, 0x00, 0x12, 0x00, 0x7e, 0x00, 0x24, 0x00,
    0x87, 0x00, 0x00, 0x00, 0x0d, 0x03, 0x03, 0x1a, 0x06, 0x06, 0x26, 0x09, 0x0a, 0x33, 0x0d, 0x0d,
    0x40, 0x10, 0x10, 0x4d, 0x13, 0x13, 0x5a, 0x16, 0x16, 0x66, 0x19, 0x1a, 0x73, 0x1c, 0x1d, 0x80,
    0x1f, 0x20, 0x8d, 0x22, 0x23, 0x9a, 0x26, 0x26, 0xa6, 0x29, 0x2a, 0xb3, 0x2c, 0x2d, 0xc0, 0x2f,
    0x30, 0x00, 0x00, 0x00, 0x00, 0x00, 0x00, 0x00, 0x00, 0x00, 0x00, 0x00, 0x00, 0x00, 0x00, 0x00,
    0x00, 0x00, 0x00, 0x00, 0x00, 0x00, 0x00, 0x00, 0x00, 0x00, 0x00, 0x00, 0x00, 0x00, 0x00, 0x00,
    0x00, 0x00, 0x00, 0x00, 0x00, 0x00, 0x00, 0x00, 0x00, 0x00, 0x00, 0x00, 0x00, 0x00, 0x00, 0x00,
    0x00, 0x00, 0x00, 0x00, 0x00, 0x00, 0x00, 0x00, 0x00, 0x00, 0x00, 0x00, 0x00, 0x00, 0x00, 0x00,
    0x00, 0x00, 0x00, 0x00, 0x00, 0x00, 0x00, 0x00, 0x00, 0x00, 0x00, 0x00, 0x00, 0x00, 0x00, 0x00,
    0x00, 0x00, 0x00, 0x00, 0x00, 0x00, 0x00, 0x00, 0x00, 0x00, 0x00, 0x00, 0x00, 0x00, 0x00, 0x00,
    0x00, 0x00, 0x00, 0x00, 0x00, 0x00, 0x00, 0x00, 0x00, 0x00, 0x00, 0x00, 0x00, 0x00, 0x00, 0x00,
    0x00, 0x00, 0x00, 0x00, 0x00, 0x00, 0x00, 0x00, 0x00, 0x00, 0x00, 0x00, 0x00, 0x00, 0x00, 0x00,
    0x00, 0x00, 0x00, 0x00, 0x00, 0x00, 0x00, 0x00, 0x00, 0x00, 0x00, 0x00, 0x00, 0x00, 0x00, 0x00,
    0x00, 0x00, 0x00, 0x00, 0x00, 0x00, 0x00, 0x00, 0x00, 0x00, 0x00, 0x00, 0x00, 0x00, 0x00, 0x00,
    0x00, 0x00, 0x00, 0x00, 0x00, 0x00, 0x00, 0x00, 0x00, 0x00, 0x00, 0x00, 0x00, 0x00, 0x00, 0x00,
    0x00, 0x00, 0x00, 0x00, 0x00, 0x00, 0x00, 0x00, 0x00, 0x00, 0x00, 0x00, 0x00, 0x00, 0x00, 0x00,
    0x00, 0x00, 0x00, 0x00, 0x00, 0x00, 0x00, 0x00, 0x00, 0x00, 0x00, 0x00, 0x00, 0x00, 0x00, 0x00,
    0x00, 0x00, 0x00, 0x00, 0x00, 0x00, 0x00, 0x00, 0x00, 0x00, 0x00, 0x00, 0x00, 0x00, 0x00, 0x00,
    0x00, 0x00, 0x00, 0x00, 0x00, 0x00, 0x00, 0x00, 0x00, 0x00, 0x00, 0x00, 0x00, 0x00, 0x00, 0x00,
    0x00, 0x00, 0x00, 0x00, 0x00, 0x00, 0x00, 0x00, 0x00, 0x00, 0x00, 0x00, 0x00, 0x00, 0x00, 0x00,
    0x00, 0x00, 0x00, 0x00, 0x00, 0x00, 0x00, 0x00, 0x00, 0x00, 0x00, 0x00, 0x00, 0x00, 0x00, 0x00,
    0x00, 0x00, 0x00, 0x00, 0x00, 0x00, 0x00, 0x00, 0x00, 0x00, 0x00, 0x00, 0x00, 0x00, 0x00, 0x00,
    0x00, 0x00, 0x00, 0x00, 0x00, 0x00, 0x00, 0x00, 0x00, 0x00, 0x00, 0x00, 0x00, 0x00, 0x00, 0x00,
    0x00, 0x00, 0x00, 0x00, 0x00, 0x00, 0x00, 0x00, 0x00, 0x00, 0x00, 0x00, 0x00, 0x00, 0x00, 0x00,
    0x00, 0x00, 0x00, 0x00, 0x00, 0x00, 0x00, 0x00, 0x00, 0x00, 0x00, 0x00, 0x00, 0x00, 0x00, 0x00,
    0x00, 0x00, 0x00, 0x00, 0x00, 0x00, 0x00, 0x00, 0x00, 0x00, 0x00, 0x00, 0x00, 0x00, 0x00, 0x00,
    0x00, 0x00, 0x00, 0x00, 0x00, 0x00, 0x00, 0x00, 0x00, 0x00, 0x00, 0x00, 0x00, 0x00, 0x00, 0x00,
    0x00, 0x00, 0x00, 0x00, 0x00, 0x00, 0x00, 0x00, 0x00, 0x00, 0x00, 0x00, 0x00, 0x00, 0x00, 0x00,
    0x00, 0x00, 0x00, 0x00, 0x00, 0x00, 0x00, 0x00, 0x00, 0x00, 0x00, 0x00, 0x00, 0x00, 0x00, 0x00,
    0x00, 0x00, 0x00, 0x00, 0x00, 0x00, 0x00, 0x00, 0x00, 0x00, 0x00, 0x00, 0x00, 0x00, 0x00, 0x00,
    0x00, 0x00, 0x00, 0x00, 0x00, 0x00, 0x00, 0x00, 0x00, 0x00, 0x00, 0x00, 0x00, 0x00, 0x00, 0x00,
    0x00, 0x00, 0x00, 0x00, 0x00, 0x00, 0x00, 0x00, 0x00, 0x00, 0x00, 0x00, 0x00, 0x00, 0x00, 0x00,
    0x00, 0x00, 0x00, 0x00, 0x00, 0x00, 0x00, 0x00, 0x00, 0x00, 0x00, 0x00, 0x00, 0x00, 0x00, 0x00,
    0x00, 0x00, 0x00, 0x00, 0x00, 0x00, 0x00, 0x00, 0x00, 0x00, 0x00, 0x00, 0x00, 0x00, 0x00, 0x00,
    0x00, 0x00, 0x00, 0x00, 0x00, 0x00, 0x00, 0x00, 0x00, 0x00, 0x00, 0x00, 0x00, 0x00, 0x00, 0x00,
    0x00, 0x00, 0x00, 0x00, 0x00, 0x00, 0x00, 0x00, 0x00, 0x00, 0x00, 0x00, 0x00, 0x00, 0x00, 0x00,
    0x00, 0x00, 0x00, 0x00, 0x00, 0x00, 0x00, 0x00, 0x00, 0x00, 0x00, 0x00, 0x00, 0x00, 0x00, 0x00,
    0x00, 0x00, 0x00, 0x00, 0x00, 0x00, 0x00, 0x00, 0x00, 0x00, 0x00, 0x00, 0x00, 0x00, 0x00, 0x00,
    0x00, 0x00, 0x00, 0x00, 0x00, 0x00, 0x00, 0x00, 0x00, 0x00, 0x00, 0x00, 0x00, 0x00, 0x00, 0x00,
    0x00, 0x00, 0x00, 0x00, 0x00, 0x00, 0x00, 0x00, 0x00, 0x00, 0x00, 0x00, 0x00, 0x00, 0x00, 0x00,
    0x00, 0x00, 0x00, 0x00, 0x00, 0x00, 0x00, 0x00, 0x00, 0x00, 0x00, 0x00, 0x00, 0x00, 0x00, 0x00,
    0x00, 0x00, 0x00, 0x00, 0x00, 0x00, 0x00, 0x00, 0x00, 0x00, 0x00, 0x00, 0x00, 0x00, 0x00, 0x00,
    0x00, 0x00, 0x00, 0x00, 0x00, 0x00, 0x00, 0x00, 0x00, 0x00, 0x00, 0x00, 0x00, 0x00, 0x00, 0x00,
    0x00, 0x00, 0x00, 0x00, 0x00, 0x00, 0x00, 0x00, 0x00, 0x00, 0x00, 0x00, 0x00, 0x00, 0x00, 0x00,
    0x00, 0x00, 0x00, 0x00, 0x00, 0x00, 0x00, 0x00, 0x00, 0x00, 0x00, 0x00, 0x00, 0x00, 0x00, 0x00,
    0x00, 0x00, 0x00, 0x00, 0x00, 0x00, 0x00, 0x00, 0x00, 0x00, 0x00, 0x00, 0x00, 0x00, 0x00, 0x00,
    0x00, 0x00, 0x00, 0x00, 0x00, 0x00, 0x00, 0x00, 0x00, 0x00, 0x00, 0x00, 0x00, 0x00, 0x00, 0x00,
    0x00, 0x00, 0x00, 0x00, 0x00, 0x00, 0x00, 0x00, 0x00, 0x00, 0x00, 0x00, 0x00, 0x00, 0x00, 0x00,
    0x00, 0x00, 0x00, 0x00, 0x00, 0x00, 0x00, 0x00, 0x00, 0x00, 0x00, 0x00, 0x00, 0x00, 0x00, 0x00,
    0x00, 0x08, 0xff, 0x00, 0x01, 0x08, 0x0c, 0x40, 0x30, 0x80, 0xc0, 0x83, 0x08, 0x0f, 0x16, 0x34,
    0x98, 0xb0, 0xa1, 0xc3, 0x87, 0x10, 0x23, 0x4a, 0x9c, 0x28, 0x71, 0xe1, 0x44, 0x8b, 0x08, 0x0f,
    0x34, 0x70, 0xc0, 0x31, 0x01, 0x43, 0x87, 0x1a, 0x39, 0x3a, 0xf0, 0x48, 0xb1, 0xa4, 0xc9, 0x93,
    0x28, 0x05, 0x86, 0xec, 0xf8, 0xb1, 0xe1, 0xca, 0x91, 0x0c, 0x0f, 0x3c, 0x98, 0x49, 0x73, 0xc1,
    0x43, 0x99, 0x34, 0x67, 0xda, 0x4c, 0xc9, 0xb3, 0x67, 0x4a, 0x9c, 0x39, 0x77, 0xba, 0xcc, 0xa9,
    0x13, 0x40, 0x00, 0x07, 0x44, 0x67, 0x0e, 0x68, 0x78, 0x34, 0xe9, 0x83, 0xa5, 0x3e, 0xa3, 0x4a,
    0x75, 0xd8, 0x34, 0x29, 0x54, 0x84, 0x55, 0x89, 0x0e, 0xc8, 0x9a, 0x93, 0x00, 0x53, 0xa4, 0x49,
    0xbd, 0x4e, 0x1d, 0x3b, 0x95, 0x2b, 0x4d, 0xb1, 0x58, 0xc1, 0x12, 0x25, 0x60, 0x76, 0x26, 0x5a,
    0x85, 0x6a, 0xbb, 0x92, 0x9d, 0xeb, 0xb3, 0xed, 0x83, 0xb7, 0x03, 0xe3, 0x9e, 0xb5, 0x8b, 0xd7,
    0xa8, 0x5e, 0xb7, 0x74, 0x03, 0xa3, 0xe4, 0xfb, 0xd5, 0x29, 0xdb, 0xbf, 0x77, 0x0b, 0x87, 0x15,
    0xcc, 0x98, 0x22, 0xe1, 0x84, 0x7c, 0x1f, 0xa7, 0x35, 0xdc, 0xb8, 0x32, 0x44, 0xc9, 0x70, 0x0d,
    0x63, 0xce, 0x4b, 0xd9, 0xb2, 0xe7, 0xc9, 0x8b, 0x21, 0x23, 0x3e, 0xdc, 0x19, 0xf4, 0xda, 0xcf,
    0xa8, 0xfd, 0x96, 0xce, 0x1c, 0x76, 0xb3, 0xea, 0xd0, 0xa9, 0x2d, 0xbb, 0x8e, 0x3c, 0x5a, 0xf1,
    0xe9, 0xd8, 0xb2, 0x6b, 0x8b, 0xd6, 0xac, 0xdb, 0xb4, 0x5c, 0xdc, 0x95, 0x67, 0x8f, 0x16, 0xbe,
    0x1a, 0x78, 0x60, 0xe2, 0xad, 0x7b, 0xb3, 0xbe, 0x6d, 0x5c, 0x30, 0xf2, 0xb5, 0xcf, 0x7f, 0x37,
    0x3f, 0xae, 0x9c, 0x73, 0xf2, 0xe2, 0xaf, 0x99, 0x4f, 0x9f, 0x1b, 0x7d, 0x6f, 0xf5, 0xec, 0xd2,
    0xb7, 0x93, 0xa1, 0xed, 0xee, 0x96, 0x7c, 0x62, 0xf1, 0xdc, 0xbf, 0xd3, 0xc6, 0xee, 0x1a, 0x7d,
    0x5d, 0xf5, 0xc3, 0xe1, 0x63, 0x77, 0xdf, 0xd3, 0x3c, 0x69, 0xd8, 0xcb, 0xc3, 0xd3, 0x7f, 0xcf,
    0x3e, 0x7e, 0xff, 0xf9, 0xfb, 0x0d, 0x26, 0xdf, 0x75, 0xf8, 0x59, 0xa7, 0x5d, 0x80, 0x3c, 0xd9,
    0x67, 0x1f, 0x82, 0x51, 0x29, 0x38, 0xe0, 0x81, 0x0c, 0x9e, 0xe4, 0xe0, 0x7f, 0x05, 0x46, 0x68,
    0xd2, 0x84, 0x15, 0xb6, 0x67, 0xe1, 0x45, 0x0f, 0x76, 0xb5, 0xe0, 0x86, 0x02, 0x52, 0x08, 0x5d,
    0x87, 0x67, 0x81, 0x18, 0x62, 0x86, 0xfe, 0xa1, 0x08, 0xa0, 0x89, 0x0f, 0x61, 0x08, 0xa1, 0x86,
    0x2c, 0x52, 0x45, 0x22, 0x60, 0x09, 0x24, 0xd5, 0x40, 0x4b, 0x07, 0xd5, 0x48, 0xd4, 0x8d, 0x31,
    0x9a, 0xa4, 0x63, 0x4e, 0x3c, 0x36, 0xf4, 0x23, 0x4d, 0x3c, 0x06, 0xb0, 0x40, 0x4e, 0x0c, 0x5c,
    0x05, 0xd9, 0x91, 0x34, 0x25, 0xd9, 0xe3, 0x85, 0x4c, 0xce, 0xe4, 0x24, 0x55, 0x51, 0x3e, 0x30,
    0xa5, 0x40, 0x03, 0x10, 0xa0, 0xe5, 0x44, 0x59, 0x6e, 0xf9, 0x24, 0x4a, 0x5d, 0xf6, 0xd5, 0x50,
    0x98, 0x07, 0x05, 0x04, 0x00, 0x21, 0xf9, 0x04, 0x04, 0x0c, 0x00, 0x00, 0x00, 0x2c, 0x19, 0x00,
    0x12, 0x00, 0x7e, 0x00, 0x24, 0x00, 0x87, 0x00, 0x00, 0x00, 0x0d, 0x03, 0x03, 0x1a, 0x06, 0x06,
    0x26, 0x09, 0x0a, 0x33, 0x0d, 0x0d, 0x40, 0x10, 0x10, 0x4d, 0x13, 0x13, 0x5a, 0x16, 0x16, 0x66,
    0x19, 0x1a, 0x73, 0x1c, 0x1d, 0x80, 0x1f, 0x20, 0x8d, 0x22, 0x23, 0x9a, 0x26, 0x26, 0xa6, 0x29,
    0x2a, 0xb3, 0x2c, 0x2d, 0xc0, 0x2f, 0x30, 0x00, 0x00, 0x00, 0x00, 0x00, 0x00, 0x00, 0x00, 0x00,
    0x00, 0x00, 0x00, 0x00, 0x00, 0x00, 0x00, 0x00, 0x00, 0x00, 0x00, 0x00, 0x00, 0x00, 0x00, 0x00,
    0x00, 0x00, 0x00, 0x00, 0x00, 0x00, 0x00, 0x00, 0x00, 0x00, 0x00, 0x00, 0x00, 0x00, 0x00, 0x00,
    0x00, 0x00, 0x00, 0x00, 0x00, 0x00, 0x00, 0x00, 0x00, 0x00, 0x00, 0x00, 0x00, 0x00, 0x00, 0x00,
    0x00, 0x00, 0x00, 0x00, 0x00, 0x00, 0x00, 0x00, 0x00, 0x00, 0x00, 0x00, 0x00, 0x00, 0x00, 0x00,
    0x00, 0x00, 0x00, 0x00, 0x00, 0x00, 0x00, 0x00, 0x00, 0x00, 0x00, 0x00, 0x00, 0x00, 0x00, 0x00,
    0x00, 0x00, 0x00, 0x00, 0x00, 0x00, 0x00, 0x00, 0x00, 0x00, 0x00, 0x00, 0x00, 0x00, 0x00, 0x00,
    0x00, 0x00, 0x00, 0x00, 0x00, 0x00, 0x00, 0x00, 0x00, 0x00, 0x00, 0x00, 0x00, 0x00, 0x00, 0x00,
    0x00, 0x00, 0x00, 0x00, 0x00, 0x00, 0x00, 0x00, 0x00, 0x00, 0x00, 0x00, 0x00, 0x00, 0x00, 0x00,
    0x00, 0x00, 0x00, 0x00, 0x00, 0x00, 0x00, 0x00, 0x00, 0x00, 0x00, 0x00, 0x00, 0x00, 0x00, 0x00,
    0x00, 0x00, 0x00, 0x00, 0x00, 0x00, 0x00, 0x00, 0x00, 0x00, 0x00, 0x00, 0x00, 0x00, 0x00, 0x00,
    0x00, 0x00, 0x00, 0x00, 0x00, 0x00, 0x00, 0x00, 0x00, 0x00, 0x00, 0x00, 0x00, 0x00, 0x00, 0x00,
    0x00, 0x00, 0x00, 0x00, 0x00, 0x00, 0x00, 0x00, 0x00, 0x00, 0x00, 0x00, 0x00, 0x00, 0x00, 0x00,
    0x00, 0x00, 0x00, 0x00, 0x00, 0x00, 0x00, 0x00, 0x00, 0x00, 0x00, 0x00, 0x00, 0x00, 0x00, 0x00,
    0x00, 0x00, 0x00, 0x00, 0x00, 0x00, 0x00, 0x00, 0x00, 0x00, 0x00, 0x00, 0x00, 0x00, 0x00, 0x00,
    0x00, 0x00, 0x00, 0x00, 0x00, 0x00, 0x00, 0x00, 0x00, 0x00, 0x00, 0x00, 0x00, 0x00, 0x00, 0x00,
    0x00, 0x00, 0x00, 0x00, 0x00, 0x00, 0x00, 0x00, 0x00, 0x00, 0x00, 0x00, 0x00, 0x00, 0x00, 0x00,
    0x00, 0x00, 0x00, 0x00, 0x00, 0x00, 0x00, 0x00, 0x00, 0x00, 0x00, 0x00, 0x00, 0x00, 0x00, 0x00,
    0x00, 0x00, 0x00, 0x00, 0x00, 0x00, 0x00, 0x00, 0x00, 0x00, 0x00, 0x00, 0x00, 0x00, 0x00, 0x00,
    0x00, 0x00, 0x00, 0x00, 0x00, 0x00, 0x00, 0x00, 0x00, 0x00, 0x00, 0x00, 0x00, 0x00, 0x00, 0x00,
    0x00, 0x00, 0x00, 0x00, 0x00, 0x00, 0x00, 0x00, 0x00, 0x00, 0x00, 0x00, 0x00, 0x00, 0x00, 0x00,
    0x00, 0x00, 0x00, 0x00, 0x00, 0x00, 0x00, 0x00, 0x00, 0x00, 0x00, 0x00, 0x00, 0x00, 0x00, 0x00,
    0x00, 0x00, 0x00, 0x00, 0x00, 0x00, 0x00, 0x00, 0x00, 0x00, 0x00, 0x00, 0x00, 0x00, 0x00, 0x00,
    0x00, 0x00, 0x00, 0x00, 0x00, 0x00, 0x00, 0x00, 0x00, 0x00, 0x00, 0x00, 0x00, 0x00, 0x00, 0x00,
    0x00, 0x00, 0x00, 0x00, 0x00, 0x00, 0x00, 0x00, 0x00, 0x00, 0x00, 0x00, 0x00, 0x00, 0x00, 0x00,
    0x00, 0x00, 0x00, 0x00, 0x00, 0x00, 0x00, 0x00, 0x00, 0x00, 0x00, 0x00, 0x00, 0x00, 0x00, 0x00,
    0x00, 0x00, 0x00, 0x00, 0x00, 0x00, 0x00, 0x00, 0x00, 0x00, 0x00, 0x00, 0x00, 0x00, 0x00, 0x00,
    0x00, 0x00, 0x00, 0x00, 0x00, 0x00, 0x00, 0x00, 0x00, 0x00, 0x00, 0x00, 0x00, 0x00, 0x00, 0x00,
    0x00, 0x00, 0x00, 0x00, 0x00, 0x00, 0x00, 0x00, 0x00, 0x00, 0x00, 0x00, 0x00, 0x00, 0x00, 0x00,
    0x00, 0x00, 0x00, 0x00, 0x00, 0x00, 0x00, 0x00, 0x00, 0x00, 0x00, 0x00, 0x00, 0x00, 0x00, 0x00,
    0x00, 0x00, 0x00, 0x00, 0x00, 0x00, 0x00, 0x00, 0x00, 0x00, 0x00, 0x00, 0x00, 0x00, 0x00, 0x00,
    0x00, 0x00, 0x00, 0x00, 0x00, 0x00, 0x00, 0x00, 0x00, 0x00, 0x00, 0x00, 0x00, 0x00, 0x00, 0x00,
    0x00, 0x00, 0x00, 0x00, 0x00, 0x00, 0x00, 0x00, 0x00, 0x00, 0x00, 0x00, 0x00, 0x00, 0x00, 0x00,
    0x00, 0x00, 0x00, 0x00, 0x00, 0x00, 0x00, 0x00, 0x00, 0x00, 0x00, 0x00, 0x00, 0x00, 0x00, 0x00,
    0x00, 0x00, 0x00, 0x00, 0x00, 0x00, 0x00, 0x00, 0x00, 0x00, 0x00, 0x00, 0x00, 0x00, 0x00, 0x00,
    0x00, 0x00, 0x00, 0x00, 0x00, 0x00, 0x00, 0x00, 0x00, 0x00, 0x00, 0x00, 0x00, 0x00, 0x00, 0x00,
    0x00, 0x00, 0x00, 0x00, 0x00, 0x00, 0x00, 0x00, 0x00, 0x00, 0x00, 0x00, 0x00, 0x00, 0x00, 0x00,
    0x00, 0x00, 0x00, 0x00, 0x00, 0x00, 0x00, 0x00, 0x00, 0x00, 0x00, 0x00, 0x00, 0x00, 0x00, 0x00,
    0x00, 0x00, 0x00, 0x00, 0x00, 0x00, 0x00, 0x00, 0x00, 0x00, 0x00, 0x00, 0x00, 0x00, 0x00, 0x00,
    0x00, 0x00, 0x00, 0x00, 0x00, 0x00, 0x00, 0x00, 0x00, 0x00, 0x00, 0x00, 0x00, 0x00, 0x00, 0x00,
    0x00, 0x00, 0x00, 0x00, 0x00, 0x00, 0x00, 0x00, 0x00, 0x00, 0x00, 0x00, 0x00, 0x00, 0x00, 0x00,
    0x00, 0x00, 0x00, 0x00, 0x00, 0x00, 0x00, 0x00, 0x00, 0x00, 0x00, 0x00, 0x00, 0x00, 0x00, 0x00,
    0x00, 0x00, 0x00, 0x00, 0x00, 0x00, 0x00, 0x00, 0x00, 0x00, 0x00, 0x00, 0x00, 0x00, 0x00, 0x00,
    0x00, 0x00, 0x00, 0x00, 0x00, 0x00, 0x00, 0x00, 0x00, 0x00, 0x00, 0x00, 0x00, 0x00, 0x00, 0x00,
    0x00, 0x00, 0x00, 0x00, 0x00, 0x00, 0x00, 0x00, 0x00, 0x00, 0x00, 0x00, 0x00, 0x00, 0x00, 0x00,
    0x00, 0x00, 0x00, 0x00, 0x00, 0x00, 0x00, 0x08, 0xff, 0x00, 0x01, 0x08, 0x1c, 0x48, 0xb0, 0xa0,
    0xc1, 0x83, 0x08, 0x13, 0x2a, 0x5c, 0xc8, 0xb0, 0xa1, 0xc3, 0x87, 0x08, 0x09, 0x28, 0x58, 0x40,
    0xd1, 0x80, 0x42, 0x89, 0x14, 0x17, 0x58, 0x84, 0xc8, 0xb1, 0xa3, 0xc7, 0x83, 0x18, 0x2b, 0x5e,
    0x9c, 0x28, 0x52, 0x60, 0x81, 0x07, 0x28, 0x53, 0x22, 0x40, 0x78, 0x32, 0x25, 0xca, 0x95, 0x1f,
    0x63, 0xca, 0x64, 0xd8, 0xd2, 0x25, 0x4c, 0x83, 0x35, 0x55, 0x0a, 0x6c, 0xe0, 0x32, 0xa5, 0x80,
    0x83, 0x3c, 0x7b, 0x3e, 0xf8, 0x39, 0xb3, 0xa8, 0xd1, 0x9d, 0x42, 0x87, 0x02, 0x4d, 0x2a, 0x20,
    0x80, 0x83, 0xa4, 0x04, 0x0c, 0x3a, 0x85, 0x7a, 0xb4, 0x6a, 0xcc, 0xa9, 0x42, 0xa3, 0x16, 0xc4,
    0xda, 0x93, 0x00, 0x57, 0x97, 0x5a, 0x09, 0x7e, 0x4d, 0x19, 0xd6, 0xaa, 0x59, 0x87, 0x63, 0x51,
    0x96, 0x15, 0x98, 0xf6, 0x81, 0xd7, 0xa7, 0x59, 0xa5, 0xc2, 0xed, 0x7a, 0xb6, 0x6e, 0xc3, 0xb6,
    0x6b, 0x01, 0xe0, 0xc5, 0x2b, 0x97, 0xaa, 0xdd, 0xbf, 0x08, 0xf9, 0x6e, 0x9d, 0x0b, 0x56, 0xb0,
    0x58, 0xc2, 0x64, 0x01, 0x2b, 0x1e, 0xec, 0xf7, 0x30, 0x54, 0xc3, 0x03, 0x21, 0x2f, 0x06, 0x2c,
    0x59, 0x2f, 0x62, 0xb5, 0x95, 0x2b, 0x4f, 0xae, 0x9b, 0xf9, 0xb2, 0xdb, 0xce, 0x8d, 0x37, 0xff,
    0x05, 0x9d, 0x95, 0x34, 0x5d, 0xd1, 0x94, 0x3d, 0xe7, 0xdd, 0xab, 0xba, 0x6f, 0x5c, 0xd4, 0xa3,
    0x5b, 0x33, 0x2e, 0x2d, 0xdb, 0xf1, 0x6b, 0xd8, 0x9c, 0x6b, 0x47, 0x56, 0x6d, 0x1a, 0x2c, 0x6e,
    0xbb, 0xbd, 0xc9, 0x06, 0x57, 0xfb, 0x3b, 0x77, 0x68, 0xb6, 0xbc, 0x75, 0x23, 0x3f, 0x5e, 0xdc,
    0xe8, 0xf0, 0xcf, 0xca, 0x2d, 0x33, 0x6f, 0x3e, 0xf3, 0xf9, 0x5b, 0xe6, 0x9a, 0xa9, 0x5f, 0x8d,
    0xce, 0x1a, 0x7b, 0x74, 0xed, 0xdb, 0xbd, 0x3f, 0x92, 0xe6, 0xfe, 0x1d, 0xbc, 0x47, 0xeb, 0xd6,
    0xcd, 0x3b, 0x27, 0x3f, 0x5e, 0xfc, 0x6d, 0xf5, 0xe1, 0xdf, 0x2f, 0xa7, 0xed, 0xfe, 0x34, 0xfc,
    0xf8, 0xf6, 0x77, 0xb7, 0x97, 0x2f, 0x9d, 0xff, 0x7d, 0x88, 0xe8, 0xb1, 0xe7, 0xdf, 0x7f, 0x68,
    0x09, 0xd8, 0x55, 0x7a, 0x04, 0x9e, 0x67, 0x60, 0x61, 0x0b, 0x26, 0x96, 0x60, 0x47, 0x01, 0xd6,
    0xe7, 0xdb, 0x83, 0x1c, 0x45, 0xc8, 0x5f, 0x76, 0x14, 0x26, 0x64, 0x61, 0x7e, 0xf3, 0x71, 0x98,
    0xe1, 0x42, 0x1b, 0x4e, 0x68, 0x9b, 0x87, 0x1f, 0x6a, 0xd8, 0x20, 0x71, 0x0b, 0x08, 0xe5, 0x40,
    0x00, 0x07, 0xa5, 0xd8, 0xd3, 0x8a, 0x25, 0x3e, 0xe4, 0xa2, 0x4b, 0x30, 0x1a, 0x34, 0x63, 0x4a,
    0x30, 0x0e, 0x10, 0x54, 0x4a, 0x1b, 0x19, 0xa4, 0x63, 0x4f, 0x3d, 0xc6, 0xc8, 0xd0, 0x8f, 0x2e,
    0x05, 0x49, 0x10, 0x91, 0x3c, 0x46, 0x76, 0xc0, 0x92, 0x07, 0x0c, 0xa0, 0x50, 0x00, 0x4c, 0x36,
    0x29, 0x24, 0x80, 0x51, 0x3a, 0xa9, 0x61, 0x95, 0x02, 0x05, 0x04, 0x00, 0x21, 0xf9, 0x04, 0x04,
    0x0c, 0x00, 0x00, 0x00, 0x2c, 0x51, 0x00, 0x43, 0x00, 0x0e, 0x00, 0x07, 0x00, 0x87, 0x00, 0x00,
    0x00, 0x0d, 0x03, 0x03, 0x1a, 0x06, 0x06, 0x26, 0x09, 0x0a, 0x33, 0x0d, 0x0d, 0x40, 0x10, 0x10,
    0x4d, 0x13, 0x13, 0x5a, 0x16, 0x16, 0x66, 0x19, 0x1a, 0x73, 0x1c, 0x1d, 0x80, 0x1f, 0x20, 0x8d,
    0x22, 0x23, 0x9a, 0x26, 0x26, 0xa6, 0x29, 0x2a, 0xb3, 0x2c, 0x2d, 0xc0, 0x2f, 0x30, 0x00, 0x00,
    0x00, 0x00, 0x00, 0x00, 0x00, 0x00, 0x00, 0x00, 0x00, 0x00, 0x00, 0x00, 0x00, 0x00, 0x00, 0x00,
    0x00, 0x00, 0x00, 0x00, 0x00, 0x00, 0x00, 0x00, 0x00, 0x00, 0x00, 0x00, 0x00, 0x00, 0x00, 0x00,
    0x00, 0x00, 0x00, 0x00, 0x00, 0x00, 0x00, 0x00, 0x00, 0x00, 0x00, 0x00, 0x00, 0x00, 0x00, 0x00,
    0x00, 0x00, 0x00, 0x00, 0x00, 0x00, 0x00, 0x00, 0x00, 0x00, 0x00, 0x00, 0x00, 0x00, 0x00, 0x00,
    0x00, 0x00, 0x00, 0x00, 0x00, 0x00, 0x00, 0x00, 0x00, 0x00, 0x00, 0x00, 0x00, 0x00, 0x00, 0x00,
    0x00, 0x00, 0x00, 0x00, 0x00, 0x00, 0x00, 0x00, 0x00, 0x00, 0x00, 0x00, 0x00, 0x00, 0x00, 0x00,
    0x00, 0x00, 0x00, 0x00, 0x00, 0x00, 0x00, 0x00, 0x00, 0x00, 0x00, 0x00, 0x00, 0x00, 0x00, 0x00,
    0x00, 0x00, 0x00, 0x00, 0x00, 0x00, 0x00, 0x00, 0x00, 0x00, 0x00, 0x00, 0x00, 0x00, 0x00, 0x00,
    0x00, 0x00, 0x00, 0x00, 0x00, 0x00, 0x00, 0x00, 0x00, 0x00, 0x00, 0x00, 0x00, 0x00, 0x00, 0x00,
    0x00, 0x00, 0x00, 0x00, 0x00, 0x00, 0x00, 0x00, 0x00, 0x00, 0x00, 0x00, 0x00, 0x00, 0x00, 0x00,
    0x00, 0x00, 0x00, 0x00, 0x00, 0x00, 0x00, 0x00, 0x00, 0x00, 0x00, 0x00, 0x00, 0x00, 0x00, 0x00,
    0x00, 0x00, 0x00, 0x00, 0x00, 0x00, 0x00, 0x00, 0x00, 0x00, 0x00, 0x00, 0x00, 0x00, 0x00, 0x00,
    0x00, 0x00, 0x00, 0x00, 0x00, 0x00, 0x00, 0x00, 0x00, 0x00, 0x00, 0x00, 0x00, 0x00, 0x00, 0x00,
    0x00, 0x00, 0x00, 0x00, 0x00, 0x00, 0x00, 0x00, 0x00, 0x00, 0x00, 0x00, 0x00, 0x00, 0x00, 0x00,
    0x00, 0x00, 0x00, 0x00, 0x00, 0x00, 0x00, 0x00, 0x00, 0x00, 0x00, 0x00, 0x00, 0x00, 0x00, 0x00,
    0x00, 0x00, 0x00, 0x00, 0x00, 0x00, 0x00, 0x00, 0x00, 0x00, 0x00, 0x00, 0x00, 0x00, 0x00, 0x00,
    0x00, 0x00, 0x00, 0x00, 0x00, 0x00, 0x00, 0x00, 0x00, 0x00, 0x00, 0x00, 0x00, 0x00, 0x00, 0x00,
    0x00, 0x00, 0x00, 0x00, 0x00, 0x00, 0x00, 0x00, 0x00, 0x00, 0x00, 0x00, 0x00, 0x00, 0x00, 0x00,
    0x00, 0x00, 0x00, 0x00, 0x00, 0x00, 0x00, 0x00, 0x00, 0x00, 0x00, 0x00, 0x00, 0x00, 0x00, 0x00,
    0x00, 0x00, 0x00, 0x00, 0x00, 0x00, 0x00, 0x00, 0x00, 0x00, 0x00, 0x00, 0x00, 0x00, 0x00, 0x00,
    0x00, 0x00, 0x00, 0x00, 0x00, 0x00, 0x00, 0x00, 0x00, 0x00, 0x00, 0x00, 0x00, 0x00, 0x00, 0x00,
    0x00, 0x00, 0x00, 0x00, 0x00, 0x00, 0x00, 0x00, 0x00, 0x00, 0x00, 0x00, 0x00, 0x00, 0x00, 0x00,
    0x00, 0x00, 0x00, 0x00, 0x00, 0x00, 0x00, 0x00, 0x00, 0x00, 0x00, 0x00, 0x00, 0x00, 0x00, 0x00,
    0x00, 0x00, 0x00, 0x00, 0x00, 0x00, 0x00, 0x00, 0x00, 0x00, 0x00, 0x00, 0x00, 0x00, 0x00, 0x00,
    0x00, 0x00, 0x00, 0x00, 0x00, 0x00, 0x00, 0x00, 0x00, 0x00, 0x00, 0x00, 0x00, 0x00, 0x00, 0x00,
    0x00, 0x00, 0x00, 0x00, 0x00, 0x00, 0x00, 0x00, 0x00, 0x00, 0x00, 0x00, 0x00, 0x00, 0x00, 0x00,
    0x00, 0x00, 0x00, 0x00, 0x00, 0x00, 0x00, 0x00, 0x00, 0x00, 0x00, 0x00, 0x00, 0x00, 0x00, 0x00,
    0x00, 0x00, 0x00, 0x00, 0x00, 0x00, 0x00, 0x00, 0x00, 0x00, 0x00, 0x00, 0x00, 0x00, 0x00, 0x00,
    0x00, 0x00, 0x00, 0x00, 0x00, 0x00, 0x00, 0x00, 0x00, 0x00, 0x00, 0x00, 0x00, 0x00, 0x00, 0x00,
    0x00, 0x00, 0x00, 0x00, 0x00, 0x00, 0x00, 0x00, 0x00, 0x00, 0x00, 0x00, 0x00, 0x00, 0x00, 0x00,
    0x00, 0x00, 0x00, 0x00, 0x00, 0x00, 0x00, 0x00, 0x00, 0x00, 0x00, 0x00, 0x00, 0x00, 0x00, 0x00,
    0x00, 0x00, 0x00, 0x00, 0x00, 0x00, 0x00, 0x00, 0x00, 0x00, 0x00, 0x00, 0x00, 0x00, 0x00, 0x00,
    0x00, 0x00, 0x00, 0x00, 0x00, 0x00, 0x00, 0x00, 0x00, 0x00, 0x00, 0x00, 0x00, 0x00, 0x00, 0x00,
    0x00, 0x00, 0x00, 0x00, 0x00, 0x00, 0x00, 0x00, 0x00, 0x00, 0x00, 0x00, 0x00, 0x00, 0x00, 0x00,
    0x00, 0x00, 0x00, 0x00, 0x00, 0x00, 0x00, 0x00, 0x00, 0x00, 0x00, 0x00, 0x00, 0x00, 0x00, 0x00,
    0x00, 0x00, 0x00, 0x00, 0x00, 0x00, 0x00, 0x00, 0x00, 0x00, 0x00, 0x00, 0x00, 0x00, 0x00, 0x00,
    0x00, 0x00, 0x00, 0x00, 0x00, 0x00, 0x00, 0x00, 0x00, 0x00, 0x00, 0x00, 0x00, 0x00, 0x00, 0x00,
    0x00, 0x00, 0x00, 0x00, 0x00, 0x00, 0x00, 0x00, 0x00, 0x00, 0x00, 0x00, 0x00, 0x00, 0x00, 0x00,
    0x00, 0x00, 0x00, 0x00, 0x00, 0x00, 0x00, 0x00, 0x00, 0x00, 0x00, 0x00, 0x00, 0x00, 0x00, 0x00,
    0x00, 0x00, 0x00, 0x00, 0x00, 0x00, 0x00, 0x00, 0x00, 0x00, 0x00, 0x00, 0x00, 0x00, 0x00, 0x00,
    0x00, 0x00, 0x00, 0x00, 0x00, 0x00, 0x00, 0x00, 0x00, 0x00, 0x00, 0x00, 0x00, 0x00, 0x00, 0x00,
    0x00, 0x00, 0x00, 0x00, 0x00, 0x00, 0x00, 0x00, 0x00, 0x00, 0x00, 0x00, 0x00, 0x00, 0x00, 0x00,
    0x00, 0x00, 0x00, 0x00, 0x00, 0x00, 0x00, 0x00, 0x00, 0x00, 0x00, 0x00, 0x00, 0x00, 0x00, 0x00,
    0x00, 0x00, 0x00, 0x00, 0x00, 0x00, 0x00, 0x00, 0x00, 0x00, 0x00, 0x00, 0x00, 0x00, 0x00, 0x00,
    0x00, 0x00, 0x00, 0x00, 0x00, 0x00, 0x00, 0x00, 0x00, 0x00, 0x00, 0x00, 0x00, 0x00, 0x08, 0x44,
    0x00, 0x01, 0x00, 0x10, 0x10, 0x40, 0xa0, 0x41, 0x81, 0x05, 0x01, 0x0c, 0x48, 0xe0, 0x40, 0xc1,
    0x41, 0x81, 0x06, 0x1a, 0x12, 0x28, 0xf0, 0xa0, 0xe2, 0x81, 0x83, 0x04, 0x1c, 0x54, 0x44, 0x00,
    0x20, 0x41, 0xc5, 0x07, 0x0c, 0x10, 0x20, 0x58, 0xf0, 0x91, 0x41, 0xc1, 0x00, 0x24, 0x3f, 0xaa,
    0x6c, 0x30, 0xe0, 0xe0, 0x01, 0x8d, 0x2a, 0x13, 0x24, 0x3c, 0x18, 0xa0, 0xc0, 0x81, 0x03, 0x06,
    0x04, 0x1c, 0x0c, 0x08, 0x00, 0x21, 0xf9, 0x04, 0x04, 0x08, 0x00, 0x00, 0x00, 0x2c, 0x1a, 0x00,
    0x13, 0x00, 0x7d, 0x00, 0x23, 0x00, 0x87, 0x00, 0x00, 0x00, 0x0d, 0x03, 0x03, 0x1a, 0x06, 0x06,
    0x26, 0x09, 0x0a, 0x33, 0x0d, 0x0d, 0x40, 0x10, 0x10, 0x4d, 0x13, 0x13, 0x5a, 0x16, 0x16, 0x66,
    0x19, 0x1a, 0x73, 0x1c, 0x1d, 0x80, 0x1f, 0x20, 0x8d, 0x22, 0x23, 0x9a, 0x26, 0x26, 0xa6, 0x29,
    0x2a, 0xb3, 0x2c, 0x2d, 0xc0, 0x2f, 0x30, 0x00, 0x00, 0x00, 0x00, 0x00, 0x00, 0x00, 0x00, 0x00,
    0x00, 0x00, 0x00, 0x00, 0x00, 0x00, 0x00, 0x00, 0x00, 0x00, 0x00, 0x00, 0x00, 0x00, 0x00, 0x00,
    0x00, 0x00, 0x00, 0x00, 0x00, 0x00, 0x00, 0x00, 0x00, 0x00, 0x00, 0x00, 0x00, 0x00, 0x00, 0x00,
    0x00, 0x00, 0x00, 0x00, 0x00, 0x00, 0x00, 0x00, 0x00, 0x00, 0x00, 0x00, 0x00, 0x00, 0x00, 0x00,
    0x00, 0x00, 0x00, 0x00, 0x00, 0x00, 0x00, 0x00, 0x00, 0x00, 0x00, 0x00, 0x00, 0x00, 0x00, 0x00,
    0x00, 0x00, 0x00, 0x00, 0x00, 0x00, 0x00, 0x00, 0x00, 0x00, 0x00, 0x00, 0x00, 0x00, 0x00, 0x00,
    0x00, 0x00, 0x00, 0x00, 0x00, 0x00, 0x00, 0x00, 0x00, 0x00, 0x00, 0x00, 0x00, 0x00, 0x00, 0x00,
    0x00, 0x00, 0x00, 0x00, 0x00, 0x00, 0x00, 0x00, 0x00, 0x00, 0x00, 0x00, 0x00, 0x00, 0x00, 0x00,
    0x00, 0x00, 0x00, 0x00, 0x00, 0x00, 0x00, 0x00, 0x00, 0x00, 0x00, 0x00, 0x00, 0x00, 0x00, 0x00,
    0x00, 0x00, 0x00, 0x00, 0x00, 0x00, 0x00, 0x00, 0x00, 0x00, 0x00, 0x00, 0x00, 0x00, 0x00, 0x00,
    0x00, 0x00, 0x00, 0x00, 0x00, 0x00, 0x00, 0x00, 0x00, 0x00, 0x00, 0x00, 0x00, 0x00, 0x00, 0x00,
    0x00, 0x00, 0x00, 0x00, 0x00, 0x00, 0x00, 0x00, 0x00, 0x00, 0x00, 0x00, 0x00, 0x00, 0x00, 0x00,
    0x00, 0x00, 0x00, 0x00, 0x00, 0x00, 0x00, 0x00, 0x00, 0x00, 0x00, 0x00, 0x00, 0x00, 0x00, 0x00,
    0x00, 0x00, 0x00, 0x00, 0x00, 0x00, 0x00, 0x00, 0x00, 0x00, 0x00, 0x00, 0x00, 0x00, 0x00, 0x00,
    0x00, 0x00, 0x00, 0x00, 0x00, 0x00, 0x00, 0x00, 0x00, 0x00, 0x00, 0x00, 0x00, 0x00, 0x00, 0x00,
    0x00, 0x00, 0x00, 0x00, 0x00, 0x00, 0x00, 0x00, 0x00, 0x00, 0x00, 0x00, 0x00, 0x00, 0x00, 0x00,
    0x00, 0x00, 0x00, 0x00, 0x00, 0x00, 0x00, 0x00, 0x00, 0x00, 0x00, 0x00, 0x00, 0x00, 0x00, 0x00,
    0x00, 0x00, 0x00, 0x00, 0x00, 0x00, 0x00, 0x00, 0x00, 0x00, 0x00, 0x00, 0x00, 0x00, 0x00, 0x00,
    0x00, 0x00, 0x00, 0x00, 0x00, 0x00, 0x00, 0x00, 0x00, 0x00, 0x00, 0x00, 0x00, 0x00, 0x00, 0x00,
    0x00, 0x00, 0x00, 0x00, 0x00, 0x00, 0x00, 0x00, 0x00, 0x00, 0x00, 0x00, 0x00, 0x00, 0x00, 0x00,
    0x00, 0x00, 0x00, 0x00, 0x00, 0x00, 0x00, 0x00, 0x00, 0x00, 0x00, 0x00, 0x00, 0x00, 0x00, 0x00,
    0x00, 0x00, 0x00, 0x00, 0x00, 0x00, 0x00, 0x00, 0x00, 0x00, 0x00, 0x00, 0x00, 0x00, 0x00, 0x00,
    0x00, 0x00, 0x00, 0x00, 0x00, 0x00, 0x00, 0x00, 0x00, 0x00, 0x00, 0x00, 0x00, 0x00, 0x00, 0x00,
    0x00, 0x00, 0x00, 0x00, 0x00, 0x00, 0x00, 0x00, 0x00, 0x00, 0x00, 0x00, 0x00, 0x00, 0x00, 0x00,
    0x00, 0x00, 0x00, 0x00, 0x00, 0x00, 0x00, 0x00, 0x00, 0x00, 0x00, 0x00, 0x00, 0x00, 0x00, 0x00,
    0x00, 0x00, 0x00, 0x00, 0x00, 0x00, 0x00, 0x00, 0x00, 0x00, 0x00, 0x00, 0x00, 0x00, 0x00, 0x00,
    0x00, 0x00, 0x00, 0x00, 0x00, 0x00, 0x00, 0x00, 0x00, 0x00, 0x00, 0x00, 0x00, 0x00, 0x00, 0x00,
    0x00, 0x00, 0x00, 0x00, 0x00, 0x00, 0x00, 0x00, 0x00, 0x00, 0x00, 0x00, 0x00, 0x00, 0x00, 0x00,
    0x00, 0x00, 0x00, 0x00, 0x00, 0x00, 0x00, 0x00, 0x00, 0x00, 0x00, 0x00, 0x00, 0x00, 0x00, 0x00,
    0x00, 0x00, 0x00, 0x00, 0x00, 0x00, 0x00, 0x00, 0x00, 0x00, 0x00, 0x00, 0x00, 0x00, 0x00, 0x00,
    0x00, 0x00, 0x00, 0x00, 0x00, 0x00, 0x00, 0x00, 0x00, 0x00, 0x00, 0x00, 0x00, 0x00, 0x00, 0x00,
    0x00, 0x00, 0x00, 0x00, 0x00, 0x00, 0x00, 0x00, 0x00, 0x00, 0x00, 0x00, 0x00, 0x00, 0x00, 0x00,
    0x00, 0x00, 0x00, 0x00, 0x00, 0x00, 0x00, 0x00, 0x00, 0x00, 0x00, 0x00, 0x00, 0x00, 0x00, 0x00,
    0x00, 0x00, 0x00, 0x00, 0x00, 0x00, 0x00, 0x00, 0x00, 0x00, 0x00, 0x00, 0x00, 0x00, 0x00, 0x00,
    0x00, 0x00, 0x00, 0x00, 0x00, 0x00, 0x00, 0x00, 0x00, 0x00, 0x00, 0x00, 0x00, 0x00, 0x00, 0x00,
    0x00, 0x00, 0x00, 0x00, 0x00, 0x00, 0x00, 0x00, 0x00, 0x00, 0x00, 0x00, 0x00, 0x00, 0x00, 0x00,
    0x00, 0x00, 0x00, 0x00, 0x00, 0x00, 0x00, 0x00, 0x00, 0x00, 0x00, 0x00, 0x00, 0x00, 0x00, 0x00,
    0x00, 0x00, 0x00, 0x00, 0x00, 0x00, 0x00, 0x00, 0x00, 0x00, 0x00, 0x00, 0x00, 0x00, 0x00, 0x00,
    0x00, 0x00, 0x00, 0x00, 0x00, 0x00, 0x00, 0x00, 0x00, 0x00, 0x00, 0x00, 0x00, 0x00, 0x00, 0x00,
    0x00, 0x00, 0x00, 0x00, 0x00, 0x00, 0x00, 0x00, 0x00, 0x00, 0x00, 0x00, 0x00, 0x00, 0x00, 0x00,
    0x00, 0x00, 0x00, 0x00, 0x00, 0x00, 0x00, 0x00, 0x00, 0x00, 0x00, 0x00, 0x00, 0x00, 0x00, 0x00,
    0x00, 0x00, 0x00, 0x00, 0x00, 0x00, 0x00, 0x00, 0x00, 0x00, 0x00, 0x00, 0x00, 0x00, 0x00, 0x00,
    0x00, 0x00, 0x00, 0x00, 0x00, 0x00, 0x00, 0x00, 0x00, 0x00, 0x00, 0x00, 0x00, 0x00, 0x00, 0x00,
    0x00, 0x00, 0x00, 0x00, 0x00, 0x00, 0x00, 0x00, 0x00, 0x00, 0x00, 0x00, 0x00, 0x00, 0x00, 0x00,
    0x00, 0x00, 0x00, 0x00, 0x00, 0x00, 0x00, 0x00, 0x00, 0x00, 0x00, 0x00, 0x00, 0x00, 0x00, 0x00,
    0x00, 0x00, 0x00, 0x00, 0x00, 0x00, 0x00, 0x08, 0xff, 0x00, 0x01, 0x04, 0x38, 0x40, 0xf0, 0xc0,
    0x00, 0x00, 0x08, 0x13, 0x2a, 0x1c, 0x58, 0xf0, 0xa0, 0xc2, 0x87, 0x10, 0x23, 0x4a, 0x9c, 0x48,
    0xb1, 0xa2, 0xc5, 0x87, 0x0c, 0x09, 0x3a, 0x94, 0x98, 0xd1, 0x20, 0xc2, 0x01, 0x0d, 0x1e, 0x88,
    0x14, 0x69, 0x40, 0x22, 0xc8, 0x91, 0x24, 0x2f, 0xaa, 0x5c, 0xc9, 0xb2, 0x25, 0x80, 0x93, 0x28,
    0x4b, 0x46, 0x84, 0x39, 0xb2, 0xe4, 0x02, 0x94, 0x22, 0x1d, 0x04, 0x88, 0x78, 0x13, 0xa7, 0x4e,
    0x97, 0x40, 0x83, 0xba, 0xec, 0x89, 0xf2, 0x27, 0x44, 0xa2, 0x23, 0x75, 0x3a, 0xc0, 0x29, 0x92,
    0x00, 0xc4, 0x00, 0x4b, 0x99, 0x3a, 0x15, 0x4a, 0xb5, 0x6a, 0x44, 0xa8, 0x4c, 0x1f, 0x4c, 0x5d,
    0x18, 0x15, 0x27, 0x81, 0xae, 0x28, 0xb7, 0x26, 0xc4, 0x2a, 0xd5, 0xaa, 0x59, 0xb3, 0x64, 0xbd,
    0x3e, 0x05, 0x3b, 0xf2, 0x6b, 0x56, 0xb1, 0x08, 0xd3, 0x86, 0x3d, 0x4b, 0x57, 0xa8, 0xdc, 0xb6,
    0x6b, 0xdf, 0xb2, 0x6d, 0x9a, 0xb7, 0x6c, 0xdd, 0xbf, 0x2c, 0xef, 0xf2, 0xc5, 0xb8, 0x57, 0x6b,
    0x61, 0xb8, 0x02, 0x0f, 0x03, 0x5e, 0x7c, 0x51, 0xb0, 0xd6, 0xbe, 0x5e, 0x15, 0x13, 0x7e, 0xcb,
    0xb8, 0xf2, 0x44, 0xc7, 0x88, 0x31, 0x4b, 0xe6, 0x4a, 0xd9, 0xb2, 0x67, 0xce, 0x7e, 0x41, 0x47,
    0xee, 0x2c, 0x7a, 0xee, 0xe7, 0xd3, 0x98, 0x21, 0x87, 0xdd, 0x3c, 0x96, 0xf5, 0xe9, 0xca, 0xa9,
    0x27, 0x4b, 0x75, 0x9d, 0x98, 0xf4, 0x6b, 0xd8, 0xb4, 0x35, 0xdb, 0x8e, 0x4b, 0xfb, 0xf6, 0xdf,
    0xd8, 0xa5, 0xdb, 0xe6, 0xee, 0xed, 0x9b, 0x2e, 0xf0, 0xd6, 0x7a, 0x77, 0xd7, 0x0e, 0x5d, 0x1c,
    0xf0, 0x71, 0xde, 0xc9, 0x99, 0x43, 0x97, 0xde, 0xdc, 0xf8, 0xf0, 0xe8, 0x6a, 0x65, 0x67, 0xaf,
    0xfe, 0xfb, 0xfa, 0x6c, 0xe5, 0xcf, 0xb9, 0xa3, 0xa2, 0xf5, 0x3e, 0x9a, 0x7a, 0x78, 0xf1, 0x55,
    0xc3, 0xeb, 0x36, 0x4f, 0x1c, 0x7d, 0x50, 0xf5, 0x87, 0xc9, 0x9b, 0x76, 0x3f, 0x1e, 0x7c, 0x7c,
    0xfb, 0xca, 0xe9, 0xbf, 0x97, 0x2f, 0x1c, 0x3f, 0x75, 0xfd, 0x40, 0xc1, 0x87, 0xdd, 0x7c, 0xc8,
    0xfd, 0x07, 0x60, 0x4b, 0x02, 0x7e, 0xc7, 0x5e, 0x7e, 0x07, 0x06, 0xc6, 0x5f, 0x53, 0x0f, 0x3e,
    0xd6, 0xa0, 0x5d, 0x11, 0xba, 0xb5, 0xa0, 0x81, 0x13, 0x36, 0x56, 0x61, 0x85, 0x19, 0xee, 0xe7,
    0x5f, 0x79, 0xdb, 0x15, 0x18, 0x62, 0x87, 0x2b, 0x25, 0x08, 0x22, 0x81, 0xd3, 0x8d, 0x48, 0xa2,
    0x86, 0x1f, 0xae, 0xd6, 0x22, 0x5e, 0x2b, 0x3a, 0xf8, 0x62, 0x53, 0x21, 0x31, 0x25, 0x40, 0x44,
    0x35, 0xe2, 0x74, 0x63, 0x8c, 0x2c, 0xe5, 0x88, 0xd2, 0x8e, 0x0f, 0xf9, 0x38, 0x92, 0x00, 0x05,
    0x30, 0x85, 0x80, 0x44, 0x45, 0xe2, 0x74, 0x24, 0x8f, 0x2c, 0x25, 0x89, 0xd2, 0x92, 0x10, 0x39,
    0x39, 0xd2, 0x92, 0x04, 0x28, 0xb0, 0xc0, 0x95, 0x32, 0x49, 0x54, 0xe5, 0x95, 0x0b, 0x64, 0xc9,
    0xe4, 0x4a, 0x5b, 0x62, 0x49, 0x51, 0x98, 0x5d, 0x22, 0x14, 0x10, 0x00, 0x21, 0xf9, 0x04, 0x04,
    0x08, 0x00, 0x00, 0x00, 0x2c, 0x51, 0x00, 0x43, 0x00, 0x0e, 0x00, 0x07, 0x00, 0x87, 0x00, 0x00,
    0x00, 0x0d, 0x03, 0x03, 0x1a, 0x06, 0x06, 0x26, 0x09, 0x0a, 0x33, 0x0d, 0x0d, 0x40, 0x10, 0x10,
    0x4d, 0x13, 0x13, 0x5a, 0x16, 0x16, 0x66, 0x19, 0x1a, 0x73, 0x1c, 0x1d, 0x80, 0x1f, 0x20, 0x8d,
    0x22, 0x23, 0x9a, 0x26, 0x26, 0xa6, 0x29, 0x2a, 0xb3, 0x2c, 0x2d, 0xc0, 0x2f, 0x30, 0x00, 0x00,
    0x00, 0x00, 0x00, 0x00, 0x00, 0x00, 0x00, 0x00, 0x00, 0x00, 0x00, 0x00, 0x00, 0x00, 0x00, 0x00,
    0x00, 0x00, 0x00, 0x00, 0x00, 0x00, 0x00, 0x00, 0x00, 0x00, 0x00, 0x00, 0x00, 0x00, 0x00, 0x00,
    0x00, 0x00, 0x00, 0x00, 0x00, 0x00, 0x00, 0x00, 0x00, 0x00, 0x00, 0x00, 0x00, 0x00, 0x00, 0x00,
    0x00, 0x00, 0x00, 0x00, 0x00, 0x00, 0x00, 0x00, 0x00, 0x00, 0x00, 0x00, 0x00, 0x00, 0x00, 0x00,
    0x00, 0x00, 0x00, 0x00, 0x00, 0x00, 0x00, 0x00, 0x00, 0x00, 0x00, 0x00, 0x00, 0x00, 0x00, 0x00,
    0x00, 0x00, 0x00, 0x00, 0x00, 0x00, 0x00, 0x00, 0x00, 0x00, 0x00, 0x00, 0x00, 0x00, 0x00, 0x00,
    0x00, 0x00, 0x00, 0x00, 0x00, 0x00, 0x00, 0x00, 0x00, 0x00, 0x00, 0x00, 0x00, 0x00, 0x00, 0x00,
    0x00, 0x00, 0x00, 0x00, 0x00, 0x00, 0x00, 0x00, 0x00, 0x00, 0x00, 0x00, 0x00, 0x00, 0x00, 0x00,
    0x00, 0x00, 0x00, 0x00, 0x00, 0x00, 0x00, 0x00, 0x00, 0x00, 0x00, 0x00, 0x00, 0x00, 0x00, 0x00,
    0x00, 0x00, 0x00, 0x00, 0x00, 0x00, 0x00, 0x00, 0x00, 0x00, 0x00, 0x00, 0x00, 0x00, 0x00, 0x00,
    0x00, 0x00, 0x00, 0x00, 0x00, 0x00, 0x00, 0x00, 0x00, 0x00, 0x00, 0x00, 0x00, 0x00, 0x00, 0x00,
    0x00, 0x00, 0x00, 0x00, 0x00, 0x00, 0x00, 0x00, 0x00, 0x00, 0x00, 0x00, 0x00, 0x00, 0x00, 0x00,
    0x00, 0x00, 0x00, 0x00, 0x00, 0x00, 0x00, 0x00, 0x00, 0x00, 0x00, 0x00, 0x00, 0x00, 0x00, 0x00,
    0x00, 0x00, 0x00, 0x00, 0x00, 0x00, 0x00, 0x00, 0x00, 0x00, 0x00, 0x00, 0x00, 0x00, 0x00, 0x00,
    0x00, 0x00, 0x00, 0x00, 0x00, 0x00, 0x00, 0x00, 0x00, 0x00, 0x00, 0x00, 0x00, 0x00, 0x00, 0x00,
    0x00, 0x00, 0x00, 0x00, 0x00, 0x00, 0x00, 0x00, 0x00, 0x00, 0x00, 0x00, 0x00, 0x00, 0x00, 0x00,
    0x00, 0x00, 0x00, 0x00, 0x00, 0x00, 0x00, 0x00, 0x00, 0x00, 0x00, 0x00, 0x00, 0x00, 0x00, 0x00,
    0x00, 0x00, 0x00, 0x00, 0x00, 0x00, 0x00, 0x00, 0x00, 0x00, 0x00, 0x00, 0x00, 0x00, 0x00, 0x00,
    0x00, 0x00, 0x00, 0x00, 0x00, 0x00, 0x00, 0x00, 0x00, 0x00, 0x00, 0x00, 0x00, 0x00, 0x00, 0x00,
    0x00, 0x00, 0x00, 0x00, 0x00, 0x00, 0x00, 0x00, 0x00, 0x00, 0x00, 0x00, 0x00, 0x00, 0x00, 0x00,
    0x00, 0x00, 0x00, 0x00, 0x00, 0x00, 0x00, 0x00, 0x00, 0x00, 0x00, 0x00, 0x00, 0x00, 0x00, 0x00,
    0x00, 0x00, 0x00, 0x00, 0x00, 0x00, 0x00, 0x00, 0x00, 0x00, 0x00, 0x00, 0x00, 0x00, 0x00, 0x00,
    0x00, 0x00, 0x00, 0x00, 0x00, 0x00, 0x00, 0x00, 0x00, 0x00, 0x00, 0x00, 0x00, 0x00, 0x00, 0x00,
    0x00, 0x00, 0x00, 0x00, 0x00, 0x00, 0x00, 0x00, 0x00, 0x00, 0x00, 0x00, 0x00, 0x00, 0x00, 0x00,
    0x00, 0x00, 0x00, 0x00, 0x00, 0x00, 0x00, 0x00, 0x00, 0x00, 0x00, 0x00, 0x00, 0x00, 0x00, 0x00,
    0x00, 0x00, 0x00, 0x00, 0x00, 0x00, 0x00, 0x00, 0x00, 0x00, 0x00, 0x00, 0x00, 0x00, 0x00, 0x00,
    0x00, 0x00, 0x00, 0x00, 0x00, 0x00, 0x00, 0x00, 0x00, 0x00, 0x00, 0x00, 0x00, 0x00, 0x00, 0x00,
    0x00, 0x00, 0x00, 0x00, 0x00, 0x00, 0x00, 0x00, 0x00, 0x00, 0x00, 0x00, 0x00, 0x00, 0x00, 0x00,
    0x00, 0x00, 0x00, 0x00, 0x00, 0x00, 0x00, 0x00, 0x00, 0x00, 0x00, 0x00, 0x00, 0x00, 0x00, 0x00,
    0x00, 0x00, 0x00, 0x00, 0x00, 0x00, 0x00, 0x00, 0x00, 0x00, 0x00, 0x00, 0x00, 0x00, 0x00, 0x00,
    0x00, 0x00, 0x00, 0x00, 0x00, 0x00, 0x00, 0x00, 0x00, 0x00, 0x00, 0x00, 0x00, 0x00, 0x00, 0x00,
    0x00, 0x00, 0x00, 0x00, 0x00, 0x00, 0x00, 0x00, 0x00, 0x00, 0x00, 0x00, 0x00, 0x00, 0x00, 0x00,
    0x00, 0x00, 0x00, 0x00, 0x00, 0x00, 0x00, 0x00, 0x00, 0x00, 0x00, 0x00, 0x00, 0x00, 0x00, 0x00,
    0x00, 0x00, 0x00, 0x00, 0x00, 0x00, 0x00, 0x00, 0x00, 0x00, 0x00, 0x00, 0x00, 0x00, 0x00, 0x00,
    0x00, 0x00, 0x00, 0x00, 0x00, 0x00, 0x00, 0x00, 0x00, 0x00, 0x00, 0x00, 0x00, 0x00, 0x00, 0x00,
    0x00, 0x00, 0x00, 0x00, 0x00, 0x00, 0x00, 0x00, 0x00, 0x00, 0x00, 0x00, 0x00, 0x00, 0x00, 0x00,
    0x00, 0x00, 0x00, 0x00, 0x00, 0x00, 0x00, 0x00, 0x00, 0x00, 0x00, 0x00, 0x00, 0x00, 0x00, 0x00,
    0x00, 0x00, 0x00, 0x00, 0x00, 0x00, 0x00, 0x00, 0x00, 0x00, 0x00, 0x00, 0x00, 0x00, 0x00, 0x00,
    0x00, 0x00, 0x00, 0x00, 0x00, 0x00, 0x00, 0x00, 0x00, 0x00, 0x00, 0x00, 0x00, 0x00, 0x00, 0x00,
    0x00, 0x00, 0x00, 0x00, 0x00, 0x00, 0x00, 0x00, 0x00, 0x00, 0x00, 0x00, 0x00, 0x00, 0x00, 0x00,
    0x00, 0x00, 0x00, 0x00, 0x00, 0x00, 0x00, 0x00, 0x00, 0x00, 0x00, 0x00, 0x00, 0x00, 0x00, 0x00,
    0x00, 0x00, 0x00, 0x00, 0x00, 0x00, 0x00, 0x00, 0x00, 0x00, 0x00, 0x00, 0x00, 0x00, 0x00, 0x00,
    0x00, 0x00, 0x00, 0x00, 0x00, 0x00, 0x00, 0x00, 0x00, 0x00, 0x00, 0x00, 0x00, 0x00, 0x00, 0x00,
    0x00, 0x00, 0x00, 0x00, 0x00, 0x00, 0x00, 0x00, 0x00, 0x00, 0x00, 0x00, 0x00, 0x00, 0x00, 0x00,
    0x00, 0x00, 0x00, 0x00, 0x00, 0x00, 0x00, 0x00, 0x00, 0x00, 0x00, 0x00, 0x00, 0x00, 0x08, 0x42,
    0x00, 0x01, 0x08, 0x1c, 0x48, 0x90, 0xa0, 0x00, 0x03, 0x0b, 0x0e, 0x14, 0x04, 0x40, 0x80, 0xc1,
    0x01, 0x01, 0x05, 0x1e, 0x3c, 0x70, 0x30, 0xc0, 0x20, 0x03, 0x89, 0x09, 0x00, 0x5c, 0xc4, 0x48,
    0x80, 0xc0, 0x01, 0x07, 0x12, 0x1d, 0x08, 0x00, 0x20, 0x00, 0xa4, 0xc4, 0x93, 0x27, 0x0b, 0x0c,
    0x14, 0xb0, 0x00, 0xa5, 0x44, 0x06, 0x15, 0x0b, 0x12, 0x40, 0xb0, 0x60, 0x41, 0x02, 0x03, 0x04,
    0x03, 0x02, 0x00, 0x21, 0xf9, 0x04, 0x04, 0x08, 0x00, 0x00, 0x00, 0x2c, 0x19, 0x00, 0x13, 0x00,
    0x7e, 0x00, 0x24, 0x00, 0x87, 0x00, 0x00, 0x00, 0x0d, 0x03, 0x03, 0x1a, 0x06, 0x06, 0x26, 0x09,
    0x0a, 0x33, 0x0d, 0x0d, 0x40, 0x10, 0x10, 0x4d, 0x13, 0x13, 0x5a, 0x16, 0x16, 0x66, 0x19, 0x1a,
    0x73, 0x1c, 0x1d, 0x80, 0x1f, 0x20, 0x8d, 0x22, 0x23, 0x9a, 0x26, 0x26, 0xa6, 0x29, 0x2a, 0xb3,
    0x2c, 0x2d, 0xc0, 0x2f, 0x30, 0x00, 0x00, 0x00, 0x00, 0x00, 0x00, 0x00, 0x00, 0x00, 0x00, 0x00,
    0x00, 0x00, 0x00, 0x00, 0x00, 0x00, 0x00, 0x00, 0x00, 0x00, 0x00, 0x00, 0x00, 0x00, 0x00, 0x00,
    0x00, 0x00, 0x00, 0x00, 0x00, 0x00, 0x00, 0x00, 0x00, 0x00, 0x00, 0x00, 0x00, 0x00, 0x00, 0x00,
    0x00, 0x00, 0x00, 0x00, 0x00, 0x00, 0x00, 0x00, 0x00, 0x00, 0x00, 0x00, 0x00, 0x00, 0x00, 0x00,
    0x00, 0x00, 0x00, 0x00, 0x00, 0x00, 0x00, 0x00, 0x00, 0x00, 0x00, 0x00, 0x00, 0x00, 0x00, 0x00,
    0x00, 0x00, 0x00, 0x00, 0x00, 0x00, 0x00, 0x00, 0x00, 0x00, 0x00, 0x00, 0x00, 0x00, 0x00, 0x00,
    0x00, 0x00, 0x00, 0x00, 0x00, 0x00, 0x00, 0x00, 0x00, 0x00, 0x00, 0x00, 0x00, 0x00, 0x00, 0x00,
    0x00, 0x00, 0x00, 0x00, 0x00, 0x00, 0x00, 0x00, 0x00, 0x00, 0x00, 0x00, 0x00, 0x00, 0x00, 0x00,
    0x00, 0x00, 0x00, 0x00, 0x00, 0x00, 0x00, 0x00, 0x00, 0x00, 0x00, 0x00, 0x00, 0x00, 0x00, 0x00,
    0x00, 0x00, 0x00, 0x00, 0x00, 0x00, 0x00, 0x00, 0x00, 0x00, 0x00, 0x00, 0x00, 0x00, 0x00, 0x00,
    0x00, 0x00, 0x00, 0x00, 0x00, 0x00, 0x00, 0x00, 0x00, 0x00, 0x00, 0x00, 0x00, 0x00, 0x00, 0x00,
    0x00, 0x00, 0x00, 0x00, 0x00, 0x00, 0x00, 0x00, 0x00, 0x00, 0x00, 0x00, 0x00, 0x00, 0x00, 0x00,
    0x00, 0x00, 0x00, 0x00, 0x00, 0x00, 0x00, 0x00, 0x00, 0x00, 0x00, 0x00, 0x00, 0x00, 0x00, 0x00,
    0x00, 0x00, 0x00, 0x00, 0x00, 0x00, 0x00, 0x00, 0x00, 0x00, 0x00, 0x00, 0x00, 0x00, 0x00, 0x00,
    0x00, 0x00, 0x00, 0x00, 0x00, 0x00, 0x00, 0x00, 0x00, 0x00, 0x00, 0x00, 0x00, 0x00, 0x00, 0x00,
    0x00, 0x00, 0x00, 0x00, 0x00, 0x00, 0x00, 0x00, 0x00, 0x00, 0x00, 0x00, 0x00, 0x00, 0x00, 0x00,
    0x00, 0x00, 0x00, 0x00, 0x00, 0x00, 0x00, 0x00, 0x00, 0x00, 0x00, 0x00, 0x00, 0x00, 0x00, 0x00,
    0x00, 0x00, 0x00, 0x00, 0x00, 0x00, 0x00, 0x00, 0x00, 0x00, 0x00, 0x00, 0x00, 0x00, 0x00, 0x00,
    0x00, 0x00, 0x00, 0x00, 0x00, 0x00, 0x00, 0x00, 0x00, 0x00, 0x00, 0x00, 0x00, 0x00, 0x00, 0x00,
    0x00, 0x00, 0x00, 0x00, 0x00, 0x00, 0x00, 0x00, 0x00, 0x00, 0x00, 0x00, 0x00, 0x00, 0x00, 0x00,
    0x00, 0x00, 0x00, 0x00, 0x00, 0x00, 0x00, 0x00, 0x00, 0x00, 0x00, 0x00, 0x00, 0x00, 0x00, 0x00,
    0x00, 0x00, 0x00, 0x00, 0x00, 0x00, 0x00, 0x00, 0x00, 0x00, 0x00, 0x00, 0x00, 0x00, 0x00, 0x00,
    0x00, 0x00, 0x00, 0x00, 0x00, 0x00, 0x00, 0x00, 0x00, 0x00, 0x00, 0x00, 0x00, 0x00, 0x00, 0x00,
    0x00, 0x00, 0x00, 0x00, 0x00, 0x00, 0x00, 0x00, 0x00, 0x00, 0x00, 0x00, 0x00, 0x00, 0x00, 0x00,
    0x00, 0x00, 0x00, 0x00, 0x00, 0x00, 0x00, 0x00, 0x00, 0x00, 0x00, 0x00, 0x00, 0x00, 0x00, 0x00,
    0x00, 0x00, 0x00, 0x00, 0x00, 0x00, 0x00, 0x00, 0x00, 0x00, 0x00, 0x00, 0x00, 0x00, 0x00, 0x00,
    0x00, 0x00, 0x00, 0x00, 0x00, 0x00, 0x00, 0x00, 0x00, 0x00, 0x00, 0x00, 0x00, 0x00, 0x00, 0x00,
    0x00, 0x00, 0x00, 0x00, 0x00, 0x00, 0x00, 0x00, 0x00, 0x00, 0x00, 0x00, 0x00, 0x00, 0x00, 0x00,
    0x00, 0x00, 0x00, 0x00, 0x00, 0x00, 0x00, 0x00, 0x00, 0x00, 0x00, 0x00, 0x00, 0x00, 0x00, 0x00,
    0x00, 0x00, 0x00, 0x00, 0x00, 0x00, 0x00, 0x00, 0x00, 0x00, 0x00, 0x00, 0x00, 0x00, 0x00, 0x00,
    0x00, 0x00, 0x00, 0x00, 0x00, 0x00, 0x00, 0x00, 0x00, 0x00, 0x00, 0x00, 0x00, 0x00, 0x00, 0x00,
    0x00, 0x00, 0x00, 0x00, 0x00, 0x00, 0x00, 0x00, 0x00, 0x00, 0x00, 0x00, 0x00, 0x00, 0x00, 0x00,
    0x00, 0x00, 0x00, 0x00, 0x00, 0x00, 0x00, 0x00, 0x00, 0x00, 0x00, 0x00, 0x00, 0x00, 0x00, 0x00,
    0x00, 0x00, 0x00, 0x00, 0x00, 0x00, 0x00, 0x00, 0x00, 0x00, 0x00, 0x00, 0x00, 0x00, 0x00, 0x00,
    0x00, 0x00, 0x00, 0x00, 0x00, 0x00, 0x00, 0x00, 0x00, 0x00, 0x00, 0x00, 0x00, 0x00, 0x00, 0x00,
    0x00, 0x00, 0x00, 0x00, 0x00, 0x00, 0x00, 0x00, 0x00, 0x00, 0x00, 0x00, 0x00, 0x00, 0x00, 0x00,
    0x00, 0x00, 0x00, 0x00, 0x00, 0x00, 0x00, 0x00, 0x00, 0x00, 0x00, 0x00, 0x00, 0x00, 0x00, 0x00,
    0x00, 0x00, 0x00, 0x00, 0x00, 0x00, 0x00, 0x00, 0x00, 0x00, 0x00, 0x00, 0x00, 0x00, 0x00, 0x00,
    0x00, 0x00, 0x00, 0x00, 0x00, 0x00, 0x00, 0x00, 0x00, 0x00, 0x00, 0x00, 0x00, 0x00, 0x00, 0x00,
    0x00, 0x00, 0x00, 0x00, 0x00, 0x00, 0x00, 0x00, 0x00, 0x00, 0x00, 0x00, 0x00, 0x00, 0x00, 0x00,
    0x00, 0x00, 0x00, 0x00, 0x00, 0x00, 0x00, 0x00, 0x00, 0x00, 0x00, 0x00, 0x00, 0x00, 0x00, 0x00,
    0x00, 0x00, 0x00, 0x00, 0x00, 0x00, 0x00, 0x00, 0x00, 0x00, 0x00, 0x00, 0x00, 0x00, 0x00, 0x00,
    0x00, 0x00, 0x00, 0x00, 0x00, 0x00, 0x00, 0x00, 0x00, 0x00, 0x00, 0x00, 0x00, 0x00, 0x00, 0x00,
    0x00, 0x00, 0x00, 0x00, 0x00, 0x00, 0x00, 0x00, 0x00, 0x00, 0x00, 0x00, 0x00, 0x00, 0x00, 0x00,
    0x00, 0x00, 0x00, 0x00, 0x00, 0x00, 0x00, 0x00, 0x00, 0x00, 0x00, 0x00, 0x00, 0x00, 0x00, 0x00,
    0x00, 0x00, 0x00, 0x00, 0x00, 0x08, 0xff, 0x00, 0x01, 0x08, 0x1c, 0x40, 0xa0, 0xa0, 0xc0, 0x83,
    0x08, 0x0f, 0x12, 0x34, 0x98, 0xb0, 0xa1, 0xc3, 0x87, 0x10, 0x23, 0x4a, 0x9c, 0x28, 0x71, 0x21,
    0x81, 0x89, 0x16, 0x11, 0x06, 0x58, 0xf0, 0xa0, 0xe3, 0x03, 0x06, 0x03, 0x1e, 0x6e, 0xf4, 0xf8,
    0x31, 0x24, 0xc5, 0x93, 0x28, 0x53, 0xaa, 0x1c, 0xe9, 0x11, 0xa4, 0x48, 0x8e, 0x2d, 0x4d, 0x26,
    0x20, 0xd9, 0xb1, 0x41, 0x00, 0x87, 0x33, 0x69, 0xda, 0x54, 0xc9, 0xb3, 0xa7, 0x4f, 0x00, 0x39,
    0x49, 0xee, 0x6c, 0x18, 0xd4, 0xa3, 0xcd, 0x00, 0x0e, 0x68, 0x76, 0xbc, 0x98, 0x10, 0xa9, 0xd2,
    0x07, 0x4c, 0x7f, 0x4a, 0x9d, 0xda, 0xd0, 0xa9, 0xd2, 0xa8, 0x07, 0xad, 0xd2, 0x24, 0xa0, 0x95,
    0x24, 0x56, 0x81, 0x5d, 0x3d, 0x7e, 0xa5, 0x4a, 0xd6, 0x67, 0xd8, 0xa5, 0x55, 0x93, 0x5e, 0x3d,
    0x0b, 0x35, 0xed, 0xd3, 0xb1, 0x65, 0xe3, 0xa2, 0x64, 0x3b, 0x96, 0x2e, 0x5d, 0xb7, 0x57, 0xe5,
    0xea, 0x5d, 0xa9, 0x76, 0x2b, 0xde, 0xad, 0x77, 0x9b, 0xf6, 0xf5, 0xba, 0xb7, 0x30, 0xc5, 0xc0,
    0x1a, 0x07, 0x8b, 0x45, 0x9c, 0x55, 0x31, 0x5a, 0xc3, 0x90, 0x45, 0x3a, 0x6e, 0x2b, 0xf8, 0x2d,
    0x63, 0xb0, 0x93, 0xe1, 0x46, 0x86, 0x7c, 0x19, 0x80, 0xdd, 0xcc, 0x7f, 0x09, 0x6f, 0x1e, 0x8d,
    0xf9, 0x6d, 0xe8, 0xc5, 0xa0, 0x2b, 0xe7, 0x25, 0x3d, 0xba, 0xf3, 0x67, 0xd3, 0xaa, 0xfd, 0xb2,
    0xde, 0xec, 0x3a, 0x73, 0x6d, 0xd8, 0xb3, 0x39, 0xa7, 0x4e, 0x6c, 0x79, 0x77, 0x63, 0xdc, 0xb9,
    0x0b, 0xdf, 0x5e, 0xeb, 0xbb, 0xf4, 0xea, 0xe0, 0xc2, 0x8b, 0x7b, 0xb6, 0xad, 0xbc, 0x33, 0xf2,
    0xb2, 0xc3, 0x01, 0x37, 0x57, 0xfe, 0x9c, 0x6c, 0x74, 0xaf, 0xd7, 0xc5, 0x56, 0xdf, 0x9b, 0x7d,
    0x69, 0x77, 0xca, 0xdb, 0xe3, 0x7e, 0x9e, 0xe7, 0x3a, 0x1d, 0x78, 0x78, 0xaa, 0xe3, 0xc7, 0x9f,
    0x17, 0x5f, 0x9e, 0xb8, 0xf9, 0xe5, 0xef, 0xd7, 0x9b, 0x6d, 0x2f, 0xfd, 0xbd, 0x73, 0xf9, 0x3c,
    0xd3, 0xd3, 0x17, 0x8d, 0x5f, 0xaa, 0x7e, 0xfb, 0xd4, 0xf5, 0x97, 0xd2, 0x7f, 0xc7, 0xfd, 0x56,
    0xa0, 0x80, 0xf9, 0xed, 0x87, 0x1a, 0x80, 0xf1, 0x21, 0x78, 0x12, 0x81, 0xb2, 0xf1, 0x76, 0xa0,
    0x83, 0x73, 0x29, 0xe8, 0x9d, 0x85, 0xe0, 0x51, 0x38, 0x20, 0x86, 0xe4, 0x31, 0x38, 0xa1, 0x86,
    0x13, 0x41, 0xc8, 0x9f, 0x81, 0x11, 0x82, 0xf8, 0x20, 0x87, 0x6c, 0x99, 0x24, 0x21, 0x4d, 0x2a,
    0x9a, 0x78, 0xd8, 0x64, 0x2d, 0x1a, 0xc7, 0x22, 0x00, 0x07, 0x28, 0xb5, 0xc0, 0x43, 0x35, 0xd2,
    0x74, 0xa3, 0x8b, 0x29, 0xe5, 0x48, 0xd2, 0x8e, 0x0d, 0xf9, 0xe8, 0x11, 0x90, 0x07, 0x34, 0xe0,
    0xc0, 0x91, 0x09, 0xdc, 0x84, 0xa3, 0x91, 0x48, 0x2a, 0xc9, 0x23, 0x4a, 0x45, 0x1e, 0xe9, 0x40,
    0x92, 0x10, 0x45, 0xd9, 0xa4, 0x46, 0x01, 0x64, 0x19, 0x62, 0x96, 0x4e, 0x3e, 0x39, 0x20, 0x97,
    0x5b, 0x6a, 0x29, 0x50, 0x40, 0x00, 0x21, 0xf9, 0x04, 0x04, 0x0c, 0x00, 0x00, 0x00, 0x2c, 0x51,
    0x00, 0x44, 0x00, 0x0e, 0x00, 0x07, 0x00, 0x87, 0x00, 0x00, 0x00, 0x0d, 0x03, 0x03, 0x1a, 0x06,
    0x06, 0x26, 0x09, 0x0a, 0x33, 0x0d, 0x0d, 0x40, 0x10, 0x10, 0x4d, 0x13, 0x13, 0x5a, 0x16, 0x16,
    0x66, 0x19, 0x1a, 0x73, 0x1c, 0x1d, 0x80, 0x1f, 0x20, 0x8d, 0x22, 0x23, 0x9a, 0x26, 0x26, 0xa6,
    0x29, 0x2a, 0xb3, 0x2c, 0x2d, 0xc0, 0x2f, 0x30, 0x00, 0x00, 0x00, 0x00, 0x00, 0x00, 0x00, 0x00,
    0x00, 0x00, 0x00, 0x00, 0x00, 0x00, 0x00, 0x00, 0x00, 0x00, 0x00, 0x00, 0x00, 0x00, 0x00, 0x00,
    0x00, 0x00, 0x00, 0x00, 0x00, 0x00, 0x00, 0x00, 0x00, 0x00, 0x00, 0x00, 0x00, 0x00, 0x00, 0x00,
    0x00, 0x00, 0x00, 0x00, 0x00, 0x00, 0x00, 0x00, 0x00, 0x00, 0x00, 0x00, 0x00, 0x00, 0x00, 0x00,
    0x00, 0x00, 0x00, 0x00, 0x00, 0x00, 0x00, 0x00, 0x00, 0x00, 0x00, 0x00, 0x00, 0x00, 0x00, 0x00,
    0x00, 0x00, 0x00, 0x00, 0x00, 0x00, 0x00, 0x00, 0x00, 0x00, 0x00, 0x00, 0x00, 0x00, 0x00, 0x00,
    0x00, 0x00, 0x00, 0x00, 0x00, 0x00, 0x00, 0x00, 0x00, 0x00, 0x00, 0x00, 0x00, 0x00, 0x00, 0x00,
    0x00, 0x00, 0x00, 0x00, 0x00, 0x00, 0x00, 0x00, 0x00, 0x00, 0x00, 0x00, 0x00, 0x00, 0x00, 0x00,
    0x00, 0x00, 0x00, 0x00, 0x00, 0x00, 0x00, 0x00, 0x00, 0x00, 0x00, 0x00, 0x00, 0x00, 0x00, 0x00,
    0x00, 0x00, 0x00, 0x00, 0x00, 0x00, 0x00, 0x00, 0x00, 0x00, 0x00, 0x00, 0x00, 0x00, 0x00, 0x00,
    0x00, 0x00, 0x00, 0x00, 0x00, 0x00, 0x00, 0x00, 0x00, 0x00, 0x00, 0x00, 0x00, 0x00, 0x00, 0x00,
    0x00, 0x00, 0x00, 0x00, 0x00, 0x00, 0x00, 0x00, 0x00, 0x00, 0x00, 0x00, 0x00, 0x00, 0x00, 0x00,
    0x00, 0x00, 0x00, 0x00, 0x00, 0x00, 0x00, 0x00, 0x00, 0x00, 0x00, 0x00, 0x00, 0x00, 0x00, 0x00,
    0x00, 0x00, 0x00, 0x00, 0x00, 0x00, 0x00, 0x00, 0x00, 0x00, 0x00, 0x00, 0x00, 0x00, 0x00, 0x00,
    0x00, 0x00, 0x00, 0x00, 0x00, 0x00, 0x00, 0x00, 0x00, 0x00, 0x00, 0x00, 0x00, 0x00, 0x00, 0x00,
    0x00, 0x00, 0x00, 0x00, 0x00, 0x00, 0x00, 0x00, 0x00, 0x00, 0x00, 0x00, 0x00, 0x00, 0x00, 0x00,
    0x00, 0x00, 0x00, 0x00, 0x00, 0x00, 0x00, 0x00, 0x00, 0x00, 0x00, 0x00, 0x00, 0x00, 0x00, 0x00,
    0x00, 0x00, 0x00, 0x00, 0x00, 0x00, 0x00, 0x00, 0x00, 0x00, 0x00, 0x00, 0x00, 0x00, 0x00, 0x00,
    0x00, 0x00, 0x00, 0x00, 0x00, 0x00, 0x00, 0x00, 0x00, 0x00, 0x00, 0x00, 0x00, 0x00, 0x00, 0x00,
    0x00, 0x00, 0x00, 0x00, 0x00, 0x00, 0x00, 0x00, 0x00, 0x00, 0x00, 0x00, 0x00, 0x00, 0x00, 0x00,
    0x00, 0x00, 0x00, 0x00, 0x00, 0x00, 0x00, 0x00, 0x00, 0x00, 0x00, 0x00, 0x00, 0x00, 0x00, 0x00,
    0x00, 0x00, 0x00, 0x00, 0x00, 0x00, 0x00, 0x00, 0x00, 0x00, 0x00, 0x00, 0x00, 0x00, 0x00, 0x00,
    0x00, 0x00, 0x00, 0x00, 0x00, 0x00, 0x00, 0x00, 0x00, 0x00, 0x00, 0x00, 0x00, 0x00, 0x00, 0x00,
    0x00, 0x00, 0x00, 0x00, 0x00, 0x00, 0x00, 0x00, 0x00, 0x00, 0x00, 0x00, 0x00, 0x00, 0x00, 0x00,
    0x00, 0x00, 0x00, 0x00, 0x00, 0x00, 0x00, 0x00, 0x00, 0x00, 0x00, 0x00, 0x00, 0x00, 0x00, 0x00,
    0x00, 0x00, 0x00, 0x00, 0x00, 0x00, 0x00, 0x00, 0x00, 0x00, 0x00, 0x00, 0x00, 0x00, 0x00, 0x00,
    0x00, 0x00, 0x00, 0x00, 0x00, 0x00, 0x00, 0x00, 0x00, 0x00, 0x00, 0x00, 0x00, 0x00, 0x00, 0x00,
    0x00, 0x00, 0x00, 0x00, 0x00, 0x00, 0x00, 0x00, 0x00, 0x00, 0x00, 0x00, 0x00, 0x00, 0x00, 0x00,
    0x00, 0x00, 0x00, 0x00, 0x00, 0x00, 0x00, 0x00, 0x00, 0x00, 0x00, 0x00, 0x00, 0x00, 0x00, 0x00,
    0x00, 0x00, 0x00, 0x00, 0x00, 0x00, 0x00, 0x00, 0x00, 0x00, 0x00, 0x00, 0x00, 0x00, 0x00, 0x00,
    0x00, 0x00, 0x00, 0x00, 0x00, 0x00, 0x00, 0x00, 0x00, 0x00, 0x00, 0x00, 0x00, 0x00, 0x00, 0x00,
    0x00, 0x00, 0x00, 0x00, 0x00, 0x00, 0x00, 0x00, 0x00, 0x00, 0x00, 0x00, 0x00, 0x00, 0x00, 0x00,
    0x00, 0x00, 0x00, 0x00, 0x00, 0x00, 0x00, 0x00, 0x00, 0x00, 0x00, 0x00, 0x00, 0x00, 0x00, 0x00,
    0x00, 0x00, 0x00, 0x00, 0x00, 0x00, 0x00, 0x00, 0x00, 0x00, 0x00, 0x00, 0x00, 0x00, 0x00, 0x00,
    0x00, 0x00, 0x00, 0x00, 0x00, 0x00, 0x00, 0x00, 0x00, 0x00, 0x00, 0x00, 0x00, 0x00, 0x00, 0x00,
    0x00, 0x00, 0x00, 0x00, 0x00, 0x00, 0x00, 0x00, 0x00, 0x00, 0x00, 0x00, 0x00, 0x00, 0x00, 0x00,
    0x00, 0x00, 0x00, 0x00, 0x00, 0x00, 0x00, 0x00, 0x00, 0x00, 0x00, 0x00, 0x00, 0x00, 0x00, 0x00,
    0x00, 0x00, 0x00, 0x00, 0x00, 0x00, 0x00, 0x00, 0x00, 0x00, 0x00, 0x00, 0x00, 0x00, 0x00, 0x00,
    0x00, 0x00, 0x00, 0x00, 0x00, 0x00, 0x00, 0x00, 0x00, 0x00, 0x00, 0x00, 0x00, 0x00, 0x00, 0x00,
    0x00, 0x00, 0x00, 0x00, 0x00, 0x00, 0x00, 0x00, 0x00, 0x00, 0x00, 0x00, 0x00, 0x00, 0x00, 0x00,
    0x00, 0x00, 0x00, 0x00, 0x00, 0x00, 0x00, 0x00, 0x00, 0x00, 0x00, 0x00, 0x00, 0x00, 0x00, 0x00,
    0x00, 0x00, 0x00, 0x00, 0x00, 0x00, 0x00, 0x00, 0x00, 0x00, 0x00, 0x00, 0x00, 0x00, 0x00, 0x00,
    0x00, 0x00, 0x00, 0x00, 0x00, 0x00, 0x00, 0x00, 0x00, 0x00, 0x00, 0x00, 0x00, 0x00, 0x00, 0x00,
    0x00, 0x00, 0x00, 0x00, 0x00, 0x00, 0x00, 0x00, 0x00, 0x00, 0x00, 0x00, 0x00, 0x00, 0x00, 0x00,
    0x00, 0x00, 0x00, 0x00, 0x00, 0x00, 0x00, 0x00, 0x00, 0x00, 0x00, 0x00, 0x00, 0x00, 0x00, 0x00,
    0x00, 0x00, 0x00, 0x00, 0x00, 0x00, 0x00, 0x00, 0x08, 0x44, 0x00, 0x01, 0x08, 0x40, 0x50, 0x00,
    0x80, 0xc1, 0x83, 0x03, 0x07, 0x00, 0x30, 0xf0, 0xe0, 0x41, 0x83, 0x00, 0x07, 0x0d, 0x2a, 0x68,
    0x88, 0x40, 0x80, 0x83, 0x86, 0x0d, 0x0c, 0x04, 0x08, 0x40, 0x60, 0xc1, 0x83, 0x8b, 0x04, 0x00,
    0x10, 0x68, 0xd8, 0xd0, 0xc1, 0x45, 0x92, 0x07, 0x0e, 0x12, 0x68, 0x40, 0xb2, 0x65, 0xca, 0x88,
    0x01, 0x10, 0x30, 0x30, 0xd9, 0x20, 0x81, 0xc2, 0x88, 0x30, 0x21, 0xe2, 0x0c, 0x08, 0x00, 0x21,
    0xf9, 0x04, 0x04, 0x04, 0x00, 0x00, 0x00, 0x2c, 0x1a, 0x00, 0x13, 0x00, 0x7d, 0x00, 0x24, 0x00,
    0x87, 0x00, 0x00, 0x00, 0x0d, 0x03, 0x03, 0x1a, 0x06, 0x06, 0x26, 0x09, 0x0a, 0x33, 0x0d, 0x0d,
    0x40, 0x10, 0x10, 0x4d, 0x13, 0x13, 0x5a, 0x16, 0x16, 0x66, 0x19, 0x1a, 0x73, 0x1c, 0x1d, 0x80,
    0x1f, 0x20, 0x8d, 0x22, 0x23, 0x9a, 0x26, 0x26, 0xa6, 0x29, 0x2a, 0xb3, 0x2c, 0x2d, 0xc0, 0x2f,
    0x30, 0x00, 0x00, 0x00, 0x00, 0x00, 0x00, 0x00, 0x00, 0x00, 0x00, 0x00, 0x00, 0x00, 0x00, 0x00,
    0x00, 0x00, 0x00, 0x00, 0x00, 0x00, 0x00, 0x00, 0x00, 0x00, 0x00, 0x00, 0x00, 0x00, 0x00, 0x00,
    0x00, 0x00, 0x00, 0x00, 0x00, 0x00, 0x00, 0x00, 0x00, 0x00, 0x00, 0x00, 0x00, 0x00, 0x00, 0x00,
    0x00, 0x00, 0x00, 0x00, 0x00, 0x00, 0x00, 0x00, 0x00, 0x00, 0x00, 0x00, 0x00, 0x00, 0x00, 0x00,
    0x00, 0x00, 0x00, 0x00, 0x00, 0x00, 0x00, 0x00, 0x00, 0x00, 0x00, 0x00, 0x00, 0x00, 0x00, 0x00,
    0x00, 0x00, 0x00, 0x00, 0x00, 0x00, 0x00, 0x00, 0x00, 0x00, 0x00, 0x00, 0x00, 0x00, 0x00, 0x00,
    0x00, 0x00, 0x00, 0x00, 0x00, 0x00, 0x00, 0x00, 0x00, 0x00, 0x00, 0x00, 0x00, 0x00, 0x00, 0x00,
    0x00, 0x00, 0x00, 0x00, 0x00, 0x00, 0x00, 0x00, 0x00, 0x00, 0x00, 0x00, 0x00, 0x00, 0x00, 0x00,
    0x00, 0x00, 0x00, 0x00, 0x00, 0x00, 0x00, 0x00, 0x00, 0x00, 0x00, 0x00, 0x00, 0x00, 0x00, 0x00,
    0x00, 0x00, 0x00, 0x00, 0x00, 0x00, 0x00, 0x00, 0x00, 0x00, 0x00, 0x00, 0x00, 0x00, 0x00, 0x00,
    0x00, 0x00, 0x00, 0x00, 0x00, 0x00, 0x00, 0x00, 0x00, 0x00, 0x00, 0x00, 0x00, 0x00, 0x00, 0x00,
    0x00, 0x00, 0x00, 0x00, 0x00, 0x00, 0x00, 0x00, 0x00, 0x00, 0x00, 0x00, 0x00, 0x00, 0x00, 0x00,
    0x00, 0x00, 0x00, 0x00, 0x00, 0x00, 0x00, 0x00, 0x00, 0x00, 0x00, 0x00, 0x00, 0x00, 0x00, 0x00,
    0x00, 0x00, 0x00, 0x00, 0x00, 0x00, 0x00, 0x00, 0x00, 0x00, 0x00, 0x00, 0x00, 0x00, 0x00, 0x00,
    0x00, 0x00, 0x00, 0x00, 0x00, 0x00, 0x00, 0x00, 0x00, 0x00, 0x00, 0x00, 0x00, 0x00, 0x00, 0x00,
    0x00, 0x00, 0x00, 0x00, 0x00, 0x00, 0x00, 0x00, 0x00, 0x00, 0x00, 0x00, 0x00, 0x00, 0x00, 0x00,
    0x00, 0x00, 0x00, 0x00, 0x00, 0x00, 0x00, 0x00, 0x00, 0x00, 0x00, 0x00, 0x00, 0x00, 0x00, 0x00,
    0x00, 0x00, 0x00, 0x00, 0x00, 0x00, 0x00, 0x00, 0x00, 0x00, 0x00, 0x00, 0x00, 0x00, 0x00, 0x00,
    0x00, 0x00, 0x00, 0x00, 0x00, 0x00, 0x00, 0x00, 0x00, 0x00, 0x00, 0x00, 0x00, 0x00, 0x00, 0x00,
    0x00, 0x00, 0x00, 0x00, 0x00, 0x00, 0x00, 0x00, 0x00, 0x00, 0x00, 0x00, 0x00, 0x00, 0x00, 0x00,
    0x00, 0x00, 0x00, 0x00, 0x00, 0x00, 0x00, 0x00, 0x00, 0x00, 0x00, 0x00, 0x00, 0x00, 0x00, 0x00,
    0x00, 0x00, 0x00, 0x00, 0x00, 0x00, 0x00, 0x00, 0x00, 0x00, 0x00, 0x00, 0x00, 0x00, 0x00, 0x00,
    0x00, 0x00, 0x00, 0x00, 0x00, 0x00, 0x00, 0x00, 0x00, 0x00, 0x00, 0x00, 0x00, 0x00, 0x00, 0x00,
    0x00, 0x00, 0x00, 0x00, 0x00, 0x00, 0x00, 0x00, 0x00, 0x00, 0x00, 0x00, 0x00, 0x00, 0x00, 0x00,
    0x00, 0x00, 0x00, 0x00, 0x00, 0x00, 0x00, 0x00, 0x00, 0x00, 0x00, 0x00, 0x00, 0x00, 0x00, 0x00,
    0x00, 0x00, 0x00, 0x00, 0x00, 0x00, 0x00, 0x00, 0x00, 0x00, 0x00, 0x00, 0x00, 0x00, 0x00, 0x00,
    0x00, 0x00, 0x00, 0x00, 0x00, 0x00, 0x00, 0x00, 0x00, 0x00, 0x00, 0x00, 0x00, 0x00, 0x00, 0x00,
    0x00, 0x00, 0x00, 0x00, 0x00, 0x00, 0x00, 0x00, 0x00, 0x00, 0x00, 0x00, 0x00, 0x00, 0x00, 0x00,
    0x00, 0x00, 0x00, 0x00, 0x00, 0x00, 0x00, 0x00, 0x00, 0x00, 0x00, 0x00, 0x00, 0x00, 0x00, 0x00,
    0x00, 0x00, 0x00, 0x00, 0x00, 0x00, 0x00, 0x00, 0x00, 0x00, 0x00, 0x00, 0x00, 0x00, 0x00, 0x00,
    0x00, 0x00, 0x00, 0x00, 0x00, 0x00, 0x00, 0x00, 0x00, 0x00, 0x00, 0x00, 0x00, 0x00, 0x00, 0x00,
    0x00, 0x00, 0x00, 0x00, 0x00, 0x00, 0x00, 0x00, 0x00, 0x00, 0x00, 0x00, 0x00, 0x00, 0x00, 0x00,
    0x00, 0x00, 0x00, 0x00, 0x00, 0x00, 0x00, 0x00, 0x00, 0x00, 0x00, 0x00, 0x00, 0x00, 0x00, 0x00,
    0x00, 0x00, 0x00, 0x00, 0x00, 0x00, 0x00, 0x00, 0x00, 0x00, 0x00, 0x00, 0x00, 0x00, 0x00, 0x00,
    0x00, 0x00, 0x00, 0x00, 0x00, 0x00, 0x00, 0x00, 0x00, 0x00, 0x00, 0x00, 0x00, 0x00, 0x00, 0x00,
    0x00, 0x00, 0x00, 0x00, 0x00, 0x00, 0x00, 0x00, 0x00, 0x00, 0x00, 0x00, 0x00, 0x00, 0x00, 0x00,
    0x00, 0x00, 0x00, 0x00, 0x00, 0x00, 0x00, 0x00, 0x00, 0x00, 0x00, 0x00, 0x00, 0x00, 0x00, 0x00,
    0x00, 0x00, 0x00, 0x00, 0x00, 0x00, 0x00, 0x00, 0x00, 0x00, 0x00, 0x00, 0x00, 0x00, 0x00, 0x00,
    0x00, 0x00, 0x00, 0x00, 0x00, 0x00, 0x00, 0x00, 0x00, 0x00, 0x00, 0x00, 0x00, 0x00, 0x00, 0x00,
    0x00, 0x00, 0x00, 0x00, 0x00, 0x00, 0x00, 0x00, 0x00, 0x00, 0x00, 0x00, 0x00, 0x00, 0x00, 0x00,
    0x00, 0x00, 0x00, 0x00, 0x00, 0x00, 0x00, 0x00, 0x00, 0x00, 0x00, 0x00, 0x00, 0x00, 0x00, 0x00,
    0x00, 0x00, 0x00, 0x00, 0x00, 0x00, 0x00, 0x00, 0x00, 0x00, 0x00, 0x00, 0x00, 0x00, 0x00, 0x00,
    0x00, 0x00, 0x00, 0x00, 0x00, 0x00, 0x00, 0x00, 0x00, 0x00, 0x00, 0x00, 0x00, 0x00, 0x00, 0x00,
    0x00, 0x00, 0x00, 0x00, 0x00, 0x00, 0x00, 0x00, 0x00, 0x00, 0x00, 0x00, 0x00, 0x00, 0x00, 0x00,
    0x00, 0x00, 0x00, 0x00, 0x00, 0x00, 0x00, 0x00, 0x00, 0x00, 0x00, 0x00, 0x00, 0x00, 0x00, 0x00,
    0x00, 0x08, 0xff, 0x00, 0x01, 0x00, 0x08, 0x40, 0x30, 0x80, 0xc0, 0x83, 0x08, 0x0f, 0x16, 0x34,
    0x98, 0xb0, 0xa1, 0xc3, 0x87, 0x10, 0x23, 0x4a, 0x9c, 0x28, 0x71, 0xe1, 0x44, 0x8b, 0x07, 0x0f,
    0x34, 0x70, 0xc0, 0x31, 0x01, 0x43, 0x87, 0x1a, 0x39, 0x3a, 0xf0, 0x48, 0xb1, 0xa4, 0xc9, 0x93,
    0x28, 0x05, 0x86, 0xec, 0xf8, 0xb1, 0xe1, 0xca, 0x91, 0x06, 0x0f, 0x3c, 0x98, 0x49, 0x73, 0xc1,
    0x43, 0x99, 0x34, 0x67, 0xda, 0x4c, 0xc9, 0xb3, 0x67, 0x4a, 0x9c, 0x39, 0x77, 0xba, 0xcc, 0xa9,
    0x13, 0x80, 0x03, 0xa2, 0x33, 0x07, 0x34, 0x0c, 0x70, 0x14, 0xa9, 0x52, 0x9f, 0x50, 0xa3, 0x3a,
    0x64, 0x8a, 0xf4, 0xc1, 0x53, 0x84, 0x54, 0x9d, 0x36, 0x25, 0x4a, 0x60, 0xe9, 0xd6, 0x9c, 0x5d,
    0xa5, 0x8a, 0x95, 0x9a, 0x95, 0xab, 0xd7, 0xaa, 0x04, 0xbe, 0xd2, 0x0c, 0x8b, 0x55, 0xed, 0x4c,
    0xb6, 0x63, 0xe3, 0xa6, 0x2c, 0x0b, 0xf6, 0x2c, 0xd2, 0xb4, 0x68, 0xed, 0x9a, 0x95, 0xcb, 0xf7,
    0x24, 0xdd, 0xb5, 0x7a, 0xc1, 0xba, 0x7d, 0x00, 0x57, 0xe0, 0xdf, 0xb7, 0x7d, 0x13, 0x53, 0x3c,
    0x4c, 0x38, 0xf0, 0xda, 0xc1, 0x85, 0x07, 0x42, 0x56, 0x4c, 0x19, 0x22, 0xe3, 0xc8, 0x97, 0x27,
    0x27, 0xbc, 0x5c, 0xb9, 0xf3, 0x66, 0xcd, 0x6d, 0xd1, 0x82, 0x56, 0x38, 0xda, 0x73, 0x65, 0xce,
    0x9f, 0x45, 0xe7, 0x4d, 0x7d, 0xd7, 0xb4, 0x69, 0xd4, 0xa1, 0xef, 0x96, 0x96, 0xbc, 0xda, 0xf5,
    0xe9, 0xd9, 0x99, 0x6b, 0x93, 0xd6, 0x6d, 0x3b, 0x31, 0xec, 0xdd, 0xb2, 0x79, 0xd3, 0x6e, 0xdd,
    0x9b, 0xf2, 0x6f, 0xc3, 0x90, 0x71, 0xcf, 0x2e, 0x1e, 0xf7, 0xf8, 0x70, 0xae, 0xca, 0x85, 0x33,
    0x1f, 0xeb, 0x3c, 0x37, 0xf1, 0xd8, 0x7b, 0xa7, 0xf3, 0xad, 0x9e, 0x5c, 0xb8, 0x73, 0xed, 0x64,
    0xa3, 0x07, 0xa8, 0xbf, 0x0e, 0x3c, 0x3b, 0x78, 0xea, 0xe2, 0xa1, 0x7b, 0x5f, 0x7e, 0xde, 0x27,
    0x77, 0xd5, 0xe4, 0x91, 0x4b, 0x6f, 0xdf, 0xf3, 0xfd, 0x78, 0xf3, 0xf2, 0xe3, 0xd3, 0x77, 0x9f,
    0x5e, 0xf0, 0xfa, 0xf9, 0xfb, 0xa1, 0x64, 0x9f, 0x7a, 0xfa, 0x7d, 0x17, 0xa0, 0x80, 0xfd, 0x3d,
    0xf6, 0x9f, 0x7e, 0x07, 0x22, 0xb8, 0x20, 0x81, 0xf8, 0x3d, 0x57, 0x57, 0x83, 0xfc, 0x3d, 0xe8,
    0x5f, 0x81, 0xec, 0x51, 0xb8, 0x58, 0x82, 0x6f, 0x71, 0xd8, 0x98, 0x86, 0x3c, 0x0d, 0x78, 0x61,
    0x84, 0x06, 0x82, 0x58, 0x91, 0x87, 0x78, 0x61, 0x08, 0xa0, 0x89, 0x96, 0xa1, 0x88, 0x22, 0x8b,
    0x0e, 0xaa, 0x78, 0xdf, 0x84, 0xd8, 0xd1, 0x08, 0xe3, 0x86, 0x16, 0xae, 0x95, 0x00, 0x52, 0x0d,
    0xb4, 0x74, 0xd0, 0x8e, 0x44, 0xf5, 0x78, 0xe3, 0x49, 0x40, 0xe6, 0x24, 0x64, 0x43, 0x45, 0xd2,
    0xd4, 0x63, 0x00, 0x0b, 0xe4, 0xc4, 0xc0, 0x55, 0x9b, 0x35, 0x49, 0xd3, 0x93, 0x43, 0xfa, 0x25,
    0xe5, 0x4c, 0x54, 0x4e, 0x75, 0xe5, 0x03, 0x59, 0x02, 0x30, 0x00, 0x01, 0x60, 0x4e, 0xf4, 0x65,
    0x98, 0x55, 0xa6, 0x34, 0x66, 0x64, 0x0d, 0x9d, 0x79, 0x50, 0x40, 0x00, 0x3b,
};

const lv_img_dsc_t gif_paused = {
  .header.cf = LV_IMG_CF_RAW_CHROMA_KEYED,
  .header.always_zero = 0,
  .header.reserved = 0,
  .header.w = 176,
  .header.h = 90,
  .data_size = 42141,
  .data = gif_paused_map,
};
