// Generated from idle4.gif by gif2c.py (original artwork, OctoPrint edition)
#ifdef __has_include
    #if __has_include("lvgl.h")
        #ifndef LV_LVGL_H_INCLUDE_SIMPLE
            #define LV_LVGL_H_INCLUDE_SIMPLE
        #endif
    #endif
#endif

#if defined(LV_LVGL_H_INCLUDE_SIMPLE)
    #include "lvgl.h"
#else
    #include "lvgl/lvgl.h"
#endif

#ifndef LV_ATTRIBUTE_MEM_ALIGN
#define LV_ATTRIBUTE_MEM_ALIGN
#endif

#ifndef LV_ATTRIBUTE_IMG_GIF_IDLE4
#define LV_ATTRIBUTE_IMG_GIF_IDLE4
#endif

const LV_ATTRIBUTE_MEM_ALIGN LV_ATTRIBUTE_LARGE_CONST LV_ATTRIBUTE_IMG_GIF_IDLE4 uint8_t gif_idle4_map[] = {
    0x47, 0x49, 0x46, 0x38, 0x39, 0x61, 0xbe, 0x00, 0x68, 0x00, 0x87, 0x00, 0x00, 0x00, 0x00, 0x00,
    0x0d, 0x03, 0x03, 0x1a, 0x06, 0x06, 0x26, 0x09, 0x0a, 0x33, 0x0d, 0x0d, 0x40, 0x10, 0x10, 0x4d,
    0x13, 0x13, 0x5a, 0x16, 0x16, 0x66, 0x19, 0x1a, 0x73, 0x1c, 0x1d, 0x80, 0x1f, 0x20, 0x8d, 0x22,
    0x23, 0x9a, 0x26, 0x26, 0xa6, 0x29, 0x2a, 0xb3, 0x2c, 0x2d, 0xc0, 0x2f, 0x30, 0x00, 0x00, 0x00,
    0x00, 0x00, 0x00, 0x00, 0x00, 0x00, 0x00, 0x00, 0x00, 0x00, 0x00, 0x00, 0x00, 0x00, 0x00, 0x00,
    0x00, 0x00, 0x00, 0x00, 0x00, 0x00, 0x00, 0x00, 0x00, 0x00, 0x00, 0x00, 0x00, 0x00, 0x00, 0x00,
    0x00, 0x00, 0x00, 0x00, 0x00, 0x00, 0x00, 0x00, 0x00, 0x00, 0x00, 0x00, 0x00, 0x00, 0x00, 0x00,
    0x00, 0x00, 0x00, 0x00, 0x00, 0x00, 0x00, 0x00, 0x00, 0x00, 0x00, 0x00, 0x00, 0x00, 0x00, 0x00,
    0x00, 0x00, 0x00, 0x00, 0x00, 0x00, 0x00, 0x00, 0x00, 0x00, 0x00, 0x00, 0x00, 0x00, 0x00, 0x00,
    0x00, 0x00, 0x00, 0x00, 0x00, 0x00, 0x00, 0x00, 0x00, 0x00, 0x00, 0x00, 0x00, 0x00, 0x00, 0x00,
    0x00, 0x00, 0x00, 0x00, 0x00, 0x00, 0x00, 0x00, 0x00, 0x00, 0x00, 0x00, 0x00, 0x00, 0x00, 0x00,
    0x00, 0x00, 0x00, 0x00, 0x00, 0x00, 0x00, 0x00, 0x00, 0x00, 0x00, 0x00, 0x00, 0x00, 0x00, 0x00,
    0x00, 0x00, 0x00, 0x00, 0x00, 0x00, 0x00, 0x00, 0x00, 0x00, 0x00, 0x00, 0x00, 0x00, 0x00, 0x00,
    0x00, 0x00, 0x00, 0x00, 0x00, 0x00, 0x00, 0x00, 0x00, 0x00, 0x00, 0x00, 0x00, 0x00, 0x00, 0x00,
    0x00, 0x00, 0x00, 0x00, 0x00, 0x00, 0x00, 0x00, 0x00, 0x00, 0x00, 0x00, 0x00, 0x00, 0x00, 0x00,
    0x00, 0x00, 0x00, 0x00, 0x00, 0x00, 0x00, 0x00, 0x00, 0x00, 0x00, 0x00, 0x00, 0x00, 0x00, 0x00,
    0x00, 0x00, 0x00, 0x00, 0x00, 0x00, 0x00, 0x00, 0x00, 0x00, 0x00, 0x00, 0x00, 0x00, 0x00, 0x00,
    0x00, 0x00, 0x00, 0x00, 0x00, 0x00, 0x00, 0x00, 0x00, 0x00, 0x00, 0x00, 0x00, 0x00, 0x00, 0x00,
    0x00, 0x00, 0x00, 0x00, 0x00, 0x00, 0x00, 0x00, 0x00, 0x00, 0x00, 0x00, 0x00, 0x00, 0x00, 0x00,
    0x00, 0x00, 0x00, 0x00, 0x00, 0x00, 0x00, 0x00, 0x00, 0x00, 0x00, 0x00, 0x00, 0x00, 0x00, 0x00,
    0x00, 0x00, 0x00, 0x00, 0x00, 0x00, 0x00, 0x00, 0x00, 0x00, 0x00, 0x00, 0x00, 0x00, 0x00, 0x00,
    0x00, 0x00, 0x00, 0x00, 0x00, 0x00, 0x00, 0x00, 0x00, 0x00, 0x00, 0x00, 0x00, 0x00, 0x00, 0x00,
    0x00, 0x00, 0x00, 0x00, 0x00, 0x00, 0x00, 0x00, 0x00, 0x00, 0x00, 0x00, 0x00, 0x00, 0x00, 0x00,
    0x00, 0x00, 0x00, 0x00, 0x00, 0x00, 0x00, 0x00, 0x00, 0x00, 0x00, 0x00, 0x00, 0x00, 0x00, 0x00,
    0x00, 0x00, 0x00, 0x00, 0x00, 0x00, 0x00, 0x00, 0x00, 0x00, 0x00, 0x00, 0x00, 0x00, 0x00, 0x00,
    0x00, 0x00, 0x00, 0x00, 0x00, 0x00, 0x00, 0x00, 0x00, 0x00, 0x00, 0x00, 0x00, 0x00, 0x00, 0x00,
    0x00, 0x00, 0x00, 0x00, 0x00, 0x00, 0x00, 0x00, 0x00, 0x00, 0x00, 0x00, 0x00, 0x00, 0x00, 0x00,
    0x00, 0x00, 0x00, 0x00, 0x00, 0x00, 0x00, 0x00, 0x00, 0x00, 0x00, 0x00, 0x00, 0x00, 0x00, 0x00,
    0x00, 0x00, 0x00, 0x00, 0x00, 0x00, 0x00, 0x00, 0x00, 0x00, 0x00, 0x00, 0x00, 0x00, 0x00, 0x00,
    0x00, 0x00, 0x00, 0x00, 0x00, 0x00, 0x00, 0x00, 0x00, 0x00, 0x00, 0x00, 0x00, 0x00, 0x00, 0x00,
    0x00, 0x00, 0x00, 0x00, 0x00, 0x00, 0x00, 0x00, 0x00, 0x00, 0x00, 0x00, 0x00, 0x00, 0x00, 0x00,
    0x00, 0x00, 0x00, 0x00, 0x00, 0x00, 0x00, 0x00, 0x00, 0x00, 0x00, 0x00, 0x00, 0x00, 0x00, 0x00,
    0x00, 0x00, 0x00, 0x00, 0x00, 0x00, 0x00, 0x00, 0x00, 0x00, 0x00, 0x00, 0x00, 0x00, 0x00, 0x00,
    0x00, 0x00, 0x00, 0x00, 0x00, 0x00, 0x00, 0x00, 0x00, 0x00, 0x00, 0x00, 0x00, 0x00, 0x00, 0x00,
    0x00, 0x00, 0x00, 0x00, 0x00, 0x00, 0x00, 0x00, 0x00, 0x00, 0x00, 0x00, 0x00, 0x00, 0x00, 0x00,
    0x00, 0x00, 0x00, 0x00, 0x00, 0x00, 0x00, 0x00, 0x00, 0x00, 0x00, 0x00, 0x00, 0x00, 0x00, 0x00,
    0x00, 0x00, 0x00, 0x00, 0x00, 0x00, 0x00, 0x00, 0x00, 0x00, 0x00, 0x00, 0x00, 0x00, 0x00, 0x00,
    0x00, 0x00, 0x00, 0x00, 0x00, 0x00, 0x00, 0x00, 0x00, 0x00, 0x00, 0x00, 0x00, 0x00, 0x00, 0x00,
    0x00, 0x00, 0x00, 0x00, 0x00, 0x00, 0x00, 0x00, 0x00, 0x00, 0x00, 0x00, 0x00, 0x00, 0x00, 0x00,
    0x00, 0x00, 0x00, 0x00, 0x00, 0x00, 0x00, 0x00, 0x00, 0x00, 0x00, 0x00, 0x00, 0x00, 0x00, 0x00,
    0x00, 0x00, 0x00, 0x00, 0x00, 0x00, 0x00, 0x00, 0x00, 0x00, 0x00, 0x00, 0x00, 0x00, 0x00, 0x00,
    0x00, 0x00, 0x00, 0x00, 0x00, 0x00, 0x00, 0x00, 0x00, 0x00, 0x00, 0x00, 0x00, 0x00, 0x00, 0x00,
    0x00, 0x00, 0x00, 0x00, 0x00, 0x00, 0x00, 0x00, 0x00, 0x00, 0x00, 0x00, 0x00, 0x00, 0x00, 0x00,
    0x00, 0x00, 0x00, 0x00, 0x00, 0x00, 0x00, 0x00, 0x00, 0x00, 0x00, 0x00, 0x00, 0x00, 0x00, 0x00,
    0x00, 0x00, 0x00, 0x00, 0x00, 0x00, 0x00, 0x00, 0x00, 0x00, 0x00, 0x00, 0x00, 0x00, 0x00, 0x00,
    0x00, 0x00, 0x00, 0x00, 0x00, 0x00, 0x00, 0x00, 0x00, 0x00, 0x00, 0x00, 0x00, 0x00, 0x00, 0x00,
    0x00, 0x00, 0x00, 0x00, 0x00, 0x00, 0x00, 0x00, 0x00, 0x00, 0x00, 0x00, 0x00, 0x00, 0x00, 0x00,
    0x00, 0x00, 0x00, 0x00, 0x00, 0x00, 0x00, 0x00, 0x00, 0x00, 0x00, 0x00, 0x00, 0x00, 0x00, 0x00,
    0x00, 0x00, 0x00, 0x00, 0x00, 0x00, 0x00, 0x00, 0x00, 0x00, 0x00, 0x00, 0x00, 0x21, 0xff, 0x0b,
    0x4e, 0x45, 0x54, 0x53, 0x43, 0x41, 0x50, 0x45, 0x32, 0x2e, 0x30, 0x03, 0x01, 0x00, 0x00, 0x00,
    0x21, 0xf9, 0x04, 0x04, 0x04, 0x00, 0x00, 0x00, 0x2c, 0x00, 0x00, 0x00, 0x00, 0xbe, 0x00, 0x68,
    0x00, 0x00, 0x08, 0xff, 0x00, 0x01, 0x08, 0x1c, 0x48, 0xb0, 0xa0, 0xc1, 0x83, 0x08, 0x13, 0x2a,
    0x5c, 0xc8, 0xb0, 0xa1, 0xc3, 0x87, 0x10, 0x23, 0x4a, 0x9c, 0x48, 0xb1, 0xa2, 0xc5, 0x8b, 0x18,
    0x33, 0x6a, 0xdc, 0xc8, 0xb1, 0xa3, 0xc7, 0x8f, 0x20, 0x43, 0x8a, 0x1c, 0x49, 0xb2, 0xa4, 0xc9,
    0x93, 0x28, 0x53, 0xaa, 0x5c, 0xc9, 0xb2, 0xa5, 0xcb, 0x97, 0x30, 0x63, 0xca, 0x9c, 0x49, 0xb3,
    0xa6, 0xcd, 0x9b, 0x38, 0x73, 0xea, 0xdc, 0xc9, 0xb3, 0xa7, 0xcf, 0x9f, 0x40, 0x83, 0x0a, 0x1d,
    0x4a, 0xb4, 0xa8, 0xd1, 0xa3, 0x48, 0x93, 0x2a, 0x5d, 0xca, 0xb4, 0xa9, 0xd3, 0xa7, 0x50, 0xa3,
    0x4a, 0x9d, 0x4a, 0xb5, 0xaa, 0xd5, 0xab, 0x58, 0xb3, 0x6a, 0xdd, 0xca, 0xb5, 0xab, 0xd7, 0xaf,
    0x60, 0xc3, 0x8a, 0x1d, 0x4b, 0xb6, 0xac, 0xd9, 0xb3, 0x05, 0x03, 0x04, 0x40, 0xab, 0x16, 0x6a,
    0x00, 0x04, 0x0d, 0x1c, 0x24, 0x10, 0x40, 0xf6, 0x6d, 0xdc, 0xb9, 0x4d, 0x03, 0x30, 0x78, 0xc0,
    0xf7, 0x81, 0x83, 0x01, 0x62, 0xf5, 0xf6, 0xf5, 0x0b, 0x58, 0xa9, 0xe0, 0xc1, 0x84, 0xc1, 0x1e,
    0x1e, 0xfc, 0x37, 0xe9, 0x00, 0x07, 0x88, 0x07, 0x1b, 0xf0, 0xfa, 0x38, 0x72, 0xdf, 0xc9, 0x46,
    0x2b, 0x5b, 0xbe, 0xcc, 0x55, 0xf3, 0xe6, 0x07, 0x98, 0x87, 0x7a, 0xfe, 0x0c, 0x5a, 0xeb, 0xe8,
    0xcf, 0xa1, 0x81, 0x9e, 0x26, 0x9d, 0x9a, 0xea, 0x6a, 0xd4, 0x41, 0x0d, 0x6c, 0x5e, 0x90, 0x60,
    0x73, 0x02, 0xab, 0xb2, 0x2d, 0xd3, 0xb6, 0xfd, 0x33, 0x77, 0x64, 0x06, 0x6b, 0x6b, 0x5b, 0xbe,
    0x3d, 0xd5, 0x37, 0x62, 0xe0, 0x00, 0x84, 0x47, 0x26, 0xbe, 0xd3, 0xf8, 0x60, 0xe4, 0x02, 0x95,
    0x23, 0x66, 0xfe, 0xd4, 0x79, 0x5f, 0xe8, 0xc9, 0x79, 0xeb, 0xb4, 0xce, 0x17, 0x7b, 0x74, 0xed,
    0x4e, 0xb9, 0x3f, 0xff, 0xf0, 0x9e, 0x7d, 0x78, 0x4e, 0xe9, 0x83, 0x13, 0xac, 0x35, 0x78, 0x60,
    0x33, 0x79, 0xa4, 0xe8, 0xfb, 0xaa, 0x3f, 0xd8, 0xde, 0xf2, 0x7b, 0x98, 0xf1, 0xf9, 0x52, 0x37,
    0x28, 0xfe, 0x3e, 0xd1, 0xfc, 0x0f, 0xec, 0x57, 0x50, 0x7f, 0xeb, 0xc9, 0x04, 0xa0, 0x80, 0xfc,
    0xb9, 0x57, 0xa0, 0x51, 0x07, 0x32, 0x44, 0xa0, 0x81, 0xe0, 0x2d, 0xf4, 0x20, 0x83, 0x11, 0x2a,
    0x34, 0x61, 0x4b, 0x8b, 0x21, 0x76, 0x00, 0x44, 0x04, 0x40, 0x16, 0x59, 0x63, 0x43, 0x65, 0x38,
    0xd8, 0x86, 0x0f, 0x75, 0x68, 0x19, 0x88, 0x2b, 0x89, 0xc8, 0x59, 0x44, 0xaf, 0xa1, 0xf8, 0x93,
    0x8a, 0x7c, 0xb5, 0xd6, 0x50, 0x8b, 0x85, 0xa9, 0xb4, 0x97, 0x65, 0x32, 0x3a, 0xd4, 0x22, 0x5d,
    0x40, 0xdd, 0x18, 0x59, 0x8e, 0x33, 0x7a, 0x88, 0x98, 0x03, 0x3c, 0xa2, 0x34, 0xc0, 0x66, 0x40,
    0xea, 0x28, 0xe4, 0x88, 0xaa, 0x21, 0x69, 0xd1, 0x6b, 0x24, 0xa2, 0x44, 0xc0, 0x87, 0x04, 0x60,
    0x24, 0x80, 0x8f, 0x7d, 0x21, 0x00, 0xd4, 0x94, 0x43, 0x56, 0x79, 0xd1, 0x95, 0x91, 0x69, 0x99,
    0x52, 0x00, 0x4b, 0x3e, 0xe0, 0x25, 0x46, 0x64, 0x22, 0x56, 0x63, 0x4f, 0x69, 0x0e, 0x76, 0xe6,
    0x45, 0x6d, 0xf6, 0xb5, 0xe6, 0x49, 0x9e, 0x25, 0x39, 0x51, 0x9d, 0x42, 0xe1, 0xb9, 0x91, 0x9e,
    0x2b, 0x09, 0x70, 0xc0, 0x01, 0x73, 0x66, 0xe4, 0x27, 0xa0, 0x44, 0x0d, 0x1a, 0xa8, 0x95, 0x7f,
    0x1e, 0x8a, 0xd6, 0xa2, 0x8c, 0x36, 0xea, 0xe8, 0xa3, 0x90, 0x46, 0x2a, 0xe9, 0xa4, 0x6c, 0x09,
    0x30, 0xc0, 0xa5, 0x03, 0x08, 0xb0, 0x60, 0xa5, 0x98, 0x66, 0xba, 0xa9, 0x4e, 0x02, 0x10, 0x50,
    0x40, 0x01, 0x06, 0x94, 0x6a, 0xea, 0xa8, 0x04, 0x68, 0xfa, 0x51, 0x00, 0x7f, 0x16, 0xb9, 0x11,
    0xab, 0x07, 0xb8, 0xff, 0xca, 0x51, 0xa8, 0xa3, 0x9a, 0x7a, 0x6a, 0x01, 0xa9, 0x7e, 0x3a, 0x93,
    0x00, 0xa4, 0x1a, 0x30, 0xea, 0xaf, 0xc0, 0xf6, 0x5a, 0x80, 0xa2, 0x15, 0x1d, 0xe6, 0x22, 0x9a,
    0x37, 0x1e, 0x6b, 0xa5, 0xb0, 0xc1, 0x02, 0x5b, 0xea, 0xb0, 0x37, 0x0d, 0xe0, 0x6b, 0xb3, 0xd4,
    0xd6, 0xfa, 0x26, 0x46, 0xf5, 0xf1, 0xe5, 0x80, 0xae, 0x05, 0x59, 0xda, 0xd0, 0x02, 0x83, 0x2d,
    0xc0, 0x91, 0xb4, 0xd5, 0x56, 0x6b, 0xc0, 0xb5, 0x30, 0x91, 0x5b, 0xae, 0xb9, 0xe8, 0x56, 0x84,
    0xc0, 0x71, 0xdc, 0x02, 0x10, 0x80, 0x02, 0xdd, 0x11, 0x5b, 0x5e, 0x5f, 0xe2, 0x6a, 0xa4, 0xee,
    0xba, 0xcd, 0x9e, 0x4b, 0x13, 0xbf, 0xfc, 0xc6, 0x1b, 0x91, 0x00, 0x65, 0x22, 0x28, 0x2f, 0x96,
    0xca, 0x0a, 0x64, 0x5d, 0x01, 0x1b, 0x01, 0xbc, 0xae, 0xc0, 0x29, 0x39, 0x6c, 0x2e, 0xc4, 0x10,
    0x9d, 0x26, 0x26, 0x41, 0x03, 0x60, 0xa9, 0x2d, 0xc3, 0x05, 0x15, 0xf0, 0x23, 0x47, 0x12, 0x53,
    0x6b, 0x00, 0xc5, 0x74, 0x4e, 0x1b, 0x32, 0xa9, 0x1c, 0xef, 0x59, 0x66, 0x6a, 0xaf, 0xc5, 0x88,
    0xf1, 0xca, 0x1d, 0xed, 0x1b, 0xb2, 0xaf, 0x35, 0x11, 0x60, 0xb2, 0xc3, 0xbe, 0x92, 0x1c, 0x91,
    0xc7, 0x88, 0x79, 0xd9, 0xf2, 0x8a, 0x71, 0xf2, 0x75, 0x31, 0x47, 0x36, 0x9f, 0x9c, 0xb3, 0x4d,
    0x36, 0xdf, 0x6c, 0xee, 0xb9, 0x3a, 0x4b, 0x94, 0xad, 0xb6, 0x02, 0x10, 0x7c, 0x1c, 0xb8, 0x88,
    0x4d, 0xa6, 0xb1, 0x02, 0x21, 0x25, 0x0d, 0x70, 0xa9, 0x04, 0x34, 0x3d, 0xe6, 0x00, 0xbd, 0xda,
    0x6a, 0x2b, 0xae, 0xb2, 0x7a, 0x84, 0x5e, 0x03, 0x0d, 0xc0, 0x7b, 0xef, 0x75, 0x6a, 0x87, 0x14,
    0x00, 0xd8, 0x62, 0x8b, 0x4d, 0x36, 0x9b, 0x96, 0x12, 0x60, 0x37, 0x01, 0x97, 0xaa, 0x5a, 0x12,
    0xd5, 0x0a, 0x0e, 0x6a, 0x04, 0xa0, 0xb6, 0x5e, 0x5b, 0x14, 0x40, 0xdd, 0x77, 0xe7, 0x1d, 0xf8,
    0x57, 0x30, 0x8e, 0xb7, 0x29, 0x80, 0x09, 0x53, 0xaa, 0x92, 0xd4, 0x88, 0x2d, 0xa0, 0xeb, 0xbb,
    0x91, 0xa5, 0xec, 0xf8, 0x4b, 0x47, 0xa6, 0x67, 0xa1, 0x86, 0x97, 0xcf, 0xe4, 0x9b, 0xc1, 0x04,
    0x7d, 0xde, 0x39, 0x4d, 0x7e, 0xb6, 0x7b, 0x50, 0xe9, 0xa3, 0xa7, 0xae, 0xfa, 0xea, 0xac, 0xb7,
    0xee, 0xfa, 0xeb, 0xb0, 0xc7, 0x2e, 0xfb, 0xec, 0xb4, 0xd7, 0x6e, 0xfb, 0xed, 0xb8, 0xe7, 0xae,
    0xfb, 0xee, 0xbc, 0xf7, 0xee, 0xfb, 0xef, 0xc0, 0x07, 0x2f, 0xfc, 0xf0, 0xc4, 0x17, 0x6f, 0xfc,
    0xf1, 0xc8, 0x27, 0xaf, 0xfc, 0xf2, 0xcc, 0x37, 0xef, 0xfc, 0xf3, 0x5f, 0x05, 0x04, 0x00, 0x21,
    0xf9, 0x04, 0x04, 0x04, 0x00, 0x00, 0x00, 0x2c, 0x15, 0x00, 0x1c, 0x00, 0x94, 0x00, 0x2f, 0x00,
    0x87, 0x00, 0x00, 0x00, 0x0d, 0x03, 0x03, 0x1a, 0x06, 0x06, 0x26, 0x09, 0x0a, 0x33, 0x0d, 0x0d,
    0x40, 0x10, 0x10, 0x4d, 0x13, 0x13, 0x5a, 0x16, 0x16, 0x66, 0x19, 0x1a, 0x73, 0x1c, 0x1d, 0x80,
    0x1f, 0x20, 0x8d, 0x22, 0x23, 0x9a, 0x26, 0x26, 0xa6, 0x29, 0x2a, 0xb3, 0x2c, 0x2d, 0xc0, 0x2f,
    0x30, 0x00, 0x00, 0x00, 0x00, 0x00, 0x00, 0x00, 0x00, 0x00, 0x00, 0x00, 0x00, 0x00, 0x00, 0x00,
    0x00, 0x00, 0x00, 0x00, 0x00, 0x00, 0x00, 0x00, 0x00, 0x00, 0x00, 0x00, 0x00, 0x00, 0x00, 0x00,
    0x00, 0x00, 0x00, 0x00, 0x00, 0x00, 0x00, 0x00, 0x00, 0x00, 0x00, 0x00, 0x00, 0x00, 0x00, 0x00,
    0x00, 0x00, 0x00, 0x00, 0x00, 0x00, 0x00, 0x00, 0x00, 0x00, 0x00, 0x00, 0x00, 0x00, 0x00, 0x00,
    0x00, 0x00, 0x00, 0x00, 0x00, 0x00, 0x00, 0x00, 0x00, 0x00, 0x00, 0x00, 0x00, 0x00, 0x00, 0x00,
    0x00, 0x00, 0x00, 0x00, 0x00, 0x00, 0x00, 0x00, 0x00, 0x00, 0x00, 0x00, 0x00, 0x00, 0x00, 0x00,
    0x00, 0x00, 0x00, 0x00, 0x00, 0x00, 0x00, 0x00, 0x00, 0x00, 0x00, 0x00, 0x00, 0x00, 0x00, 0x00,
    0x00, 0x00, 0x00, 0x00, 0x00, 0x00, 0x00, 0x00, 0x00, 0x00, 0x00, 0x00, 0x00, 0x00, 0x00, 0x00,
    0x00, 0x00, 0x00, 0x00, 0x00, 0x00, 0x00, 0x00, 0x00, 0x00, 0x00, 0x00, 0x00, 0x00, 0x00, 0x00,
    0x00, 0x00, 0x00, 0x00, 0x00, 0x00, 0x00, 0x00, 0x00, 0x00, 0x00, 0x00, 0x00, 0x00, 0x00, 0x00,
    0x00, 0x00, 0x00, 0x00, 0x00, 0x00, 0x00, 0x00, 0x00, 0x00, 0x00, 0x00, 0x00, 0x00, 0x00, 0x00,
    0x00, 0x00, 0x00, 0x00, 0x00, 0x00, 0x00, 0x00, 0x00, 0x00, 0x00, 0x00, 0x00, 0x00, 0x00, 0x00,
    0x00, 0x00, 0x00, 0x00, 0x00, 0x00, 0x00, 0x00, 0x00, 0x00, 0x00, 0x00, 0x00, 0x00, 0x00, 0x00,
    0x00, 0x00, 0x00, 0x00, 0x00, 0x00, 0x00, 0x00, 0x00, 0x00, 0x00, 0x00, 0x00, 0x00, 0x00, 0x00,
    0x00, 0x00, 0x00, 0x00, 0x00, 0x00, 0x00, 0x00, 0x00, 0x00, 0x00, 0x00, 0x00, 0x00, 0x00, 0x00,
    0x00, 0x00, 0x00, 0x00, 0x00, 0x00, 0x00, 0x00, 0x00, 0x00, 0x00, 0x00, 0x00, 0x00, 0x00, 0x00,
    0x00, 0x00, 0x00, 0x00, 0x00, 0x00, 0x00, 0x00, 0x00, 0x00, 0x00, 0x00, 0x00, 0x00, 0x00, 0x00,
    0x00, 0x00, 0x00, 0x00, 0x00, 0x00, 0x00, 0x00, 0x00, 0x00, 0x00, 0x00, 0x00, 0x00, 0x00, 0x00,
    0x00, 0x00, 0x00, 0x00, 0x00, 0x00, 0x00, 0x00, 0x00, 0x00, 0x00, 0x00, 0x00, 0x00, 0x00, 0x00,
    0x00, 0x00, 0x00, 0x00, 0x00, 0x00, 0x00, 0x00, 0x00, 0x00, 0x00, 0x00, 0x00, 0x00, 0x00, 0x00,
    0x00, 0x00, 0x00, 0x00, 0x00, 0x00, 0x00, 0x00, 0x00, 0x00, 0x00, 0x00, 0x00, 0x00, 0x00, 0x00,
    0x00, 0x00, 0x00, 0x00, 0x00, 0x00, 0x00, 0x00, 0x00, 0x00, 0x00, 0x00, 0x00, 0x00, 0x00, 0x00,
    0x00, 0x00, 0x00, 0x00, 0x00, 0x00, 0x00, 0x00, 0x00, 0x00, 0x00, 0x00, 0x00, 0x00, 0x00, 0x00,
    0x00, 0x00, 0x00, 0x00, 0x00, 0x00, 0x00, 0x00, 0x00, 0x00, 0x00, 0x00, 0x00, 0x00, 0x00, 0x00,
    0x00, 0x00, 0x00, 0x00, 0x00, 0x00, 0x00, 0x00, 0x00, 0x00, 0x00, 0x00, 0x00, 0x00, 0x00, 0x00,
    0x00, 0x00, 0x00, 0x00, 0x00, 0x00, 0x00, 0x00, 0x00, 0x00, 0x00, 0x00, 0x00, 0x00, 0x00, 0x00,
    0x00, 0x00, 0x00, 0x00, 0x00, 0x00, 0x00, 0x00, 0x00, 0x00, 0x00, 0x00, 0x00, 0x00, 0x00, 0x00,
    0x00, 0x00, 0x00, 0x00, 0x00, 0x00, 0x00, 0x00, 0x00, 0x00, 0x00, 0x00, 0x00, 0x00, 0x00, 0x00,
    0x00, 0x00, 0x00, 0x00, 0x00, 0x00, 0x00, 0x00, 0x00, 0x00, 0x00, 0x00, 0x00, 0x00, 0x00, 0x00,
    0x00, 0x00, 0x00, 0x00, 0x00, 0x00, 0x00, 0x00, 0x00, 0x00, 0x00, 0x00, 0x00, 0x00, 0x00, 0x00,
    0x00, 0x00, 0x00, 0x00, 0x00, 0x00, 0x00, 0x00, 0x00, 0x00, 0x00, 0x00, 0x00, 0x00, 0x00, 0x00,
    0x00, 0x00, 0x00, 0x00, 0x00, 0x00, 0x00, 0x00, 0x00, 0x00, 0x00, 0x00, 0x00, 0x00, 0x00, 0x00,
    0x00, 0x00, 0x00, 0x00, 0x00, 0x00, 0x00, 0x00, 0x00, 0x00, 0x00, 0x00, 0x00, 0x00, 0x00, 0x00,
    0x00, 0x00, 0x00, 0x00, 0x00, 0x00, 0x00, 0x00, 0x00, 0x00, 0x00, 0x00, 0x00, 0x00, 0x00, 0x00,
    0x00, 0x00, 0x00, 0x00, 0x00, 0x00, 0x00, 0x00, 0x00, 0x00, 0x00, 0x00, 0x00, 0x00, 0x00, 0x00,
    0x00, 0x00, 0x00, 0x00, 0x00, 0x00, 0x00, 0x00, 0x00, 0x00, 0x00, 0x00, 0x00, 0x00, 0x00, 0x00,
    0x00, 0x00, 0x00, 0x00, 0x00, 0x00, 0x00, 0x00, 0x00, 0x00, 0x00, 0x00, 0x00, 0x00, 0x00, 0x00,
    0x00, 0x00, 0x00, 0x00, 0x00, 0x00, 0x00, 0x00, 0x00, 0x00, 0x00, 0x00, 0x00, 0x00, 0x00, 0x00,
    0x00, 0x00, 0x00, 0x00, 0x00, 0x00, 0x00, 0x00, 0x00, 0x00, 0x00, 0x00, 0x00, 0x00, 0x00, 0x00,
    0x00, 0x00, 0x00, 0x00, 0x00, 0x00, 0x00, 0x00, 0x00, 0x00, 0x00, 0x00, 0x00, 0x00, 0x00, 0x00,
    0x00, 0x00, 0x00, 0x00, 0x00, 0x00, 0x00, 0x00, 0x00, 0x00, 0x00, 0x00, 0x00, 0x00, 0x00, 0x00,
    0x00, 0x00, 0x00, 0x00, 0x00, 0x00, 0x00, 0x00, 0x00, 0x00, 0x00, 0x00, 0x00, 0x00, 0x00, 0x00,
    0x00, 0x00, 0x00, 0x00, 0x00, 0x00, 0x00, 0x00, 0x00, 0x00, 0x00, 0x00, 0x00, 0x00, 0x00, 0x00,
    0x00, 0x00, 0x00, 0x00, 0x00, 0x00, 0x00, 0x00, 0x00, 0x00, 0x00, 0x00, 0x00, 0x00, 0x00, 0x00,
    0x00, 0x00, 0x00, 0x00, 0x00, 0x00, 0x00, 0x00, 0x00, 0x00, 0x00, 0x00, 0x00, 0x00, 0x00, 0x00,
    0x00, 0x08, 0xff, 0x00, 0x01, 0x08, 0x1c, 0x48, 0xb0, 0xa0, 0xc1, 0x83, 0x08, 0x13, 0x2a, 0x5c,
    0xc8, 0xb0, 0xa1, 0xc3, 0x87, 0x10, 0x23, 0x3a, 0x24, 0xa0, 0x60, 0x81, 0x01, 0x89, 0x18, 0x33,
    0x6a, 0xdc, 0x28, 0x90, 0xa2, 0x45, 0x8e, 0x0e, 0x13, 0x3c, 0x18, 0xf9, 0x80, 0x41, 0x00, 0x90,
    0x28, 0x53, 0x82, 0x14, 0x49, 0xd2, 0xa4, 0xca, 0x83, 0x2c, 0x49, 0x96, 0x3c, 0xf9, 0xb2, 0xa6,
    0xcd, 0x84, 0x31, 0x5b, 0xd2, 0xac, 0x19, 0x60, 0x81, 0x4c, 0x99, 0x0d, 0x06, 0xdc, 0x1c, 0x7a,
    0xb3, 0xe7, 0x4f, 0x92, 0x41, 0x79, 0x32, 0x38, 0x2a, 0xd3, 0x81, 0x50, 0xa2, 0x50, 0x41, 0x06,
    0x58, 0xca, 0x74, 0xa4, 0x53, 0x95, 0x53, 0xab, 0x36, 0x7d, 0x1a, 0xb5, 0x6b, 0xc4, 0xac, 0x5a,
    0xad, 0x72, 0xdd, 0x08, 0x36, 0xac, 0x58, 0xaf, 0x68, 0x1b, 0x96, 0x35, 0x7b, 0x75, 0xe3, 0x80,
    0x06, 0x4c, 0x1b, 0x50, 0xfd, 0xe9, 0xe0, 0x62, 0xda, 0xbb, 0x06, 0xdf, 0xc6, 0x9d, 0xdb, 0xd4,
    0x2e, 0xc6, 0x01, 0x0e, 0x98, 0x3a, 0x5d, 0x2b, 0xd3, 0x2f, 0xde, 0xbb, 0x80, 0x05, 0x0f, 0x20,
    0x4c, 0xd2, 0xf0, 0xc3, 0xc4, 0x47, 0xdb, 0x32, 0x1e, 0xe9, 0xf8, 0x70, 0x54, 0xc8, 0x74, 0x9f,
    0x4e, 0x7e, 0x50, 0x79, 0x21, 0xe6, 0xad, 0x04, 0x37, 0x77, 0xb6, 0x6c, 0xf3, 0x33, 0xc9, 0xb6,
    0x02, 0x45, 0x3f, 0x34, 0x10, 0xf8, 0x28, 0x83, 0xb1, 0xa9, 0x15, 0x54, 0x45, 0x40, 0x1a, 0x2a,
    0x6b, 0xa6, 0xaf, 0x0d, 0x06, 0x90, 0xcd, 0x94, 0x36, 0x43, 0x03, 0x55, 0x5d, 0x22, 0xcc, 0x29,
    0x33, 0x41, 0xed, 0x9b, 0xc0, 0x71, 0xef, 0x34, 0x48, 0x9c, 0xa4, 0x71, 0x85, 0xc9, 0x5d, 0x2f,
    0x87, 0x59, 0xf5, 0xf9, 0xf1, 0x94, 0xd1, 0x7f, 0x0a, 0xc7, 0x59, 0x3d, 0x61, 0x76, 0x99, 0xdb,
    0x15, 0x36, 0xff, 0x1f, 0x69, 0xfd, 0xfa, 0xc6, 0xef, 0x3a, 0x1b, 0x8e, 0x7f, 0x50, 0x7e, 0x20,
    0x82, 0xaa, 0x0a, 0xa6, 0x2b, 0x7c, 0xcf, 0x74, 0x81, 0x7c, 0xf3, 0x0f, 0xe9, 0x1f, 0x8d, 0x9f,
    0xbf, 0xaa, 0x7d, 0x82, 0xeb, 0xb5, 0xd7, 0x10, 0x7a, 0x23, 0x85, 0x87, 0x5f, 0x48, 0xdd, 0x45,
    0x44, 0xe0, 0x4c, 0x02, 0x05, 0x98, 0xd1, 0x82, 0x06, 0x1e, 0x28, 0x5e, 0x82, 0x12, 0x41, 0x18,
    0x80, 0x00, 0x14, 0x62, 0xb4, 0xe0, 0x68, 0x12, 0x16, 0x84, 0x21, 0x53, 0x02, 0x42, 0xb4, 0x21,
    0x01, 0xbd, 0x81, 0x54, 0x40, 0x6b, 0x32, 0xf9, 0xd6, 0xa1, 0x42, 0x24, 0x1e, 0xa5, 0xa2, 0x46,
    0x27, 0xba, 0xf8, 0xa1, 0x4c, 0x07, 0xa4, 0x34, 0xc0, 0x51, 0x05, 0xac, 0xb8, 0xd0, 0x8c, 0x24,
    0xd5, 0x88, 0xd2, 0x8d, 0x3f, 0xe5, 0x98, 0x5d, 0x88, 0x1a, 0x0d, 0xa9, 0xe3, 0x6f, 0xc5, 0xbd,
    0x64, 0xa4, 0x40, 0x05, 0x54, 0xe4, 0xe3, 0x4b, 0x4d, 0x2e, 0xf0, 0xe4, 0x91, 0x0a, 0x45, 0x39,
    0x65, 0x4a, 0x56, 0x52, 0xa9, 0xe5, 0x96, 0x5c, 0x76, 0xe9, 0xe5, 0x97, 0x60, 0x86, 0x29, 0xe6,
    0x98, 0x64, 0x96, 0x69, 0xe6, 0x4b, 0x01, 0xa4, 0xa9, 0xe6, 0x99, 0x77, 0xa9, 0xb9, 0xa6, 0x46,
    0x17, 0x12, 0x50, 0x40, 0x01, 0x06, 0xd4, 0x69, 0xc0, 0x9c, 0x04, 0x2c, 0x46, 0xd4, 0x00, 0x04,
    0x0c, 0xc5, 0x27, 0x51, 0x71, 0xce, 0x69, 0xe7, 0x9d, 0x05, 0xe4, 0x79, 0x5f, 0x42, 0x01, 0xc8,
    0x59, 0xe7, 0x9c, 0x8c, 0x32, 0xba, 0x68, 0x01, 0x02, 0xd8, 0xc4, 0xd2, 0x7f, 0x2f, 0x4d, 0x7a,
    0x28, 0x9c, 0x8a, 0x12, 0xda, 0xa8, 0xa0, 0x84, 0x46, 0xca, 0x90, 0x00, 0x74, 0x6e, 0x2a, 0x6a,
    0xa3, 0x06, 0xc0, 0xc6, 0x51, 0x01, 0xe0, 0x39, 0x74, 0x29, 0x41, 0xfa, 0xb1, 0xf7, 0x12, 0xa8,
    0x9a, 0x8e, 0xf2, 0xba, 0x69, 0xa9, 0x3b, 0xc6, 0x2a, 0xab, 0xa8, 0xb4, 0xa6, 0xd4, 0xaa, 0xab,
    0x0a, 0x1d, 0xc0, 0x40, 0x03, 0x08, 0xac, 0xfa, 0x1d, 0x03, 0x2a, 0x09, 0x60, 0xeb, 0xad, 0xa4,
    0x9a, 0x4a, 0x10, 0x01, 0xc7, 0x22, 0xdb, 0xe8, 0xaa, 0x10, 0xb5, 0x48, 0x23, 0x77, 0xe9, 0x1d,
    0x04, 0xe4, 0xb4, 0x29, 0x31, 0xeb, 0xec, 0xad, 0x97, 0x6e, 0x7b, 0xab, 0x01, 0xd0, 0x8a, 0x78,
    0x54, 0x65, 0x01, 0x34, 0xc7, 0x80, 0xa7, 0x04, 0x99, 0x46, 0x64, 0x46, 0xde, 0xca, 0x0a, 0x6e,
    0x42, 0xda, 0xb6, 0xbb, 0x69, 0x4d, 0xdf, 0xa1, 0x06, 0xc0, 0x66, 0xf6, 0x12, 0xb6, 0x6e, 0x46,
    0xf1, 0xca, 0xcb, 0xa8, 0x42, 0x01, 0x84, 0xea, 0xaf, 0x01, 0xe8, 0xaa, 0xb4, 0xab, 0x03, 0x9e,
    0x6e, 0x76, 0x96, 0x40, 0x7c, 0x3d, 0xb0, 0x80, 0x4d, 0x01, 0x37, 0x8b, 0x2c, 0xc1, 0x0b, 0x45,
    0xdc, 0xee, 0x9d, 0x05, 0x57, 0xaa, 0x5d, 0x9a, 0x0d, 0x3f, 0x80, 0xe2, 0x59, 0xc4, 0x45, 0x88,
    0x92, 0xc5, 0xde, 0x62, 0xec, 0xd0, 0x00, 0x9c, 0xda, 0x6a, 0x67, 0x01, 0x7a, 0x0e, 0x45, 0x58,
    0x45, 0x99, 0x11, 0x06, 0x6c, 0x66, 0x50, 0xa1, 0x4c, 0xe7, 0xa3, 0x8e, 0x2e, 0xda, 0xf2, 0x43,
    0x01, 0xf0, 0x29, 0x27, 0xa3, 0x04, 0xe4, 0x99, 0xb1, 0xcb, 0x70, 0x69, 0x25, 0x59, 0xc7, 0x3f,
    0x29, 0x0b, 0xb1, 0xcf, 0x8d, 0x06, 0x3d, 0xc0, 0xd0, 0x61, 0x9a, 0x76, 0xda, 0x58, 0x0a, 0x73,
    0xc8, 0x26, 0x5e, 0xd2, 0x82, 0x56, 0xd0, 0x64, 0x2f, 0x5e, 0x7d, 0xdd, 0xb0, 0x97, 0x12, 0xb7,
    0xaf, 0xd7, 0x87, 0xc5, 0x24, 0x32, 0x80, 0xd5, 0x92, 0x7d, 0xa0, 0x01, 0x0b, 0x04, 0x3b, 0x60,
    0xdb, 0xe1, 0x4a, 0x18, 0x10, 0x00, 0x21, 0xf9, 0x04, 0x04, 0x04, 0x00, 0x00, 0x00, 0x2c, 0x16,
    0x00, 0x1d, 0x00, 0x93, 0x00, 0x2f, 0x00, 0x87, 0x00, 0x00, 0x00, 0x0d, 0x03, 0x03, 0x1a, 0x06,
    0x06, 0x26, 0x09, 0x0a, 0x33, 0x0d, 0x0d, 0x40, 0x10, 0x10, 0x4d, 0x13, 0x13, 0x5a, 0x16, 0x16,
    0x66, 0x19, 0x1a, 0x73, 0x1c, 0x1d, 0x80, 0x1f, 0x20, 0x8d, 0x22, 0x23, 0x9a, 0x26, 0x26, 0xa6,
    0x29, 0x2a, 0xb3, 0x2c, 0x2d, 0xc0, 0x2f, 0x30, 0x00, 0x00, 0x00, 0x00, 0x00, 0x00, 0x00, 0x00,
    0x00, 0x00, 0x00, 0x00, 0x00, 0x00, 0x00, 0x00, 0x00, 0x00, 0x00, 0x00, 0x00, 0x00, 0x00, 0x00,
    0x00, 0x00, 0x00, 0x00, 0x00, 0x00, 0x00, 0x00, 0x00, 0x00, 0x00, 0x00, 0x00, 0x00, 0x00, 0x00,
    0x00, 0x00, 0x00, 0x00, 0x00, 0x00, 0x00, 0x00, 0x00, 0x00, 0x00, 0x00, 0x00, 0x00, 0x00, 0x00,
    0x00, 0x00, 0x00, 0x00, 0x00, 0x00, 0x00, 0x00, 0x00, 0x00, 0x00, 0x00, 0x00, 0x00, 0x00, 0x00,
    0x00, 0x00, 0x00, 0x00, 0x00, 0x00, 0x00, 0x00, 0x00, 0x00, 0x00, 0x00, 0x00, 0x00, 0x00, 0x00,
    0x00, 0x00, 0x00, 0x00, 0x00, 0x00, 0x00, 0x00, 0x00, 0x00, 0x00, 0x00, 0x00, 0x00, 0x00, 0x00,
    0x00, 0x00, 0x00, 0x00, 0x00, 0x00, 0x00, 0x00, 0x00, 0x00, 0x00, 0x00, 0x00, 0x00, 0x00, 0x00,
    0x00, 0x00, 0x00, 0x00, 0x00, 0x00, 0x00, 0x00, 0x00, 0x00, 0x00, 0x00, 0x00, 0x00, 0x00, 0x00,
    0x00, 0x00, 0x00, 0x00, 0x00, 0x00, 0x00, 0x00, 0x00, 0x00, 0x00, 0x00, 0x00, 0x00, 0x00, 0x00,
    0x00, 0x00, 0x00, 0x00, 0x00, 0x00, 0x00, 0x00, 0x00, 0x00, 0x00, 0x00, 0x00, 0x00, 0x00, 0x00,
    0x00, 0x00, 0x00, 0x00, 0x00, 0x00, 0x00, 0x00, 0x00, 0x00, 0x00, 0x00, 0x00, 0x00, 0x00, 0x00,
    0x00, 0x00, 0x00, 0x00, 0x00, 0x00, 0x00, 0x00, 0x00, 0x00, 0x00, 0x00, 0x00, 0x00, 0x00, 0x00,
    0x00, 0x00, 0x00, 0x00, 0x00, 0x00, 0x00, 0x00, 0x00, 0x00, 0x00, 0x00, 0x00, 0x00, 0x00, 0x00,
    0x00, 0x00, 0x00, 0x00, 0x00, 0x00, 0x00, 0x00, 0x00, 0x00, 0x00, 0x00, 0x00, 0x00, 0x00, 0x00,
    0x00, 0x00, 0x00, 0x00, 0x00, 0x00, 0x00, 0x00, 0x00, 0x00, 0x00, 0x00, 0x00, 0x00, 0x00, 0x00,
    0x00, 0x00, 0x00, 0x00, 0x00, 0x00, 0x00, 0x00, 0x00, 0x00, 0x00, 0x00, 0x00, 0x00, 0x00, 0x00,
    0x00, 0x00, 0x00, 0x00, 0x00, 0x00, 0x00, 0x00, 0x00, 0x00, 0x00, 0x00, 0x00, 0x00, 0x00, 0x00,
    0x00, 0x00, 0x00, 0x00, 0x00, 0x00, 0x00, 0x00, 0x00, 0x00, 0x00, 0x00, 0x00, 0x00, 0x00, 0x00,
    0x00, 0x00, 0x00, 0x00, 0x00, 0x00, 0x00, 0x00, 0x00, 0x00, 0x00, 0x00, 0x00, 0x00, 0x00, 0x00,
    0x00, 0x00, 0x00, 0x00, 0x00, 0x00, 0x00, 0x00, 0x00, 0x00, 0x00, 0x00, 0x00, 0x00, 0x00, 0x00,
    0x00, 0x00, 0x00, 0x00, 0x00, 0x00, 0x00, 0x00, 0x00, 0x00, 0x00, 0x00, 0x00, 0x00, 0x00, 0x00,
    0x00, 0x00, 0x00, 0x00, 0x00, 0x00, 0x00, 0x00, 0x00, 0x00, 0x00, 0x00, 0x00, 0x00, 0x00, 0x00,
    0x00, 0x00, 0x00, 0x00, 0x00, 0x00, 0x00, 0x00, 0x00, 0x00, 0x00, 0x00, 0x00, 0x00, 0x00, 0x00,
    0x00, 0x00, 0x00, 0x00, 0x00, 0x00, 0x00, 0x00, 0x00, 0x00, 0x00, 0x00, 0x00, 0x00, 0x00, 0x00,
    0x00, 0x00, 0x00, 0x00, 0x00, 0x00, 0x00, 0x00, 0x00, 0x00, 0x00, 0x00, 0x00, 0x00, 0x00, 0x00,
    0x00, 0x00, 0x00, 0x00, 0x00, 0x00, 0x00, 0x00, 0x00, 0x00, 0x00, 0x00, 0x00, 0x00, 0x00, 0x00,
    0x00, 0x00, 0x00, 0x00, 0x00, 0x00, 0x00, 0x00, 0x00, 0x00, 0x00, 0x00, 0x00, 0x00, 0x00, 0x00,
    0x00, 0x00, 0x00, 0x00, 0x00, 0x00, 0x00, 0x00, 0x00, 0x00, 0x00, 0x00, 0x00, 0x00, 0x00, 0x00,
    0x00, 0x00, 0x00, 0x00, 0x00, 0x00, 0x00, 0x00, 0x00, 0x00, 0x00, 0x00, 0x00, 0x00, 0x00, 0x00,
    0x00, 0x00, 0x00, 0x00, 0x00, 0x00, 0x00, 0x00, 0x00, 0x00, 0x00, 0x00, 0x00, 0x00, 0x00, 0x00,
    0x00, 0x00, 0x00, 0x00, 0x00, 0x00, 0x00, 0x00, 0x00, 0x00, 0x00, 0x00, 0x00, 0x00, 0x00, 0x00,
    0x00, 0x00, 0x00, 0x00, 0x00, 0x00, 0x00, 0x00, 0x00, 0x00, 0x00, 0x00, 0x00, 0x00, 0x00, 0x00,
    0x00, 0x00, 0x00, 0x00, 0x00, 0x00, 0x00, 0x00, 0x00, 0x00, 0x00, 0x00, 0x00, 0x00, 0x00, 0x00,
    0x00, 0x00, 0x00, 0x00, 0x00, 0x00, 0x00, 0x00, 0x00, 0x00, 0x00, 0x00, 0x00, 0x00, 0x00, 0x00,
    0x00, 0x00, 0x00, 0x00, 0x00, 0x00, 0x00, 0x00, 0x00, 0x00, 0x00, 0x00, 0x00, 0x00, 0x00, 0x00,
    0x00, 0x00, 0x00, 0x00, 0x00, 0x00, 0x00, 0x00, 0x00, 0x00, 0x00, 0x00, 0x00, 0x00, 0x00, 0x00,
    0x00, 0x00, 0x00, 0x00, 0x00, 0x00, 0x00, 0x00, 0x00, 0x00, 0x00, 0x00, 0x00, 0x00, 0x00, 0x00,
    0x00, 0x00, 0x00, 0x00, 0x00, 0x00, 0x00, 0x00, 0x00, 0x00, 0x00, 0x00, 0x00, 0x00, 0x00, 0x00,
    0x00, 0x00, 0x00, 0x00, 0x00, 0x00, 0x00, 0x00, 0x00, 0x00, 0x00, 0x00, 0x00, 0x00, 0x00, 0x00,
    0x00, 0x00, 0x00, 0x00, 0x00, 0x00, 0x00, 0x00, 0x00, 0x00, 0x00, 0x00, 0x00, 0x00, 0x00, 0x00,
    0x00, 0x00, 0x00, 0x00, 0x00, 0x00, 0x00, 0x00, 0x00, 0x00, 0x00, 0x00, 0x00, 0x00, 0x00, 0x00,
    0x00, 0x00, 0x00, 0x00, 0x00, 0x00, 0x00, 0x00, 0x00, 0x00, 0x00, 0x00, 0x00, 0x00, 0x00, 0x00,
    0x00, 0x00, 0x00, 0x00, 0x00, 0x00, 0x00, 0x00, 0x00, 0x00, 0x00, 0x00, 0x00, 0x00, 0x00, 0x00,
    0x00, 0x00, 0x00, 0x00, 0x00, 0x00, 0x00, 0x00, 0x00, 0x00, 0x00, 0x00, 0x00, 0x00, 0x00, 0x00,
    0x00, 0x00, 0x00, 0x00, 0x00, 0x00, 0x00, 0x00, 0x08, 0xff, 0x00, 0x01, 0x08, 0x1c, 0x48, 0xb0,
    0xe0, 0xc0, 0x00, 0x07, 0x0e, 0x08, 0x30, 0xc8, 0xb0, 0xa1, 0xc3, 0x87, 0x10, 0x23, 0x4a, 0x9c,
    0x18, 0x11, 0xa1, 0x42, 0x8a, 0x18, 0x0b, 0x1a, 0x70, 0xf0, 0xa0, 0x23, 0x82, 0x8c, 0x20, 0x43,
    0x8a, 0x1c, 0xa9, 0x91, 0xa3, 0x47, 0x92, 0x11, 0x0d, 0x74, 0x5c, 0xf9, 0x20, 0x01, 0xca, 0x97,
    0x30, 0x63, 0xaa, 0x64, 0xd9, 0x32, 0xa6, 0xc1, 0x03, 0x34, 0x57, 0x2a, 0x08, 0x60, 0xb3, 0xa7,
    0x4f, 0x88, 0x38, 0x73, 0x3e, 0xd8, 0xe9, 0x33, 0x81, 0xd0, 0x95, 0x0c, 0x78, 0xfe, 0x5c, 0xba,
    0xd4, 0xe8, 0xd1, 0x07, 0x49, 0x6d, 0x3a, 0x7d, 0x0a, 0x55, 0x29, 0xd3, 0xab, 0x2f, 0xa7, 0x3e,
    0x8d, 0x9a, 0x95, 0x2a, 0x4b, 0xae, 0x58, 0xc3, 0x82, 0xd4, 0x4a, 0x15, 0x6c, 0xc8, 0x00, 0x0a,
    0x8e, 0x9a, 0xa4, 0xc9, 0x60, 0x80, 0xd8, 0xb7, 0x12, 0xd1, 0xaa, 0x15, 0xda, 0x56, 0x64, 0x00,
    0x06, 0x47, 0x0b, 0x0c, 0x58, 0xcb, 0xd2, 0x81, 0x5b, 0xb8, 0x80, 0x0d, 0xde, 0xcd, 0xbb, 0x57,
    0xa8, 0x5f, 0x90, 0x83, 0x85, 0x1a, 0x10, 0x58, 0x38, 0xe7, 0xe1, 0xc0, 0x90, 0x13, 0xe7, 0x5c,
    0x0c, 0xa0, 0x31, 0xcd, 0xc7, 0x13, 0x25, 0xd3, 0xa4, 0xcc, 0x98, 0xef, 0x4a, 0xcc, 0x90, 0xc5,
    0x6a, 0x66, 0xc9, 0xb9, 0xb2, 0xe7, 0x8e, 0xa0, 0x1f, 0x0e, 0xc0, 0xeb, 0xb8, 0x34, 0xe3, 0x06,
    0x86, 0x0b, 0x84, 0x16, 0xbb, 0xda, 0xb0, 0xeb, 0xca, 0xb0, 0x1d, 0xcb, 0x86, 0x68, 0xb9, 0xef,
    0x5f, 0xc1, 0xac, 0x27, 0xcf, 0xbe, 0xda, 0xfb, 0xf3, 0xef, 0x82, 0xa3, 0x57, 0xde, 0x26, 0x58,
    0x1c, 0xf5, 0x71, 0xe0, 0x47, 0x97, 0x0f, 0x47, 0xd9, 0xfc, 0x41, 0x6a, 0xe4, 0xc1, 0x37, 0x37,
    0xac, 0x7e, 0x1d, 0xba, 0xe2, 0xe9, 0x36, 0xb9, 0x3f, 0xff, 0x67, 0x98, 0xbc, 0xe3, 0xed, 0x02,
    0xa7, 0x1f, 0x34, 0x18, 0xdf, 0x30, 0xc0, 0x82, 0xa3, 0x1f, 0xc1, 0xa3, 0x44, 0x2f, 0x74, 0x7d,
    0xe6, 0xf7, 0x42, 0xe3, 0x0b, 0x9c, 0x99, 0xd3, 0xac, 0x44, 0xb2, 0x2b, 0xb9, 0x24, 0x9f, 0x48,
    0xfc, 0xb1, 0x65, 0xd5, 0x44, 0x00, 0x76, 0x24, 0x60, 0x81, 0x5f, 0x1d, 0x48, 0x51, 0x82, 0x35,
    0x0d, 0x98, 0x11, 0x83, 0x48, 0x39, 0x88, 0xe0, 0x51, 0x2e, 0x1d, 0xe5, 0x1f, 0x46, 0x10, 0xee,
    0x26, 0xa1, 0x44, 0x02, 0x68, 0x68, 0xe1, 0x83, 0x79, 0x09, 0xb5, 0xc0, 0x88, 0x18, 0x21, 0x90,
    0xdf, 0x87, 0x13, 0x11, 0x60, 0x22, 0x8a, 0x14, 0xa9, 0x98, 0x93, 0x8c, 0x2c, 0x09, 0xf8, 0x12,
    0x85, 0xd2, 0xb1, 0x58, 0x50, 0x88, 0x34, 0xd9, 0x88, 0x12, 0x8e, 0x5a, 0x6d, 0x38, 0x52, 0x90,
    0x30, 0xea, 0x48, 0x10, 0x91, 0x52, 0x35, 0x08, 0x00, 0x02, 0x0d, 0x38, 0x40, 0x54, 0x4f, 0x4c,
    0x3a, 0x59, 0xa4, 0x91, 0x04, 0x45, 0xf9, 0xa4, 0x4d, 0x56, 0x5a, 0x15, 0xc0, 0x94, 0x23, 0x6d,
    0x49, 0x25, 0x46, 0x5e, 0x2e, 0x15, 0xe6, 0x97, 0x64, 0x96, 0x69, 0xe6, 0x99, 0x68, 0xa6, 0xa9,
    0xe6, 0x9a, 0x6c, 0xb6, 0xe9, 0xe6, 0x9b, 0x70, 0x8a, 0x39, 0x00, 0x01, 0x04, 0x14, 0x60, 0x67,
    0x01, 0x74, 0x0e, 0xb0, 0xd0, 0x55, 0x63, 0xfa, 0xd4, 0xe7, 0x4f, 0x01, 0xcc, 0x59, 0xe7, 0x9d,
    0x79, 0xee, 0x49, 0xd1, 0x00, 0x76, 0x1a, 0xa0, 0xe8, 0x9d, 0x89, 0x2e, 0x3a, 0x00, 0x97, 0x20,
    0x19, 0xd0, 0xa4, 0x7e, 0x36, 0x49, 0xea, 0x00, 0xa5, 0xe1, 0x35, 0x6a, 0x00, 0xa3, 0x05, 0x28,
    0xba, 0xe9, 0xa3, 0x15, 0x75, 0xca, 0xe9, 0xa8, 0x77, 0x6e, 0x6a, 0x28, 0x4c, 0x2e, 0x06, 0xd8,
    0x53, 0x81, 0x07, 0xf4, 0x14, 0x80, 0xa8, 0xa4, 0x8e, 0xff, 0x6a, 0xea, 0x43, 0xaf, 0x6e, 0x1a,
    0x6b, 0xac, 0x06, 0x9c, 0x8a, 0x12, 0x8d, 0xe6, 0xf1, 0x96, 0x80, 0x02, 0x1e, 0x6e, 0xc7, 0x17,
    0x03, 0x36, 0xd5, 0x7a, 0x2b, 0xae, 0xba, 0x12, 0x44, 0x80, 0xad, 0xc7, 0xc6, 0x6a, 0x53, 0x01,
    0x39, 0x11, 0xe0, 0x50, 0x81, 0x3e, 0x22, 0xe7, 0x59, 0xb5, 0x24, 0x2d, 0xdb, 0xec, 0xad, 0x0e,
    0x6d, 0x7b, 0xab, 0x01, 0x90, 0x5e, 0xe8, 0x1b, 0x43, 0x14, 0x62, 0x0b, 0xc0, 0x68, 0x42, 0x8a,
    0xe4, 0x2d, 0xae, 0x28, 0x6a, 0xbb, 0x2e, 0xa7, 0xe1, 0x8a, 0xbb, 0x52, 0x03, 0x0e, 0x42, 0xe8,
    0x5f, 0x5a, 0x4a, 0xda, 0xe4, 0xee, 0xbb, 0x77, 0xa2, 0x28, 0x00, 0xb3, 0xef, 0x1a, 0xc0, 0x1e,
    0x4a, 0xf8, 0x56, 0x38, 0x10, 0x84, 0x1d, 0x81, 0x45, 0x16, 0xbd, 0x3e, 0xfd, 0xcb, 0x6f, 0xa2,
    0x03, 0x0b, 0x24, 0x00, 0xac, 0xde, 0x0a, 0x2c, 0x66, 0x76, 0x11, 0x22, 0x6c, 0x30, 0x83, 0xdd,
    0xbd, 0x34, 0x31, 0xc0, 0xcd, 0x5a, 0x0c, 0x51, 0x00, 0x75, 0x2e, 0x4a, 0xaa, 0xc9, 0xc9, 0xda,
    0x24, 0x80, 0x67, 0x07, 0xf0, 0x6a, 0x1e, 0x01, 0x9e, 0x2d, 0x00, 0x2d, 0x4d, 0xc1, 0xfa, 0x59,
    0x32, 0xc8, 0xa5, 0xda, 0x9a, 0x72, 0x7b, 0x02, 0x0c, 0xea, 0xa9, 0xad, 0x04, 0x80, 0x1a, 0x56,
    0x75, 0xa4, 0x75, 0xe6, 0x55, 0x8e, 0xc5, 0xf6, 0xac, 0x29, 0xd0, 0x42, 0x9f, 0xb5, 0xe5, 0xd3,
    0x90, 0x51, 0x58, 0xf4, 0x40, 0x44, 0x47, 0x08, 0xd8, 0xd3, 0x50, 0xc7, 0x39, 0x50, 0x50, 0xc2,
    0x15, 0x54, 0x9d, 0x02, 0x5a, 0xeb, 0x48, 0x96, 0x03, 0xd2, 0x32, 0x24, 0x00, 0xc6, 0xe9, 0x86,
    0x3d, 0x5c, 0x70, 0x1d, 0x0b, 0x24, 0x99, 0x03, 0x3b, 0xab, 0x3d, 0x5c, 0x00, 0x09, 0x38, 0xb0,
    0x40, 0xc4, 0x07, 0xd5, 0x7d, 0xb7, 0xdc, 0x54, 0xc6, 0x05, 0x7b, 0x6e, 0x9b, 0x01, 0x01, 0x00,
    0x21, 0xf9, 0x04, 0x04, 0x04, 0x00, 0x00, 0x00, 0x2c, 0x15, 0x00, 0x1d, 0x00, 0x94, 0x00, 0x2f,
    0x00, 0x87, 0x00, 0x00, 0x00, 0x0d, 0x03, 0x03, 0x1a, 0x06, 0x06, 0x26, 0x09, 0x0a, 0x33, 0x0d,
    0x0d, 0x40, 0x10, 0x10, 0x4d, 0x13, 0x13, 0x5a, 0x16, 0x16, 0x66, 0x19, 0x1a, 0x73, 0x1c, 0x1d,
    0x80, 0x1f, 0x20, 0x8d, 0x22, 0x23, 0x9a, 0x26, 0x26, 0xa6, 0x29, 0x2a, 0xb3, 0x2c, 0x2d, 0xc0,
    0x2f, 0x30, 0x00, 0x00, 0x00, 0x00, 0x00, 0x00, 0x00, 0x00, 0x00, 0x00, 0x00, 0x00, 0x00, 0x00,
    0x00, 0x00, 0x00, 0x00, 0x00, 0x00, 0x00, 0x00, 0x00, 0x00, 0x00, 0x00, 0x00, 0x00, 0x00, 0x00,
    0x00, 0x00, 0x00, 0x00, 0x00, 0x00, 0x00, 0x00, 0x00, 0x00, 0x00, 0x00, 0x00, 0x00, 0x00, 0x00,
    0x00, 0x00, 0x00, 0x00, 0x00, 0x00, 0x00, 0x00, 0x00, 0x00, 0x00, 0x00, 0x00, 0x00, 0x00, 0x00,
    0x00, 0x00, 0x00, 0x00, 0x00, 0x00, 0x00, 0x00, 0x00, 0x00, 0x00, 0x00, 0x00, 0x00, 0x00, 0x00,
    0x00, 0x00, 0x00, 0x00, 0x00, 0x00, 0x00, 0x00, 0x00, 0x00, 0x00, 0x00, 0x00, 0x00, 0x00, 0x00,
    0x00, 0x00, 0x00, 0x00, 0x00, 0x00, 0x00, 0x00, 0x00, 0x00, 0x00, 0x00, 0x00, 0x00, 0x00, 0x00,
    0x00, 0x00, 0x00, 0x00, 0x00, 0x00, 0x00, 0x00, 0x00, 0x00, 0x00, 0x00, 0x00, 0x00, 0x00, 0x00,
    0x00, 0x00, 0x00, 0x00, 0x00, 0x00, 0x00, 0x00, 0x00, 0x00, 0x00, 0x00, 0x00, 0x00, 0x00, 0x00,
    0x00, 0x00, 0x00, 0x00, 0x00, 0x00, 0x00, 0x00, 0x00, 0x00, 0x00, 0x00, 0x00, 0x00, 0x00, 0x00,
    0x00, 0x00, 0x00, 0x00, 0x00, 0x00, 0x00, 0x00, 0x00, 0x00, 0x00, 0x00, 0x00, 0x00, 0x00, 0x00,
    0x00, 0x00, 0x00, 0x00, 0x00, 0x00, 0x00, 0x00, 0x00, 0x00, 0x00, 0x00, 0x00, 0x00, 0x00, 0x00,
    0x00, 0x00, 0x00, 0x00, 0x00, 0x00, 0x00, 0x00, 0x00, 0x00, 0x00, 0x00, 0x00, 0x00, 0x00, 0x00,
    0x00, 0x00, 0x00, 0x00, 0x00, 0x00, 0x00, 0x00, 0x00, 0x00, 0x00, 0x00, 0x00, 0x00, 0x00, 0x00,
    0x00, 0x00, 0x00, 0x00, 0x00, 0x00, 0x00, 0x00, 0x00, 0x00, 0x00, 0x00, 0x00, 0x00, 0x00, 0x00,
    0x00, 0x00, 0x00, 0x00, 0x00, 0x00, 0x00, 0x00, 0x00, 0x00, 0x00, 0x00, 0x00, 0x00, 0x00, 0x00,
    0x00, 0x00, 0x00, 0x00, 0x00, 0x00, 0x00, 0x00, 0x00, 0x00, 0x00, 0x00, 0x00, 0x00, 0x00, 0x00,
    0x00, 0x00, 0x00, 0x00, 0x00, 0x00, 0x00, 0x00, 0x00, 0x00, 0x00, 0x00, 0x00, 0x00, 0x00, 0x00,
    0x00, 0x00, 0x00, 0x00, 0x00, 0x00, 0x00, 0x00, 0x00, 0x00, 0x00, 0x00, 0x00, 0x00, 0x00, 0x00,
    0x00, 0x00, 0x00, 0x00, 0x00, 0x00, 0x00, 0x00, 0x00, 0x00, 0x00, 0x00, 0x00, 0x00, 0x00, 0x00,
    0x00, 0x00, 0x00, 0x00, 0x00, 0x00, 0x00, 0x00, 0x00, 0x00, 0x00, 0x00, 0x00, 0x00, 0x00, 0x00,
    0x00, 0x00, 0x00, 0x00, 0x00, 0x00, 0x00, 0x00, 0x00, 0x00, 0x00, 0x00, 0x00, 0x00, 0x00, 0x00,
    0x00, 0x00, 0x00, 0x00, 0x00, 0x00, 0x00, 0x00, 0x00, 0x00, 0x00, 0x00, 0x00, 0x00, 0x00, 0x00,
    0x00, 0x00, 0x00, 0x00, 0x00, 0x00, 0x00, 0x00, 0x00, 0x00, 0x00, 0x00, 0x00, 0x00, 0x00, 0x00,
    0x00, 0x00, 0x00, 0x00, 0x00, 0x00, 0x00, 0x00, 0x00, 0x00, 0x00, 0x00, 0x00, 0x00, 0x00, 0x00,
    0x00, 0x00, 0x00, 0x00, 0x00, 0x00, 0x00, 0x00, 0x00, 0x00, 0x00, 0x00, 0x00, 0x00, 0x00, 0x00,
    0x00, 0x00, 0x00, 0x00, 0x00, 0x00, 0x00, 0x00, 0x00, 0x00, 0x00, 0x00, 0x00, 0x00, 0x00, 0x00,
    0x00, 0x00, 0x00, 0x00, 0x00, 0x00, 0x00, 0x00, 0x00, 0x00, 0x00, 0x00, 0x00, 0x00, 0x00, 0x00,
    0x00, 0x00, 0x00, 0x00, 0x00, 0x00, 0x00, 0x00, 0x00, 0x00, 0x00, 0x00, 0x00, 0x00, 0x00, 0x00,
    0x00, 0x00, 0x00, 0x00, 0x00, 0x00, 0x00, 0x00, 0x00, 0x00, 0x00, 0x00, 0x00, 0x00, 0x00, 0x00,
    0x00, 0x00, 0x00, 0x00, 0x00, 0x00, 0x00, 0x00, 0x00, 0x00, 0x00, 0x00, 0x00, 0x00, 0x00, 0x00,
    0x00, 0x00, 0x00, 0x00, 0x00, 0x00, 0x00, 0x00, 0x00, 0x00, 0x00, 0x00, 0x00, 0x00, 0x00, 0x00,
    0x00, 0x00, 0x00, 0x00, 0x00, 0x00, 0x00, 0x00, 0x00, 0x00, 0x00, 0x00, 0x00, 0x00, 0x00, 0x00,
    0x00, 0x00, 0x00, 0x00, 0x00, 0x00, 0x00, 0x00, 0x00, 0x00, 0x00, 0x00, 0x00, 0x00, 0x00, 0x00,
    0x00, 0x00, 0x00, 0x00, 0x00, 0x00, 0x00, 0x00, 0x00, 0x00, 0x00, 0x00, 0x00, 0x00, 0x00, 0x00,
    0x00, 0x00, 0x00, 0x00, 0x00, 0x00, 0x00, 0x00, 0x00, 0x00, 0x00, 0x00, 0x00, 0x00, 0x00, 0x00,
    0x00, 0x00, 0x00, 0x00, 0x00, 0x00, 0x00, 0x00, 0x00, 0x00, 0x00, 0x00, 0x00, 0x00, 0x00, 0x00,
    0x00, 0x00, 0x00, 0x00, 0x00, 0x00, 0x00, 0x00, 0x00, 0x00, 0x00, 0x00, 0x00, 0x00, 0x00, 0x00,
    0x00, 0x00, 0x00, 0x00, 0x00, 0x00, 0x00, 0x00, 0x00, 0x00, 0x00, 0x00, 0x00, 0x00, 0x00, 0x00,
    0x00, 0x00, 0x00, 0x00, 0x00, 0x00, 0x00, 0x00, 0x00, 0x00, 0x00, 0x00, 0x00, 0x00, 0x00, 0x00,
    0x00, 0x00, 0x00, 0x00, 0x00, 0x00, 0x00, 0x00, 0x00, 0x00, 0x00, 0x00, 0x00, 0x00, 0x00, 0x00,
    0x00, 0x00, 0x00, 0x00, 0x00, 0x00, 0x00, 0x00, 0x00, 0x00, 0x00, 0x00, 0x00, 0x00, 0x00, 0x00,
    0x00, 0x00, 0x00, 0x00, 0x00, 0x00, 0x00, 0x00, 0x00, 0x00, 0x00, 0x00, 0x00, 0x00, 0x00, 0x00,
    0x00, 0x00, 0x00, 0x00, 0x00, 0x00, 0x00, 0x00, 0x00, 0x00, 0x00, 0x00, 0x00, 0x00, 0x00, 0x00,
    0x00, 0x00, 0x00, 0x00, 0x00, 0x00, 0x00, 0x00, 0x00, 0x00, 0x00, 0x00, 0x00, 0x00, 0x00, 0x00,
    0x00, 0x00, 0x08, 0xff, 0x00, 0x01, 0x08, 0x1c, 0x48, 0xb0, 0x60, 0xc1, 0x01, 0x04, 0x0c, 0x2a,
    0x5c, 0xc8, 0xb0, 0xa1, 0xc3, 0x87, 0x10, 0x23, 0x46, 0x44, 0x28, 0xb1, 0xa2, 0xc2, 0x01, 0x0b,
    0x1e, 0x3c, 0x60, 0x50, 0xc0, 0xa2, 0xc7, 0x8f, 0x20, 0x43, 0x1e, 0xcc, 0xb8, 0xb1, 0xa3, 0xc8,
    0x87, 0x03, 0x1c, 0x68, 0x5c, 0x69, 0xe0, 0xa4, 0xcb, 0x97, 0x30, 0x53, 0xae, 0xd4, 0xd8, 0x12,
    0xa6, 0x41, 0x02, 0x2a, 0x67, 0x6a, 0x3c, 0x60, 0xb3, 0xa7, 0xcf, 0x87, 0x38, 0x75, 0xee, 0xfc,
    0x09, 0xc0, 0x80, 0xd0, 0x99, 0x09, 0x88, 0x2a, 0x25, 0x6a, 0xf4, 0xa8, 0xc6, 0xa4, 0x3d, 0x9b,
    0x3a, 0x7d, 0xba, 0xb4, 0xea, 0x4b, 0xa9, 0x53, 0xa1, 0x5e, 0x9d, 0xaa, 0x53, 0xab, 0xd5, 0xaf,
    0x15, 0xb1, 0x72, 0xf5, 0x1a, 0xf2, 0x00, 0x57, 0xa1, 0x09, 0x02, 0x80, 0x5d, 0xfb, 0xd0, 0xec,
    0x59, 0xa4, 0x6a, 0x43, 0x26, 0x70, 0x8a, 0x40, 0xec, 0x4a, 0x06, 0x71, 0xd9, 0xea, 0x25, 0x38,
    0xf7, 0x68, 0x5d, 0xa7, 0x78, 0x41, 0xf6, 0x45, 0x2b, 0xd0, 0xae, 0xc6, 0xc0, 0x7b, 0xf7, 0x0e,
    0xee, 0x5a, 0x18, 0x70, 0x5e, 0x89, 0x8b, 0x91, 0x12, 0x34, 0xbc, 0xf1, 0x71, 0x62, 0xab, 0x91,
    0x57, 0x7a, 0xa5, 0x8c, 0x18, 0x62, 0x80, 0xcc, 0x54, 0x0b, 0x72, 0x16, 0x70, 0xd9, 0xea, 0x67,
    0xa7, 0x64, 0x8b, 0x02, 0x26, 0xfd, 0x30, 0x00, 0x03, 0xa7, 0x35, 0x0d, 0xca, 0x14, 0xea, 0x60,
    0x40, 0x69, 0xa5, 0xae, 0x61, 0x2f, 0x9c, 0xad, 0xb3, 0xb6, 0xc3, 0xdc, 0x47, 0x63, 0x5f, 0xcc,
    0xd9, 0xdb, 0xf6, 0xed, 0x9e, 0xc0, 0x85, 0x0a, 0x97, 0x4d, 0x7c, 0xa6, 0xef, 0x85, 0xc9, 0x75,
    0x2e, 0x1f, 0x7e, 0xf4, 0xf9, 0x71, 0x97, 0xd1, 0x67, 0x4e, 0x67, 0x5e, 0xdd, 0x78, 0x41, 0x01,
    0xaf, 0x83, 0x4f, 0xff, 0x6c, 0xbe, 0xd2, 0x41, 0xc2, 0xeb, 0x22, 0xc1, 0xeb, 0x86, 0xc8, 0xdb,
    0xf9, 0xf9, 0x81, 0xed, 0xcb, 0x7b, 0xf7, 0x1c, 0x5e, 0x39, 0x7a, 0x90, 0xf1, 0x35, 0x5a, 0xa7,
    0xbf, 0x1e, 0x40, 0xfe, 0x07, 0xfb, 0x45, 0x94, 0x1d, 0x4b, 0xf7, 0x59, 0xf4, 0x5f, 0x80, 0xfc,
    0x89, 0x17, 0x00, 0x79, 0xfa, 0xcd, 0x57, 0xd1, 0x80, 0x1a, 0x39, 0x58, 0x20, 0x43, 0x0b, 0x76,
    0x07, 0x12, 0x84, 0x0f, 0x20, 0x64, 0x61, 0x48, 0x10, 0x22, 0x30, 0x21, 0x44, 0x04, 0x6c, 0x78,
    0x61, 0x7d, 0x33, 0x21, 0x30, 0x80, 0x50, 0x9d, 0x89, 0x94, 0x19, 0x4f, 0x1f, 0x3a, 0x74, 0xa2,
    0x4e, 0x29, 0xca, 0x25, 0x14, 0x4f, 0x24, 0x3a, 0xc0, 0xda, 0x4b, 0x35, 0xde, 0xd8, 0x22, 0x43,
    0x39, 0xda, 0xd4, 0x63, 0x00, 0x24, 0x35, 0x20, 0xa1, 0x48, 0x40, 0x6a, 0x24, 0xe4, 0x8e, 0xad,
    0x05, 0x39, 0x24, 0x87, 0x4a, 0x12, 0x84, 0x90, 0x65, 0x31, 0x11, 0x00, 0x25, 0x92, 0xbb, 0x49,
    0x49, 0xd4, 0x93, 0x54, 0x66, 0xa9, 0xe5, 0x96, 0x5c, 0x76, 0xe9, 0xe5, 0x97, 0x60, 0x86, 0x29,
    0xe6, 0x98, 0x64, 0x96, 0x09, 0x53, 0x00, 0x02, 0x20, 0x44, 0xc0, 0x9a, 0x03, 0x0c, 0x20, 0xc0,
    0x94, 0x66, 0x22, 0x97, 0xe6, 0x9a, 0x6c, 0xba, 0x09, 0x67, 0x43, 0x01, 0x0c, 0x50, 0x80, 0x01,
    0x7c, 0xf6, 0xe9, 0x67, 0x01, 0x04, 0xe8, 0x68, 0xd3, 0x00, 0x0a, 0x2c, 0x60, 0x52, 0x4f, 0x84,
    0x1a, 0x4a, 0x54, 0x9e, 0x7b, 0xfa, 0xe9, 0x28, 0xa0, 0x82, 0x36, 0x44, 0x00, 0x9f, 0x05, 0x54,
    0x6a, 0xe9, 0xa5, 0x95, 0xf2, 0x69, 0xa5, 0x4d, 0x02, 0x10, 0xb7, 0x5d, 0x48, 0xbc, 0x1d, 0x0a,
    0xd3, 0xa4, 0x06, 0x60, 0x6a, 0x6a, 0xa3, 0x9b, 0x4a, 0x5a, 0xea, 0xa9, 0xac, 0x96, 0x7a, 0xa7,
    0x47, 0x08, 0xe8, 0xfc, 0xb4, 0xe4, 0x40, 0x01, 0x18, 0x70, 0x40, 0xa4, 0x05, 0x05, 0xd0, 0xc0,
    0x4c, 0x0b, 0xf4, 0x34, 0x29, 0xab, 0xad, 0x16, 0xf0, 0xea, 0x00, 0xab, 0x02, 0x7b, 0x6a, 0xa9,
    0x36, 0xb9, 0x55, 0x1e, 0xae, 0x02, 0x0d, 0xb0, 0x2b, 0x80, 0x9f, 0x0a, 0x44, 0xe2, 0x03, 0xbd,
    0xc6, 0x54, 0xac, 0xb1, 0x98, 0x22, 0xcb, 0x10, 0xb6, 0xc6, 0x1a, 0xf0, 0xea, 0x83, 0xd3, 0xc6,
    0xd8, 0x2c, 0x79, 0x9f, 0x46, 0x86, 0x60, 0x48, 0xdc, 0x02, 0xeb, 0xed, 0xb6, 0xe9, 0xb2, 0xfa,
    0x2d, 0xb8, 0x3a, 0x55, 0x3b, 0x19, 0x83, 0x0f, 0x78, 0x58, 0x50, 0xac, 0xce, 0xcd, 0xfa, 0x51,
    0xbb, 0xee, 0x32, 0x44, 0x2c, 0xbf, 0x96, 0x1a, 0xf0, 0xde, 0x99, 0xd3, 0x6e, 0x36, 0xd6, 0x64,
    0xc5, 0xf9, 0xf4, 0x2f, 0xc0, 0x7b, 0x0e, 0x7c, 0xd1, 0xb5, 0xdc, 0x0a, 0x7c, 0x25, 0x79, 0x2c,
    0x52, 0x26, 0x99, 0x7f, 0xf6, 0xfd, 0xb4, 0x70, 0xbb, 0x12, 0x3f, 0x24, 0x40, 0xa3, 0xdd, 0x96,
    0xaa, 0xef, 0x49, 0x21, 0xea, 0x44, 0x40, 0x01, 0x42, 0x29, 0xa0, 0xac, 0x66, 0x9d, 0xea, 0x64,
    0x2f, 0x51, 0x1f, 0x53, 0xaa, 0xae, 0xc8, 0x15, 0x09, 0x70, 0x72, 0xa3, 0x7f, 0x42, 0xfa, 0xee,
    0x49, 0x62, 0x31, 0x08, 0x95, 0x5d, 0xe4, 0xa5, 0xf6, 0x93, 0xcd, 0x99, 0x3e, 0xaa, 0xf3, 0x85,
    0x69, 0xb6, 0x69, 0xa7, 0x5e, 0xf8, 0xa2, 0x86, 0xf0, 0x54, 0x0c, 0xe8, 0x85, 0xa6, 0xd2, 0x4b,
    0xc7, 0x09, 0x00, 0x68, 0x0f, 0xa4, 0xc6, 0xd9, 0xce, 0x56, 0x7f, 0x35, 0x20, 0x8b, 0x06, 0x15,
    0x40, 0xde, 0xb9, 0x5d, 0x5f, 0x56, 0x21, 0x81, 0xfe, 0x36, 0xe7, 0x70, 0xd9, 0xc7, 0x0d, 0xf0,
    0x9a, 0x03, 0xd1, 0xc2, 0xf7, 0x76, 0xdc, 0x6c, 0x5f, 0x96, 0x2a, 0x50, 0x5c, 0x17, 0x18, 0x10,
    0x00, 0x21, 0xf9, 0x04, 0x04, 0x04, 0x00, 0x00, 0x00, 0x2c, 0x15, 0x00, 0x1d, 0x00, 0x94, 0x00,
    0x2f, 0x00, 0x87, 0x00, 0x00, 0x00, 0x0d, 0x03, 0x03, 0x1a, 0x06, 0x06, 0x26, 0x09, 0x0a, 0x33,
    0x0d, 0x0d, 0x40, 0x10, 0x10, 0x4d, 0x13, 0x13, 0x5a, 0x16, 0x16, 0x66, 0x19, 0x1a, 0x73, 0x1c,
    0x1d, 0x80, 0x1f, 0x20, 0x8d, 0x22, 0x23, 0x9a, 0x26, 0x26, 0xa6, 0x29, 0x2a, 0xb3, 0x2c, 0x2d,
    0xc0, 0x2f, 0x30, 0x00, 0x00, 0x00, 0x00, 0x00, 0x00, 0x00, 0x00, 0x00, 0x00, 0x00, 0x00, 0x00,
    0x00, 0x00, 0x00, 0x00, 0x00, 0x00, 0x00, 0x00, 0x00, 0x00, 0x00, 0x00, 0x00, 0x00, 0x00, 0x00,
    0x00, 0x00, 0x00, 0x00, 0x00, 0x00, 0x00, 0x00, 0x00, 0x00, 0x00, 0x00, 0x00, 0x00, 0x00, 0x00,
    0x00, 0x00, 0x00, 0x00, 0x00, 0x00, 0x00, 0x00, 0x00, 0x00, 0x00, 0x00, 0x00, 0x00, 0x00, 0x00,
    0x00, 0x00, 0x00, 0x00, 0x00, 0x00, 0x00, 0x00, 0x00, 0x00, 0x00, 0x00, 0x00, 0x00, 0x00, 0x00,
    0x00, 0x00, 0x00, 0x00, 0x00, 0x00, 0x00, 0x00, 0x00, 0x00, 0x00, 0x00, 0x00, 0x00, 0x00, 0x00,
    0x00, 0x00, 0x00, 0x00, 0x00, 0x00, 0x00, 0x00, 0x00, 0x00, 0x00, 0x00, 0x00, 0x00, 0x00, 0x00,
    0x00, 0x00, 0x00, 0x00, 0x00, 0x00, 0x00, 0x00, 0x00, 0x00, 0x00, 0x00, 0x00, 0x00, 0x00, 0x00,
    0x00, 0x00, 0x00, 0x00, 0x00, 0x00, 0x00, 0x00, 0x00, 0x00, 0x00, 0x00, 0x00, 0x00, 0x00, 0x00,
    0x00, 0x00, 0x00, 0x00, 0x00, 0x00, 0x00, 0x00, 0x00, 0x00, 0x00, 0x00, 0x00, 0x00, 0x00, 0x00,
    0x00, 0x00, 0x00, 0x00, 0x00, 0x00, 0x00, 0x00, 0x00, 0x00, 0x00, 0x00, 0x00, 0x00, 0x00, 0x00,
    0x00, 0x00, 0x00, 0x00, 0x00, 0x00, 0x00, 0x00, 0x00, 0x00, 0x00, 0x00, 0x00, 0x00, 0x00, 0x00,
    0x00, 0x00, 0x00, 0x00, 0x00, 0x00, 0x00, 0x00, 0x00, 0x00, 0x00, 0x00, 0x00, 0x00, 0x00, 0x00,
    0x00, 0x00, 0x00, 0x00, 0x00, 0x00, 0x00, 0x00, 0x00, 0x00, 0x00, 0x00, 0x00, 0x00, 0x00, 0x00,
    0x00, 0x00, 0x00, 0x00, 0x00, 0x00, 0x00, 0x00, 0x00, 0x00, 0x00, 0x00, 0x00, 0x00, 0x00, 0x00,
    0x00, 0x00, 0x00, 0x00, 0x00, 0x00, 0x00, 0x00, 0x00, 0x00, 0x00, 0x00, 0x00, 0x00, 0x00, 0x00,
    0x00, 0x00, 0x00, 0x00, 0x00, 0x00, 0x00, 0x00, 0x00, 0x00, 0x00, 0x00, 0x00, 0x00, 0x00, 0x00,
    0x00, 0x00, 0x00, 0x00, 0x00, 0x00, 0x00, 0x00, 0x00, 0x00, 0x00, 0x00, 0x00, 0x00, 0x00, 0x00,
    0x00, 0x00, 0x00, 0x00, 0x00, 0x00, 0x00, 0x00, 0x00, 0x00, 0x00, 0x00, 0x00, 0x00, 0x00, 0x00,
    0x00, 0x00, 0x00, 0x00, 0x00, 0x00, 0x00, 0x00, 0x00, 0x00, 0x00, 0x00, 0x00, 0x00, 0x00, 0x00,
    0x00, 0x00, 0x00, 0x00, 0x00, 0x00, 0x00, 0x00, 0x00, 0x00, 0x00, 0x00, 0x00, 0x00, 0x00, 0x00,
    0x00, 0x00, 0x00, 0x00, 0x00, 0x00, 0x00, 0x00, 0x00, 0x00, 0x00, 0x00, 0x00, 0x00, 0x00, 0x00,
    0x00, 0x00, 0x00, 0x00, 0x00, 0x00, 0x00, 0x00, 0x00, 0x00, 0x00, 0x00, 0x00, 0x00, 0x00, 0x00,
    0x00, 0x00, 0x00, 0x00, 0x00, 0x00, 0x00, 0x00, 0x00, 0x00, 0x00, 0x00, 0x00, 0x00, 0x00, 0x00,
    0x00, 0x00, 0x00, 0x00, 0x00, 0x00, 0x00, 0x00, 0x00, 0x00, 0x00, 0x00, 0x00, 0x00, 0x00, 0x00,
    0x00, 0x00, 0x00, 0x00, 0x00, 0x00, 0x00, 0x00, 0x00, 0x00, 0x00, 0x00, 0x00, 0x00, 0x00, 0x00,
    0x00, 0x00, 0x00, 0x00, 0x00, 0x00, 0x00, 0x00, 0x00, 0x00, 0x00, 0x00, 0x00, 0x00, 0x00, 0x00,
    0x00, 0x00, 0x00, 0x00, 0x00, 0x00, 0x00, 0x00, 0x00, 0x00, 0x00, 0x00, 0x00, 0x00, 0x00, 0x00,
    0x00, 0x00, 0x00, 0x00, 0x00, 0x00, 0x00, 0x00, 0x00, 0x00, 0x00, 0x00, 0x00, 0x00, 0x00, 0x00,
    0x00, 0x00, 0x00, 0x00, 0x00, 0x00, 0x00, 0x00, 0x00, 0x00, 0x00, 0x00, 0x00, 0x00, 0x00, 0x00,
    0x00, 0x00, 0x00, 0x00, 0x00, 0x00, 0x00, 0x00, 0x00, 0x00, 0x00, 0x00, 0x00, 0x00, 0x00, 0x00,
    0x00, 0x00, 0x00, 0x00, 0x00, 0x00, 0x00, 0x00, 0x00, 0x00, 0x00, 0x00, 0x00, 0x00, 0x00, 0x00,
    0x00, 0x00, 0x00, 0x00, 0x00, 0x00, 0x00, 0x00, 0x00, 0x00, 0x00, 0x00, 0x00, 0x00, 0x00, 0x00,
    0x00, 0x00, 0x00, 0x00, 0x00, 0x00, 0x00, 0x00, 0x00, 0x00, 0x00, 0x00, 0x00, 0x00, 0x00, 0x00,
    0x00, 0x00, 0x00, 0x00, 0x00, 0x00, 0x00, 0x00, 0x00, 0x00, 0x00, 0x00, 0x00, 0x00, 0x00, 0x00,
    0x00, 0x00, 0x00, 0x00, 0x00, 0x00, 0x00, 0x00, 0x00, 0x00, 0x00, 0x00, 0x00, 0x00, 0x00, 0x00,
    0x00, 0x00, 0x00, 0x00, 0x00, 0x00, 0x00, 0x00, 0x00, 0x00, 0x00, 0x00, 0x00, 0x00, 0x00, 0x00,
    0x00, 0x00, 0x00, 0x00, 0x00, 0x00, 0x00, 0x00, 0x00, 0x00, 0x00, 0x00, 0x00, 0x00, 0x00, 0x00,
    0x00, 0x00, 0x00, 0x00, 0x00, 0x00, 0x00, 0x00, 0x00, 0x00, 0x00, 0x00, 0x00, 0x00, 0x00, 0x00,
    0x00, 0x00, 0x00, 0x00, 0x00, 0x00, 0x00, 0x00, 0x00, 0x00, 0x00, 0x00, 0x00, 0x00, 0x00, 0x00,
    0x00, 0x00, 0x00, 0x00, 0x00, 0x00, 0x00, 0x00, 0x00, 0x00, 0x00, 0x00, 0x00, 0x00, 0x00, 0x00,
    0x00, 0x00, 0x00, 0x00, 0x00, 0x00, 0x00, 0x00, 0x00, 0x00, 0x00, 0x00, 0x00, 0x00, 0x00, 0x00,
    0x00, 0x00, 0x00, 0x00, 0x00, 0x00, 0x00, 0x00, 0x00, 0x00, 0x00, 0x00, 0x00, 0x00, 0x00, 0x00,
    0x00, 0x00, 0x00, 0x00, 0x00, 0x00, 0x00, 0x00, 0x00, 0x00, 0x00, 0x00, 0x00, 0x00, 0x00, 0x00,
    0x00, 0x00, 0x00, 0x00, 0x00, 0x00, 0x00, 0x00, 0x00, 0x00, 0x00, 0x00, 0x00, 0x00, 0x00, 0x00,
    0x00, 0x00, 0x00, 0x08, 0xff, 0x00, 0x01, 0x08, 0x1c, 0x48, 0xb0, 0x60, 0xc1, 0x00, 0x01, 0x0c,
    0x2a, 0x5c, 0xc8, 0xb0, 0xa1, 0xc3, 0x87, 0x10, 0x23, 0x46, 0x44, 0x28, 0xb1, 0xa2, 0xc2, 0x00,
    0x08, 0x1a, 0x38, 0x48, 0x20, 0xc0, 0xa2, 0xc7, 0x8f, 0x20, 0x43, 0x1e, 0xcc, 0xb8, 0xb1, 0xa3,
    0xc8, 0x87, 0x01, 0x18, 0x3c, 0x58, 0xf9, 0xc0, 0xc1, 0x80, 0x93, 0x30, 0x63, 0xca, 0x4c, 0xc9,
    0xb2, 0xe5, 0x4b, 0x99, 0x06, 0x69, 0xd6, 0xb4, 0x89, 0xb3, 0xa7, 0x4f, 0x94, 0x2a, 0x77, 0xba,
    0xfc, 0x09, 0x60, 0x80, 0x83, 0x9d, 0x35, 0x0d, 0x10, 0x5d, 0x4a, 0xd4, 0x28, 0x52, 0x96, 0x4a,
    0x7b, 0x3a, 0x7d, 0x0a, 0x95, 0xa9, 0xd5, 0x98, 0x53, 0xa9, 0x3e, 0x88, 0x8a, 0xf5, 0xa8, 0xd6,
    0xaa, 0x57, 0xc3, 0x7a, 0xcc, 0xfa, 0x95, 0xab, 0x48, 0xb2, 0x5f, 0xb7, 0x8a, 0x5d, 0x0b, 0x11,
    0x6d, 0xd9, 0x93, 0x06, 0xa8, 0x2e, 0x48, 0x40, 0x35, 0x01, 0xdb, 0xbb, 0x0a, 0xe3, 0x3e, 0x9d,
    0x5b, 0x37, 0xa4, 0x5e, 0xa4, 0x0c, 0x12, 0xd2, 0x7d, 0x6a, 0x17, 0xaf, 0xe1, 0xbf, 0x3b, 0x03,
    0x03, 0x18, 0x8c, 0xb4, 0xb0, 0x45, 0xc4, 0x35, 0x15, 0x0b, 0x64, 0xbc, 0xd3, 0xb1, 0x61, 0xb1,
    0x90, 0x59, 0x4a, 0x5e, 0xdc, 0xb7, 0x62, 0xe6, 0x95, 0x9b, 0x27, 0x77, 0xbe, 0x7c, 0xf5, 0xf3,
    0x83, 0xd0, 0x9c, 0x09, 0x4b, 0xa4, 0x5c, 0x33, 0x41, 0x42, 0x83, 0x07, 0xa8, 0xa2, 0x26, 0xdd,
    0x93, 0x35, 0x4b, 0xd7, 0x0a, 0x63, 0x3f, 0x9d, 0x6d, 0xd0, 0xf6, 0x4a, 0xcb, 0x06, 0x4d, 0xf3,
    0xa6, 0x7d, 0xd2, 0xf7, 0x03, 0xe0, 0x05, 0x85, 0xbf, 0x5e, 0x68, 0x1c, 0x79, 0x70, 0xd9, 0xcb,
    0x89, 0xc3, 0x6c, 0xfe, 0x50, 0x39, 0xf3, 0xd1, 0x0e, 0xad, 0x4b, 0x2f, 0x8e, 0xbd, 0xa1, 0xf6,
    0x81, 0x3a, 0x91, 0x1e, 0xff, 0xa8, 0x48, 0xc0, 0xab, 0xd0, 0x9b, 0xdb, 0x3d, 0x86, 0xdf, 0x39,
    0x5e, 0x62, 0xf9, 0xa7, 0x43, 0x05, 0xae, 0x4f, 0x3a, 0xd6, 0x7c, 0xcd, 0xf8, 0xe9, 0x25, 0xce,
    0x07, 0x5b, 0xd1, 0x2d, 0x4f, 0x00, 0x41, 0x21, 0x65, 0x56, 0x7f, 0xf6, 0xb1, 0xe4, 0x80, 0x49,
    0xf9, 0x41, 0x14, 0xe0, 0x4e, 0x03, 0x4a, 0xe4, 0xdf, 0x81, 0x03, 0x50, 0xd5, 0x20, 0x81, 0x4f,
    0xb5, 0x97, 0xa0, 0x43, 0x11, 0x3e, 0x35, 0xa1, 0x83, 0x05, 0xae, 0x74, 0x00, 0x01, 0x48, 0x39,
    0x40, 0x00, 0x4c, 0x02, 0x2c, 0xb8, 0x12, 0x02, 0x17, 0x3e, 0x04, 0xa2, 0x50, 0x23, 0x9e, 0x54,
    0x22, 0x52, 0x08, 0x04, 0x50, 0x60, 0x8b, 0x30, 0xc9, 0xb8, 0x13, 0x7a, 0x29, 0x2e, 0x64, 0x63,
    0x4d, 0x34, 0x9e, 0xb4, 0x23, 0x4b, 0x2f, 0x65, 0xb5, 0x21, 0x48, 0x42, 0xe6, 0xf8, 0x50, 0x91,
    0x38, 0x21, 0x09, 0x80, 0x00, 0x07, 0x1c, 0x80, 0xa3, 0x4c, 0x4c, 0x3a, 0x69, 0x24, 0x44, 0x51,
    0x3e, 0x19, 0x53, 0x95, 0x53, 0x66, 0xa9, 0xe5, 0x96, 0x5c, 0x76, 0xe9, 0xe5, 0x97, 0x60, 0x86,
    0x29, 0xe6, 0x98, 0x64, 0x96, 0x89, 0x53, 0x00, 0x02, 0x0c, 0xa0, 0xe6, 0x00, 0x02, 0x44, 0x67,
    0xa6, 0x55, 0x68, 0xae, 0xc9, 0xa6, 0x9b, 0x15, 0x09, 0x40, 0x40, 0x01, 0x05, 0x18, 0xa0, 0xe7,
    0x9e, 0x78, 0x12, 0xd0, 0x26, 0x51, 0x01, 0x34, 0x89, 0xe0, 0x99, 0x82, 0x2e, 0x65, 0x27, 0x9e,
    0x7b, 0xf2, 0x59, 0x80, 0x9f, 0x74, 0x32, 0x24, 0x40, 0x9e, 0x06, 0xe0, 0x29, 0xe9, 0xa4, 0x90,
    0x16, 0x60, 0xa5, 0x8f, 0x41, 0xe1, 0x17, 0x93, 0x4e, 0x9a, 0x5e, 0x59, 0x29, 0xa5, 0x93, 0xea,
    0x69, 0x69, 0x5b, 0x91, 0x82, 0x6a, 0x2a, 0xa2, 0x3d, 0xc2, 0xa4, 0xdb, 0x4a, 0x0e, 0x34, 0x5a,
    0x50, 0x9a, 0x10, 0x2d, 0xf6, 0x50, 0xd3, 0x02, 0x52, 0x95, 0x7a, 0x2a, 0xa8, 0x06, 0xa4, 0x6a,
    0xd0, 0x00, 0xb6, 0xde, 0x8a, 0xab, 0xae, 0x21, 0x21, 0x90, 0x98, 0xab, 0x00, 0x04, 0xa0, 0x00,
    0x68, 0x97, 0x0e, 0xc4, 0x1a, 0xad, 0x32, 0xf1, 0xea, 0xeb, 0xa9, 0xb9, 0x36, 0xf4, 0xec, 0xb3,
    0xc4, 0x5a, 0x24, 0x40, 0x81, 0xce, 0x15, 0xbb, 0x60, 0xa7, 0x03, 0x65, 0x56, 0x00, 0x4e, 0xd3,
    0xfa, 0x4a, 0x6c, 0xb8, 0xd0, 0x56, 0x6b, 0x11, 0x5a, 0x28, 0x16, 0x34, 0x80, 0x89, 0x2d, 0x7d,
    0x5b, 0x50, 0x01, 0x02, 0xf6, 0x44, 0xae, 0xa9, 0x06, 0x10, 0xeb, 0xec, 0xbc, 0x88, 0xba, 0x9b,
    0x64, 0x81, 0x66, 0xf9, 0xb7, 0x52, 0xbf, 0xfc, 0xfa, 0x74, 0x2f, 0xbe, 0x91, 0x3a, 0x44, 0x40,
    0xaf, 0xd3, 0x46, 0x6a, 0xee, 0x47, 0xf0, 0xee, 0xd4, 0xa2, 0xbf, 0x60, 0xfd, 0x78, 0x22, 0x51,
    0x07, 0x13, 0x5c, 0xc0, 0xc2, 0x07, 0x23, 0x4c, 0x6f, 0xae, 0x0b, 0x83, 0xb4, 0x2a, 0xab, 0x02,
    0x5c, 0x9b, 0x98, 0xac, 0x0c, 0x02, 0xb8, 0x93, 0x02, 0x4c, 0x65, 0x9c, 0x30, 0xc7, 0x13, 0x0d,
    0x00, 0x69, 0xa2, 0x89, 0x2e, 0x3a, 0x28, 0x51, 0xac, 0x35, 0xd0, 0xc0, 0xb0, 0xa9, 0x45, 0x86,
    0x33, 0x53, 0x01, 0xb8, 0x0c, 0x33, 0xcc, 0x32, 0x7f, 0x14, 0x27, 0x01, 0x44, 0x13, 0xa0, 0xe6,
    0x9f, 0x62, 0x91, 0x0c, 0x9d, 0xb2, 0x5f, 0xb5, 0xba, 0xd6, 0xd0, 0x45, 0x1f, 0xdd, 0x71, 0x96,
    0xfb, 0x81, 0xe6, 0xa6, 0x71, 0xdc, 0xbe, 0x49, 0x9a, 0xc8, 0x3b, 0x2d, 0xd0, 0xa8, 0xb0, 0x48,
    0xe9, 0xab, 0xf5, 0x76, 0x19, 0xde, 0xe6, 0x1d, 0x7b, 0x63, 0x5f, 0xf8, 0x57, 0xb6, 0x04, 0xad,
    0x9d, 0x76, 0x8a, 0x4c, 0x02, 0xab, 0x50, 0xdc, 0x60, 0x06, 0x04, 0x00, 0x21, 0xf9, 0x04, 0x04,
    0x04, 0x00, 0x00, 0x00, 0x2c, 0x15, 0x00, 0x1d, 0x00, 0x94, 0x00, 0x30, 0x00, 0x87, 0x00, 0x00,
    0x00, 0x0d, 0x03, 0x03, 0x1a, 0x06, 0x06, 0x26, 0x09, 0x0a, 0x33, 0x0d, 0x0d, 0x40, 0x10, 0x10,
    0x4d, 0x13, 0x13, 0x5a, 0x16, 0x16, 0x66, 0x19, 0x1a, 0x73, 0x1c, 0x1d, 0x80, 0x1f, 0x20, 0x8d,
    0x22, 0x23, 0x9a, 0x26, 0x26, 0xa6, 0x29, 0x2a, 0xb3, 0x2c, 0x2d, 0xc0, 0x2f, 0x30, 0x00, 0x00,
    0x00, 0x00, 0x00, 0x00, 0x00, 0x00, 0x00, 0x00, 0x00, 0x00, 0x00, 0x00, 0x00, 0x00, 0x00, 0x00,
    0x00, 0x00, 0x00, 0x00, 0x00, 0x00, 0x00, 0x00, 0x00, 0x00, 0x00, 0x00, 0x00, 0x00, 0x00, 0x00,
    0x00, 0x00, 0x00, 0x00, 0x00, 0x00, 0x00, 0x00, 0x00, 0x00, 0x00, 0x00, 0x00, 0x00, 0x00, 0x00,
    0x00, 0x00, 0x00, 0x00, 0x00, 0x00, 0x00, 0x00, 0x00, 0x00, 0x00, 0x00, 0x00, 0x00, 0x00, 0x00,
    0x00, 0x00, 0x00, 0x00, 0x00, 0x00, 0x00, 0x00, 0x00, 0x00, 0x00, 0x00, 0x00, 0x00, 0x00, 0x00,
    0x00, 0x00, 0x00, 0x00, 0x00, 0x00, 0x00, 0x00, 0x00, 0x00, 0x00, 0x00, 0x00, 0x00, 0x00, 0x00,
    0x00, 0x00, 0x00, 0x00, 0x00, 0x00, 0x00, 0x00, 0x00, 0x00, 0x00, 0x00, 0x00, 0x00, 0x00, 0x00,
    0x00, 0x00, 0x00, 0x00, 0x00, 0x00, 0x00, 0x00, 0x00, 0x00, 0x00, 0x00, 0x00, 0x00, 0x00, 0x00,
    0x00, 0x00, 0x00, 0x00, 0x00, 0x00, 0x00, 0x00, 0x00, 0x00, 0x00, 0x00, 0x00, 0x00, 0x00, 0x00,
    0x00, 0x00, 0x00, 0x00, 0x00, 0x00, 0x00, 0x00, 0x00, 0x00, 0x00, 0x00, 0x00, 0x00, 0x00, 0x00,
    0x00, 0x00, 0x00, 0x00, 0x00, 0x00, 0x00, 0x00, 0x00, 0x00, 0x00, 0x00, 0x00, 0x00, 0x00, 0x00,
    0x00, 0x00, 0x00, 0x00, 0x00, 0x00, 0x00, 0x00, 0x00, 0x00, 0x00, 0x00, 0x00, 0x00, 0x00, 0x00,
    0x00, 0x00, 0x00, 0x00, 0x00, 0x00, 0x00, 0x00, 0x00, 0x00, 0x00, 0x00, 0x00, 0x00, 0x00, 0x00,
    0x00, 0x00, 0x00, 0x00, 0x00, 0x00, 0x00, 0x00, 0x00, 0x00, 0x00, 0x00, 0x00, 0x00, 0x00, 0x00,
    0x00, 0x00, 0x00, 0x00, 0x00, 0x00, 0x00, 0x00, 0x00, 0x00, 0x00, 0x00, 0x00, 0x00, 0x00, 0x00,
    0x00, 0x00, 0x00, 0x00, 0x00, 0x00, 0x00, 0x00, 0x00, 0x00, 0x00, 0x00, 0x00, 0x00, 0x00, 0x00,
    0x00, 0x00, 0x00, 0x00, 0x00, 0x00, 0x00, 0x00, 0x00, 0x00, 0x00, 0x00, 0x00, 0x00, 0x00, 0x00,
    0x00, 0x00, 0x00, 0x00, 0x00, 0x00, 0x00, 0x00, 0x00, 0x00, 0x00, 0x00, 0x00, 0x00, 0x00, 0x00,
    0x00, 0x00, 0x00, 0x00, 0x00, 0x00, 0x00, 0x00, 0x00, 0x00, 0x00, 0x00, 0x00, 0x00, 0x00, 0x00,
    0x00, 0x00, 0x00, 0x00, 0x00, 0x00, 0x00, 0x00, 0x00, 0x00, 0x00, 0x00, 0x00, 0x00, 0x00, 0x00,
    0x00, 0x00, 0x00, 0x00, 0x00, 0x00, 0x00, 0x00, 0x00, 0x00, 0x00, 0x00, 0x00, 0x00, 0x00, 0x00,
    0x00, 0x00, 0x00, 0x00, 0x00, 0x00, 0x00, 0x00, 0x00, 0x00, 0x00, 0x00, 0x00, 0x00, 0x00, 0x00,
    0x00, 0x00, 0x00, 0x00, 0x00, 0x00, 0x00, 0x00, 0x00, 0x00, 0x00, 0x00, 0x00, 0x00, 0x00, 0x00,
    0x00, 0x00, 0x00, 0x00, 0x00, 0x00, 0x00, 0x00, 0x00, 0x00, 0x00, 0x00, 0x00, 0x00, 0x00, 0x00,
    0x00, 0x00, 0x00, 0x00, 0x00, 0x00, 0x00, 0x00, 0x00, 0x00, 0x00, 0x00, 0x00, 0x00, 0x00, 0x00,
    0x00, 0x00, 0x00, 0x00, 0x00, 0x00, 0x00, 0x00, 0x00, 0x00, 0x00, 0x00, 0x00, 0x00, 0x00, 0x00,
    0x00, 0x00, 0x00, 0x00, 0x00, 0x00, 0x00, 0x00, 0x00, 0x00, 0x00, 0x00, 0x00, 0x00, 0x00, 0x00,
    0x00, 0x00, 0x00, 0x00, 0x00, 0x00, 0x00, 0x00, 0x00, 0x00, 0x00, 0x00, 0x00, 0x00, 0x00, 0x00,
    0x00, 0x00, 0x00, 0x00, 0x00, 0x00, 0x00, 0x00, 0x00, 0x00, 0x00, 0x00, 0x00, 0x00, 0x00, 0x00,
    0x00, 0x00, 0x00, 0x00, 0x00, 0x00, 0x00, 0x00, 0x00, 0x00, 0x00, 0x00, 0x00, 0x00, 0x00, 0x00,
    0x00, 0x00, 0x00, 0x00, 0x00, 0x00, 0x00, 0x00, 0x00, 0x00, 0x00, 0x00, 0x00, 0x00, 0x00, 0x00,
    0x00, 0x00, 0x00, 0x00, 0x00, 0x00, 0x00, 0x00, 0x00, 0x00, 0x00, 0x00, 0x00, 0x00, 0x00, 0x00,
    0x00, 0x00, 0x00, 0x00, 0x00, 0x00, 0x00, 0x00, 0x00, 0x00, 0x00, 0x00, 0x00, 0x00, 0x00, 0x00,
    0x00, 0x00, 0x00, 0x00, 0x00, 0x00, 0x00, 0x00, 0x00, 0x00, 0x00, 0x00, 0x00, 0x00, 0x00, 0x00,
    0x00, 0x00, 0x00, 0x00, 0x00, 0x00, 0x00, 0x00, 0x00, 0x00, 0x00, 0x00, 0x00, 0x00, 0x00, 0x00,
    0x00, 0x00, 0x00, 0x00, 0x00, 0x00, 0x00, 0x00, 0x00, 0x00, 0x00, 0x00, 0x00, 0x00, 0x00, 0x00,
    0x00, 0x00, 0x00, 0x00, 0x00, 0x00, 0x00, 0x00, 0x00, 0x00, 0x00, 0x00, 0x00, 0x00, 0x00, 0x00,
    0x00, 0x00, 0x00, 0x00, 0x00, 0x00, 0x00, 0x00, 0x00, 0x00, 0x00, 0x00, 0x00, 0x00, 0x00, 0x00,
    0x00, 0x00, 0x00, 0x00, 0x00, 0x00, 0x00, 0x00, 0x00, 0x00, 0x00, 0x00, 0x00, 0x00, 0x00, 0x00,
    0x00, 0x00, 0x00, 0x00, 0x00, 0x00, 0x00, 0x00, 0x00, 0x00, 0x00, 0x00, 0x00, 0x00, 0x00, 0x00,
    0x00, 0x00, 0x00, 0x00, 0x00, 0x00, 0x00, 0x00, 0x00, 0x00, 0x00, 0x00, 0x00, 0x00, 0x00, 0x00,
    0x00, 0x00, 0x00, 0x00, 0x00, 0x00, 0x00, 0x00, 0x00, 0x00, 0x00, 0x00, 0x00, 0x00, 0x00, 0x00,
    0x00, 0x00, 0x00, 0x00, 0x00, 0x00, 0x00, 0x00, 0x00, 0x00, 0x00, 0x00, 0x00, 0x00, 0x00, 0x00,
    0x00, 0x00, 0x00, 0x00, 0x00, 0x00, 0x00, 0x00, 0x00, 0x00, 0x00, 0x00, 0x00, 0x00, 0x00, 0x00,
    0x00, 0x00, 0x00, 0x00, 0x00, 0x00, 0x00, 0x00, 0x00, 0x00, 0x00, 0x00, 0x00, 0x00, 0x08, 0xff,
    0x00, 0x01, 0x08, 0x1c, 0x48, 0xb0, 0xa0, 0xc1, 0x83, 0x08, 0x13, 0x2a, 0x5c, 0xc8, 0xb0, 0xa1,
    0xc3, 0x87, 0x10, 0x23, 0x3a, 0x0c, 0x70, 0xe0, 0x80, 0x00, 0x89, 0x18, 0x33, 0x6a, 0xdc, 0x28,
    0x90, 0xa2, 0x45, 0x8e, 0x0e, 0x0d, 0x38, 0x78, 0x40, 0x12, 0x01, 0xc8, 0x93, 0x28, 0x4f, 0x8a,
    0x24, 0xf9, 0xc0, 0x64, 0xca, 0x83, 0x06, 0x58, 0xb2, 0x4c, 0xf0, 0xb2, 0xa6, 0xcd, 0x85, 0x31,
    0x65, 0x3e, 0xa0, 0x79, 0x13, 0xc0, 0x01, 0x9d, 0x2c, 0x15, 0x04, 0xe8, 0x49, 0xd4, 0xe6, 0x4f,
    0xa0, 0x0f, 0x84, 0xda, 0x4c, 0x80, 0x94, 0x25, 0x83, 0xa1, 0x45, 0xa3, 0x72, 0x64, 0xda, 0xf4,
    0xc1, 0xd3, 0x97, 0x54, 0xab, 0x5a, 0x85, 0x2a, 0xb5, 0x2b, 0xc4, 0xac, 0x55, 0xaf, 0x9e, 0x04,
    0xab, 0x55, 0xac, 0xd7, 0xb3, 0x0a, 0xc9, 0x86, 0xe5, 0x9a, 0x31, 0x80, 0x82, 0xa6, 0x23, 0x81,
    0x32, 0x18, 0x80, 0xb6, 0x6e, 0x41, 0xb7, 0x70, 0x91, 0xce, 0xd5, 0x18, 0x80, 0x41, 0xd3, 0x02,
    0x03, 0xe2, 0xea, 0x74, 0x40, 0xd7, 0x6e, 0xdd, 0xbe, 0x7f, 0x03, 0x23, 0x25, 0x8c, 0x11, 0x31,
    0x52, 0x03, 0x02, 0x15, 0x03, 0x65, 0x6c, 0xd8, 0xab, 0x63, 0xa0, 0x90, 0x01, 0x48, 0x1e, 0x5c,
    0xf8, 0xe1, 0x65, 0x9d, 0x99, 0x23, 0x0b, 0x96, 0x49, 0xb9, 0x72, 0xd1, 0xcf, 0x32, 0x43, 0x6b,
    0x1e, 0xcd, 0xb2, 0x34, 0xc3, 0x01, 0x7e, 0x27, 0xab, 0x8e, 0xdc, 0x60, 0x71, 0x01, 0xd3, 0x44,
    0x61, 0x2f, 0x9e, 0xad, 0xb9, 0xf6, 0xe4, 0xdb, 0xaf, 0x59, 0x93, 0x74, 0x4d, 0x10, 0x35, 0x4b,
    0xde, 0xb8, 0x41, 0x6e, 0x26, 0xdd, 0xf9, 0x6e, 0x6c, 0xcc, 0x0b, 0x97, 0xb7, 0x6e, 0x6e, 0xd0,
    0x38, 0x49, 0xe4, 0xc9, 0x33, 0x4a, 0x1f, 0x4e, 0xdd, 0x79, 0x53, 0xec, 0xab, 0x17, 0x77, 0xff,
    0xaf, 0xfe, 0x1c, 0x74, 0x76, 0xe5, 0xc2, 0x1f, 0x10, 0x3f, 0x68, 0xfd, 0x01, 0xf2, 0x02, 0xe9,
    0x1b, 0x8c, 0x67, 0xbf, 0xa0, 0xa9, 0xcb, 0xf3, 0x18, 0xe1, 0x23, 0x95, 0x3f, 0xb1, 0x3e, 0xd2,
    0xfb, 0x02, 0xe5, 0x24, 0x17, 0x5b, 0x0d, 0xa9, 0x45, 0x12, 0x4f, 0xf8, 0x41, 0x24, 0xa0, 0x4e,
    0x66, 0x39, 0x64, 0xe0, 0x4e, 0x03, 0x2d, 0x28, 0x53, 0x83, 0x0f, 0x3d, 0x88, 0x60, 0x82, 0x0c,
    0x49, 0xe8, 0x14, 0x81, 0x0e, 0x36, 0x45, 0x93, 0x00, 0x4d, 0x51, 0xf8, 0xd5, 0x5f, 0x18, 0x32,
    0x04, 0xa2, 0x5e, 0x1c, 0x56, 0xf8, 0x17, 0x01, 0x48, 0x2d, 0x90, 0x22, 0x44, 0x08, 0xfc, 0x57,
    0xe2, 0x42, 0x2c, 0x02, 0xe5, 0x22, 0x47, 0x31, 0x02, 0x85, 0xc0, 0x89, 0x32, 0x5d, 0xb8, 0x91,
    0x86, 0xe0, 0xcd, 0x08, 0x00, 0x8f, 0x33, 0xa1, 0x04, 0x24, 0x00, 0x60, 0x89, 0xa8, 0x51, 0x92,
    0x2f, 0x0a, 0x29, 0x10, 0x93, 0x29, 0x41, 0x09, 0x00, 0x02, 0x0d, 0x38, 0xa0, 0xd4, 0x4b, 0x54,
    0x5a, 0xd9, 0xa4, 0x93, 0x02, 0x65, 0x79, 0x65, 0x4a, 0x5e, 0xb2, 0x15, 0xc0, 0x96, 0x1b, 0x8d,
    0xc9, 0x65, 0x43, 0x66, 0xde, 0x94, 0xe6, 0x99, 0x6c, 0xb6, 0xe9, 0xe6, 0x9b, 0x70, 0xc6, 0x29,
    0xe7, 0x9c, 0x74, 0xd6, 0x69, 0xe7, 0x9d, 0x74, 0x06, 0x30, 0x00, 0x01, 0x04, 0x14, 0xe0, 0x67,
    0x01, 0x7c, 0x0e, 0x70, 0x11, 0x51, 0x6b, 0xd6, 0x54, 0xa8, 0x4d, 0x7a, 0xf2, 0xf9, 0x27, 0xa0,
    0x04, 0x08, 0x2a, 0xd1, 0x00, 0x7e, 0x1a, 0x20, 0xe9, 0xa2, 0x05, 0x48, 0x6a, 0x00, 0x60, 0x64,
    0x62, 0x64, 0x40, 0x95, 0x00, 0x1a, 0xc9, 0xe9, 0x4d, 0x90, 0x56, 0x3a, 0xe9, 0xa2, 0x96, 0x62,
    0x8a, 0x66, 0xa5, 0x94, 0xa6, 0xfa, 0xe7, 0xa5, 0x83, 0xa2, 0x54, 0xe3, 0x81, 0x2f, 0x2d, 0xff,
    0x78, 0xc0, 0x4b, 0x01, 0xa0, 0xaa, 0x6a, 0xaa, 0xac, 0x2e, 0x54, 0xeb, 0xa5, 0xb7, 0xde, 0x6a,
    0x40, 0xab, 0x20, 0xe5, 0x78, 0x5c, 0x74, 0x09, 0x28, 0x00, 0x5c, 0x42, 0xcb, 0x31, 0x90, 0xd2,
    0xae, 0xbd, 0xfa, 0x0a, 0xac, 0x41, 0x04, 0xf0, 0xda, 0xec, 0xad, 0x29, 0x15, 0x00, 0x14, 0x01,
    0x09, 0x2d, 0xe8, 0x63, 0x71, 0xac, 0x6d, 0xab, 0x51, 0xb4, 0xd3, 0xf6, 0xaa, 0x50, 0xb8, 0xbd,
    0x1a, 0x90, 0xa9, 0x8a, 0xcc, 0xc1, 0x04, 0x94, 0xb7, 0xa8, 0x29, 0x99, 0x11, 0xb9, 0xbe, 0x36,
    0x09, 0x2e, 0xbc, 0x94, 0x9e, 0x8b, 0x2e, 0x4b, 0x0d, 0x10, 0xf8, 0x20, 0x85, 0x6f, 0x4d, 0x68,
    0xaf, 0x43, 0xf3, 0xd2, 0xfb, 0x67, 0x93, 0x02, 0x48, 0x4b, 0xaf, 0x01, 0xf3, 0x6d, 0xd4, 0xef,
    0x86, 0x03, 0x3d, 0x48, 0x92, 0x59, 0x64, 0xe5, 0x5b, 0x53, 0xc1, 0x02, 0x47, 0x9a, 0xb0, 0x40,
    0x02, 0xd8, 0x4a, 0x2e, 0xc2, 0x6a, 0x96, 0x07, 0x21, 0x92, 0x5a, 0x3d, 0x3c, 0x94, 0x84, 0xeb,
    0x9d, 0x94, 0xb1, 0xc1, 0xd3, 0x72, 0xcc, 0x50, 0x00, 0x7d, 0x8e, 0x8a, 0x2b, 0xaf, 0xcf, 0xbe,
    0x24, 0x00, 0x6b, 0x07, 0x08, 0x7b, 0x1c, 0x01, 0xac, 0x2d, 0x60, 0xad, 0x4e, 0xc7, 0x22, 0xda,
    0x32, 0xca, 0xab, 0xc2, 0x0c, 0x51, 0x00, 0x02, 0xf4, 0x29, 0xea, 0xa8, 0x8d, 0xfe, 0xab, 0xd1,
    0x76, 0xe6, 0x85, 0xa7, 0x55, 0x90, 0x28, 0x11, 0x6d, 0xb4, 0xa5, 0xbc, 0x26, 0x5d, 0xe6, 0x98,
    0x58, 0xd7, 0xa5, 0x61, 0x6a, 0x04, 0x31, 0x0d, 0x2b, 0x5a, 0x58, 0x67, 0x8d, 0xa7, 0x40, 0x47,
    0x41, 0x57, 0x10, 0xd3, 0x0a, 0x8c, 0x9d, 0x20, 0x59, 0x0e, 0x60, 0x7b, 0x90, 0x00, 0x1e, 0xbb,
    0xab, 0xb6, 0x61, 0xcf, 0x95, 0x3c, 0xd0, 0x65, 0x0e, 0xc4, 0x3c, 0xb7, 0x69, 0x01, 0x24, 0x10,
    0xe0, 0xc0, 0x02, 0x17, 0x77, 0xe4, 0x37, 0xe0, 0x7b, 0x97, 0xa8, 0xb4, 0xd2, 0xe7, 0x05, 0x04,
    0x00, 0x21, 0xf9, 0x04, 0x04, 0x04, 0x00, 0x00, 0x00, 0x2c, 0x15, 0x00, 0x1e, 0x00, 0x94, 0x00,
    0x2f, 0x00, 0x87, 0x00, 0x00, 0x00, 0x0d, 0x03, 0x03, 0x1a, 0x06, 0x06, 0x26, 0x09, 0x0a, 0x33,
    0x0d, 0x0d, 0x40, 0x10, 0x10, 0x4d, 0x13, 0x13, 0x5a, 0x16, 0x16, 0x66, 0x19, 0x1a, 0x73, 0x1c,
    0x1d, 0x80, 0x1f, 0x20, 0x8d, 0x22, 0x23, 0x9a, 0x26, 0x26, 0xa6, 0x29, 0x2a, 0xb3, 0x2c, 0x2d,
    0xc0, 0x2f, 0x30, 0x00, 0x00, 0x00, 0x00, 0x00, 0x00, 0x00, 0x00, 0x00, 0x00, 0x00, 0x00, 0x00,
    0x00, 0x00, 0x00, 0x00, 0x00, 0x00, 0x00, 0x00, 0x00, 0x00, 0x00, 0x00, 0x00, 0x00, 0x00, 0x00,
    0x00, 0x00, 0x00, 0x00, 0x00, 0x00, 0x00, 0x00, 0x00, 0x00, 0x00, 0x00, 0x00, 0x00, 0x00, 0x00,
    0x00, 0x00, 0x00, 0x00, 0x00, 0x00, 0x00, 0x00, 0x00, 0x00, 0x00, 0x00, 0x00, 0x00, 0x00, 0x00,
    0x00, 0x00, 0x00, 0x00, 0x00, 0x00, 0x00, 0x00, 0x00, 0x00, 0x00, 0x00, 0x00, 0x00, 0x00, 0x00,
    0x00, 0x00, 0x00, 0x00, 0x00, 0x00, 0x00, 0x00, 0x00, 0x00, 0x00, 0x00, 0x00, 0x00, 0x00, 0x00,
    0x00, 0x00, 0x00, 0x00, 0x00, 0x00, 0x00, 0x00, 0x00, 0x00, 0x00, 0x00, 0x00, 0x00, 0x00, 0x00,
    0x00, 0x00, 0x00, 0x00, 0x00, 0x00, 0x00, 0x00, 0x00, 0x00, 0x00, 0x00, 0x00, 0x00, 0x00, 0x00,
    0x00, 0x00, 0x00, 0x00, 0x00, 0x00, 0x00, 0x00, 0x00, 0x00, 0x00, 0x00, 0x00, 0x00, 0x00, 0x00,
    0x00, 0x00, 0x00, 0x00, 0x00, 0x00, 0x00, 0x00, 0x00, 0x00, 0x00, 0x00, 0x00, 0x00, 0x00, 0x00,
    0x00, 0x00, 0x00, 0x00, 0x00, 0x00, 0x00, 0x00, 0x00, 0x00, 0x00, 0x00, 0x00, 0x00, 0x00, 0x00,
    0x00, 0x00, 0x00, 0x00, 0x00, 0x00, 0x00, 0x00, 0x00, 0x00, 0x00, 0x00, 0x00, 0x00, 0x00, 0x00,
    0x00, 0x00, 0x00, 0x00, 0x00, 0x00, 0x00, 0x00, 0x00, 0x00, 0x00, 0x00, 0x00, 0x00, 0x00, 0x00,
    0x00, 0x00, 0x00, 0x00, 0x00, 0x00, 0x00, 0x00, 0x00, 0x00, 0x00, 0x00, 0x00, 0x00, 0x00, 0x00,
    0x00, 0x00, 0x00, 0x00, 0x00, 0x00, 0x00, 0x00, 0x00, 0x00, 0x00, 0x00, 0x00, 0x00, 0x00, 0x00,
    0x00, 0x00, 0x00, 0x00, 0x00, 0x00, 0x00, 0x00, 0x00, 0x00, 0x00, 0x00, 0x00, 0x00, 0x00, 0x00,
    0x00, 0x00, 0x00, 0x00, 0x00, 0x00, 0x00, 0x00, 0x00, 0x00, 0x00, 0x00, 0x00, 0x00, 0x00, 0x00,
    0x00, 0x00, 0x00, 0x00, 0x00, 0x00, 0x00, 0x00, 0x00, 0x00, 0x00, 0x00, 0x00, 0x00, 0x00, 0x00,
    0x00, 0x00, 0x00, 0x00, 0x00, 0x00, 0x00, 0x00, 0x00, 0x00, 0x00, 0x00, 0x00, 0x00, 0x00, 0x00,
    0x00, 0x00, 0x00, 0x00, 0x00, 0x00, 0x00, 0x00, 0x00, 0x00, 0x00, 0x00, 0x00, 0x00, 0x00, 0x00,
    0x00, 0x00, 0x00, 0x00, 0x00, 0x00, 0x00, 0x00, 0x00, 0x00, 0x00, 0x00, 0x00, 0x00, 0x00, 0x00,
    0x00, 0x00, 0x00, 0x00, 0x00, 0x00, 0x00, 0x00, 0x00, 0x00, 0x00, 0x00, 0x00, 0x00, 0x00, 0x00,
    0x00, 0x00, 0x00, 0x00, 0x00, 0x00, 0x00, 0x00, 0x00, 0x00, 0x00, 0x00, 0x00, 0x00, 0x00, 0x00,
    0x00, 0x00, 0x00, 0x00, 0x00, 0x00, 0x00, 0x00, 0x00, 0x00, 0x00, 0x00, 0x00, 0x00, 0x00, 0x00,
    0x00, 0x00, 0x00, 0x00, 0x00, 0x00, 0x00, 0x00, 0x00, 0x00, 0x00, 0x00, 0x00, 0x00, 0x00, 0x00,
    0x00, 0x00, 0x00, 0x00, 0x00, 0x00, 0x00, 0x00, 0x00, 0x00, 0x00, 0x00, 0x00, 0x00, 0x00, 0x00,
    0x00, 0x00, 0x00, 0x00, 0x00, 0x00, 0x00, 0x00, 0x00, 0x00, 0x00, 0x00, 0x00, 0x00, 0x00, 0x00,
    0x00, 0x00, 0x00, 0x00, 0x00, 0x00, 0x00, 0x00, 0x00, 0x00, 0x00, 0x00, 0x00, 0x00, 0x00, 0x00,
    0x00, 0x00, 0x00, 0x00, 0x00, 0x00, 0x00, 0x00, 0x00, 0x00, 0x00, 0x00, 0x00, 0x00, 0x00, 0x00,
    0x00, 0x00, 0x00, 0x00, 0x00, 0x00, 0x00, 0x00, 0x00, 0x00, 0x00, 0x00, 0x00, 0x00, 0x00, 0x00,
    0x00, 0x00, 0x00, 0x00, 0x00, 0x00, 0x00, 0x00, 0x00, 0x00, 0x00, 0x00, 0x00, 0x00, 0x00, 0x00,
    0x00, 0x00, 0x00, 0x00, 0x00, 0x00, 0x00, 0x00, 0x00, 0x00, 0x00, 0x00, 0x00, 0x00, 0x00, 0x00,
    0x00, 0x00, 0x00, 0x00, 0x00, 0x00, 0x00, 0x00, 0x00, 0x00, 0x00, 0x00, 0x00, 0x00, 0x00, 0x00,
    0x00, 0x00, 0x00, 0x00, 0x00, 0x00, 0x00, 0x00, 0x00, 0x00, 0x00, 0x00, 0x00, 0x00, 0x00, 0x00,
    0x00, 0x00, 0x00, 0x00, 0x00, 0x00, 0x00, 0x00, 0x00, 0x00, 0x00, 0x00, 0x00, 0x00, 0x00, 0x00,
    0x00, 0x00, 0x00, 0x00, 0x00, 0x00, 0x00, 0x00, 0x00, 0x00, 0x00, 0x00, 0x00, 0x00, 0x00, 0x00,
    0x00, 0x00, 0x00, 0x00, 0x00, 0x00, 0x00, 0x00, 0x00, 0x00, 0x00, 0x00, 0x00, 0x00, 0x00, 0x00,
    0x00, 0x00, 0x00, 0x00, 0x00, 0x00, 0x00, 0x00, 0x00, 0x00, 0x00, 0x00, 0x00, 0x00, 0x00, 0x00,
    0x00, 0x00, 0x00, 0x00, 0x00, 0x00, 0x00, 0x00, 0x00, 0x00, 0x00, 0x00, 0x00, 0x00, 0x00, 0x00,
    0x00, 0x00, 0x00, 0x00, 0x00, 0x00, 0x00, 0x00, 0x00, 0x00, 0x00, 0x00, 0x00, 0x00, 0x00, 0x00,
    0x00, 0x00, 0x00, 0x00, 0x00, 0x00, 0x00, 0x00, 0x00, 0x00, 0x00, 0x00, 0x00, 0x00, 0x00, 0x00,
    0x00, 0x00, 0x00, 0x00, 0x00, 0x00, 0x00, 0x00, 0x00, 0x00, 0x00, 0x00, 0x00, 0x00, 0x00, 0x00,
    0x00, 0x00, 0x00, 0x00, 0x00, 0x00, 0x00, 0x00, 0x00, 0x00, 0x00, 0x00, 0x00, 0x00, 0x00, 0x00,
    0x00, 0x00, 0x00, 0x00, 0x00, 0x00, 0x00, 0x00, 0x00, 0x00, 0x00, 0x00, 0x00, 0x00, 0x00, 0x00,
    0x00, 0x00, 0x00, 0x00, 0x00, 0x00, 0x00, 0x00, 0x00, 0x00, 0x00, 0x00, 0x00, 0x00, 0x00, 0x00,
    0x00, 0x00, 0x00, 0x08, 0xff, 0x00, 0x01, 0x08, 0x1c, 0x48, 0xb0, 0x60, 0xc1, 0x01, 0x04, 0x0c,
    0x2a, 0x5c, 0xc8, 0xb0, 0xa1, 0xc3, 0x87, 0x10, 0x23, 0x46, 0x44, 0x28, 0xb1, 0xa2, 0xc2, 0x01,
    0x0b, 0x1e, 0x3c, 0x60, 0x50, 0xc0, 0xa2, 0xc7, 0x8f, 0x20, 0x43, 0x1e, 0xcc, 0xb8, 0xb1, 0xa3,
    0xc8, 0x87, 0x03, 0x1c, 0x68, 0x5c, 0x69, 0xe0, 0xa4, 0xcb, 0x97, 0x30, 0x53, 0xae, 0xd4, 0xd8,
    0x12, 0xa6, 0x41, 0x02, 0x2a, 0x67, 0x6a, 0x3c, 0x60, 0xb3, 0xa7, 0xcf, 0x87, 0x38, 0x75, 0xee,
    0xfc, 0x09, 0xc0, 0x80, 0xd0, 0x99, 0x09, 0x88, 0x2a, 0x25, 0x6a, 0xf4, 0xa8, 0xc6, 0xa4, 0x3d,
    0x9b, 0x3a, 0x7d, 0xba, 0xb4, 0xea, 0x4b, 0xa9, 0x53, 0xa1, 0x5e, 0x9d, 0xaa, 0x53, 0xab, 0xd5,
    0xaf, 0x15, 0xb1, 0x72, 0xf5, 0x1a, 0xf2, 0x00, 0x57, 0xa1, 0x09, 0x02, 0x80, 0x5d, 0xfb, 0xd0,
    0xec, 0x59, 0xa4, 0x6a, 0x43, 0x26, 0x70, 0x8a, 0x40, 0xec, 0x4a, 0x06, 0x71, 0xd9, 0xea, 0x25,
    0x38, 0xf7, 0x68, 0x5d, 0xa7, 0x78, 0x41, 0xf6, 0x45, 0x2b, 0xd0, 0xae, 0xc6, 0xc0, 0x7b, 0xf7,
    0x0e, 0xee, 0x5a, 0x18, 0x70, 0x5e, 0x89, 0x8b, 0x91, 0x12, 0x34, 0xbc, 0xf1, 0x71, 0x62, 0xab,
    0x91, 0x57, 0x7a, 0xa5, 0x8c, 0x18, 0x62, 0x80, 0xcc, 0x54, 0x0b, 0x72, 0x16, 0x70, 0xd9, 0xea,
    0x67, 0xa7, 0x64, 0x8b, 0x02, 0x26, 0xfd, 0x30, 0x00, 0x03, 0xa7, 0x35, 0x0d, 0xca, 0x14, 0xea,
    0x60, 0x40, 0x69, 0xa5, 0xae, 0x61, 0x2f, 0x9c, 0xad, 0xb3, 0xb6, 0xc3, 0xdc, 0x47, 0x63, 0x5f,
    0xcc, 0xd9, 0xdb, 0xf6, 0xed, 0x9e, 0xc0, 0x85, 0x0a, 0x97, 0x4d, 0x7c, 0xa6, 0xef, 0x85, 0xc9,
    0x75, 0x2e, 0x1f, 0x7e, 0xf4, 0xf9, 0x71, 0x97, 0xd1, 0x67, 0x4e, 0x67, 0x5e, 0xdd, 0x78, 0x41,
    0x01, 0xaf, 0x83, 0x4f, 0xff, 0x6c, 0xbe, 0xd2, 0x41, 0xc2, 0xeb, 0x22, 0xc1, 0xeb, 0x86, 0xc8,
    0xdb, 0xf9, 0xf9, 0x81, 0xed, 0xcb, 0x7b, 0xf7, 0x1c, 0x5e, 0x39, 0x7a, 0x90, 0xf1, 0x35, 0x5a,
    0xa7, 0xbf, 0x1e, 0x40, 0xfe, 0x07, 0xfb, 0x45, 0x94, 0x1d, 0x4b, 0xf7, 0x59, 0xf4, 0x5f, 0x80,
    0xfc, 0x89, 0x17, 0x00, 0x79, 0xfa, 0xcd, 0x57, 0xd1, 0x80, 0x1a, 0x39, 0x58, 0x20, 0x43, 0x0b,
    0x76, 0x07, 0x12, 0x84, 0x0f, 0x20, 0x64, 0x61, 0x48, 0x10, 0x22, 0x30, 0x21, 0x44, 0x04, 0x6c,
    0x78, 0x61, 0x7d, 0x33, 0x21, 0x30, 0x80, 0x50, 0x9d, 0x89, 0x94, 0x19, 0x4f, 0x1f, 0x3a, 0x74,
    0xa2, 0x4e, 0x29, 0xca, 0x25, 0x14, 0x4f, 0x24, 0x3a, 0xc0, 0xda, 0x4b, 0x35, 0xde, 0xd8, 0x22,
    0x43, 0x39, 0xda, 0xd4, 0x63, 0x00, 0x24, 0x35, 0x20, 0xa1, 0x48, 0x40, 0x6a, 0x24, 0xe4, 0x8e,
    0xad, 0x05, 0x39, 0x24, 0x87, 0x4a, 0x12, 0x84, 0x90, 0x65, 0x31, 0x11, 0x00, 0x25, 0x92, 0xbb,
    0x49, 0x49, 0xd4, 0x93, 0x54, 0x66, 0xa9, 0xe5, 0x96, 0x5c, 0x76, 0xe9, 0xe5, 0x97, 0x60, 0x86,
    0x29, 0xe6, 0x98, 0x64, 0x96, 0x09, 0x53, 0x00, 0x02, 0x20, 0x44, 0xc0, 0x9a, 0x03, 0x0c, 0x20,
    0xc0, 0x94, 0x66, 0x22, 0x97, 0xe6, 0x9a, 0x6c, 0xba, 0x09, 0x67, 0x43, 0x01, 0x0c, 0x50, 0x80,
    0x01, 0x7c, 0xf6, 0xe9, 0x67, 0x01, 0x04, 0xe8, 0x68, 0xd3, 0x00, 0x0a, 0x2c, 0x60, 0x52, 0x4f,
    0x84, 0x1a, 0x4a, 0x54, 0x9e, 0x7b, 0xfa, 0xe9, 0x28, 0xa0, 0x82, 0x36, 0x44, 0x00, 0x9f, 0x05,
    0x54, 0x6a, 0xe9, 0xa5, 0x95, 0xf2, 0x69, 0xa5, 0x4d, 0x02, 0x10, 0xb7, 0x5d, 0x48, 0xbc, 0x1d,
    0x0a, 0xd3, 0xa4, 0x06, 0x60, 0x6a, 0x6a, 0xa3, 0x9b, 0x4a, 0x5a, 0xea, 0xa9, 0xac, 0x96, 0x7a,
    0xa7, 0x47, 0x08, 0xe8, 0xfc, 0xb4, 0xe4, 0x40, 0x01, 0x18, 0x70, 0x40, 0xa4, 0x05, 0x05, 0xd0,
    0xc0, 0x4c, 0x0b, 0xf4, 0x34, 0x29, 0xab, 0xad, 0x16, 0xf0, 0xea, 0x00, 0xab, 0x02, 0x7b, 0x6a,
    0xa9, 0x36, 0xb9, 0x55, 0x1e, 0xae, 0x02, 0x0d, 0xb0, 0x2b, 0x80, 0x9f, 0x0a, 0x44, 0xe2, 0x03,
    0xbd, 0xc6, 0x54, 0xac, 0xb1, 0x98, 0x22, 0xcb, 0x10, 0xb6, 0xc6, 0x1a, 0xf0, 0xea, 0x83, 0xd3,
    0xc6, 0xd8, 0x2c, 0x79, 0x9f, 0x46, 0x86, 0x60, 0x48, 0xdc, 0x02, 0xeb, 0xed, 0xb6, 0xe9, 0xb2,
    0xfa, 0x2d, 0xb8, 0x3a, 0x55, 0x3b, 0x19, 0x83, 0x0f, 0x78, 0x58, 0x50, 0xac, 0xce, 0xcd, 0xfa,
    0x51, 0xbb, 0xee, 0x32, 0x44, 0x2c, 0xbf, 0x96, 0x1a, 0xf0, 0xde, 0x99, 0xd3, 0x6e, 0x36, 0xd6,
    0x64, 0xc5, 0xf9, 0xf4, 0x2f, 0xc0, 0x7b, 0x0e, 0x7c, 0xd1, 0xb5, 0xdc, 0x0a, 0x7c, 0x25, 0x79,
    0x2c, 0x52, 0x26, 0x99, 0x7f, 0xf6, 0xfd, 0xb4, 0x70, 0xbb, 0x12, 0x3f, 0x24, 0x40, 0xa3, 0xdd,
    0x96, 0xaa, 0xef, 0x49, 0x21, 0xea, 0x44, 0x40, 0x01, 0x42, 0x29, 0xa0, 0xac, 0x66, 0x9d, 0xea,
    0x64, 0x2f, 0x51, 0x1f, 0x53, 0xaa, 0xae, 0xc8, 0x15, 0x09, 0x70, 0x72, 0xa3, 0x7f, 0x42, 0xfa,
    0xee, 0x49, 0x62, 0x31, 0x08, 0x95, 0x5d, 0xe4, 0xa5, 0xf6, 0x93, 0xcd, 0x99, 0x3e, 0xaa, 0xf3,
    0x85, 0x69, 0xb6, 0x69, 0xa7, 0x5e, 0xf8, 0xa2, 0x86, 0xf0, 0x54, 0x0c, 0xe8, 0x85, 0xa6, 0xd2,
    0x4b, 0xc7, 0x09, 0x00, 0x68, 0x0f, 0xa4, 0xc6, 0xd9, 0xce, 0x56, 0x7f, 0x35, 0x20, 0x8b, 0x06,
    0x15, 0x40, 0xde, 0xb9, 0x5d, 0x5f, 0x56, 0x21, 0x81, 0xfe, 0x36, 0xe7, 0x70, 0xd9, 0xc7, 0x0d,
    0xf0, 0x9a, 0x03, 0xd1, 0xc2, 0xf7, 0x76, 0xdc, 0x6c, 0x5f, 0x96, 0x2a, 0x50, 0x5c, 0x17, 0x18,
    0x10, 0x00, 0x21, 0xf9, 0x04, 0x04, 0x08, 0x00, 0x00, 0x00, 0x2c, 0x15, 0x00, 0x1e, 0x00, 0x94,
    0x00, 0x2f, 0x00, 0x87, 0x00, 0x00, 0x00, 0x0d, 0x03, 0x03, 0x1a, 0x06, 0x06, 0x26, 0x09, 0x0a,
    0x33, 0x0d, 0x0d, 0x40, 0x10, 0x10, 0x4d, 0x13, 0x13, 0x5a, 0x16, 0x16, 0x66, 0x19, 0x1a, 0x73,
    0x1c, 0x1d, 0x80, 0x1f, 0x20, 0x8d, 0x22, 0x23, 0x9a, 0x26, 0x26, 0xa6, 0x29, 0x2a, 0xb3, 0x2c,
    0x2d, 0xc0, 0x2f, 0x30, 0x00, 0x00, 0x00, 0x00, 0x00, 0x00, 0x00, 0x00, 0x00, 0x00, 0x00, 0x00,
    0x00, 0x00, 0x00, 0x00, 0x00, 0x00, 0x00, 0x00, 0x00, 0x00, 0x00, 0x00, 0x00, 0x00, 0x00, 0x00,
    0x00, 0x00, 0x00, 0x00, 0x00, 0x00, 0x00, 0x00, 0x00, 0x00, 0x00, 0x00, 0x00, 0x00, 0x00, 0x00,
    0x00, 0x00, 0x00, 0x00, 0x00, 0x00, 0x00, 0x00, 0x00, 0x00, 0x00, 0x00, 0x00, 0x00, 0x00, 0x00,
    0x00, 0x00, 0x00, 0x00, 0x00, 0x00, 0x00, 0x00, 0x00, 0x00, 0x00, 0x00, 0x00, 0x00, 0x00, 0x00,
    0x00, 0x00, 0x00, 0x00, 0x00, 0x00, 0x00, 0x00, 0x00, 0x00, 0x00, 0x00, 0x00, 0x00, 0x00, 0x00,
    0x00, 0x00, 0x00, 0x00, 0x00, 0x00, 0x00, 0x00, 0x00, 0x00, 0x00, 0x00, 0x00, 0x00, 0x00, 0x00,
    0x00, 0x00, 0x00, 0x00, 0x00, 0x00, 0x00, 0x00, 0x00, 0x00, 0x00, 0x00, 0x00, 0x00, 0x00, 0x00,
    0x00, 0x00, 0x00, 0x00, 0x00, 0x00, 0x00, 0x00, 0x00, 0x00, 0x00, 0x00, 0x00, 0x00, 0x00, 0x00,
    0x00, 0x00, 0x00, 0x00, 0x00, 0x00, 0x00, 0x00, 0x00, 0x00, 0x00, 0x00, 0x00, 0x00, 0x00, 0x00,
    0x00, 0x00, 0x00, 0x00, 0x00, 0x00, 0x00, 0x00, 0x00, 0x00, 0x00, 0x00, 0x00, 0x00, 0x00, 0x00,
    0x00, 0x00, 0x00, 0x00, 0x00, 0x00, 0x00, 0x00, 0x00, 0x00, 0x00, 0x00, 0x00, 0x00, 0x00, 0x00,
    0x00, 0x00, 0x00, 0x00, 0x00, 0x00, 0x00, 0x00, 0x00, 0x00, 0x00, 0x00, 0x00, 0x00, 0x00, 0x00,
    0x00, 0x00, 0x00, 0x00, 0x00, 0x00, 0x00, 0x00, 0x00, 0x00, 0x00, 0x00, 0x00, 0x00, 0x00, 0x00,
    0x00, 0x00, 0x00, 0x00, 0x00, 0x00, 0x00, 0x00, 0x00, 0x00, 0x00, 0x00, 0x00, 0x00, 0x00, 0x00,
    0x00, 0x00, 0x00, 0x00, 0x00, 0x00, 0x00, 0x00, 0x00, 0x00, 0x00, 0x00, 0x00, 0x00, 0x00, 0x00,
    0x00, 0x00, 0x00, 0x00, 0x00, 0x00, 0x00, 0x00, 0x00, 0x00, 0x00, 0x00, 0x00, 0x00, 0x00, 0x00,
    0x00, 0x00, 0x00, 0x00, 0x00, 0x00, 0x00, 0x00, 0x00, 0x00, 0x00, 0x00, 0x00, 0x00, 0x00, 0x00,
    0x00, 0x00, 0x00, 0x00, 0x00, 0x00, 0x00, 0x00, 0x00, 0x00, 0x00, 0x00, 0x00, 0x00, 0x00, 0x00,
    0x00, 0x00, 0x00, 0x00, 0x00, 0x00, 0x00, 0x00, 0x00, 0x00, 0x00, 0x00, 0x00, 0x00, 0x00, 0x00,
    0x00, 0x00, 0x00, 0x00, 0x00, 0x00, 0x00, 0x00, 0x00, 0x00, 0x00, 0x00, 0x00, 0x00, 0x00, 0x00,
    0x00, 0x00, 0x00, 0x00, 0x00, 0x00, 0x00, 0x00, 0x00, 0x00, 0x00, 0x00, 0x00, 0x00, 0x00, 0x00,
    0x00, 0x00, 0x00, 0x00, 0x00, 0x00, 0x00, 0x00, 0x00, 0x00, 0x00, 0x00, 0x00, 0x00, 0x00, 0x00,
    0x00, 0x00, 0x00, 0x00, 0x00, 0x00, 0x00, 0x00, 0x00, 0x00, 0x00, 0x00, 0x00, 0x00, 0x00, 0x00,
    0x00, 0x00, 0x00, 0x00, 0x00, 0x00, 0x00, 0x00, 0x00, 0x00, 0x00, 0x00, 0x00, 0x00, 0x00, 0x00,
    0x00, 0x00, 0x00, 0x00, 0x00, 0x00, 0x00, 0x00, 0x00, 0x00, 0x00, 0x00, 0x00, 0x00, 0x00, 0x00,
    0x00, 0x00, 0x00, 0x00, 0x00, 0x00, 0x00, 0x00, 0x00, 0x00, 0x00, 0x00, 0x00, 0x00, 0x00, 0x00,
    0x00, 0x00, 0x00, 0x00, 0x00, 0x00, 0x00, 0x00, 0x00, 0x00, 0x00, 0x00, 0x00, 0x00, 0x00, 0x00,
    0x00, 0x00, 0x00, 0x00, 0x00, 0x00, 0x00, 0x00, 0x00, 0x00, 0x00, 0x00, 0x00, 0x00, 0x00, 0x00,
    0x00, 0x00, 0x00, 0x00, 0x00, 0x00, 0x00, 0x00, 0x00, 0x00, 0x00, 0x00, 0x00, 0x00, 0x00, 0x00,
    0x00, 0x00, 0x00, 0x00, 0x00, 0x00, 0x00, 0x00, 0x00, 0x00, 0x00, 0x00, 0x00, 0x00, 0x00, 0x00,
    0x00, 0x00, 0x00, 0x00, 0x00, 0x00, 0x00, 0x00, 0x00, 0x00, 0x00, 0x00, 0x00, 0x00, 0x00, 0x00,
    0x00, 0x00, 0x00, 0x00, 0x00, 0x00, 0x00, 0x00, 0x00, 0x00, 0x00, 0x00, 0x00, 0x00, 0x00, 0x00,
    0x00, 0x00, 0x00, 0x00, 0x00, 0x00, 0x00, 0x00, 0x00, 0x00, 0x00, 0x00, 0x00, 0x00, 0x00, 0x00,
    0x00, 0x00, 0x00, 0x00, 0x00, 0x00, 0x00, 0x00, 0x00, 0x00, 0x00, 0x00, 0x00, 0x00, 0x00, 0x00,
    0x00, 0x00, 0x00, 0x00, 0x00, 0x00, 0x00, 0x00, 0x00, 0x00, 0x00, 0x00, 0x00, 0x00, 0x00, 0x00,
    0x00, 0x00, 0x00, 0x00, 0x00, 0x00, 0x00, 0x00, 0x00, 0x00, 0x00, 0x00, 0x00, 0x00, 0x00, 0x00,
    0x00, 0x00, 0x00, 0x00, 0x00, 0x00, 0x00, 0x00, 0x00, 0x00, 0x00, 0x00, 0x00, 0x00, 0x00, 0x00,
    0x00, 0x00, 0x00, 0x00, 0x00, 0x00, 0x00, 0x00, 0x00, 0x00, 0x00, 0x00, 0x00, 0x00, 0x00, 0x00,
    0x00, 0x00, 0x00, 0x00, 0x00, 0x00, 0x00, 0x00, 0x00, 0x00, 0x00, 0x00, 0x00, 0x00, 0x00, 0x00,
    0x00, 0x00, 0x00, 0x00, 0x00, 0x00, 0x00, 0x00, 0x00, 0x00, 0x00, 0x00, 0x00, 0x00, 0x00, 0x00,
    0x00, 0x00, 0x00, 0x00, 0x00, 0x00, 0x00, 0x00, 0x00, 0x00, 0x00, 0x00, 0x00, 0x00, 0x00, 0x00,
    0x00, 0x00, 0x00, 0x00, 0x00, 0x00, 0x00, 0x00, 0x00, 0x00, 0x00, 0x00, 0x00, 0x00, 0x00, 0x00,
    0x00, 0x00, 0x00, 0x00, 0x00, 0x00, 0x00, 0x00, 0x00, 0x00, 0x00, 0x00, 0x00, 0x00, 0x00, 0x00,
    0x00, 0x00, 0x00, 0x00, 0x00, 0x00, 0x00, 0x00, 0x00, 0x00, 0x00, 0x00, 0x00, 0x00, 0x00, 0x00,
    0x00, 0x00, 0x00, 0x00, 0x08, 0xff, 0x00, 0x01, 0x08, 0x1c, 0x48, 0xb0, 0x60, 0xc1, 0x00, 0x01,
    0x0c, 0x2a, 0x5c, 0xc8, 0xb0, 0xa1, 0xc3, 0x87, 0x10, 0x23, 0x46, 0x44, 0x28, 0xb1, 0xa2, 0xc2,
    0x00, 0x08, 0x1a, 0x38, 0x48, 0x20, 0xc0, 0xa2, 0xc7, 0x8f, 0x20, 0x43, 0x1e, 0xcc, 0xb8, 0xb1,
    0xa3, 0xc8, 0x87, 0x01, 0x18, 0x3c, 0x58, 0xf9, 0xc0, 0xc1, 0x80, 0x93, 0x30, 0x63, 0xca, 0x4c,
    0xc9, 0xb2, 0xe5, 0x4b, 0x99, 0x06, 0x69, 0xd6, 0xb4, 0x89, 0xb3, 0xa7, 0x4f, 0x94, 0x2a, 0x77,
    0xba, 0xfc, 0x09, 0x60, 0x80, 0x83, 0x9d, 0x35, 0x0d, 0x10, 0x5d, 0x4a, 0xd4, 0x28, 0x52, 0x96,
    0x4a, 0x7b, 0x3a, 0x7d, 0x0a, 0x95, 0xa9, 0xd5, 0x98, 0x53, 0xa9, 0x3e, 0x88, 0x8a, 0xf5, 0xa8,
    0xd6, 0xaa, 0x57, 0xc3, 0x7a, 0xcc, 0xfa, 0x95, 0xab, 0x48, 0xb2, 0x5f, 0xb7, 0x8a, 0x5d, 0x0b,
    0x11, 0x6d, 0xd9, 0x93, 0x06, 0xa8, 0x2e, 0x48, 0x40, 0x35, 0x01, 0xdb, 0xbb, 0x0a, 0xe3, 0x3e,
    0x9d, 0x5b, 0x37, 0xa4, 0x5e, 0xa4, 0x0c, 0x12, 0xd2, 0x7d, 0x6a, 0x17, 0xaf, 0xe1, 0xbf, 0x3b,
    0x03, 0x03, 0x18, 0x8c, 0xb4, 0xb0, 0x45, 0xc4, 0x35, 0x15, 0x0b, 0x64, 0xbc, 0xd3, 0xb1, 0x61,
    0xb1, 0x90, 0x59, 0x4a, 0x5e, 0xdc, 0xb7, 0x62, 0xe6, 0x95, 0x9b, 0x27, 0x77, 0xbe, 0x7c, 0xf5,
    0xf3, 0x83, 0xd0, 0x9c, 0x09, 0x4b, 0xa4, 0x5c, 0x33, 0x41, 0x42, 0x83, 0x07, 0xa8, 0xa2, 0x26,
    0xdd, 0x93, 0x35, 0x4b, 0xd7, 0x0a, 0x63, 0x3f, 0x9d, 0x6d, 0xd0, 0xf6, 0x4a, 0xcb, 0x06, 0x4d,
    0xf3, 0xa6, 0x7d, 0xd2, 0xf7, 0x03, 0xe0, 0x05, 0x85, 0xbf, 0x5e, 0x68, 0x1c, 0x79, 0x70, 0xd9,
    0xcb, 0x89, 0xc3, 0x6c, 0xfe, 0x50, 0x39, 0xf3, 0xd1, 0x0e, 0xad, 0x4b, 0x2f, 0x8e, 0xbd, 0xa1,
    0xf6, 0x81, 0x3a, 0x91, 0x1e, 0xff, 0xa8, 0x48, 0xc0, 0xab, 0xd0, 0x9b, 0xdb, 0x3d, 0x86, 0xdf,
    0x39, 0x5e, 0x62, 0xf9, 0xa7, 0x43, 0x05, 0xae, 0x4f, 0x3a, 0xd6, 0x7c, 0xcd, 0xf8, 0xe9, 0x25,
    0xce, 0x07, 0x5b, 0xd1, 0x2d, 0x4f, 0x00, 0x41, 0x21, 0x65, 0x56, 0x7f, 0xf6, 0xb1, 0xe4, 0x80,
    0x49, 0xf9, 0x41, 0x14, 0xe0, 0x4e, 0x03, 0x4a, 0xe4, 0xdf, 0x81, 0x03, 0x50, 0xd5, 0x20, 0x81,
    0x4f, 0xb5, 0x97, 0xa0, 0x43, 0x11, 0x3e, 0x35, 0xa1, 0x83, 0x05, 0xae, 0x74, 0x00, 0x01, 0x48,
    0x39, 0x40, 0x00, 0x4c, 0x02, 0x2c, 0xb8, 0x12, 0x02, 0x17, 0x3e, 0x04, 0xa2, 0x50, 0x23, 0x9e,
    0x54, 0x22, 0x52, 0x08, 0x04, 0x50, 0x60, 0x8b, 0x30, 0xc9, 0xb8, 0x13, 0x7a, 0x29, 0x2e, 0x64,
    0x63, 0x4d, 0x34, 0x9e, 0xb4, 0x23, 0x4b, 0x2f, 0x65, 0xb5, 0x21, 0x48, 0x42, 0xe6, 0xf8, 0x50,
    0x91, 0x38, 0x21, 0x09, 0x80, 0x00, 0x07, 0x1c, 0x80, 0xa3, 0x4c, 0x4c, 0x3a, 0x69, 0x24, 0x44,
    0x51, 0x3e, 0x19, 0x53, 0x95, 0x53, 0x66, 0xa9, 0xe5, 0x96, 0x5c, 0x76, 0xe9, 0xe5, 0x97, 0x60,
    0x86, 0x29, 0xe6, 0x98, 0x64, 0x96, 0x89, 0x53, 0x00, 0x02, 0x0c, 0xa0, 0xe6, 0x00, 0x02, 0x44,
    0x67, 0xa6, 0x55, 0x68, 0xae, 0xc9, 0xa6, 0x9b, 0x15, 0x09, 0x40, 0x40, 0x01, 0x05, 0x18, 0xa0,
    0xe7, 0x9e, 0x78, 0x12, 0xd0, 0x26, 0x51, 0x01, 0x34, 0x89, 0xe0, 0x99, 0x82, 0x2e, 0x65, 0x27,
    0x9e, 0x7b, 0xf2, 0x59, 0x80, 0x9f, 0x74, 0x32, 0x24, 0x40, 0x9e, 0x06, 0xe0, 0x29, 0xe9, 0xa4,
    0x90, 0x16, 0x60, 0xa5, 0x8f, 0x41, 0xe1, 0x17, 0x93, 0x4e, 0x9a, 0x5e, 0x59, 0x29, 0xa5, 0x93,
    0xea, 0x69, 0x69, 0x5b, 0x91, 0x82, 0x6a, 0x2a, 0xa2, 0x3d, 0xc2, 0xa4, 0xdb, 0x4a, 0x0e, 0x34,
    0x5a, 0x50, 0x9a, 0x10, 0x2d, 0xf6, 0x50, 0xd3, 0x02, 0x52, 0x95, 0x7a, 0x2a, 0xa8, 0x06, 0xa4,
    0x6a, 0xd0, 0x00, 0xb6, 0xde, 0x8a, 0xab, 0xae, 0x21, 0x21, 0x90, 0x98, 0xab, 0x00, 0x04, 0xa0,
    0x00, 0x68, 0x97, 0x0e, 0xc4, 0x1a, 0xad, 0x32, 0xf1, 0xea, 0xeb, 0xa9, 0xb9, 0x36, 0xf4, 0xec,
    0xb3, 0xc4, 0x5a, 0x24, 0x40, 0x81, 0xce, 0x15, 0xbb, 0x60, 0xa7, 0x03, 0x65, 0x56, 0x00, 0x4e,
    0xd3, 0xfa, 0x4a, 0x6c, 0xb8, 0xd0, 0x56, 0x6b, 0x11, 0x5a, 0x28, 0x16, 0x34, 0x80, 0x89, 0x2d,
    0x7d, 0x5b, 0x50, 0x01, 0x02, 0xf6, 0x44, 0xae, 0xa9, 0x06, 0x10, 0xeb, 0xec, 0xbc, 0x88, 0xba,
    0x9b, 0x64, 0x81, 0x66, 0xf9, 0xb7, 0x52, 0xbf, 0xfc, 0xfa, 0x74, 0x2f, 0xbe, 0x91, 0x3a, 0x44,
    0x40, 0xaf, 0xd3, 0x46, 0x6a, 0xee, 0x47, 0xf0, 0xee, 0xd4, 0xa2, 0xbf, 0x60, 0xfd, 0x78, 0x22,
    0x51, 0x07, 0x13, 0x5c, 0xc0, 0xc2, 0x07, 0x23, 0x4c, 0x6f, 0xae, 0x0b, 0x83, 0xb4, 0x2a, 0xab,
    0x02, 0x5c, 0x9b, 0x98, 0xac, 0x0c, 0x02, 0xb8, 0x93, 0x02, 0x4c, 0x65, 0x9c, 0x30, 0xc7, 0x13,
    0x0d, 0x00, 0x69, 0xa2, 0x89, 0x2e, 0x3a, 0x28, 0x51, 0xac, 0x35, 0xd0, 0xc0, 0xb0, 0xa9, 0x45,
    0x86, 0x33, 0x53, 0x01, 0xb8, 0x0c, 0x33, 0xcc, 0x32, 0x7f, 0x14, 0x27, 0x01, 0x44, 0x13, 0xa0,
    0xe6, 0x9f, 0x62, 0x91, 0x0c, 0x9d, 0xb2, 0x5f, 0xb5, 0xba, 0xd6, 0xd0, 0x45, 0x1f, 0xdd, 0x71,
    0x96, 0xfb, 0x81, 0xe6, 0xa6, 0x71, 0xdc, 0xbe, 0x49, 0x9a, 0xc8, 0x3b, 0x2d, 0xd0, 0xa8, 0xb0,
    0x48, 0xe9, 0xab, 0xf5, 0x76, 0x19, 0xde, 0xe6, 0x1d, 0x7b, 0x63, 0x5f, 0xf8, 0x57, 0xb6, 0x04,
    0xad, 0x9d, 0x76, 0x8a, 0x4c, 0x02, 0xab, 0x50, 0xdc, 0x60, 0x06, 0x04, 0x00, 0x21, 0xf9, 0x04,
    0x04, 0x04, 0x00, 0x00, 0x00, 0x2c, 0x15, 0x00, 0x1e, 0x00, 0x94, 0x00, 0x2f, 0x00, 0x87, 0x00,
    0x00, 0x00, 0x0d, 0x03, 0x03, 0x1a, 0x06, 0x06, 0x26, 0x09, 0x0a, 0x33, 0x0d, 0x0d, 0x40, 0x10,
    0x10, 0x4d, 0x13, 0x13, 0x5a, 0x16, 0x16, 0x66, 0x19, 0x1a, 0x73, 0x1c, 0x1d, 0x80, 0x1f, 0x20,
    0x8d, 0x22, 0x23, 0x9a, 0x26, 0x26, 0xa6, 0x29, 0x2a, 0xb3, 0x2c, 0x2d, 0xc0, 0x2f, 0x30, 0x00,
    0x00, 0x00, 0x00, 0x00, 0x00, 0x00, 0x00, 0x00, 0x00, 0x00, 0x00, 0x00, 0x00, 0x00, 0x00, 0x00,
    0x00, 0x00, 0x00, 0x00, 0x00, 0x00, 0x00, 0x00, 0x00, 0x00, 0x00, 0x00, 0x00, 0x00, 0x00, 0x00,
    0x00, 0x00, 0x00, 0x00, 0x00, 0x00, 0x00, 0x00, 0x00, 0x00, 0x00, 0x00, 0x00, 0x00, 0x00, 0x00,
    0x00, 0x00, 0x00, 0x00, 0x00, 0x00, 0x00, 0x00, 0x00, 0x00, 0x00, 0x00, 0x00, 0x00, 0x00, 0x00,
    0x00, 0x00, 0x00, 0x00, 0x00, 0x00, 0x00, 0x00, 0x00, 0x00, 0x00, 0x00, 0x00, 0x00, 0x00, 0x00,
    0x00, 0x00, 0x00, 0x00, 0x00, 0x00, 0x00, 0x00, 0x00, 0x00, 0x00, 0x00, 0x00, 0x00, 0x00, 0x00,
    0x00, 0x00, 0x00, 0x00, 0x00, 0x00, 0x00, 0x00, 0x00, 0x00, 0x00, 0x00, 0x00, 0x00, 0x00, 0x00,
    0x00, 0x00, 0x00, 0x00, 0x00, 0x00, 0x00, 0x00, 0x00, 0x00, 0x00, 0x00, 0x00, 0x00, 0x00, 0x00,
    0x00, 0x00, 0x00, 0x00, 0x00, 0x00, 0x00, 0x00, 0x00, 0x00, 0x00, 0x00, 0x00, 0x00, 0x00, 0x00,
    0x00, 0x00, 0x00, 0x00, 0x00, 0x00, 0x00, 0x00, 0x00, 0x00, 0x00, 0x00, 0x00, 0x00, 0x00, 0x00,
    0x00, 0x00, 0x00, 0x00, 0x00, 0x00, 0x00, 0x00, 0x00, 0x00, 0x00, 0x00, 0x00, 0x00, 0x00, 0x00,
    0x00, 0x00, 0x00, 0x00, 0x00, 0x00, 0x00, 0x00, 0x00, 0x00, 0x00, 0x00, 0x00, 0x00, 0x00, 0x00,
    0x00, 0x00, 0x00, 0x00, 0x00, 0x00, 0x00, 0x00, 0x00, 0x00, 0x00, 0x00, 0x00, 0x00, 0x00, 0x00,
    0x00, 0x00, 0x00, 0x00, 0x00, 0x00, 0x00, 0x00, 0x00, 0x00, 0x00, 0x00, 0x00, 0x00, 0x00, 0x00,
    0x00, 0x00, 0x00, 0x00, 0x00, 0x00, 0x00, 0x00, 0x00, 0x00, 0x00, 0x00, 0x00, 0x00, 0x00, 0x00,
    0x00, 0x00, 0x00, 0x00, 0x00, 0x00, 0x00, 0x00, 0x00, 0x00, 0x00, 0x00, 0x00, 0x00, 0x00, 0x00,
    0x00, 0x00, 0x00, 0x00, 0x00, 0x00, 0x00, 0x00, 0x00, 0x00, 0x00, 0x00, 0x00, 0x00, 0x00, 0x00,
    0x00, 0x00, 0x00, 0x00, 0x00, 0x00, 0x00, 0x00, 0x00, 0x00, 0x00, 0x00, 0x00, 0x00, 0x00, 0x00,
    0x00, 0x00, 0x00, 0x00, 0x00, 0x00, 0x00, 0x00, 0x00, 0x00, 0x00, 0x00, 0x00, 0x00, 0x00, 0x00,
    0x00, 0x00, 0x00, 0x00, 0x00, 0x00, 0x00, 0x00, 0x00, 0x00, 0x00, 0x00, 0x00, 0x00, 0x00, 0x00,
    0x00, 0x00, 0x00, 0x00, 0x00, 0x00, 0x00, 0x00, 0x00, 0x00, 0x00, 0x00, 0x00, 0x00, 0x00, 0x00,
    0x00, 0x00, 0x00, 0x00, 0x00, 0x00, 0x00, 0x00, 0x00, 0x00, 0x00, 0x00, 0x00, 0x00, 0x00, 0x00,
    0x00, 0x00, 0x00, 0x00, 0x00, 0x00, 0x00, 0x00, 0x00, 0x00, 0x00, 0x00, 0x00, 0x00, 0x00, 0x00,
    0x00, 0x00, 0x00, 0x00, 0x00, 0x00, 0x00, 0x00, 0x00, 0x00, 0x00, 0x00, 0x00, 0x00, 0x00, 0x00,
    0x00, 0x00, 0x00, 0x00, 0x00, 0x00, 0x00, 0x00, 0x00, 0x00, 0x00, 0x00, 0x00, 0x00, 0x00, 0x00,
    0x00, 0x00, 0x00, 0x00, 0x00, 0x00, 0x00, 0x00, 0x00, 0x00, 0x00, 0x00, 0x00, 0x00, 0x00, 0x00,
    0x00, 0x00, 0x00, 0x00, 0x00, 0x00, 0x00, 0x00, 0x00, 0x00, 0x00, 0x00, 0x00, 0x00, 0x00, 0x00,
    0x00, 0x00, 0x00, 0x00, 0x00, 0x00, 0x00, 0x00, 0x00, 0x00, 0x00, 0x00, 0x00, 0x00, 0x00, 0x00,
    0x00, 0x00, 0x00, 0x00, 0x00, 0x00, 0x00, 0x00, 0x00, 0x00, 0x00, 0x00, 0x00, 0x00, 0x00, 0x00,
    0x00, 0x00, 0x00, 0x00, 0x00, 0x00, 0x00, 0x00, 0x00, 0x00, 0x00, 0x00, 0x00, 0x00, 0x00, 0x00,
    0x00, 0x00, 0x00, 0x00, 0x00, 0x00, 0x00, 0x00, 0x00, 0x00, 0x00, 0x00, 0x00, 0x00, 0x00, 0x00,
    0x00, 0x00, 0x00, 0x00, 0x00, 0x00, 0x00, 0x00, 0x00, 0x00, 0x00, 0x00, 0x00, 0x00, 0x00, 0x00,
    0x00, 0x00, 0x00, 0x00, 0x00, 0x00, 0x00, 0x00, 0x00, 0x00, 0x00, 0x00, 0x00, 0x00, 0x00, 0x00,
    0x00, 0x00, 0x00, 0x00, 0x00, 0x00, 0x00, 0x00, 0x00, 0x00, 0x00, 0x00, 0x00, 0x00, 0x00, 0x00,
    0x00, 0x00, 0x00, 0x00, 0x00, 0x00, 0x00, 0x00, 0x00, 0x00, 0x00, 0x00, 0x00, 0x00, 0x00, 0x00,
    0x00, 0x00, 0x00, 0x00, 0x00, 0x00, 0x00, 0x00, 0x00, 0x00, 0x00, 0x00, 0x00, 0x00, 0x00, 0x00,
    0x00, 0x00, 0x00, 0x00, 0x00, 0x00, 0x00, 0x00, 0x00, 0x00, 0x00, 0x00, 0x00, 0x00, 0x00, 0x00,
    0x00, 0x00, 0x00, 0x00, 0x00, 0x00, 0x00, 0x00, 0x00, 0x00, 0x00, 0x00, 0x00, 0x00, 0x00, 0x00,
    0x00, 0x00, 0x00, 0x00, 0x00, 0x00, 0x00, 0x00, 0x00, 0x00, 0x00, 0x00, 0x00, 0x00, 0x00, 0x00,
    0x00, 0x00, 0x00, 0x00, 0x00, 0x00, 0x00, 0x00, 0x00, 0x00, 0x00, 0x00, 0x00, 0x00, 0x00, 0x00,
    0x00, 0x00, 0x00, 0x00, 0x00, 0x00, 0x00, 0x00, 0x00, 0x00, 0x00, 0x00, 0x00, 0x00, 0x00, 0x00,
    0x00, 0x00, 0x00, 0x00, 0x00, 0x00, 0x00, 0x00, 0x00, 0x00, 0x00, 0x00, 0x00, 0x00, 0x00, 0x00,
    0x00, 0x00, 0x00, 0x00, 0x00, 0x00, 0x00, 0x00, 0x00, 0x00, 0x00, 0x00, 0x00, 0x00, 0x00, 0x00,
    0x00, 0x00, 0x00, 0x00, 0x00, 0x00, 0x00, 0x00, 0x00, 0x00, 0x00, 0x00, 0x00, 0x00, 0x00, 0x00,
    0x00, 0x00, 0x00, 0x00, 0x00, 0x00, 0x00, 0x00, 0x00, 0x00, 0x00, 0x00, 0x00, 0x00, 0x00, 0x08,
    0xff, 0x00, 0x01, 0x08, 0x1c, 0x48, 0xb0, 0xa0, 0xc1, 0x83, 0x08, 0x13, 0x2a, 0x5c, 0xc8, 0xb0,
    0xa1, 0xc3, 0x87, 0x10, 0x23, 0x3a, 0x24, 0xa0, 0x60, 0x81, 0x01, 0x89, 0x18, 0x33, 0x6a, 0xdc,
    0x28, 0x90, 0xa2, 0x45, 0x8e, 0x0e, 0x13, 0x3c, 0x18, 0xf9, 0x80, 0x41, 0x00, 0x90, 0x28, 0x53,
    0x82, 0x14, 0x49, 0xd2, 0xa4, 0xca, 0x83, 0x2c, 0x49, 0x96, 0x3c, 0xf9, 0xb2, 0xa6, 0xcd, 0x84,
    0x31, 0x5b, 0xd2, 0xac, 0x19, 0x60, 0x81, 0x4c, 0x99, 0x0d, 0x06, 0xdc, 0x1c, 0x7a, 0xb3, 0xe7,
    0x4f, 0x92, 0x41, 0x79, 0x32, 0x38, 0x2a, 0xd3, 0x81, 0x50, 0xa2, 0x50, 0x41, 0x06, 0x58, 0xca,
    0x74, 0xa4, 0x53, 0x95, 0x53, 0xab, 0x36, 0x7d, 0x1a, 0xb5, 0x6b, 0xc4, 0xac, 0x5a, 0xad, 0x72,
    0xdd, 0x08, 0x36, 0xac, 0x58, 0xaf, 0x68, 0x1b, 0x96, 0x35, 0x7b, 0x75, 0xe3, 0x80, 0x06, 0x4c,
    0x1b, 0x50, 0xfd, 0xe9, 0xe0, 0x62, 0xda, 0xbb, 0x06, 0xdf, 0xc6, 0x9d, 0xdb, 0xd4, 0x2e, 0xc6,
    0x01, 0x0e, 0x98, 0x3a, 0x5d, 0x2b, 0xd3, 0x2f, 0xde, 0xbb, 0x80, 0x05, 0x0f, 0x20, 0x4c, 0xd2,
    0xf0, 0xc3, 0xc4, 0x47, 0xdb, 0x32, 0x1e, 0xe9, 0xf8, 0x70, 0x54, 0xc8, 0x74, 0x9f, 0x4e, 0x7e,
    0x50, 0x79, 0x21, 0xe6, 0xad, 0x04, 0x37, 0x77, 0xb6, 0x6c, 0xf3, 0x33, 0xc9, 0xb6, 0x02, 0x45,
    0x3f, 0x34, 0x10, 0xf8, 0x28, 0x83, 0xb1, 0xa9, 0x15, 0x54, 0x45, 0x40, 0x1a, 0x2a, 0x6b, 0xa6,
    0xaf, 0x0d, 0x06, 0x90, 0xcd, 0x94, 0x36, 0x43, 0x03, 0x55, 0x5d, 0x22, 0xcc, 0x29, 0x33, 0x41,
    0xed, 0x9b, 0xc0, 0x71, 0xef, 0x34, 0x48, 0x9c, 0xa4, 0x71, 0x85, 0xc9, 0x5d, 0x2f, 0x87, 0x59,
    0xf5, 0xf9, 0xf1, 0x94, 0xd1, 0x7f, 0x0a, 0xc7, 0x59, 0x3d, 0x61, 0x76, 0x99, 0xdb, 0x15, 0x36,
    0xff, 0x1f, 0x69, 0xfd, 0xfa, 0xc6, 0xef, 0x3a, 0x1b, 0x8e, 0x7f, 0x50, 0x7e, 0x20, 0x82, 0xaa,
    0x0a, 0xa6, 0x2b, 0x7c, 0xcf, 0x74, 0x81, 0x7c, 0xf3, 0x0f, 0xe9, 0x1f, 0x8d, 0x9f, 0xbf, 0xaa,
    0x7d, 0x82, 0xeb, 0xb5, 0xd7, 0x10, 0x7a, 0x23, 0x85, 0x87, 0x5f, 0x48, 0xdd, 0x45, 0x44, 0xe0,
    0x4c, 0x02, 0x05, 0x98, 0xd1, 0x82, 0x06, 0x1e, 0x28, 0x5e, 0x82, 0x12, 0x41, 0x18, 0x80, 0x00,
    0x14, 0x62, 0xb4, 0xe0, 0x68, 0x12, 0x16, 0x84, 0x21, 0x53, 0x02, 0x42, 0xb4, 0x21, 0x01, 0xbd,
    0x81, 0x54, 0x40, 0x6b, 0x32, 0xf9, 0xd6, 0xa1, 0x42, 0x24, 0x1e, 0xa5, 0xa2, 0x46, 0x27, 0xba,
    0xf8, 0xa1, 0x4c, 0x07, 0xa4, 0x34, 0xc0, 0x51, 0x05, 0xac, 0xb8, 0xd0, 0x8c, 0x24, 0xd5, 0x88,
    0xd2, 0x8d, 0x3f, 0xe5, 0x98, 0x5d, 0x88, 0x1a, 0x0d, 0xa9, 0xe3, 0x6f, 0xc5, 0xbd, 0x64, 0xa4,
    0x40, 0x05, 0x54, 0xe4, 0xe3, 0x4b, 0x4d, 0x2e, 0xf0, 0xe4, 0x91, 0x0a, 0x45, 0x39, 0x65, 0x4a,
    0x56, 0x52, 0xa9, 0xe5, 0x96, 0x5c, 0x76, 0xe9, 0xe5, 0x97, 0x60, 0x86, 0x29, 0xe6, 0x98, 0x64,
    0x96, 0x69, 0xe6, 0x4b, 0x01, 0xa4, 0xa9, 0xe6, 0x99, 0x77, 0xa9, 0xb9, 0xa6, 0x46, 0x17, 0x12,
    0x50, 0x40, 0x01, 0x06, 0xd4, 0x69, 0xc0, 0x9c, 0x04, 0x2c, 0x46, 0xd4, 0x00, 0x04, 0x0c, 0xc5,
    0x27, 0x51, 0x71, 0xce, 0x69, 0xe7, 0x9d, 0x05, 0xe4, 0x79, 0x5f, 0x42, 0x01, 0xc8, 0x59, 0xe7,
    0x9c, 0x8c, 0x32, 0xba, 0x68, 0x01, 0x02, 0xd8, 0xc4, 0xd2, 0x7f, 0x2f, 0x4d, 0x7a, 0x28, 0x9c,
    0x8a, 0x12, 0xda, 0xa8, 0xa0, 0x84, 0x46, 0xca, 0x90, 0x00, 0x74, 0x6e, 0x2a, 0x6a, 0xa3, 0x06,
    0xc0, 0xc6, 0x51, 0x01, 0xe0, 0x39, 0x74, 0x29, 0x41, 0xfa, 0xb1, 0xf7, 0x12, 0xa8, 0x9a, 0x8e,
    0xf2, 0xba, 0x69, 0xa9, 0x3b, 0xc6, 0x2a, 0xab, 0xa8, 0xb4, 0xa6, 0xd4, 0xaa, 0xab, 0x0a, 0x1d,
    0xc0, 0x40, 0x03, 0x08, 0xac, 0xfa, 0x1d, 0x03, 0x2a, 0x09, 0x60, 0xeb, 0xad, 0xa4, 0x9a, 0x4a,
    0x10, 0x01, 0xc7, 0x22, 0xdb, 0xe8, 0xaa, 0x10, 0xb5, 0x48, 0x23, 0x77, 0xe9, 0x1d, 0x04, 0xe4,
    0xb4, 0x29, 0x31, 0xeb, 0xec, 0xad, 0x97, 0x6e, 0x7b, 0xab, 0x01, 0xd0, 0x8a, 0x78, 0x54, 0x65,
    0x01, 0x34, 0xc7, 0x80, 0xa7, 0x04, 0x99, 0x46, 0x64, 0x46, 0xde, 0xca, 0x0a, 0x6e, 0x42, 0xda,
    0xb6, 0xbb, 0x69, 0x4d, 0xdf, 0xa1, 0x06, 0xc0, 0x66, 0xf6, 0x12, 0xb6, 0x6e, 0x46, 0xf1, 0xca,
    0xcb, 0xa8, 0x42, 0x01, 0x84, 0xea, 0xaf, 0x01, 0xe8, 0xaa, 0xb4, 0xab, 0x03, 0x9e, 0x6e, 0x76,
    0x96, 0x40, 0x7c, 0x3d, 0xb0, 0x80, 0x4d, 0x01, 0x37, 0x8b, 0x2c, 0xc1, 0x0b, 0x45, 0xdc, 0xee,
    0x9d, 0x05, 0x57, 0xaa, 0x5d, 0x9a, 0x0d, 0x3f, 0x80, 0xe2, 0x59, 0xc4, 0x45, 0x88, 0x92, 0xc5,
    0xde, 0x62, 0xec, 0xd0, 0x00, 0x9c, 0xda, 0x6a, 0x67, 0x01, 0x7a, 0x0e, 0x45, 0x58, 0x45, 0x99,
    0x11, 0x06, 0x6c, 0x66, 0x50, 0xa1, 0x4c, 0xe7, 0xa3, 0x8e, 0x2e, 0xda, 0xf2, 0x43, 0x01, 0xf0,
    0x29, 0x27, 0xa3, 0x04, 0xe4, 0x99, 0xb1, 0xcb, 0x70, 0x69, 0x25, 0x59, 0xc7, 0x3f, 0x29, 0x0b,
    0xb1, 0xcf, 0x8d, 0x06, 0x3d, 0xc0, 0xd0, 0x61, 0x9a, 0x76, 0xda, 0x58, 0x0a, 0x73, 0xc8, 0x26,
    0x5e, 0xd2, 0x82, 0x56, 0xd0, 0x64, 0x2f, 0x5e, 0x7d, 0xdd, 0xb0, 0x97, 0x12, 0xb7, 0xaf, 0xd7,
    0x87, 0xc5, 0x24, 0x32, 0x80, 0xd5, 0x92, 0x7d, 0xa0, 0x01, 0x0b, 0x04, 0x3b, 0x60, 0xdb, 0xe1,
    0x4a, 0x18, 0x10, 0x00, 0x21, 0xf9, 0x04, 0x04, 0x08, 0x00, 0x00, 0x00, 0x2c, 0x16, 0x00, 0x1f,
    0x00, 0x93, 0x00, 0x2f, 0x00, 0x87, 0x00, 0x00, 0x00, 0x0d, 0x03, 0x03, 0x1a, 0x06, 0x06, 0x26,
    0x09, 0x0a, 0x33, 0x0d, 0x0d, 0x40, 0x10, 0x10, 0x4d, 0x13, 0x13, 0x5a, 0x16, 0x16, 0x66, 0x19,
    0x1a, 0x73, 0x1c, 0x1d, 0x80, 0x1f, 0x20, 0x8d, 0x22, 0x23, 0x9a, 0x26, 0x26, 0xa6, 0x29, 0x2a,
    0xb3, 0x2c, 0x2d, 0xc0, 0x2f, 0x30, 0x00, 0x00, 0x00, 0x00, 0x00, 0x00, 0x00, 0x00, 0x00, 0x00,
    0x00, 0x00, 0x00, 0x00, 0x00, 0x00, 0x00, 0x00, 0x00, 0x00, 0x00, 0x00, 0x00, 0x00, 0x00, 0x00,
    0x00, 0x00, 0x00, 0x00, 0x00, 0x00, 0x00, 0x00, 0x00, 0x00, 0x00, 0x00, 0x00, 0x00, 0x00, 0x00,
    0x00, 0x00, 0x00, 0x00, 0x00, 0x00, 0x00, 0x00, 0x00, 0x00, 0x00, 0x00, 0x00, 0x00, 0x00, 0x00,
    0x00, 0x00, 0x00, 0x00, 0x00, 0x00, 0x00, 0x00, 0x00, 0x00, 0x00, 0x00, 0x00, 0x00, 0x00, 0x00,
    0x00, 0x00, 0x00, 0x00, 0x00, 0x00, 0x00, 0x00, 0x00, 0x00, 0x00, 0x00, 0x00, 0x00, 0x00, 0x00,
    0x00, 0x00, 0x00, 0x00, 0x00, 0x00, 0x00, 0x00, 0x00, 0x00, 0x00, 0x00, 0x00, 0x00, 0x00, 0x00,
    0x00, 0x00, 0x00, 0x00, 0x00, 0x00, 0x00, 0x00, 0x00, 0x00, 0x00, 0x00, 0x00, 0x00, 0x00, 0x00,
    0x00, 0x00, 0x00, 0x00, 0x00, 0x00, 0x00, 0x00, 0x00, 0x00, 0x00, 0x00, 0x00, 0x00, 0x00, 0x00,
    0x00, 0x00, 0x00, 0x00, 0x00, 0x00, 0x00, 0x00, 0x00, 0x00, 0x00, 0x00, 0x00, 0x00, 0x00, 0x00,
    0x00, 0x00, 0x00, 0x00, 0x00, 0x00, 0x00, 0x00, 0x00, 0x00, 0x00, 0x00, 0x00, 0x00, 0x00, 0x00,
    0x00, 0x00, 0x00, 0x00, 0x00, 0x00, 0x00, 0x00, 0x00, 0x00, 0x00, 0x00, 0x00, 0x00, 0x00, 0x00,
    0x00, 0x00, 0x00, 0x00, 0x00, 0x00, 0x00, 0x00, 0x00, 0x00, 0x00, 0x00, 0x00, 0x00, 0x00, 0x00,
    0x00, 0x00, 0x00, 0x00, 0x00, 0x00, 0x00, 0x00, 0x00, 0x00, 0x00, 0x00, 0x00, 0x00, 0x00, 0x00,
    0x00, 0x00, 0x00, 0x00, 0x00, 0x00, 0x00, 0x00, 0x00, 0x00, 0x00, 0x00, 0x00, 0x00, 0x00, 0x00,
    0x00, 0x00, 0x00, 0x00, 0x00, 0x00, 0x00, 0x00, 0x00, 0x00, 0x00, 0x00, 0x00, 0x00, 0x00, 0x00,
    0x00, 0x00, 0x00, 0x00, 0x00, 0x00, 0x00, 0x00, 0x00, 0x00, 0x00, 0x00, 0x00, 0x00, 0x00, 0x00,
    0x00, 0x00, 0x00, 0x00, 0x00, 0x00, 0x00, 0x00, 0x00, 0x00, 0x00, 0x00, 0x00, 0x00, 0x00, 0x00,
    0x00, 0x00, 0x00, 0x00, 0x00, 0x00, 0x00, 0x00, 0x00, 0x00, 0x00, 0x00, 0x00, 0x00, 0x00, 0x00,
    0x00, 0x00, 0x00, 0x00, 0x00, 0x00, 0x00, 0x00, 0x00, 0x00, 0x00, 0x00, 0x00, 0x00, 0x00, 0x00,
    0x00, 0x00, 0x00, 0x00, 0x00, 0x00, 0x00, 0x00, 0x00, 0x00, 0x00, 0x00, 0x00, 0x00, 0x00, 0x00,
    0x00, 0x00, 0x00, 0x00, 0x00, 0x00, 0x00, 0x00, 0x00, 0x00, 0x00, 0x00, 0x00, 0x00, 0x00, 0x00,
    0x00, 0x00, 0x00, 0x00, 0x00, 0x00, 0x00, 0x00, 0x00, 0x00, 0x00, 0x00, 0x00, 0x00, 0x00, 0x00,
    0x00, 0x00, 0x00, 0x00, 0x00, 0x00, 0x00, 0x00, 0x00, 0x00, 0x00, 0x00, 0x00, 0x00, 0x00, 0x00,
    0x00, 0x00, 0x00, 0x00, 0x00, 0x00, 0x00, 0x00, 0x00, 0x00, 0x00, 0x00, 0x00, 0x00, 0x00, 0x00,
    0x00, 0x00, 0x00, 0x00, 0x00, 0x00, 0x00, 0x00, 0x00, 0x00, 0x00, 0x00, 0x00, 0x00, 0x00, 0x00,
    0x00, 0x00, 0x00, 0x00, 0x00, 0x00, 0x00, 0x00, 0x00, 0x00, 0x00, 0x00, 0x00, 0x00, 0x00, 0x00,
    0x00, 0x00, 0x00, 0x00, 0x00, 0x00, 0x00, 0x00, 0x00, 0x00, 0x00, 0x00, 0x00, 0x00, 0x00, 0x00,
    0x00, 0x00, 0x00, 0x00, 0x00, 0x00, 0x00, 0x00, 0x00, 0x00, 0x00, 0x00, 0x00, 0x00, 0x00, 0x00,
    0x00, 0x00, 0x00, 0x00, 0x00, 0x00, 0x00, 0x00, 0x00, 0x00, 0x00, 0x00, 0x00, 0x00, 0x00, 0x00,
    0x00, 0x00, 0x00, 0x00, 0x00, 0x00, 0x00, 0x00, 0x00, 0x00, 0x00, 0x00, 0x00, 0x00, 0x00, 0x00,
    0x00, 0x00, 0x00, 0x00, 0x00, 0x00, 0x00, 0x00, 0x00, 0x00, 0x00, 0x00, 0x00, 0x00, 0x00, 0x00,
    0x00, 0x00, 0x00, 0x00, 0x00, 0x00, 0x00, 0x00, 0x00, 0x00, 0x00, 0x00, 0x00, 0x00, 0x00, 0x00,
    0x00, 0x00, 0x00, 0x00, 0x00, 0x00, 0x00, 0x00, 0x00, 0x00, 0x00, 0x00, 0x00, 0x00, 0x00, 0x00,
    0x00, 0x00, 0x00, 0x00, 0x00, 0x00, 0x00, 0x00, 0x00, 0x00, 0x00, 0x00, 0x00, 0x00, 0x00, 0x00,
    0x00, 0x00, 0x00, 0x00, 0x00, 0x00, 0x00, 0x00, 0x00, 0x00, 0x00, 0x00, 0x00, 0x00, 0x00, 0x00,
    0x00, 0x00, 0x00, 0x00, 0x00, 0x00, 0x00, 0x00, 0x00, 0x00, 0x00, 0x00, 0x00, 0x00, 0x00, 0x00,
    0x00, 0x00, 0x00, 0x00, 0x00, 0x00, 0x00, 0x00, 0x00, 0x00, 0x00, 0x00, 0x00, 0x00, 0x00, 0x00,
    0x00, 0x00, 0x00, 0x00, 0x00, 0x00, 0x00, 0x00, 0x00, 0x00, 0x00, 0x00, 0x00, 0x00, 0x00, 0x00,
    0x00, 0x00, 0x00, 0x00, 0x00, 0x00, 0x00, 0x00, 0x00, 0x00, 0x00, 0x00, 0x00, 0x00, 0x00, 0x00,
    0x00, 0x00, 0x00, 0x00, 0x00, 0x00, 0x00, 0x00, 0x00, 0x00, 0x00, 0x00, 0x00, 0x00, 0x00, 0x00,
    0x00, 0x00, 0x00, 0x00, 0x00, 0x00, 0x00, 0x00, 0x00, 0x00, 0x00, 0x00, 0x00, 0x00, 0x00, 0x00,
    0x00, 0x00, 0x00, 0x00, 0x00, 0x00, 0x00, 0x00, 0x00, 0x00, 0x00, 0x00, 0x00, 0x00, 0x00, 0x00,
    0x00, 0x00, 0x00, 0x00, 0x00, 0x00, 0x00, 0x00, 0x00, 0x00, 0x00, 0x00, 0x00, 0x00, 0x00, 0x00,
    0x00, 0x00, 0x00, 0x00, 0x00, 0x00, 0x00, 0x00, 0x00, 0x00, 0x00, 0x00, 0x00, 0x00, 0x00, 0x00,
    0x00, 0x00, 0x00, 0x00, 0x00, 0x00, 0x08, 0xff, 0x00, 0x01, 0x08, 0x1c, 0x48, 0xb0, 0xe0, 0xc0,
    0x00, 0x07, 0x0e, 0x08, 0x30, 0xc8, 0xb0, 0xa1, 0xc3, 0x87, 0x10, 0x23, 0x4a, 0x9c, 0x18, 0x11,
    0xa1, 0x42, 0x8a, 0x18, 0x0b, 0x1a, 0x70, 0xf0, 0xa0, 0x23, 0x82, 0x8c, 0x20, 0x43, 0x8a, 0x1c,
    0xa9, 0x91, 0xa3, 0x47, 0x92, 0x11, 0x0d, 0x74, 0x5c, 0xf9, 0x20, 0x01, 0xca, 0x97, 0x30, 0x63,
    0xaa, 0x64, 0xd9, 0x32, 0xa6, 0xc1, 0x03, 0x34, 0x57, 0x2a, 0x08, 0x60, 0xb3, 0xa7, 0x4f, 0x88,
    0x38, 0x73, 0x3e, 0xd8, 0xe9, 0x33, 0x81, 0xd0, 0x95, 0x0c, 0x78, 0xfe, 0x5c, 0xba, 0xd4, 0xe8,
    0xd1, 0x07, 0x49, 0x6d, 0x3a, 0x7d, 0x0a, 0x55, 0x29, 0xd3, 0xab, 0x2f, 0xa7, 0x3e, 0x8d, 0x9a,
    0x95, 0x2a, 0x4b, 0xae, 0x58, 0xc3, 0x82, 0xd4, 0x4a, 0x15, 0x6c, 0xc8, 0x00, 0x0a, 0x8e, 0x9a,
    0xa4, 0xc9, 0x60, 0x80, 0xd8, 0xb7, 0x12, 0xd1, 0xaa, 0x15, 0xda, 0x56, 0x64, 0x00, 0x06, 0x47,
    0x0b, 0x0c, 0x58, 0xcb, 0xd2, 0x81, 0x5b, 0xb8, 0x80, 0x0d, 0xde, 0xcd, 0xbb, 0x57, 0xa8, 0x5f,
    0x90, 0x83, 0x85, 0x1a, 0x10, 0x58, 0x38, 0xe7, 0xe1, 0xc0, 0x90, 0x13, 0xe7, 0x5c, 0x0c, 0xa0,
    0x31, 0xcd, 0xc7, 0x13, 0x25, 0xd3, 0xa4, 0xcc, 0x98, 0xef, 0x4a, 0xcc, 0x90, 0xc5, 0x6a, 0x66,
    0xc9, 0xb9, 0xb2, 0xe7, 0x8e, 0xa0, 0x1f, 0x0e, 0xc0, 0xeb, 0xb8, 0x34, 0xe3, 0x06, 0x86, 0x0b,
    0x84, 0x16, 0xbb, 0xda, 0xb0, 0xeb, 0xca, 0xb0, 0x1d, 0xcb, 0x86, 0x68, 0xb9, 0xef, 0x5f, 0xc1,
    0xac, 0x27, 0xcf, 0xbe, 0xda, 0xfb, 0xf3, 0xef, 0x82, 0xa3, 0x57, 0xde, 0x26, 0x58, 0x1c, 0xf5,
    0x71, 0xe0, 0x47, 0x97, 0x0f, 0x47, 0xd9, 0xfc, 0x41, 0x6a, 0xe4, 0xc1, 0x37, 0x37, 0xac, 0x7e,
    0x1d, 0xba, 0xe2, 0xe9, 0x36, 0xb9, 0x3f, 0xff, 0x67, 0x98, 0xbc, 0xe3, 0xed, 0x02, 0xa7, 0x1f,
    0x34, 0x18, 0xdf, 0x30, 0xc0, 0x82, 0xa3, 0x1f, 0xc1, 0xa3, 0x44, 0x2f, 0x74, 0x7d, 0xe6, 0xf7,
    0x42, 0xe3, 0x0b, 0x9c, 0x99, 0xd3, 0xac, 0x44, 0xb2, 0x2b, 0xb9, 0x24, 0x9f, 0x48, 0xfc, 0xb1,
    0x65, 0xd5, 0x44, 0x00, 0x76, 0x24, 0x60, 0x81, 0x5f, 0x1d, 0x48, 0x51, 0x82, 0x35, 0x0d, 0x98,
    0x11, 0x83, 0x48, 0x39, 0x88, 0xe0, 0x51, 0x2e, 0x1d, 0xe5, 0x1f, 0x46, 0x10, 0xee, 0x26, 0xa1,
    0x44, 0x02, 0x68, 0x68, 0xe1, 0x83, 0x79, 0x09, 0xb5, 0xc0, 0x88, 0x18, 0x21, 0x90, 0xdf, 0x87,
    0x13, 0x11, 0x60, 0x22, 0x8a, 0x14, 0xa9, 0x98, 0x93, 0x8c, 0x2c, 0x09, 0xf8, 0x12, 0x85, 0xd2,
    0xb1, 0x58, 0x50, 0x88, 0x34, 0xd9, 0x88, 0x12, 0x8e, 0x5a, 0x6d, 0x38, 0x52, 0x90, 0x30, 0xea,
    0x48, 0x10, 0x91, 0x52, 0x35, 0x08, 0x00, 0x02, 0x0d, 0x38, 0x40, 0x54, 0x4f, 0x4c, 0x3a, 0x59,
    0xa4, 0x91, 0x04, 0x45, 0xf9, 0xa4, 0x4d, 0x56, 0x5a, 0x15, 0xc0, 0x94, 0x23, 0x6d, 0x49, 0x25,
    0x46, 0x5e, 0x2e, 0x15, 0xe6, 0x97, 0x64, 0x96, 0x69, 0xe6, 0x99, 0x68, 0xa6, 0xa9, 0xe6, 0x9a,
    0x6c, 0xb6, 0xe9, 0xe6, 0x9b, 0x70, 0x8a, 0x39, 0x00, 0x01, 0x04, 0x14, 0x60, 0x67, 0x01, 0x74,
    0x0e, 0xb0, 0xd0, 0x55, 0x63, 0xfa, 0xd4, 0xe7, 0x4f, 0x01, 0xcc, 0x59, 0xe7, 0x9d, 0x79, 0xee,
    0x49, 0xd1, 0x00, 0x76, 0x1a, 0xa0, 0xe8, 0x9d, 0x89, 0x2e, 0x3a, 0x00, 0x97, 0x20, 0x19, 0xd0,
    0xa4, 0x7e, 0x36, 0x49, 0xea, 0x00, 0xa5, 0xe1, 0x35, 0x6a, 0x00, 0xa3, 0x05, 0x28, 0xba, 0xe9,
    0xa3, 0x15, 0x75, 0xca, 0xe9, 0xa8, 0x77, 0x6e, 0x6a, 0x28, 0x4c, 0x2e, 0x06, 0xd8, 0x53, 0x81,
    0x07, 0xf4, 0x14, 0x80, 0xa8, 0xa4, 0x8e, 0xff, 0x6a, 0xea, 0x43, 0xaf, 0x6e, 0x1a, 0x6b, 0xac,
    0x06, 0x9c, 0x8a, 0x12, 0x8d, 0xe6, 0xf1, 0x96, 0x80, 0x02, 0x1e, 0x6e, 0xc7, 0x17, 0x03, 0x36,
    0xd5, 0x7a, 0x2b, 0xae, 0xba, 0x12, 0x44, 0x80, 0xad, 0xc7, 0xc6, 0x6a, 0x53, 0x01, 0x39, 0x11,
    0xe0, 0x50, 0x81, 0x3e, 0x22, 0xe7, 0x59, 0xb5, 0x24, 0x2d, 0xdb, 0xec, 0xad, 0x0e, 0x6d, 0x7b,
    0xab, 0x01, 0x90, 0x5e, 0xe8, 0x1b, 0x43, 0x14, 0x62, 0x0b, 0xc0, 0x68, 0x42, 0x8a, 0xe4, 0x2d,
    0xae, 0x28, 0x6a, 0xbb, 0x2e, 0xa7, 0xe1, 0x8a, 0xbb, 0x52, 0x03, 0x0e, 0x42, 0xe8, 0x5f, 0x5a,
    0x4a, 0xda, 0xe4, 0xee, 0xbb, 0x77, 0xa2, 0x28, 0x00, 0xb3, 0xef, 0x1a, 0xc0, 0x1e, 0x4a, 0xf8,
    0x56, 0x38, 0x10, 0x84, 0x1d, 0x81, 0x45, 0x16, 0xbd, 0x3e, 0xfd, 0xcb, 0x6f, 0xa2, 0x03, 0x0b,
    0x24, 0x00, 0xac, 0xde, 0x0a, 0x2c, 0x66, 0x76, 0x11, 0x22, 0x6c, 0x30, 0x83, 0xdd, 0xbd, 0x34,
    0x31, 0xc0, 0xcd, 0x5a, 0x0c, 0x51, 0x00, 0x75, 0x2e, 0x4a, 0xaa, 0xc9, 0xc9, 0xda, 0x24, 0x80,
    0x67, 0x07, 0xf0, 0x6a, 0x1e, 0x01, 0x9e, 0x2d, 0x00, 0x2d, 0x4d, 0xc1, 0xfa, 0x59, 0x32, 0xc8,
    0xa5, 0xda, 0x9a, 0x72, 0x7b, 0x02, 0x0c, 0xea, 0xa9, 0xad, 0x04, 0x80, 0x1a, 0x56, 0x75, 0xa4,
    0x75, 0xe6, 0x55, 0x8e, 0xc5, 0xf6, 0xac, 0x29, 0xd0, 0x42, 0x9f, 0xb5, 0xe5, 0xd3, 0x90, 0x51,
    0x58, 0xf4, 0x40, 0x44, 0x47, 0x08, 0xd8, 0xd3, 0x50, 0xc7, 0x39, 0x50, 0x50, 0xc2, 0x15, 0x54,
    0x9d, 0x02, 0x5a, 0xeb, 0x48, 0x96, 0x03, 0xd2, 0x32, 0x24, 0x00, 0xc6, 0xe9, 0x86, 0x3d, 0x5c,
    0x70, 0x1d, 0x0b, 0x24, 0x99, 0x03, 0x3b, 0xab, 0x3d, 0x5c, 0x00, 0x09, 0x38, 0xb0, 0x40, 0xc4,
    0x07, 0xd5, 0x7d, 0xb7, 0xdc, 0x54, 0xc6, 0x05, 0x7b, 0x6e, 0x9b, 0x01, 0x01, 0x00, 0x21, 0xf9,
    0x04, 0x04, 0x0c, 0x00, 0x00, 0x00, 0x2c, 0x15, 0x00, 0x1f, 0x00, 0x94, 0x00, 0x2f, 0x00, 0x87,
    0x00, 0x00, 0x00, 0x0d, 0x03, 0x03, 0x1a, 0x06, 0x06, 0x26, 0x09, 0x0a, 0x33, 0x0d, 0x0d, 0x40,
    0x10, 0x10, 0x4d, 0x13, 0x13, 0x5a, 0x16, 0x16, 0x66, 0x19, 0x1a, 0x73, 0x1c, 0x1d, 0x80, 0x1f,
    0x20, 0x8d, 0x22, 0x23, 0x9a, 0x26, 0x26, 0xa6, 0x29, 0x2a, 0xb3, 0x2c, 0x2d, 0xc0, 0x2f, 0x30,
    0x00, 0x00, 0x00, 0x00, 0x00, 0x00, 0x00, 0x00, 0x00, 0x00, 0x00, 0x00, 0x00, 0x00, 0x00, 0x00,
    0x00, 0x00, 0x00, 0x00, 0x00, 0x00, 0x00, 0x00, 0x00, 0x00, 0x00, 0x00, 0x00, 0x00, 0x00, 0x00,
    0x00, 0x00, 0x00, 0x00, 0x00, 0x00, 0x00, 0x00, 0x00, 0x00, 0x00, 0x00, 0x00, 0x00, 0x00, 0x00,
    0x00, 0x00, 0x00, 0x00, 0x00, 0x00, 0x00, 0x00, 0x00, 0x00, 0x00, 0x00, 0x00, 0x00, 0x00, 0x00,
    0x00, 0x00, 0x00, 0x00, 0x00, 0x00, 0x00, 0x00, 0x00, 0x00, 0x00, 0x00, 0x00, 0x00, 0x00, 0x00,
    0x00, 0x00, 0x00, 0x00, 0x00, 0x00, 0x00, 0x00, 0x00, 0x00, 0x00, 0x00, 0x00, 0x00, 0x00, 0x00,
    0x00, 0x00, 0x00, 0x00, 0x00, 0x00, 0x00, 0x00, 0x00, 0x00, 0x00, 0x00, 0x00, 0x00, 0x00, 0x00,
    0x00, 0x00, 0x00, 0x00, 0x00, 0x00, 0x00, 0x00, 0x00, 0x00, 0x00, 0x00, 0x00, 0x00, 0x00, 0x00,
    0x00, 0x00, 0x00, 0x00, 0x00, 0x00, 0x00, 0x00, 0x00, 0x00, 0x00, 0x00, 0x00, 0x00, 0x00, 0x00,
    0x00, 0x00, 0x00, 0x00, 0x00, 0x00, 0x00, 0x00, 0x00, 0x00, 0x00, 0x00, 0x00, 0x00, 0x00, 0x00,
    0x00, 0x00, 0x00, 0x00, 0x00, 0x00, 0x00, 0x00, 0x00, 0x00, 0x00, 0x00, 0x00, 0x00, 0x00, 0x00,
    0x00, 0x00, 0x00, 0x00, 0x00, 0x00, 0x00, 0x00, 0x00, 0x00, 0x00, 0x00, 0x00, 0x00, 0x00, 0x00,
    0x00, 0x00, 0x00, 0x00, 0x00, 0x00, 0x00, 0x00, 0x00, 0x00, 0x00, 0x00, 0x00, 0x00, 0x00, 0x00,
    0x00, 0x00, 0x00, 0x00, 0x00, 0x00, 0x00, 0x00, 0x00, 0x00, 0x00, 0x00, 0x00, 0x00, 0x00, 0x00,
    0x00, 0x00, 0x00, 0x00, 0x00, 0x00, 0x00, 0x00, 0x00, 0x00, 0x00, 0x00, 0x00, 0x00, 0x00, 0x00,
    0x00, 0x00, 0x00, 0x00, 0x00, 0x00, 0x00, 0x00, 0x00, 0x00, 0x00, 0x00, 0x00, 0x00, 0x00, 0x00,
    0x00, 0x00, 0x00, 0x00, 0x00, 0x00, 0x00, 0x00, 0x00, 0x00, 0x00, 0x00, 0x00, 0x00, 0x00, 0x00,
    0x00, 0x00, 0x00, 0x00, 0x00, 0x00, 0x00, 0x00, 0x00, 0x00, 0x00, 0x00, 0x00, 0x00, 0x00, 0x00,
    0x00, 0x00, 0x00, 0x00, 0x00, 0x00, 0x00, 0x00, 0x00, 0x00, 0x00, 0x00, 0x00, 0x00, 0x00, 0x00,
    0x00, 0x00, 0x00, 0x00, 0x00, 0x00, 0x00, 0x00, 0x00, 0x00, 0x00, 0x00, 0x00, 0x00, 0x00, 0x00,
    0x00, 0x00, 0x00, 0x00, 0x00, 0x00, 0x00, 0x00, 0x00, 0x00, 0x00, 0x00, 0x00, 0x00, 0x00, 0x00,
    0x00, 0x00, 0x00, 0x00, 0x00, 0x00, 0x00, 0x00, 0x00, 0x00, 0x00, 0x00, 0x00, 0x00, 0x00, 0x00,
    0x00, 0x00, 0x00, 0x00, 0x00, 0x00, 0x00, 0x00, 0x00, 0x00, 0x00, 0x00, 0x00, 0x00, 0x00, 0x00,
    0x00, 0x00, 0x00, 0x00, 0x00, 0x00, 0x00, 0x00, 0x00, 0x00, 0x00, 0x00, 0x00, 0x00, 0x00, 0x00,
    0x00, 0x00, 0x00, 0x00, 0x00, 0x00, 0x00, 0x00, 0x00, 0x00, 0x00, 0x00, 0x00, 0x00, 0x00, 0x00,
    0x00, 0x00, 0x00, 0x00, 0x00, 0x00, 0x00, 0x00, 0x00, 0x00, 0x00, 0x00, 0x00, 0x00, 0x00, 0x00,
    0x00, 0x00, 0x00, 0x00, 0x00, 0x00, 0x00, 0x00, 0x00, 0x00, 0x00, 0x00, 0x00, 0x00, 0x00, 0x00,
    0x00, 0x00, 0x00, 0x00, 0x00, 0x00, 0x00, 0x00, 0x00, 0x00, 0x00, 0x00, 0x00, 0x00, 0x00, 0x00,
    0x00, 0x00, 0x00, 0x00, 0x00, 0x00, 0x00, 0x00, 0x00, 0x00, 0x00, 0x00, 0x00, 0x00, 0x00, 0x00,
    0x00, 0x00, 0x00, 0x00, 0x00, 0x00, 0x00, 0x00, 0x00, 0x00, 0x00, 0x00, 0x00, 0x00, 0x00, 0x00,
    0x00, 0x00, 0x00, 0x00, 0x00, 0x00, 0x00, 0x00, 0x00, 0x00, 0x00, 0x00, 0x00, 0x00, 0x00, 0x00,
    0x00, 0x00, 0x00, 0x00, 0x00, 0x00, 0x00, 0x00, 0x00, 0x00, 0x00, 0x00, 0x00, 0x00, 0x00, 0x00,
    0x00, 0x00, 0x00, 0x00, 0x00, 0x00, 0x00, 0x00, 0x00, 0x00, 0x00, 0x00, 0x00, 0x00, 0x00, 0x00,
    0x00, 0x00, 0x00, 0x00, 0x00, 0x00, 0x00, 0x00, 0x00, 0x00, 0x00, 0x00, 0x00, 0x00, 0x00, 0x00,
    0x00, 0x00, 0x00, 0x00, 0x00, 0x00, 0x00, 0x00, 0x00, 0x00, 0x00, 0x00, 0x00, 0x00, 0x00, 0x00,
    0x00, 0x00, 0x00, 0x00, 0x00, 0x00, 0x00, 0x00, 0x00, 0x00, 0x00, 0x00, 0x00, 0x00, 0x00, 0x00,
    0x00, 0x00, 0x00, 0x00, 0x00, 0x00, 0x00, 0x00, 0x00, 0x00, 0x00, 0x00, 0x00, 0x00, 0x00, 0x00,
    0x00, 0x00, 0x00, 0x00, 0x00, 0x00, 0x00, 0x00, 0x00, 0x00, 0x00, 0x00, 0x00, 0x00, 0x00, 0x00,
    0x00, 0x00, 0x00, 0x00, 0x00, 0x00, 0x00, 0x00, 0x00, 0x00, 0x00, 0x00, 0x00, 0x00, 0x00, 0x00,
    0x00, 0x00, 0x00, 0x00, 0x00, 0x00, 0x00, 0x00, 0x00, 0x00, 0x00, 0x00, 0x00, 0x00, 0x00, 0x00,
    0x00, 0x00, 0x00, 0x00, 0x00, 0x00, 0x00, 0x00, 0x00, 0x00, 0x00, 0x00, 0x00, 0x00, 0x00, 0x00,
    0x00, 0x00, 0x00, 0x00, 0x00, 0x00, 0x00, 0x00, 0x00, 0x00, 0x00, 0x00, 0x00, 0x00, 0x00, 0x00,
    0x00, 0x00, 0x00, 0x00, 0x00, 0x00, 0x00, 0x00, 0x00, 0x00, 0x00, 0x00, 0x00, 0x00, 0x00, 0x00,
    0x00, 0x00, 0x00, 0x00, 0x00, 0x00, 0x00, 0x00, 0x00, 0x00, 0x00, 0x00, 0x00, 0x00, 0x00, 0x00,
    0x00, 0x00, 0x00, 0x00, 0x00, 0x00, 0x00, 0x00, 0x00, 0x00, 0x00, 0x00, 0x00, 0x00, 0x00, 0x00,
    0x08, 0xff, 0x00, 0x01, 0x08, 0x1c, 0x48, 0xb0, 0x60, 0xc1, 0x01, 0x04, 0x0c, 0x2a, 0x5c, 0xc8,
    0xb0, 0xa1, 0xc3, 0x87, 0x10, 0x23, 0x46, 0x44, 0x28, 0xb1, 0xa2, 0xc2, 0x01, 0x0b, 0x1e, 0x3c,
    0x60, 0x50, 0xc0, 0xa2, 0xc7, 0x8f, 0x20, 0x43, 0x1e, 0xcc, 0xb8, 0xb1, 0xa3, 0xc8, 0x87, 0x03,
    0x1c, 0x68, 0x5c, 0x69, 0xe0, 0xa4, 0xcb, 0x97, 0x30, 0x53, 0xae, 0xd4, 0xd8, 0x12, 0xa6, 0x41,
    0x02, 0x2a, 0x67, 0x6a, 0x3c, 0x60, 0xb3, 0xa7, 0xcf, 0x87, 0x38, 0x75, 0xee, 0xfc, 0x09, 0xc0,
    0x80, 0xd0, 0x99, 0x09, 0x88, 0x2a, 0x25, 0x6a, 0xf4, 0xa8, 0xc6, 0xa4, 0x3d, 0x9b, 0x3a, 0x7d,
    0xba, 0xb4, 0xea, 0x4b, 0xa9, 0x53, 0xa1, 0x5e, 0x9d, 0xaa, 0x53, 0xab, 0xd5, 0xaf, 0x15, 0xb1,
    0x72, 0xf5, 0x1a, 0xf2, 0x00, 0x57, 0xa1, 0x09, 0x02, 0x80, 0x5d, 0xfb, 0xd0, 0xec, 0x59, 0xa4,
    0x6a, 0x43, 0x26, 0x70, 0x8a, 0x40, 0xec, 0x4a, 0x06, 0x71, 0xd9, 0xea, 0x25, 0x38, 0xf7, 0x68,
    0x5d, 0xa7, 0x78, 0x41, 0xf6, 0x45, 0x2b, 0xd0, 0xae, 0xc6, 0xc0, 0x7b, 0xf7, 0x0e, 0xee, 0x5a,
    0x18, 0x70, 0x5e, 0x89, 0x8b, 0x91, 0x12, 0x34, 0xbc, 0xf1, 0x71, 0x62, 0xab, 0x91, 0x57, 0x7a,
    0xa5, 0x8c, 0x18, 0x62, 0x80, 0xcc, 0x54, 0x0b, 0x72, 0x16, 0x70, 0xd9, 0xea, 0x67, 0xa7, 0x64,
    0x8b, 0x02, 0x26, 0xfd, 0x30, 0x00, 0x03, 0xa7, 0x35, 0x0d, 0xca, 0x14, 0xea, 0x60, 0x40, 0x69,
    0xa5, 0xae, 0x61, 0x2f, 0x9c, 0xad, 0xb3, 0xb6, 0xc3, 0xdc, 0x47, 0x63, 0x5f, 0xcc, 0xd9, 0xdb,
    0xf6, 0xed, 0x9e, 0xc0, 0x85, 0x0a, 0x97, 0x4d, 0x7c, 0xa6, 0xef, 0x85, 0xc9, 0x75, 0x2e, 0x1f,
    0x7e, 0xf4, 0xf9, 0x71, 0x97, 0xd1, 0x67, 0x4e, 0x67, 0x5e, 0xdd, 0x78, 0x41, 0x01, 0xaf, 0x83,
    0x4f, 0xff, 0x6c, 0xbe, 0xd2, 0x41, 0xc2, 0xeb, 0x22, 0xc1, 0xeb, 0x86, 0xc8, 0xdb, 0xf9, 0xf9,
    0x81, 0xed, 0xcb, 0x7b, 0xf7, 0x1c, 0x5e, 0x39, 0x7a, 0x90, 0xf1, 0x35, 0x5a, 0xa7, 0xbf, 0x1e,
    0x40, 0xfe, 0x07, 0xfb, 0x45, 0x94, 0x1d, 0x4b, 0xf7, 0x59, 0xf4, 0x5f, 0x80, 0xfc, 0x89, 0x17,
    0x00, 0x79, 0xfa, 0xcd, 0x57, 0xd1, 0x80, 0x1a, 0x39, 0x58, 0x20, 0x43, 0x0b, 0x76, 0x07, 0x12,
    0x84, 0x0f, 0x20, 0x64, 0x61, 0x48, 0x10, 0x22, 0x30, 0x21, 0x44, 0x04, 0x6c, 0x78, 0x61, 0x7d,
    0x33, 0x21, 0x30, 0x80, 0x50, 0x9d, 0x89, 0x94, 0x19, 0x4f, 0x1f, 0x3a, 0x74, 0xa2, 0x4e, 0x29,
    0xca, 0x25, 0x14, 0x4f, 0x24, 0x3a, 0xc0, 0xda, 0x4b, 0x35, 0xde, 0xd8, 0x22, 0x43, 0x39, 0xda,
    0xd4, 0x63, 0x00, 0x24, 0x35, 0x20, 0xa1, 0x48, 0x40, 0x6a, 0x24, 0xe4, 0x8e, 0xad, 0x05, 0x39,
    0x24, 0x87, 0x4a, 0x12, 0x84, 0x90, 0x65, 0x31, 0x11, 0x00, 0x25, 0x92, 0xbb, 0x49, 0x49, 0xd4,
    0x93, 0x54, 0x66, 0xa9, 0xe5, 0x96, 0x5c, 0x76, 0xe9, 0xe5, 0x97, 0x60, 0x86, 0x29, 0xe6, 0x98,
    0x64, 0x96, 0x09, 0x53, 0x00, 0x02, 0x20, 0x44, 0xc0, 0x9a, 0x03, 0x0c, 0x20, 0xc0, 0x94, 0x66,
    0x22, 0x97, 0xe6, 0x9a, 0x6c, 0xba, 0x09, 0x67, 0x43, 0x01, 0x0c, 0x50, 0x80, 0x01, 0x7c, 0xf6,
    0xe9, 0x67, 0x01, 0x04, 0xe8, 0x68, 0xd3, 0x00, 0x0a, 0x2c, 0x60, 0x52, 0x4f, 0x84, 0x1a, 0x4a,
    0x54, 0x9e, 0x7b, 0xfa, 0xe9, 0x28, 0xa0, 0x82, 0x36, 0x44, 0x00, 0x9f, 0x05, 0x54, 0x6a, 0xe9,
    0xa5, 0x95, 0xf2, 0x69, 0xa5, 0x4d, 0x02, 0x10, 0xb7, 0x5d, 0x48, 0xbc, 0x1d, 0x0a, 0xd3, 0xa4,
    0x06, 0x60, 0x6a, 0x6a, 0xa3, 0x9b, 0x4a, 0x5a, 0xea, 0xa9, 0xac, 0x96, 0x7a, 0xa7, 0x47, 0x08,
    0xe8, 0xfc, 0xb4, 0xe4, 0x40, 0x01, 0x18, 0x70, 0x40, 0xa4, 0x05, 0x05, 0xd0, 0xc0, 0x4c, 0x0b,
    0xf4, 0x34, 0x29, 0xab, 0xad, 0x16, 0xf0, 0xea, 0x00, 0xab, 0x02, 0x7b, 0x6a, 0xa9, 0x36, 0xb9,
    0x55, 0x1e, 0xae, 0x02, 0x0d, 0xb0, 0x2b, 0x80, 0x9f, 0x0a, 0x44, 0xe2, 0x03, 0xbd, 0xc6, 0x54,
    0xac, 0xb1, 0x98, 0x22, 0xcb, 0x10, 0xb6, 0xc6, 0x1a, 0xf0, 0xea, 0x83, 0xd3, 0xc6, 0xd8, 0x2c,
    0x79, 0x9f, 0x46, 0x86, 0x60, 0x48, 0xdc, 0x02, 0xeb, 0xed, 0xb6, 0xe9, 0xb2, 0xfa, 0x2d, 0xb8,
    0x3a, 0x55, 0x3b, 0x19, 0x83, 0x0f, 0x78, 0x58, 0x50, 0xac, 0xce, 0xcd, 0xfa, 0x51, 0xbb, 0xee,
    0x32, 0x44, 0x2c, 0xbf, 0x96, 0x1a, 0xf0, 0xde, 0x99, 0xd3, 0x6e, 0x36, 0xd6, 0x64, 0xc5, 0xf9,
    0xf4, 0x2f, 0xc0, 0x7b, 0x0e, 0x7c, 0xd1, 0xb5, 0xdc, 0x0a, 0x7c, 0x25, 0x79, 0x2c, 0x52, 0x26,
    0x99, 0x7f, 0xf6, 0xfd, 0xb4, 0x70, 0xbb, 0x12, 0x3f, 0x24, 0x40, 0xa3, 0xdd, 0x96, 0xaa, 0xef,
    0x49, 0x21, 0xea, 0x44, 0x40, 0x01, 0x42, 0x29, 0xa0, 0xac, 0x66, 0x9d, 0xea, 0x64, 0x2f, 0x51,
    0x1f, 0x53, 0xaa, 0xae, 0xc8, 0x15, 0x09, 0x70, 0x72, 0xa3, 0x7f, 0x42, 0xfa, 0xee, 0x49, 0x62,
    0x31, 0x08, 0x95, 0x5d, 0xe4, 0xa5, 0xf6, 0x93, 0xcd, 0x99, 0x3e, 0xaa, 0xf3, 0x85, 0x69, 0xb6,
    0x69, 0xa7, 0x5e, 0xf8, 0xa2, 0x86, 0xf0, 0x54, 0x0c, 0xe8, 0x85, 0xa6, 0xd2, 0x4b, 0xc7, 0x09,
    0x00, 0x68, 0x0f, 0xa4, 0xc6, 0xd9, 0xce, 0x56, 0x7f, 0x35, 0x20, 0x8b, 0x06, 0x15, 0x40, 0xde,
    0xb9, 0x5d, 0x5f, 0x56, 0x21, 0x81, 0xfe, 0x36, 0xe7, 0x70, 0xd9, 0xc7, 0x0d, 0xf0, 0x9a, 0x03,
    0xd1, 0xc2, 0xf7, 0x76, 0xdc, 0x6c, 0x5f, 0x96, 0x2a, 0x50, 0x5c, 0x17, 0x18, 0x10, 0x00, 0x21,
    0xf9, 0x04, 0x04, 0x04, 0x00, 0x00, 0x00, 0x2c, 0x15, 0x00, 0x1f, 0x00, 0x94, 0x00, 0x2f, 0x00,
    0x87, 0x00, 0x00, 0x00, 0x0d, 0x03, 0x03, 0x1a, 0x06, 0x06, 0x26, 0x09, 0x0a, 0x33, 0x0d, 0x0d,
    0x40, 0x10, 0x10, 0x4d, 0x13, 0x13, 0x5a, 0x16, 0x16, 0x66, 0x19, 0x1a, 0x73, 0x1c, 0x1d, 0x80,
    0x1f, 0x20, 0x8d, 0x22, 0x23, 0x9a, 0x26, 0x26, 0xa6, 0x29, 0x2a, 0xb3, 0x2c, 0x2d, 0xc0, 0x2f,
    0x30, 0x00, 0x00, 0x00, 0x00, 0x00, 0x00, 0x00, 0x00, 0x00, 0x00, 0x00, 0x00, 0x00, 0x00, 0x00,
    0x00, 0x00, 0x00, 0x00, 0x00, 0x00, 0x00, 0x00, 0x00, 0x00, 0x00, 0x00, 0x00, 0x00, 0x00, 0x00,
    0x00, 0x00, 0x00, 0x00, 0x00, 0x00, 0x00, 0x00, 0x00, 0x00, 0x00, 0x00, 0x00, 0x00, 0x00, 0x00,
    0x00, 0x00, 0x00, 0x00, 0x00, 0x00, 0x00, 0x00, 0x00, 0x00, 0x00, 0x00, 0x00, 0x00, 0x00, 0x00,
    0x00, 0x00, 0x00, 0x00, 0x00, 0x00, 0x00, 0x00, 0x00, 0x00, 0x00, 0x00, 0x00, 0x00, 0x00, 0x00,
    0x00, 0x00, 0x00, 0x00, 0x00, 0x00, 0x00, 0x00, 0x00, 0x00, 0x00, 0x00, 0x00, 0x00, 0x00, 0x00,
    0x00, 0x00, 0x00, 0x00, 0x00, 0x00, 0x00, 0x00, 0x00, 0x00, 0x00, 0x00, 0x00, 0x00, 0x00, 0x00,
    0x00, 0x00, 0x00, 0x00, 0x00, 0x00, 0x00, 0x00, 0x00, 0x00, 0x00, 0x00, 0x00, 0x00, 0x00, 0x00,
    0x00, 0x00, 0x00, 0x00, 0x00, 0x00, 0x00, 0x00, 0x00, 0x00, 0x00, 0x00, 0x00, 0x00, 0x00, 0x00,
    0x00, 0x00, 0x00, 0x00, 0x00, 0x00, 0x00, 0x00, 0x00, 0x00, 0x00, 0x00, 0x00, 0x00, 0x00, 0x00,
    0x00, 0x00, 0x00, 0x00, 0x00, 0x00, 0x00, 0x00, 0x00, 0x00, 0x00, 0x00, 0x00, 0x00, 0x00, 0x00,
    0x00, 0x00, 0x00, 0x00, 0x00, 0x00, 0x00, 0x00, 0x00, 0x00, 0x00, 0x00, 0x00, 0x00, 0x00, 0x00,
    0x00, 0x00, 0x00, 0x00, 0x00, 0x00, 0x00, 0x00, 0x00, 0x00, 0x00, 0x00, 0x00, 0x00, 0x00, 0x00,
    0x00, 0x00, 0x00, 0x00, 0x00, 0x00, 0x00, 0x00, 0x00, 0x00, 0x00, 0x00, 0x00, 0x00, 0x00, 0x00,
    0x00, 0x00, 0x00, 0x00, 0x00, 0x00, 0x00, 0x00, 0x00, 0x00, 0x00, 0x00, 0x00, 0x00, 0x00, 0x00,
    0x00, 0x00, 0x00, 0x00, 0x00, 0x00, 0x00, 0x00, 0x00, 0x00, 0x00, 0x00, 0x00, 0x00, 0x00, 0x00,
    0x00, 0x00, 0x00, 0x00, 0x00, 0x00, 0x00, 0x00, 0x00, 0x00, 0x00, 0x00, 0x00, 0x00, 0x00, 0x00,
    0x00, 0x00, 0x00, 0x00, 0x00, 0x00, 0x00, 0x00, 0x00, 0x00, 0x00, 0x00, 0x00, 0x00, 0x00, 0x00,
    0x00, 0x00, 0x00, 0x00, 0x00, 0x00, 0x00, 0x00, 0x00, 0x00, 0x00, 0x00, 0x00, 0x00, 0x00, 0x00,
    0x00, 0x00, 0x00, 0x00, 0x00, 0x00, 0x00, 0x00, 0x00, 0x00, 0x00, 0x00, 0x00, 0x00, 0x00, 0x00,
    0x00, 0x00, 0x00, 0x00, 0x00, 0x00, 0x00, 0x00, 0x00, 0x00, 0x00, 0x00, 0x00, 0x00, 0x00, 0x00,
    0x00, 0x00, 0x00, 0x00, 0x00, 0x00, 0x00, 0x00, 0x00, 0x00, 0x00, 0x00, 0x00, 0x00, 0x00, 0x00,
    0x00, 0x00, 0x00, 0x00, 0x00, 0x00, 0x00, 0x00, 0x00, 0x00, 0x00, 0x00, 0x00, 0x00, 0x00, 0x00,
    0x00, 0x00, 0x00, 0x00, 0x00, 0x00, 0x00, 0x00, 0x00, 0x00, 0x00, 0x00, 0x00, 0x00, 0x00, 0x00,
    0x00, 0x00, 0x00, 0x00, 0x00, 0x00, 0x00, 0x00, 0x00, 0x00, 0x00, 0x00, 0x00, 0x00, 0x00, 0x00,
    0x00, 0x00, 0x00, 0x00, 0x00, 0x00, 0x00, 0x00, 0x00, 0x00, 0x00, 0x00, 0x00, 0x00, 0x00, 0x00,
    0x00, 0x00, 0x00, 0x00, 0x00, 0x00, 0x00, 0x00, 0x00, 0x00, 0x00, 0x00, 0x00, 0x00, 0x00, 0x00,
    0x00, 0x00, 0x00, 0x00, 0x00, 0x00, 0x00, 0x00, 0x00, 0x00, 0x00, 0x00, 0x00, 0x00, 0x00, 0x00,
    0x00, 0x00, 0x00, 0x00, 0x00, 0x00, 0x00, 0x00, 0x00, 0x00, 0x00, 0x00, 0x00, 0x00, 0x00, 0x00,
    0x00, 0x00, 0x00, 0x00, 0x00, 0x00, 0x00, 0x00, 0x00, 0x00, 0x00, 0x00, 0x00, 0x00, 0x00, 0x00,
    0x00, 0x00, 0x00, 0x00, 0x00, 0x00, 0x00, 0x00, 0x00, 0x00, 0x00, 0x00, 0x00, 0x00, 0x00, 0x00,
    0x00, 0x00, 0x00, 0x00, 0x00, 0x00, 0x00, 0x00, 0x00, 0x00, 0x00, 0x00, 0x00, 0x00, 0x00, 0x00,
    0x00, 0x00, 0x00, 0x00, 0x00, 0x00, 0x00, 0x00, 0x00, 0x00, 0x00, 0x00, 0x00, 0x00, 0x00, 0x00,
    0x00, 0x00, 0x00, 0x00, 0x00, 0x00, 0x00, 0x00, 0x00, 0x00, 0x00, 0x00, 0x00, 0x00, 0x00, 0x00,
    0x00, 0x00, 0x00, 0x00, 0x00, 0x00, 0x00, 0x00, 0x00, 0x00, 0x00, 0x00, 0x00, 0x00, 0x00, 0x00,
    0x00, 0x00, 0x00, 0x00, 0x00, 0x00, 0x00, 0x00, 0x00, 0x00, 0x00, 0x00, 0x00, 0x00, 0x00, 0x00,
    0x00, 0x00, 0x00, 0x00, 0x00, 0x00, 0x00, 0x00, 0x00, 0x00, 0x00, 0x00, 0x00, 0x00, 0x00, 0x00,
    0x00, 0x00, 0x00, 0x00, 0x00, 0x00, 0x00, 0x00, 0x00, 0x00, 0x00, 0x00, 0x00, 0x00, 0x00, 0x00,
    0x00, 0x00, 0x00, 0x00, 0x00, 0x00, 0x00, 0x00, 0x00, 0x00, 0x00, 0x00, 0x00, 0x00, 0x00, 0x00,
    0x00, 0x00, 0x00, 0x00, 0x00, 0x00, 0x00, 0x00, 0x00, 0x00, 0x00, 0x00, 0x00, 0x00, 0x00, 0x00,
    0x00, 0x00, 0x00, 0x00, 0x00, 0x00, 0x00, 0x00, 0x00, 0x00, 0x00, 0x00, 0x00, 0x00, 0x00, 0x00,
    0x00, 0x00, 0x00, 0x00, 0x00, 0x00, 0x00, 0x00, 0x00, 0x00, 0x00, 0x00, 0x00, 0x00, 0x00, 0x00,
    0x00, 0x00, 0x00, 0x00, 0x00, 0x00, 0x00, 0x00, 0x00, 0x00, 0x00, 0x00, 0x00, 0x00, 0x00, 0x00,
    0x00, 0x00, 0x00, 0x00, 0x00, 0x00, 0x00, 0x00, 0x00, 0x00, 0x00, 0x00, 0x00, 0x00, 0x00, 0x00,
    0x00, 0x00, 0x00, 0x00, 0x00, 0x00, 0x00, 0x00, 0x00, 0x00, 0x00, 0x00, 0x00, 0x00, 0x00, 0x00,
    0x00, 0x08, 0xff, 0x00, 0x01, 0x08, 0x1c, 0x48, 0xb0, 0x60, 0xc1, 0x00, 0x01, 0x0c, 0x2a, 0x5c,
    0xc8, 0xb0, 0xa1, 0xc3, 0x87, 0x10, 0x23, 0x46, 0x44, 0x28, 0xb1, 0xa2, 0xc2, 0x00, 0x08, 0x1a,
    0x38, 0x48, 0x20, 0xc0, 0xa2, 0xc7, 0x8f, 0x20, 0x43, 0x1e, 0xcc, 0xb8, 0xb1, 0xa3, 0xc8, 0x87,
    0x01, 0x18, 0x3c, 0x58, 0xf9, 0xc0, 0xc1, 0x80, 0x93, 0x30, 0x63, 0xca, 0x4c, 0xc9, 0xb2, 0xe5,
    0x4b, 0x99, 0x06, 0x69, 0xd6, 0xb4, 0x89, 0xb3, 0xa7, 0x4f, 0x94, 0x2a, 0x77, 0xba, 0xfc, 0x09,
    0x60, 0x80, 0x83, 0x9d, 0x35, 0x0d, 0x10, 0x5d, 0x4a, 0xd4, 0x28, 0x52, 0x96, 0x4a, 0x7b, 0x3a,
    0x7d, 0x0a, 0x95, 0xa9, 0xd5, 0x98, 0x53, 0xa9, 0x3e, 0x88, 0x8a, 0xf5, 0xa8, 0xd6, 0xaa, 0x57,
    0xc3, 0x7a, 0xcc, 0xfa, 0x95, 0xab, 0x48, 0xb2, 0x5f, 0xb7, 0x8a, 0x5d, 0x0b, 0x11, 0x6d, 0xd9,
    0x93, 0x06, 0xa8, 0x2e, 0x48, 0x40, 0x35, 0x01, 0xdb, 0xbb, 0x0a, 0xe3, 0x3e, 0x9d, 0x5b, 0x37,
    0xa4, 0x5e, 0xa4, 0x0c, 0x12, 0xd2, 0x7d, 0x6a, 0x17, 0xaf, 0xe1, 0xbf, 0x3b, 0x03, 0x03, 0x18,
    0x8c, 0xb4, 0xb0, 0x45, 0xc4, 0x35, 0x15, 0x0b, 0x64, 0xbc, 0xd3, 0xb1, 0x61, 0xb1, 0x90, 0x59,
    0x4a, 0x5e, 0xdc, 0xb7, 0x62, 0xe6, 0x95, 0x9b, 0x27, 0x77, 0xbe, 0x7c, 0xf5, 0xf3, 0x83, 0xd0,
    0x9c, 0x09, 0x4b, 0xa4, 0x5c, 0x33, 0x41, 0x42, 0x83, 0x07, 0xa8, 0xa2, 0x26, 0xdd, 0x93, 0x35,
    0x4b, 0xd7, 0x0a, 0x63, 0x3f, 0x9d, 0x6d, 0xd0, 0xf6, 0x4a, 0xcb, 0x06, 0x4d, 0xf3, 0xa6, 0x7d,
    0xd2, 0xf7, 0x03, 0xe0, 0x05, 0x85, 0xbf, 0x5e, 0x68, 0x1c, 0x79, 0x70, 0xd9, 0xcb, 0x89, 0xc3,
    0x6c, 0xfe, 0x50, 0x39, 0xf3, 0xd1, 0x0e, 0xad, 0x4b, 0x2f, 0x8e, 0xbd, 0xa1, 0xf6, 0x81, 0x3a,
    0x91, 0x1e, 0xff, 0xa8, 0x48, 0xc0, 0xab, 0xd0, 0x9b, 0xdb, 0x3d, 0x86, 0xdf, 0x39, 0x5e, 0x62,
    0xf9, 0xa7, 0x43, 0x05, 0xae, 0x4f, 0x3a, 0xd6, 0x7c, 0xcd, 0xf8, 0xe9, 0x25, 0xce, 0x07, 0x5b,
    0xd1, 0x2d, 0x4f, 0x00, 0x41, 0x21, 0x65, 0x56, 0x7f, 0xf6, 0xb1, 0xe4, 0x80, 0x49, 0xf9, 0x41,
    0x14, 0xe0, 0x4e, 0x03, 0x4a, 0xe4, 0xdf, 0x81, 0x03, 0x50, 0xd5, 0x20, 0x81, 0x4f, 0xb5, 0x97,
    0xa0, 0x43, 0x11, 0x3e, 0x35, 0xa1, 0x83, 0x05, 0xae, 0x74, 0x00, 0x01, 0x48, 0x39, 0x40, 0x00,
    0x4c, 0x02, 0x2c, 0xb8, 0x12, 0x02, 0x17, 0x3e, 0x04, 0xa2, 0x50, 0x23, 0x9e, 0x54, 0x22, 0x52,
    0x08, 0x04, 0x50, 0x60, 0x8b, 0x30, 0xc9, 0xb8, 0x13, 0x7a, 0x29, 0x2e, 0x64, 0x63, 0x4d, 0x34,
    0x9e, 0xb4, 0x23, 0x4b, 0x2f, 0x65, 0xb5, 0x21, 0x48, 0x42, 0xe6, 0xf8, 0x50, 0x91, 0x38, 0x21,
    0x09, 0x80, 0x00, 0x07, 0x1c, 0x80, 0xa3, 0x4c, 0x4c, 0x3a, 0x69, 0x24, 0x44, 0x51, 0x3e, 0x19,
    0x53, 0x95, 0x53, 0x66, 0xa9, 0xe5, 0x96, 0x5c, 0x76, 0xe9, 0xe5, 0x97, 0x60, 0x86, 0x29, 0xe6,
    0x98, 0x64, 0x96, 0x89, 0x53, 0x00, 0x02, 0x0c, 0xa0, 0xe6, 0x00, 0x02, 0x44, 0x67, 0xa6, 0x55,
    0x68, 0xae, 0xc9, 0xa6, 0x9b, 0x15, 0x09, 0x40, 0x40, 0x01, 0x05, 0x18, 0xa0, 0xe7, 0x9e, 0x78,
    0x12, 0xd0, 0x26, 0x51, 0x01, 0x34, 0x89, 0xe0, 0x99, 0x82, 0x2e, 0x65, 0x27, 0x9e, 0x7b, 0xf2,
    0x59, 0x80, 0x9f, 0x74, 0x32, 0x24, 0x40, 0x9e, 0x06, 0xe0, 0x29, 0xe9, 0xa4, 0x90, 0x16, 0x60,
    0xa5, 0x8f, 0x41, 0xe1, 0x17, 0x93, 0x4e, 0x9a, 0x5e, 0x59, 0x29, 0xa5, 0x93, 0xea, 0x69, 0x69,
    0x5b, 0x91, 0x82, 0x6a, 0x2a, 0xa2, 0x3d, 0xc2, 0xa4, 0xdb, 0x4a, 0x0e, 0x34, 0x5a, 0x50, 0x9a,
    0x10, 0x2d, 0xf6, 0x50, 0xd3, 0x02, 0x52, 0x95, 0x7a, 0x2a, 0xa8, 0x06, 0xa4, 0x6a, 0xd0, 0x00,
    0xb6, 0xde, 0x8a, 0xab, 0xae, 0x21, 0x21, 0x90, 0x98, 0xab, 0x00, 0x04, 0xa0, 0x00, 0x68, 0x97,
    0x0e, 0xc4, 0x1a, 0xad, 0x32, 0xf1, 0xea, 0xeb, 0xa9, 0xb9, 0x36, 0xf4, 0xec, 0xb3, 0xc4, 0x5a,
    0x24, 0x40, 0x81, 0xce, 0x15, 0xbb, 0x60, 0xa7, 0x03, 0x65, 0x56, 0x00, 0x4e, 0xd3, 0xfa, 0x4a,
    0x6c, 0xb8, 0xd0, 0x56, 0x6b, 0x11, 0x5a, 0x28, 0x16, 0x34, 0x80, 0x89, 0x2d, 0x7d, 0x5b, 0x50,
    0x01, 0x02, 0xf6, 0x44, 0xae, 0xa9, 0x06, 0x10, 0xeb, 0xec, 0xbc, 0x88, 0xba, 0x9b, 0x64, 0x81,
    0x66, 0xf9, 0xb7, 0x52, 0xbf, 0xfc, 0xfa, 0x74, 0x2f, 0xbe, 0x91, 0x3a, 0x44, 0x40, 0xaf, 0xd3,
    0x46, 0x6a, 0xee, 0x47, 0xf0, 0xee, 0xd4, 0xa2, 0xbf, 0x60, 0xfd, 0x78, 0x22, 0x51, 0x07, 0x13,
    0x5c, 0xc0, 0xc2, 0x07, 0x23, 0x4c, 0x6f, 0xae, 0x0b, 0x83, 0xb4, 0x2a, 0xab, 0x02, 0x5c, 0x9b,
    0x98, 0xac, 0x0c, 0x02, 0xb8, 0x93, 0x02, 0x4c, 0x65, 0x9c, 0x30, 0xc7, 0x13, 0x0d, 0x00, 0x69,
    0xa2, 0x89, 0x2e, 0x3a, 0x28, 0x51, 0xac, 0x35, 0xd0, 0xc0, 0xb0, 0xa9, 0x45, 0x86, 0x33, 0x53,
    0x01, 0xb8, 0x0c, 0x33, 0xcc, 0x32, 0x7f, 0x14, 0x27, 0x01, 0x44, 0x13, 0xa0, 0xe6, 0x9f, 0x62,
    0x91, 0x0c, 0x9d, 0xb2, 0x5f, 0xb5, 0xba, 0xd6, 0xd0, 0x45, 0x1f, 0xdd, 0x71, 0x96, 0xfb, 0x81,
    0xe6, 0xa6, 0x71, 0xdc, 0xbe, 0x49, 0x9a, 0xc8, 0x3b, 0x2d, 0xd0, 0xa8, 0xb0, 0x48, 0xe9, 0xab,
    0xf5, 0x76, 0x19, 0xde, 0xe6, 0x1d, 0x7b, 0x63, 0x5f, 0xf8, 0x57, 0xb6, 0x04, 0xad, 0x9d, 0x76,
    0x8a, 0x4c, 0x02, 0xab, 0x50, 0xdc, 0x60, 0x06, 0x04, 0x00, 0x21, 0xf9, 0x04, 0x04, 0x0c, 0x00,
    0x00, 0x00, 0x2c, 0x15, 0x00, 0x1f, 0x00, 0x94, 0x00, 0x2f, 0x00, 0x87, 0x00, 0x00, 0x00, 0x0d,
    0x03, 0x03, 0x1a, 0x06, 0x06, 0x26, 0x09, 0x0a, 0x33, 0x0d, 0x0d, 0x40, 0x10, 0x10, 0x4d, 0x13,
    0x13, 0x5a, 0x16, 0x16, 0x66, 0x19, 0x1a, 0x73, 0x1c, 0x1d, 0x80, 0x1f, 0x20, 0x8d, 0x22, 0x23,
    0x9a, 0x26, 0x26, 0xa6, 0x29, 0x2a, 0xb3, 0x2c, 0x2d, 0xc0, 0x2f, 0x30, 0x00, 0x00, 0x00, 0x00,
    0x00, 0x00, 0x00, 0x00, 0x00, 0x00, 0x00, 0x00, 0x00, 0x00, 0x00, 0x00, 0x00, 0x00, 0x00, 0x00,
    0x00, 0x00, 0x00, 0x00, 0x00, 0x00, 0x00, 0x00, 0x00, 0x00, 0x00, 0x00, 0x00, 0x00, 0x00, 0x00,
    0x00, 0x00, 0x00, 0x00, 0x00, 0x00, 0x00, 0x00, 0x00, 0x00, 0x00, 0x00, 0x00, 0x00, 0x00, 0x00,
    0x00, 0x00, 0x00, 0x00, 0x00, 0x00, 0x00, 0x00, 0x00, 0x00, 0x00, 0x00, 0x00, 0x00, 0x00, 0x00,
    0x00, 0x00, 0x00, 0x00, 0x00, 0x00, 0x00, 0x00, 0x00, 0x00, 0x00, 0x00, 0x00, 0x00, 0x00, 0x00,
    0x00, 0x00, 0x00, 0x00, 0x00, 0x00, 0x00, 0x00, 0x00, 0x00, 0x00, 0x00, 0x00, 0x00, 0x00, 0x00,
    0x00, 0x00, 0x00, 0x00, 0x00, 0x00, 0x00, 0x00, 0x00, 0x00, 0x00, 0x00, 0x00, 0x00, 0x00, 0x00,
    0x00, 0x00, 0x00, 0x00, 0x00, 0x00, 0x00, 0x00, 0x00, 0x00, 0x00, 0x00, 0x00, 0x00, 0x00, 0x00,
    0x00, 0x00, 0x00, 0x00, 0x00, 0x00, 0x00, 0x00, 0x00, 0x00, 0x00, 0x00, 0x00, 0x00, 0x00, 0x00,
    0x00, 0x00, 0x00, 0x00, 0x00, 0x00, 0x00, 0x00, 0x00, 0x00, 0x00, 0x00, 0x00, 0x00, 0x00, 0x00,
    0x00, 0x00, 0x00, 0x00, 0x00, 0x00, 0x00, 0x00, 0x00, 0x00, 0x00, 0x00, 0x00, 0x00, 0x00, 0x00,
    0x00, 0x00, 0x00, 0x00, 0x00, 0x00, 0x00, 0x00, 0x00, 0x00, 0x00, 0x00, 0x00, 0x00, 0x00, 0x00,
    0x00, 0x00, 0x00, 0x00, 0x00, 0x00, 0x00, 0x00, 0x00, 0x00, 0x00, 0x00, 0x00, 0x00, 0x00, 0x00,
    0x00, 0x00, 0x00, 0x00, 0x00, 0x00, 0x00, 0x00, 0x00, 0x00, 0x00, 0x00, 0x00, 0x00, 0x00, 0x00,
    0x00, 0x00, 0x00, 0x00, 0x00, 0x00, 0x00, 0x00, 0x00, 0x00, 0x00, 0x00, 0x00, 0x00, 0x00, 0x00,
    0x00, 0x00, 0x00, 0x00, 0x00, 0x00, 0x00, 0x00, 0x00, 0x00, 0x00, 0x00, 0x00, 0x00, 0x00, 0x00,
    0x00, 0x00, 0x00, 0x00, 0x00, 0x00, 0x00, 0x00, 0x00, 0x00, 0x00, 0x00, 0x00, 0x00, 0x00, 0x00,
    0x00, 0x00, 0x00, 0x00, 0x00, 0x00, 0x00, 0x00, 0x00, 0x00, 0x00, 0x00, 0x00, 0x00, 0x00, 0x00,
    0x00, 0x00, 0x00, 0x00, 0x00, 0x00, 0x00, 0x00, 0x00, 0x00, 0x00, 0x00, 0x00, 0x00, 0x00, 0x00,
    0x00, 0x00, 0x00, 0x00, 0x00, 0x00, 0x00, 0x00, 0x00, 0x00, 0x00, 0x00, 0x00, 0x00, 0x00, 0x00,
    0x00, 0x00, 0x00, 0x00, 0x00, 0x00, 0x00, 0x00, 0x00, 0x00, 0x00, 0x00, 0x00, 0x00, 0x00, 0x00,
    0x00, 0x00, 0x00, 0x00, 0x00, 0x00, 0x00, 0x00, 0x00, 0x00, 0x00, 0x00, 0x00, 0x00, 0x00, 0x00,
    0x00, 0x00, 0x00, 0x00, 0x00, 0x00, 0x00, 0x00, 0x00, 0x00, 0x00, 0x00, 0x00, 0x00, 0x00, 0x00,
    0x00, 0x00, 0x00, 0x00, 0x00, 0x00, 0x00, 0x00, 0x00, 0x00, 0x00, 0x00, 0x00, 0x00, 0x00, 0x00,
    0x00, 0x00, 0x00, 0x00, 0x00, 0x00, 0x00, 0x00, 0x00, 0x00, 0x00, 0x00, 0x00, 0x00, 0x00, 0x00,
    0x00, 0x00, 0x00, 0x00, 0x00, 0x00, 0x00, 0x00, 0x00, 0x00, 0x00, 0x00, 0x00, 0x00, 0x00, 0x00,
    0x00, 0x00, 0x00, 0x00, 0x00, 0x00, 0x00, 0x00, 0x00, 0x00, 0x00, 0x00, 0x00, 0x00, 0x00, 0x00,
    0x00, 0x00, 0x00, 0x00, 0x00, 0x00, 0x00, 0x00, 0x00, 0x00, 0x00, 0x00, 0x00, 0x00, 0x00, 0x00,
    0x00, 0x00, 0x00, 0x00, 0x00, 0x00, 0x00, 0x00, 0x00, 0x00, 0x00, 0x00, 0x00, 0x00, 0x00, 0x00,
    0x00, 0x00, 0x00, 0x00, 0x00, 0x00, 0x00, 0x00, 0x00, 0x00, 0x00, 0x00, 0x00, 0x00, 0x00, 0x00,
    0x00, 0x00, 0x00, 0x00, 0x00, 0x00, 0x00, 0x00, 0x00, 0x00, 0x00, 0x00, 0x00, 0x00, 0x00, 0x00,
    0x00, 0x00, 0x00, 0x00, 0x00, 0x00, 0x00, 0x00, 0x00, 0x00, 0x00, 0x00, 0x00, 0x00, 0x00, 0x00,
    0x00, 0x00, 0x00, 0x00, 0x00, 0x00, 0x00, 0x00, 0x00, 0x00, 0x00, 0x00, 0x00, 0x00, 0x00, 0x00,
    0x00, 0x00, 0x00, 0x00, 0x00, 0x00, 0x00, 0x00, 0x00, 0x00, 0x00, 0x00, 0x00, 0x00, 0x00, 0x00,
    0x00, 0x00, 0x00, 0x00, 0x00, 0x00, 0x00, 0x00, 0x00, 0x00, 0x00, 0x00, 0x00, 0x00, 0x00, 0x00,
    0x00, 0x00, 0x00, 0x00, 0x00, 0x00, 0x00, 0x00, 0x00, 0x00, 0x00, 0x00, 0x00, 0x00, 0x00, 0x00,
    0x00, 0x00, 0x00, 0x00, 0x00, 0x00, 0x00, 0x00, 0x00, 0x00, 0x00, 0x00, 0x00, 0x00, 0x00, 0x00,
    0x00, 0x00, 0x00, 0x00, 0x00, 0x00, 0x00, 0x00, 0x00, 0x00, 0x00, 0x00, 0x00, 0x00, 0x00, 0x00,
    0x00, 0x00, 0x00, 0x00, 0x00, 0x00, 0x00, 0x00, 0x00, 0x00, 0x00, 0x00, 0x00, 0x00, 0x00, 0x00,
    0x00, 0x00, 0x00, 0x00, 0x00, 0x00, 0x00, 0x00, 0x00, 0x00, 0x00, 0x00, 0x00, 0x00, 0x00, 0x00,
    0x00, 0x00, 0x00, 0x00, 0x00, 0x00, 0x00, 0x00, 0x00, 0x00, 0x00, 0x00, 0x00, 0x00, 0x00, 0x00,
    0x00, 0x00, 0x00, 0x00, 0x00, 0x00, 0x00, 0x00, 0x00, 0x00, 0x00, 0x00, 0x00, 0x00, 0x00, 0x00,
    0x00, 0x00, 0x00, 0x00, 0x00, 0x00, 0x00, 0x00, 0x00, 0x00, 0x00, 0x00, 0x00, 0x00, 0x00, 0x00,
    0x00, 0x00, 0x00, 0x00, 0x00, 0x00, 0x00, 0x00, 0x00, 0x00, 0x00, 0x00, 0x00, 0x00, 0x00, 0x00,
    0x00, 0x00, 0x00, 0x00, 0x00, 0x00, 0x00, 0x00, 0x00, 0x00, 0x00, 0x00, 0x08, 0xff, 0x00, 0x01,
    0x08, 0x1c, 0x48, 0xb0, 0x60, 0xc1, 0x01, 0x04, 0x0c, 0x2a, 0x5c, 0xc8, 0xb0, 0xa1, 0xc3, 0x87,
    0x10, 0x23, 0x46, 0x44, 0x28, 0xb1, 0xa2, 0xc2, 0x01, 0x0b, 0x1e, 0x3c, 0x60, 0x50, 0xc0, 0xa2,
    0xc7, 0x8f, 0x20, 0x43, 0x1e, 0xcc, 0xb8, 0xb1, 0xa3, 0xc8, 0x87, 0x03, 0x1c, 0x68, 0x5c, 0x69,
    0xe0, 0xa4, 0xcb, 0x97, 0x30, 0x53, 0xae, 0xd4, 0xd8, 0x12, 0xa6, 0x41, 0x02, 0x2a, 0x67, 0x6a,
    0x3c, 0x60, 0xb3, 0xa7, 0xcf, 0x87, 0x38, 0x75, 0xee, 0xfc, 0x09, 0xc0, 0x80, 0xd0, 0x99, 0x09,
    0x88, 0x2a, 0x25, 0x6a, 0xf4, 0xa8, 0xc6, 0xa4, 0x3d, 0x9b, 0x3a, 0x7d, 0xba, 0xb4, 0xea, 0x4b,
    0xa9, 0x53, 0xa1, 0x5e, 0x9d, 0xaa, 0x53, 0xab, 0xd5, 0xaf, 0x15, 0xb1, 0x72, 0xf5, 0x1a, 0xf2,
    0x00, 0x57, 0xa1, 0x09, 0x02, 0x80, 0x5d, 0xfb, 0xd0, 0xec, 0x59, 0xa4, 0x6a, 0x43, 0x26, 0x70,
    0x8a, 0x40, 0xec, 0x4a, 0x06, 0x71, 0xd9, 0xea, 0x25, 0x38, 0xf7, 0x68, 0x5d, 0xa7, 0x78, 0x41,
    0xf6, 0x45, 0x2b, 0xd0, 0xae, 0xc6, 0xc0, 0x7b, 0xf7, 0x0e, 0xee, 0x5a, 0x18, 0x70, 0x5e, 0x89,
    0x8b, 0x91, 0x12, 0x34, 0xbc, 0xf1, 0x71, 0x62, 0xab, 0x91, 0x57, 0x7a, 0xa5, 0x8c, 0x18, 0x62,
    0x80, 0xcc, 0x54, 0x0b, 0x72, 0x16, 0x70, 0xd9, 0xea, 0x67, 0xa7, 0x64, 0x8b, 0x02, 0x26, 0xfd,
    0x30, 0x00, 0x03, 0xa7, 0x35, 0x0d, 0xca, 0x14, 0xea, 0x60, 0x40, 0x69, 0xa5, 0xae, 0x61, 0x2f,
    0x9c, 0xad, 0xb3, 0xb6, 0xc3, 0xdc, 0x47, 0x63, 0x5f, 0xcc, 0xd9, 0xdb, 0xf6, 0xed, 0x9e, 0xc0,
    0x85, 0x0a, 0x97, 0x4d, 0x7c, 0xa6, 0xef, 0x85, 0xc9, 0x75, 0x2e, 0x1f, 0x7e, 0xf4, 0xf9, 0x71,
    0x97, 0xd1, 0x67, 0x4e, 0x67, 0x5e, 0xdd, 0x78, 0x41, 0x01, 0xaf, 0x83, 0x4f, 0xff, 0x6c, 0xbe,
    0xd2, 0x41, 0xc2, 0xeb, 0x22, 0xc1, 0xeb, 0x86, 0xc8, 0xdb, 0xf9, 0xf9, 0x81, 0xed, 0xcb, 0x7b,
    0xf7, 0x1c, 0x5e, 0x39, 0x7a, 0x90, 0xf1, 0x35, 0x5a, 0xa7, 0xbf, 0x1e, 0x40, 0xfe, 0x07, 0xfb,
    0x45, 0x94, 0x1d, 0x4b, 0xf7, 0x59, 0xf4, 0x5f, 0x80, 0xfc, 0x89, 0x17, 0x00, 0x79, 0xfa, 0xcd,
    0x57, 0xd1, 0x80, 0x1a, 0x39, 0x58, 0x20, 0x43, 0x0b, 0x76, 0x07, 0x12, 0x84, 0x0f, 0x20, 0x64,
    0x61, 0x48, 0x10, 0x22, 0x30, 0x21, 0x44, 0x04, 0x6c, 0x78, 0x61, 0x7d, 0x33, 0x21, 0x30, 0x80,
    0x50, 0x9d, 0x89, 0x94, 0x19, 0x4f, 0x1f, 0x3a, 0x74, 0xa2, 0x4e, 0x29, 0xca, 0x25, 0x14, 0x4f,
    0x24, 0x3a, 0xc0, 0xda, 0x4b, 0x35, 0xde, 0xd8, 0x22, 0x43, 0x39, 0xda, 0xd4, 0x63, 0x00, 0x24,
    0x35, 0x20, 0xa1, 0x48, 0x40, 0x6a, 0x24, 0xe4, 0x8e, 0xad, 0x05, 0x39, 0x24, 0x87, 0x4a, 0x12,
    0x84, 0x90, 0x65, 0x31, 0x11, 0x00, 0x25, 0x92, 0xbb, 0x49, 0x49, 0xd4, 0x93, 0x54, 0x66, 0xa9,
    0xe5, 0x96, 0x5c, 0x76, 0xe9, 0xe5, 0x97, 0x60, 0x86, 0x29, 0xe6, 0x98, 0x64, 0x96, 0x09, 0x53,
    0x00, 0x02, 0x20, 0x44, 0xc0, 0x9a, 0x03, 0x0c, 0x20, 0xc0, 0x94, 0x66, 0x22, 0x97, 0xe6, 0x9a,
    0x6c, 0xba, 0x09, 0x67, 0x43, 0x01, 0x0c, 0x50, 0x80, 0x01, 0x7c, 0xf6, 0xe9, 0x67, 0x01, 0x04,
    0xe8, 0x68, 0xd3, 0x00, 0x0a, 0x2c, 0x60, 0x52, 0x4f, 0x84, 0x1a, 0x4a, 0x54, 0x9e, 0x7b, 0xfa,
    0xe9, 0x28, 0xa0, 0x82, 0x36, 0x44, 0x00, 0x9f, 0x05, 0x54, 0x6a, 0xe9, 0xa5, 0x95, 0xf2, 0x69,
    0xa5, 0x4d, 0x02, 0x10, 0xb7, 0x5d, 0x48, 0xbc, 0x1d, 0x0a, 0xd3, 0xa4, 0x06, 0x60, 0x6a, 0x6a,
    0xa3, 0x9b, 0x4a, 0x5a, 0xea, 0xa9, 0xac, 0x96, 0x7a, 0xa7, 0x47, 0x08, 0xe8, 0xfc, 0xb4, 0xe4,
    0x40, 0x01, 0x18, 0x70, 0x40, 0xa4, 0x05, 0x05, 0xd0, 0xc0, 0x4c, 0x0b, 0xf4, 0x34, 0x29, 0xab,
    0xad, 0x16, 0xf0, 0xea, 0x00, 0xab, 0x02, 0x7b, 0x6a, 0xa9, 0x36, 0xb9, 0x55, 0x1e, 0xae, 0x02,
    0x0d, 0xb0, 0x2b, 0x80, 0x9f, 0x0a, 0x44, 0xe2, 0x03, 0xbd, 0xc6, 0x54, 0xac, 0xb1, 0x98, 0x22,
    0xcb, 0x10, 0xb6, 0xc6, 0x1a, 0xf0, 0xea, 0x83, 0xd3, 0xc6, 0xd8, 0x2c, 0x79, 0x9f, 0x46, 0x86,
    0x60, 0x48, 0xdc, 0x02, 0xeb, 0xed, 0xb6, 0xe9, 0xb2, 0xfa, 0x2d, 0xb8, 0x3a, 0x55, 0x3b, 0x19,
    0x83, 0x0f, 0x78, 0x58, 0x50, 0xac, 0xce, 0xcd, 0xfa, 0x51, 0xbb, 0xee, 0x32, 0x44, 0x2c, 0xbf,
    0x96, 0x1a, 0xf0, 0xde, 0x99, 0xd3, 0x6e, 0x36, 0xd6, 0x64, 0xc5, 0xf9, 0xf4, 0x2f, 0xc0, 0x7b,
    0x0e, 0x7c, 0xd1, 0xb5, 0xdc, 0x0a, 0x7c, 0x25, 0x79, 0x2c, 0x52, 0x26, 0x99, 0x7f, 0xf6, 0xfd,
    0xb4, 0x70, 0xbb, 0x12, 0x3f, 0x24, 0x40, 0xa3, 0xdd, 0x96, 0xaa, 0xef, 0x49, 0x21, 0xea, 0x44,
    0x40, 0x01, 0x42, 0x29, 0xa0, 0xac, 0x66, 0x9d, 0xea, 0x64, 0x2f, 0x51, 0x1f, 0x53, 0xaa, 0xae,
    0xc8, 0x15, 0x09, 0x70, 0x72, 0xa3, 0x7f, 0x42, 0xfa, 0xee, 0x49, 0x62, 0x31, 0x08, 0x95, 0x5d,
    0xe4, 0xa5, 0xf6, 0x93, 0xcd, 0x99, 0x3e, 0xaa, 0xf3, 0x85, 0x69, 0xb6, 0x69, 0xa7, 0x5e, 0xf8,
    0xa2, 0x86, 0xf0, 0x54, 0x0c, 0xe8, 0x85, 0xa6, 0xd2, 0x4b, 0xc7, 0x09, 0x00, 0x68, 0x0f, 0xa4,
    0xc6, 0xd9, 0xce, 0x56, 0x7f, 0x35, 0x20, 0x8b, 0x06, 0x15, 0x40, 0xde, 0xb9, 0x5d, 0x5f, 0x56,
    0x21, 0x81, 0xfe, 0x36, 0xe7, 0x70, 0xd9, 0xc7, 0x0d, 0xf0, 0x9a, 0x03, 0xd1, 0xc2, 0xf7, 0x76,
    0xdc, 0x6c, 0x5f, 0x96, 0x2a, 0x50, 0x5c, 0x17, 0x18, 0x10, 0x00, 0x21, 0xf9, 0x04, 0x04, 0x08,
    0x00, 0x00, 0x00, 0x2c, 0x15, 0x00, 0x1f, 0x00, 0x94, 0x00, 0x2f, 0x00, 0x87, 0x00, 0x00, 0x00,
    0x0d, 0x03, 0x03, 0x1a, 0x06, 0x06, 0x26, 0x09, 0x0a, 0x33, 0x0d, 0x0d, 0x40, 0x10, 0x10, 0x4d,
    0x13, 0x13, 0x5a, 0x16, 0x16, 0x66, 0x19, 0x1a, 0x73, 0x1c, 0x1d, 0x80, 0x1f, 0x20, 0x8d, 0x22,
    0x23, 0x9a, 0x26, 0x26, 0xa6, 0x29, 0x2a, 0xb3, 0x2c, 0x2d, 0xc0, 0x2f, 0x30, 0x00, 0x00, 0x00,
    0x00, 0x00, 0x00, 0x00, 0x00, 0x00, 0x00, 0x00, 0x00, 0x00, 0x00, 0x00, 0x00, 0x00, 0x00, 0x00,
    0x00, 0x00, 0x00, 0x00, 0x00, 0x00, 0x00, 0x00, 0x00, 0x00, 0x00, 0x00, 0x00, 0x00, 0x00, 0x00,
    0x00, 0x00, 0x00, 0x00, 0x00, 0x00, 0x00, 0x00, 0x00, 0x00, 0x00, 0x00, 0x00, 0x00, 0x00, 0x00,
    0x00, 0x00, 0x00, 0x00, 0x00, 0x00, 0x00, 0x00, 0x00, 0x00, 0x00, 0x00, 0x00, 0x00, 0x00, 0x00,
    0x00, 0x00, 0x00, 0x00, 0x00, 0x00, 0x00, 0x00, 0x00, 0x00, 0x00, 0x00, 0x00, 0x00, 0x00, 0x00,
    0x00, 0x00, 0x00, 0x00, 0x00, 0x00, 0x00, 0x00, 0x00, 0x00, 0x00, 0x00, 0x00, 0x00, 0x00, 0x00,
    0x00, 0x00, 0x00, 0x00, 0x00, 0x00, 0x00, 0x00, 0x00, 0x00, 0x00, 0x00, 0x00, 0x00, 0x00, 0x00,
    0x00, 0x00, 0x00, 0x00, 0x00, 0x00, 0x00, 0x00, 0x00, 0x00, 0x00, 0x00, 0x00, 0x00, 0x00, 0x00,
    0x00, 0x00, 0x00, 0x00, 0x00, 0x00, 0x00, 0x00, 0x00, 0x00, 0x00, 0x00, 0x00, 0x00, 0x00, 0x00,
    0x00, 0x00, 0x00, 0x00, 0x00, 0x00, 0x00, 0x00, 0x00, 0x00, 0x00, 0x00, 0x00, 0x00, 0x00, 0x00,
    0x00, 0x00, 0x00, 0x00, 0x00, 0x00, 0x00, 0x00, 0x00, 0x00, 0x00, 0x00, 0x00, 0x00, 0x00, 0x00,
    0x00, 0x00, 0x00, 0x00, 0x00, 0x00, 0x00, 0x00, 0x00, 0x00, 0x00, 0x00, 0x00, 0x00, 0x00, 0x00,
    0x00, 0x00, 0x00, 0x00, 0x00, 0x00, 0x00, 0x00, 0x00, 0x00, 0x00, 0x00, 0x00, 0x00, 0x00, 0x00,
    0x00, 0x00, 0x00, 0x00, 0x00, 0x00, 0x00, 0x00, 0x00, 0x00, 0x00, 0x00, 0x00, 0x00, 0x00, 0x00,
    0x00, 0x00, 0x00, 0x00, 0x00, 0x00, 0x00, 0x00, 0x00, 0x00, 0x00, 0x00, 0x00, 0x00, 0x00, 0x00,
    0x00, 0x00, 0x00, 0x00, 0x00, 0x00, 0x00, 0x00, 0x00, 0x00, 0x00, 0x00, 0x00, 0x00, 0x00, 0x00,
    0x00, 0x00, 0x00, 0x00, 0x00, 0x00, 0x00, 0x00, 0x00, 0x00, 0x00, 0x00, 0x00, 0x00, 0x00, 0x00,
    0x00, 0x00, 0x00, 0x00, 0x00, 0x00, 0x00, 0x00, 0x00, 0x00, 0x00, 0x00, 0x00, 0x00, 0x00, 0x00,
    0x00, 0x00, 0x00, 0x00, 0x00, 0x00, 0x00, 0x00, 0x00, 0x00, 0x00, 0x00, 0x00, 0x00, 0x00, 0x00,
    0x00, 0x00, 0x00, 0x00, 0x00, 0x00, 0x00, 0x00, 0x00, 0x00, 0x00, 0x00, 0x00, 0x00, 0x00, 0x00,
    0x00, 0x00, 0x00, 0x00, 0x00, 0x00, 0x00, 0x00, 0x00, 0x00, 0x00, 0x00, 0x00, 0x00, 0x00, 0x00,
    0x00, 0x00, 0x00, 0x00, 0x00, 0x00, 0x00, 0x00, 0x00, 0x00, 0x00, 0x00, 0x00, 0x00, 0x00, 0x00,
    0x00, 0x00, 0x00, 0x00, 0x00, 0x00, 0x00, 0x00, 0x00, 0x00, 0x00, 0x00, 0x00, 0x00, 0x00, 0x00,
    0x00, 0x00, 0x00, 0x00, 0x00, 0x00, 0x00, 0x00, 0x00, 0x00, 0x00, 0x00, 0x00, 0x00, 0x00, 0x00,
    0x00, 0x00, 0x00, 0x00, 0x00, 0x00, 0x00, 0x00, 0x00, 0x00, 0x00, 0x00, 0x00, 0x00, 0x00, 0x00,
    0x00, 0x00, 0x00, 0x00, 0x00, 0x00, 0x00, 0x00, 0x00, 0x00, 0x00, 0x00, 0x00, 0x00, 0x00, 0x00,
    0x00, 0x00, 0x00, 0x00, 0x00, 0x00, 0x00, 0x00, 0x00, 0x00, 0x00, 0x00, 0x00, 0x00, 0x00, 0x00,
    0x00, 0x00, 0x00, 0x00, 0x00, 0x00, 0x00, 0x00, 0x00, 0x00, 0x00, 0x00, 0x00, 0x00, 0x00, 0x00,
    0x00, 0x00, 0x00, 0x00, 0x00, 0x00, 0x00, 0x00, 0x00, 0x00, 0x00, 0x00, 0x00, 0x00, 0x00, 0x00,
    0x00, 0x00, 0x00, 0x00, 0x00, 0x00, 0x00, 0x00, 0x00, 0x00, 0x00, 0x00, 0x00, 0x00, 0x00, 0x00,
    0x00, 0x00, 0x00, 0x00, 0x00, 0x00, 0x00, 0x00, 0x00, 0x00, 0x00, 0x00, 0x00, 0x00, 0x00, 0x00,
    0x00, 0x00, 0x00, 0x00, 0x00, 0x00, 0x00, 0x00, 0x00, 0x00, 0x00, 0x00, 0x00, 0x00, 0x00, 0x00,
    0x00, 0x00, 0x00, 0x00, 0x00, 0x00, 0x00, 0x00, 0x00, 0x00, 0x00, 0x00, 0x00, 0x00, 0x00, 0x00,
    0x00, 0x00, 0x00, 0x00, 0x00, 0x00, 0x00, 0x00, 0x00, 0x00, 0x00, 0x00, 0x00, 0x00, 0x00, 0x00,
    0x00, 0x00, 0x00, 0x00, 0x00, 0x00, 0x00, 0x00, 0x00, 0x00, 0x00, 0x00, 0x00, 0x00, 0x00, 0x00,
    0x00, 0x00, 0x00, 0x00, 0x00, 0x00, 0x00, 0x00, 0x00, 0x00, 0x00, 0x00, 0x00, 0x00, 0x00, 0x00,
    0x00, 0x00, 0x00, 0x00, 0x00, 0x00, 0x00, 0x00, 0x00, 0x00, 0x00, 0x00, 0x00, 0x00, 0x00, 0x00,
    0x00, 0x00, 0x00, 0x00, 0x00, 0x00, 0x00, 0x00, 0x00, 0x00, 0x00, 0x00, 0x00, 0x00, 0x00, 0x00,
    0x00, 0x00, 0x00, 0x00, 0x00, 0x00, 0x00, 0x00, 0x00, 0x00, 0x00, 0x00, 0x00, 0x00, 0x00, 0x00,
    0x00, 0x00, 0x00, 0x00, 0x00, 0x00, 0x00, 0x00, 0x00, 0x00, 0x00, 0x00, 0x00, 0x00, 0x00, 0x00,
    0x00, 0x00, 0x00, 0x00, 0x00, 0x00, 0x00, 0x00, 0x00, 0x00, 0x00, 0x00, 0x00, 0x00, 0x00, 0x00,
    0x00, 0x00, 0x00, 0x00, 0x00, 0x00, 0x00, 0x00, 0x00, 0x00, 0x00, 0x00, 0x00, 0x00, 0x00, 0x00,
    0x00, 0x00, 0x00, 0x00, 0x00, 0x00, 0x00, 0x00, 0x00, 0x00, 0x00, 0x00, 0x00, 0x00, 0x00, 0x00,
    0x00, 0x00, 0x00, 0x00, 0x00, 0x00, 0x00, 0x00, 0x00, 0x00, 0x00, 0x00, 0x00, 0x00, 0x00, 0x00,
    0x00, 0x00, 0x00, 0x00, 0x00, 0x00, 0x00, 0x00, 0x00, 0x00, 0x00, 0x00, 0x00, 0x08, 0xff, 0x00,
    0x01, 0x08, 0x1c, 0x48, 0xb0, 0x20, 0xc1, 0x00, 0x07, 0x0e, 0x08, 0x30, 0xc8, 0xb0, 0xa1, 0xc3,
    0x87, 0x10, 0x23, 0x4a, 0x9c, 0x18, 0x11, 0xa1, 0x42, 0x8a, 0x18, 0x0d, 0x1a, 0x70, 0xf0, 0xa0,
    0x23, 0x82, 0x8c, 0x20, 0x43, 0x8a, 0x1c, 0x59, 0x70, 0x63, 0xc7, 0x07, 0x1f, 0x49, 0x46, 0x34,
    0x70, 0xf2, 0x64, 0x02, 0x95, 0x30, 0x63, 0xca, 0x64, 0xd9, 0xf2, 0xc1, 0x4b, 0x99, 0x06, 0x0f,
    0xd4, 0x3c, 0xa9, 0x20, 0x00, 0xce, 0x9f, 0x40, 0x21, 0xea, 0xdc, 0xf9, 0xa0, 0x67, 0xd0, 0x04,
    0x44, 0x4f, 0x32, 0xf0, 0x19, 0xb4, 0x69, 0x53, 0xa4, 0x49, 0x1f, 0x2c, 0xfd, 0x09, 0x35, 0xaa,
    0x54, 0xa6, 0x4e, 0xb3, 0xc2, 0xac, 0x1a, 0x75, 0x6a, 0x4c, 0xae, 0x56, 0xbd, 0x6a, 0x1d, 0x0b,
    0x12, 0x6c, 0x57, 0xac, 0x22, 0x03, 0x28, 0x48, 0xca, 0x71, 0x27, 0x83, 0x01, 0x64, 0xe3, 0x4a,
    0x54, 0xcb, 0x96, 0xe8, 0xdb, 0x91, 0x01, 0x18, 0x24, 0x2d, 0x30, 0xa0, 0x6d, 0x4d, 0x07, 0x70,
    0xe5, 0x0a, 0x36, 0x98, 0x77, 0x6f, 0x5f, 0xa2, 0x80, 0x43, 0x16, 0x26, 0x6a, 0x40, 0xe0, 0xe1,
    0x9d, 0x89, 0x07, 0x4b, 0x5e, 0xbc, 0xb3, 0x31, 0x80, 0xc7, 0x7f, 0x03, 0x53, 0xa4, 0x5c, 0xd3,
    0xb2, 0x63, 0xbf, 0x2d, 0x23, 0x4b, 0x8e, 0xcb, 0xb9, 0xa5, 0xe7, 0xcb, 0xa0, 0x4f, 0x8a, 0x8e,
    0x38, 0x40, 0x2f, 0xe4, 0xd3, 0x8e, 0x1b, 0x20, 0x2e, 0x30, 0x9a, 0x6c, 0x6b, 0xc4, 0xb0, 0x2f,
    0xcb, 0x86, 0x4c, 0x9b, 0x75, 0xea, 0x8e, 0xab, 0x0f, 0xba, 0xae, 0x5c, 0x3b, 0x2b, 0xe6, 0xd0,
    0x9a, 0x0b, 0x96, 0x3e, 0x99, 0xbb, 0xe0, 0x71, 0xd5, 0xc9, 0x09, 0x0f, 0xef, 0x5c, 0x3c, 0xe8,
    0x73, 0xe0, 0xd1, 0x95, 0x4f, 0x37, 0xed, 0xf0, 0xfa, 0x83, 0xe0, 0x0c, 0x97, 0x77, 0xff, 0x6c,
    0x5e, 0x5d, 0xa4, 0x77, 0xf0, 0xd2, 0x93, 0x36, 0x2f, 0xf0, 0xfb, 0x41, 0x83, 0xec, 0x0d, 0x03,
    0x2c, 0x48, 0x9a, 0xb2, 0x3c, 0x49, 0xf6, 0x44, 0xdf, 0x4f, 0x94, 0x4f, 0xbf, 0x64, 0x52, 0xb1,
    0x13, 0x99, 0xd5, 0xd1, 0x4d, 0xf6, 0x85, 0x44, 0x93, 0x5b, 0x68, 0x49, 0x24, 0xa0, 0x4d, 0x03,
    0x1d, 0x58, 0x13, 0x80, 0x14, 0x2d, 0x48, 0x60, 0x81, 0x14, 0x39, 0xd8, 0x12, 0x84, 0x01, 0x26,
    0xf5, 0x92, 0x00, 0xff, 0x25, 0x88, 0xd1, 0x82, 0xbd, 0x51, 0x28, 0x11, 0x87, 0x76, 0x79, 0x18,
    0xe1, 0x5e, 0x04, 0x10, 0xb5, 0x80, 0x89, 0x18, 0x21, 0x40, 0x54, 0x7d, 0x22, 0x42, 0x94, 0xe2,
    0x4e, 0x2b, 0xaa, 0xe4, 0xe2, 0x4e, 0x08, 0x90, 0xd8, 0xd2, 0x84, 0x24, 0x59, 0xf8, 0x00, 0x79,
    0x31, 0x16, 0xa4, 0xa3, 0x4b, 0x33, 0x11, 0xc7, 0x15, 0x86, 0x23, 0x1d, 0xc9, 0x62, 0x90, 0x05,
    0x29, 0x89, 0x93, 0x93, 0x00, 0x20, 0xd0, 0x80, 0x03, 0x46, 0xfd, 0x24, 0x25, 0x95, 0x4b, 0x32,
    0x59, 0xd0, 0x95, 0x55, 0xe2, 0xc4, 0x25, 0x5a, 0x01, 0x64, 0x49, 0x52, 0x98, 0x5a, 0x62, 0x44,
    0x66, 0x53, 0x67, 0x96, 0xa9, 0xe6, 0x9a, 0x6c, 0xb6, 0xe9, 0xe6, 0x9b, 0x70, 0xc6, 0x29, 0xe7,
    0x9c, 0x74, 0xd6, 0x69, 0xa7, 0x5c, 0x01, 0x0c, 0x40, 0x00, 0x01, 0x05, 0xf4, 0x59, 0xc0, 0x9e,
    0x03, 0x2c, 0x94, 0x55, 0x9a, 0x40, 0x11, 0x1a, 0x54, 0x9e, 0x7b, 0xfa, 0xf9, 0x27, 0x01, 0x81,
    0x82, 0x34, 0x40, 0x9f, 0x06, 0x44, 0xaa, 0x68, 0x01, 0x91, 0x1a, 0xc0, 0x97, 0x98, 0x06, 0x4e,
    0x09, 0xe3, 0x4c, 0x9a, 0x36, 0xf5, 0x28, 0xa5, 0x92, 0x2a, 0x5a, 0xe9, 0xa5, 0x73, 0x51, 0x3a,
    0xe9, 0xa9, 0x7e, 0x5a, 0x2a, 0xa8, 0x4c, 0x33, 0x0e, 0xf8, 0x93, 0x83, 0x07, 0xfc, 0xff, 0x14,
    0x80, 0xa9, 0xa8, 0x9e, 0xaa, 0x2a, 0x44, 0xb3, 0x5a, 0x5a, 0x6b, 0xad, 0x06, 0xac, 0x0a, 0xd3,
    0x8d, 0xcc, 0x41, 0x34, 0x40, 0x02, 0x0a, 0x84, 0xd8, 0xd0, 0x71, 0x0c, 0xe0, 0x94, 0xeb, 0xae,
    0xbc, 0xfa, 0x6a, 0x10, 0x01, 0xba, 0x32, 0x5b, 0x2b, 0x4e, 0x05, 0xec, 0x44, 0x80, 0x43, 0x0e,
    0xf2, 0x78, 0x50, 0x6a, 0xda, 0x8e, 0x04, 0xad, 0xb4, 0xbb, 0x3e, 0x04, 0xee, 0xae, 0x06, 0x60,
    0x7a, 0x22, 0x72, 0x0c, 0xf9, 0xd8, 0x6d, 0x69, 0x48, 0x8a, 0x34, 0x2e, 0xaf, 0x4b, 0x7e, 0xfb,
    0xee, 0xa4, 0xe6, 0x9e, 0x7b, 0x52, 0x03, 0x09, 0x2e, 0x08, 0xe1, 0x5a, 0x17, 0xd6, 0x3b, 0x91,
    0xbc, 0xf3, 0xfa, 0xb9, 0xa4, 0x00, 0xd1, 0xce, 0x6b, 0x00, 0x7c, 0x2a, 0xf1, 0xab, 0x14, 0x56,
    0x0b, 0x76, 0x24, 0x16, 0x58, 0xf8, 0x02, 0x45, 0x70, 0xc0, 0x90, 0x22, 0x3c, 0x90, 0x00, 0xb4,
    0x8e, 0x7b, 0x30, 0x9a, 0xdb, 0xdd, 0xd4, 0xf0, 0xc2, 0x00, 0x58, 0x88, 0x1e, 0x4c, 0x18, 0x17,
    0x2c, 0xed, 0xc6, 0x15, 0xf1, 0x19, 0xaa, 0xad, 0xba, 0x3a, 0xfb, 0x93, 0x00, 0xa9, 0x1d, 0x00,
    0x2c, 0x73, 0x04, 0xa4, 0xb6, 0x40, 0xb5, 0x35, 0x19, 0x5b, 0xa8, 0xca, 0x26, 0xa7, 0xda, 0xb2,
    0x99, 0x02, 0xf0, 0x09, 0x6a, 0xa8, 0x8c, 0xfa, 0x3b, 0x92, 0x77, 0xdc, 0xa1, 0x66, 0xd5, 0x8f,
    0x64, 0x05, 0x10, 0x34, 0xa4, 0xa3, 0xfe, 0x39, 0x80, 0xd1, 0x84, 0x85, 0x69, 0xb5, 0x64, 0x3e,
    0x26, 0xfd, 0x59, 0x54, 0xdd, 0x6a, 0x65, 0xf5, 0xd5, 0x77, 0x12, 0x34, 0x14, 0x71, 0xce, 0xb5,
    0xa7, 0x40, 0xd8, 0x4c, 0x82, 0xe5, 0xc0, 0xb5, 0x0c, 0x09, 0xb0, 0x5d, 0xbb, 0x68, 0x57, 0x37,
    0xdc, 0xc8, 0x02, 0x51, 0xe6, 0x80, 0xcb, 0x71, 0xdb, 0x17, 0x40, 0x02, 0x0e, 0x2c, 0x0f, 0x60,
    0xf1, 0x40, 0x7b, 0xf7, 0xfd, 0x77, 0xde, 0xd5, 0x19, 0x4d, 0x75, 0x81, 0x01, 0x01, 0x00, 0x21,
    0xf9, 0x04, 0x04, 0x04, 0x00, 0x00, 0x00, 0x2c, 0x16, 0x00, 0x1f, 0x00, 0x93, 0x00, 0x2f, 0x00,
    0x87, 0x00, 0x00, 0x00, 0x0d, 0x03, 0x03, 0x1a, 0x06, 0x06, 0x26, 0x09, 0x0a, 0x33, 0x0d, 0x0d,
    0x40, 0x10, 0x10, 0x4d, 0x13, 0x13, 0x5a, 0x16, 0x16, 0x66, 0x19, 0x1a, 0x73, 0x1c, 0x1d, 0x80,
    0x1f, 0x20, 0x8d, 0x22, 0x23, 0x9a, 0x26, 0x26, 0xa6, 0x29, 0x2a, 0xb3, 0x2c, 0x2d, 0xc0, 0x2f,
    0x30, 0x00, 0x00, 0x00, 0x00, 0x00, 0x00, 0x00, 0x00, 0x00, 0x00, 0x00, 0x00, 0x00, 0x00, 0x00,
    0x00, 0x00, 0x00, 0x00, 0x00, 0x00, 0x00, 0x00, 0x00, 0x00, 0x00, 0x00, 0x00, 0x00, 0x00, 0x00,
    0x00, 0x00, 0x00, 0x00, 0x00, 0x00, 0x00, 0x00, 0x00, 0x00, 0x00, 0x00, 0x00, 0x00, 0x00, 0x00,
    0x00, 0x00, 0x00, 0x00, 0x00, 0x00, 0x00, 0x00, 0x00, 0x00, 0x00, 0x00, 0x00, 0x00, 0x00, 0x00,
    0x00, 0x00, 0x00, 0x00, 0x00, 0x00, 0x00, 0x00, 0x00, 0x00, 0x00, 0x00, 0x00, 0x00, 0x00, 0x00,
    0x00, 0x00, 0x00, 0x00, 0x00, 0x00, 0x00, 0x00, 0x00, 0x00, 0x00, 0x00, 0x00, 0x00, 0x00, 0x00,
    0x00, 0x00, 0x00, 0x00, 0x00, 0x00, 0x00, 0x00, 0x00, 0x00, 0x00, 0x00, 0x00, 0x00, 0x00, 0x00,
    0x00, 0x00, 0x00, 0x00, 0x00, 0x00, 0x00, 0x00, 0x00, 0x00, 0x00, 0x00, 0x00, 0x00, 0x00, 0x00,
    0x00, 0x00, 0x00, 0x00, 0x00, 0x00, 0x00, 0x00, 0x00, 0x00, 0x00, 0x00, 0x00, 0x00, 0x00, 0x00,
    0x00, 0x00, 0x00, 0x00, 0x00, 0x00, 0x00, 0x00, 0x00, 0x00, 0x00, 0x00, 0x00, 0x00, 0x00, 0x00,
    0x00, 0x00, 0x00, 0x00, 0x00, 0x00, 0x00, 0x00, 0x00, 0x00, 0x00, 0x00, 0x00, 0x00, 0x00, 0x00,
    0x00, 0x00, 0x00, 0x00, 0x00, 0x00, 0x00, 0x00, 0x00, 0x00, 0x00, 0x00, 0x00, 0x00, 0x00, 0x00,
    0x00, 0x00, 0x00, 0x00, 0x00, 0x00, 0x00, 0x00, 0x00, 0x00, 0x00, 0x00, 0x00, 0x00, 0x00, 0x00,
    0x00, 0x00, 0x00, 0x00, 0x00, 0x00, 0x00, 0x00, 0x00, 0x00, 0x00, 0x00, 0x00, 0x00, 0x00, 0x00,
    0x00, 0x00, 0x00, 0x00, 0x00, 0x00, 0x00, 0x00, 0x00, 0x00, 0x00, 0x00, 0x00, 0x00, 0x00, 0x00,
    0x00, 0x00, 0x00, 0x00, 0x00, 0x00, 0x00, 0x00, 0x00, 0x00, 0x00, 0x00, 0x00, 0x00, 0x00, 0x00,
    0x00, 0x00, 0x00, 0x00, 0x00, 0x00, 0x00, 0x00, 0x00, 0x00, 0x00, 0x00, 0x00, 0x00, 0x00, 0x00,
    0x00, 0x00, 0x00, 0x00, 0x00, 0x00, 0x00, 0x00, 0x00, 0x00, 0x00, 0x00, 0x00, 0x00, 0x00, 0x00,
    0x00, 0x00, 0x00, 0x00, 0x00, 0x00, 0x00, 0x00, 0x00, 0x00, 0x00, 0x00, 0x00, 0x00, 0x00, 0x00,
    0x00, 0x00, 0x00, 0x00, 0x00, 0x00, 0x00, 0x00, 0x00, 0x00, 0x00, 0x00, 0x00, 0x00, 0x00, 0x00,
    0x00, 0x00, 0x00, 0x00, 0x00, 0x00, 0x00, 0x00, 0x00, 0x00, 0x00, 0x00, 0x00, 0x00, 0x00, 0x00,
    0x00, 0x00, 0x00, 0x00, 0x00, 0x00, 0x00, 0x00, 0x00, 0x00, 0x00, 0x00, 0x00, 0x00, 0x00, 0x00,
    0x00, 0x00, 0x00, 0x00, 0x00, 0x00, 0x00, 0x00, 0x00, 0x00, 0x00, 0x00, 0x00, 0x00, 0x00, 0x00,
    0x00, 0x00, 0x00, 0x00, 0x00, 0x00, 0x00, 0x00, 0x00, 0x00, 0x00, 0x00, 0x00, 0x00, 0x00, 0x00,
    0x00, 0x00, 0x00, 0x00, 0x00, 0x00, 0x00, 0x00, 0x00, 0x00, 0x00, 0x00, 0x00, 0x00, 0x00, 0x00,
    0x00, 0x00, 0x00, 0x00, 0x00, 0x00, 0x00, 0x00, 0x00, 0x00, 0x00, 0x00, 0x00, 0x00, 0x00, 0x00,
    0x00, 0x00, 0x00, 0x00, 0x00, 0x00, 0x00, 0x00, 0x00, 0x00, 0x00, 0x00, 0x00, 0x00, 0x00, 0x00,
    0x00, 0x00, 0x00, 0x00, 0x00, 0x00, 0x00, 0x00, 0x00, 0x00, 0x00, 0x00, 0x00, 0x00, 0x00, 0x00,
    0x00, 0x00, 0x00, 0x00, 0x00, 0x00, 0x00, 0x00, 0x00, 0x00, 0x00, 0x00, 0x00, 0x00, 0x00, 0x00,
    0x00, 0x00, 0x00, 0x00, 0x00, 0x00, 0x00, 0x00, 0x00, 0x00, 0x00, 0x00, 0x00, 0x00, 0x00, 0x00,
    0x00, 0x00, 0x00, 0x00, 0x00, 0x00, 0x00, 0x00, 0x00, 0x00, 0x00, 0x00, 0x00, 0x00, 0x00, 0x00,
    0x00, 0x00, 0x00, 0x00, 0x00, 0x00, 0x00, 0x00, 0x00, 0x00, 0x00, 0x00, 0x00, 0x00, 0x00, 0x00,
    0x00, 0x00, 0x00, 0x00, 0x00, 0x00, 0x00, 0x00, 0x00, 0x00, 0x00, 0x00, 0x00, 0x00, 0x00, 0x00,
    0x00, 0x00, 0x00, 0x00, 0x00, 0x00, 0x00, 0x00, 0x00, 0x00, 0x00, 0x00, 0x00, 0x00, 0x00, 0x00,
    0x00, 0x00, 0x00, 0x00, 0x00, 0x00, 0x00, 0x00, 0x00, 0x00, 0x00, 0x00, 0x00, 0x00, 0x00, 0x00,
    0x00, 0x00, 0x00, 0x00, 0x00, 0x00, 0x00, 0x00, 0x00, 0x00, 0x00, 0x00, 0x00, 0x00, 0x00, 0x00,
    0x00, 0x00, 0x00, 0x00, 0x00, 0x00, 0x00, 0x00, 0x00, 0x00, 0x00, 0x00, 0x00, 0x00, 0x00, 0x00,
    0x00, 0x00, 0x00, 0x00, 0x00, 0x00, 0x00, 0x00, 0x00, 0x00, 0x00, 0x00, 0x00, 0x00, 0x00, 0x00,
    0x00, 0x00, 0x00, 0x00, 0x00, 0x00, 0x00, 0x00, 0x00, 0x00, 0x00, 0x00, 0x00, 0x00, 0x00, 0x00,
    0x00, 0x00, 0x00, 0x00, 0x00, 0x00, 0x00, 0x00, 0x00, 0x00, 0x00, 0x00, 0x00, 0x00, 0x00, 0x00,
    0x00, 0x00, 0x00, 0x00, 0x00, 0x00, 0x00, 0x00, 0x00, 0x00, 0x00, 0x00, 0x00, 0x00, 0x00, 0x00,
    0x00, 0x00, 0x00, 0x00, 0x00, 0x00, 0x00, 0x00, 0x00, 0x00, 0x00, 0x00, 0x00, 0x00, 0x00, 0x00,
    0x00, 0x00, 0x00, 0x00, 0x00, 0x00, 0x00, 0x00, 0x00, 0x00, 0x00, 0x00, 0x00, 0x00, 0x00, 0x00,
    0x00, 0x00, 0x00, 0x00, 0x00, 0x00, 0x00, 0x00, 0x00, 0x00, 0x00, 0x00, 0x00, 0x00, 0x00, 0x00,
    0x00, 0x00, 0x00, 0x00, 0x00, 0x00, 0x00, 0x00, 0x00, 0x00, 0x00, 0x00, 0x00, 0x00, 0x00, 0x00,
    0x00, 0x08, 0xff, 0x00, 0x01, 0x08, 0x1c, 0x48, 0xb0, 0xe0, 0x40, 0x02, 0x0a, 0x16, 0x18, 0x30,
    0xc8, 0xb0, 0xa1, 0xc3, 0x87, 0x10, 0x23, 0x4a, 0x9c, 0x18, 0x11, 0xa1, 0x42, 0x8a, 0x18, 0x0b,
    0x26, 0x78, 0xc0, 0xf1, 0x01, 0x83, 0x00, 0x19, 0x43, 0x8a, 0x1c, 0x49, 0x92, 0xe0, 0xc6, 0x8e,
    0x1f, 0x4b, 0x42, 0x3c, 0xd9, 0xd1, 0x23, 0x48, 0x95, 0x30, 0x63, 0xc2, 0x64, 0x89, 0xf2, 0xa5,
    0x4c, 0x81, 0x01, 0x16, 0xb4, 0x6c, 0xd9, 0x60, 0xc0, 0xcd, 0x9f, 0x40, 0x1f, 0xe6, 0xdc, 0xd9,
    0xb1, 0xe7, 0xcf, 0x00, 0x0c, 0x88, 0xb6, 0x74, 0xe0, 0x33, 0xa8, 0xd3, 0xa0, 0x48, 0x95, 0x76,
    0x64, 0x2a, 0x33, 0xaa, 0xd4, 0xa9, 0x4d, 0x9f, 0x6a, 0x55, 0x69, 0xf5, 0xea, 0x03, 0xaa, 0x5c,
    0x93, 0x7a, 0xc5, 0xba, 0xb5, 0xac, 0xc8, 0xae, 0x63, 0xc1, 0x8e, 0x1c, 0xd0, 0x40, 0x69, 0x03,
    0xb1, 0x3b, 0x1d, 0x2c, 0x34, 0x4b, 0x37, 0x22, 0x5b, 0xb7, 0x70, 0x97, 0xce, 0x0d, 0x39, 0xc0,
    0x81, 0x52, 0xa6, 0x68, 0x5b, 0xee, 0xad, 0x4b, 0x98, 0x60, 0xdf, 0xbf, 0x03, 0x02, 0x77, 0x1c,
    0x3c, 0xf1, 0x30, 0x51, 0xb0, 0x8a, 0x39, 0x32, 0x2e, 0x4c, 0xd7, 0x71, 0xdc, 0xa6, 0x91, 0x1f,
    0x4c, 0x7e, 0x68, 0x79, 0x69, 0x56, 0x00, 0x99, 0x37, 0x53, 0x7e, 0xda, 0x99, 0xec, 0xc0, 0xd0,
    0x13, 0x0d, 0xf8, 0x25, 0xca, 0xe0, 0x33, 0x4e, 0x05, 0x52, 0x11, 0x8c, 0x36, 0xab, 0x5a, 0x69,
    0x6b, 0x83, 0x01, 0x60, 0x2b, 0x95, 0x0d, 0xd1, 0x80, 0xd4, 0x94, 0x0d, 0x69, 0xb6, 0x4c, 0x30,
    0x5b, 0xab, 0x6f, 0xdb, 0x36, 0x0d, 0x0a, 0xef, 0x48, 0xdc, 0xe1, 0x71, 0xd6, 0xc9, 0x19, 0x2e,
    0xe7, 0xd8, 0xbc, 0xf8, 0xcf, 0xe7, 0x3b, 0x81, 0x3b, 0x9c, 0xfe, 0xa0, 0x7a, 0x41, 0xec, 0x2d,
    0xb5, 0x3f, 0xff, 0xe4, 0xee, 0xdd, 0xba, 0x4a, 0xf0, 0x35, 0x25, 0x92, 0x37, 0x88, 0x40, 0xaa,
    0x82, 0xe8, 0x0f, 0xdb, 0x2b, 0x5d, 0x00, 0xdf, 0x7c, 0x46, 0xf9, 0x44, 0xdf, 0x53, 0xc4, 0xbf,
    0x93, 0xfe, 0xc0, 0xf5, 0x19, 0xa1, 0xc7, 0x91, 0x78, 0xf6, 0x61, 0x04, 0x20, 0x46, 0x02, 0xba,
    0x04, 0xc0, 0x81, 0x01, 0xfe, 0x56, 0x5f, 0x81, 0xe3, 0x49, 0x55, 0x1e, 0x45, 0x09, 0x7e, 0x24,
    0x61, 0x49, 0x09, 0x8a, 0x06, 0x21, 0x43, 0x02, 0x5c, 0x48, 0x52, 0x86, 0xbb, 0xc1, 0x54, 0xc0,
    0x6a, 0x2d, 0xf1, 0xb6, 0x61, 0x45, 0x21, 0xaa, 0x34, 0x22, 0x51, 0xfc, 0x71, 0x74, 0x80, 0x4c,
    0x03, 0x10, 0x55, 0xc0, 0x89, 0x12, 0x75, 0xb8, 0xd3, 0x8b, 0x31, 0xc5, 0xb8, 0x53, 0x01, 0xd8,
    0x4d, 0x88, 0xe1, 0x70, 0x34, 0xa6, 0x06, 0xe4, 0x4d, 0x3d, 0x0a, 0x54, 0x40, 0x42, 0x38, 0xfe,
    0x74, 0xe4, 0x02, 0x49, 0x06, 0x19, 0xd1, 0x92, 0x4d, 0xca, 0x04, 0xa5, 0x93, 0x54, 0x56, 0x69,
    0xe5, 0x95, 0x58, 0x66, 0xa9, 0xe5, 0x96, 0x5c, 0x76, 0xe9, 0xe5, 0x97, 0x60, 0x42, 0x18, 0xc0,
    0x98, 0x64, 0x86, 0x39, 0x1a, 0x99, 0x65, 0x8e, 0x14, 0x80, 0x00, 0x04, 0x14, 0xc0, 0xa3, 0x01,
    0x70, 0xba, 0x49, 0x40, 0x62, 0x5a, 0x0d, 0x40, 0x00, 0x69, 0x77, 0x3e, 0xb5, 0x66, 0x9b, 0x6f,
    0xc6, 0x59, 0xc0, 0x9c, 0x0f, 0x32, 0x14, 0x40, 0x9b, 0x7e, 0xba, 0x69, 0xe8, 0x9b, 0x6e, 0x0a,
    0x10, 0xd4, 0x49, 0xfe, 0xfd, 0xc4, 0x68, 0xa0, 0x6a, 0x12, 0x6a, 0xc0, 0xa1, 0x87, 0xfa, 0xa9,
    0x28, 0x44, 0x02, 0xf0, 0x48, 0xe9, 0xa6, 0x95, 0xba, 0xa6, 0x62, 0x78, 0x13, 0x41, 0x3a, 0x10,
    0x7f, 0x3e, 0x92, 0x94, 0xe9, 0xa4, 0x9c, 0x72, 0x6a, 0x80, 0xa7, 0x04, 0x09, 0x80, 0x6a, 0xaa,
    0xa9, 0xae, 0xe4, 0x7a, 0x53, 0x8b, 0xa5, 0x0e, 0x74, 0x00, 0x03, 0x0d, 0x20, 0x00, 0x29, 0x78,
    0x0c, 0xdc, 0xe4, 0x2a, 0xac, 0xb0, 0xca, 0xda, 0x10, 0x01, 0xaf, 0x02, 0xcb, 0xa9, 0xa8, 0x14,
    0x11, 0x40, 0x54, 0x94, 0x26, 0x85, 0xf7, 0xa0, 0x8e, 0x2d, 0x31, 0x4b, 0x12, 0xb1, 0xc6, 0xc2,
    0xfa, 0x60, 0xb5, 0xc1, 0x22, 0x4b, 0x21, 0x51, 0x93, 0x05, 0xb0, 0x1c, 0x03, 0x97, 0x1a, 0x46,
    0x22, 0x75, 0x4a, 0x62, 0xab, 0xea, 0x83, 0xd4, 0x9a, 0x4b, 0x29, 0x50, 0xe0, 0xa9, 0x05, 0x5a,
    0x5e, 0x9e, 0x11, 0x14, 0x58, 0xad, 0x23, 0xa5, 0xab, 0xae, 0xa1, 0x0e, 0x05, 0xa0, 0xe9, 0xbd,
    0x06, 0x84, 0x3b, 0x6b, 0x5c, 0x97, 0x66, 0xc6, 0x91, 0x5a, 0xf0, 0x2e, 0x00, 0xd5, 0xbe, 0xea,
    0xf6, 0x2b, 0x14, 0xc2, 0xc6, 0x4e, 0xea, 0xaf, 0xa3, 0xd9, 0x8d, 0x09, 0xef, 0x57, 0x97, 0x2d,
    0x18, 0xb1, 0x53, 0xfa, 0x16, 0x0b, 0xac, 0xc3, 0x12, 0x0d, 0xe0, 0x26, 0x9c, 0x1a, 0x83, 0x5c,
    0x00, 0x9d, 0x7a, 0xc2, 0x9b, 0xd0, 0x65, 0x81, 0xe5, 0x5a, 0x71, 0x9d, 0x1f, 0x17, 0xda, 0xf2,
    0xa4, 0x24, 0x87, 0x6a, 0x27, 0x9f, 0x72, 0xce, 0xf9, 0xb0, 0x9e, 0x6d, 0x5d, 0x05, 0xd9, 0xc4,
    0x3b, 0xb1, 0x0a, 0xd5, 0xcc, 0x87, 0x12, 0x60, 0xb3, 0x99, 0xa5, 0x99, 0x86, 0x13, 0xcf, 0x92,
    0x99, 0x79, 0xa2, 0xb2, 0x8f, 0x79, 0x1a, 0x99, 0x89, 0x4a, 0x43, 0xc8, 0x6b, 0xa0, 0xc2, 0xd1,
    0x1b, 0xf5, 0x6c, 0x2c, 0x11, 0xa8, 0x5c, 0x7a, 0x57, 0xd3, 0x68, 0xc0, 0x02, 0xba, 0x4a, 0xf4,
    0x75, 0xd8, 0x5d, 0x97, 0xbd, 0x65, 0x40, 0x00, 0x21, 0xf9, 0x04, 0x04, 0x08, 0x00, 0x00, 0x00,
    0x2c, 0x15, 0x00, 0x1e, 0x00, 0x94, 0x00, 0x2f, 0x00, 0x87, 0x00, 0x00, 0x00, 0x0d, 0x03, 0x03,
    0x1a, 0x06, 0x06, 0x26, 0x09, 0x0a, 0x33, 0x0d, 0x0d, 0x40, 0x10, 0x10, 0x4d, 0x13, 0x13, 0x5a,
    0x16, 0x16, 0x66, 0x19, 0x1a, 0x73, 0x1c, 0x1d, 0x80, 0x1f, 0x20, 0x8d, 0x22, 0x23, 0x9a, 0x26,
    0x26, 0xa6, 0x29, 0x2a, 0xb3, 0x2c, 0x2d, 0xc0, 0x2f, 0x30, 0x00, 0x00, 0x00, 0x00, 0x00, 0x00,
    0x00, 0x00, 0x00, 0x00, 0x00, 0x00, 0x00, 0x00, 0x00, 0x00, 0x00, 0x00, 0x00, 0x00, 0x00, 0x00,
    0x00, 0x00, 0x00, 0x00, 0x00, 0x00, 0x00, 0x00, 0x00, 0x00, 0x00, 0x00, 0x00, 0x00, 0x00, 0x00,
    0x00, 0x00, 0x00, 0x00, 0x00, 0x00, 0x00, 0x00, 0x00, 0x00, 0x00, 0x00, 0x00, 0x00, 0x00, 0x00,
    0x00, 0x00, 0x00, 0x00, 0x00, 0x00, 0x00, 0x00, 0x00, 0x00, 0x00, 0x00, 0x00, 0x00, 0x00, 0x00,
    0x00, 0x00, 0x00, 0x00, 0x00, 0x00, 0x00, 0x00, 0x00, 0x00, 0x00, 0x00, 0x00, 0x00, 0x00, 0x00,
    0x00, 0x00, 0x00, 0x00, 0x00, 0x00, 0x00, 0x00, 0x00, 0x00, 0x00, 0x00, 0x00, 0x00, 0x00, 0x00,
    0x00, 0x00, 0x00, 0x00, 0x00, 0x00, 0x00, 0x00, 0x00, 0x00, 0x00, 0x00, 0x00, 0x00, 0x00, 0x00,
    0x00, 0x00, 0x00, 0x00, 0x00, 0x00, 0x00, 0x00, 0x00, 0x00, 0x00, 0x00, 0x00, 0x00, 0x00, 0x00,
    0x00, 0x00, 0x00, 0x00, 0x00, 0x00, 0x00, 0x00, 0x00, 0x00, 0x00, 0x00, 0x00, 0x00, 0x00, 0x00,
    0x00, 0x00, 0x00, 0x00, 0x00, 0x00, 0x00, 0x00, 0x00, 0x00, 0x00, 0x00, 0x00, 0x00, 0x00, 0x00,
    0x00, 0x00, 0x00, 0x00, 0x00, 0x00, 0x00, 0x00, 0x00, 0x00, 0x00, 0x00, 0x00, 0x00, 0x00, 0x00,
    0x00, 0x00, 0x00, 0x00, 0x00, 0x00, 0x00, 0x00, 0x00, 0x00, 0x00, 0x00, 0x00, 0x00, 0x00, 0x00,
    0x00, 0x00, 0x00, 0x00, 0x00, 0x00, 0x00, 0x00, 0x00, 0x00, 0x00, 0x00, 0x00, 0x00, 0x00, 0x00,
    0x00, 0x00, 0x00, 0x00, 0x00, 0x00, 0x00, 0x00, 0x00, 0x00, 0x00, 0x00, 0x00, 0x00, 0x00, 0x00,
    0x00, 0x00, 0x00, 0x00, 0x00, 0x00, 0x00, 0x00, 0x00, 0x00, 0x00, 0x00, 0x00, 0x00, 0x00, 0x00,
    0x00, 0x00, 0x00, 0x00, 0x00, 0x00, 0x00, 0x00, 0x00, 0x00, 0x00, 0x00, 0x00, 0x00, 0x00, 0x00,
    0x00, 0x00, 0x00, 0x00, 0x00, 0x00, 0x00, 0x00, 0x00, 0x00, 0x00, 0x00, 0x00, 0x00, 0x00, 0x00,
    0x00, 0x00, 0x00, 0x00, 0x00, 0x00, 0x00, 0x00, 0x00, 0x00, 0x00, 0x00, 0x00, 0x00, 0x00, 0x00,
    0x00, 0x00, 0x00, 0x00, 0x00, 0x00, 0x00, 0x00, 0x00, 0x00, 0x00, 0x00, 0x00, 0x00, 0x00, 0x00,
    0x00, 0x00, 0x00, 0x00, 0x00, 0x00, 0x00, 0x00, 0x00, 0x00, 0x00, 0x00, 0x00, 0x00, 0x00, 0x00,
    0x00, 0x00, 0x00, 0x00, 0x00, 0x00, 0x00, 0x00, 0x00, 0x00, 0x00, 0x00, 0x00, 0x00, 0x00, 0x00,
    0x00, 0x00, 0x00, 0x00, 0x00, 0x00, 0x00, 0x00, 0x00, 0x00, 0x00, 0x00, 0x00, 0x00, 0x00, 0x00,
    0x00, 0x00, 0x00, 0x00, 0x00, 0x00, 0x00, 0x00, 0x00, 0x00, 0x00, 0x00, 0x00, 0x00, 0x00, 0x00,
    0x00, 0x00, 0x00, 0x00, 0x00, 0x00, 0x00, 0x00, 0x00, 0x00, 0x00, 0x00, 0x00, 0x00, 0x00, 0x00,
    0x00, 0x00, 0x00, 0x00, 0x00, 0x00, 0x00, 0x00, 0x00, 0x00, 0x00, 0x00, 0x00, 0x00, 0x00, 0x00,
    0x00, 0x00, 0x00, 0x00, 0x00, 0x00, 0x00, 0x00, 0x00, 0x00, 0x00, 0x00, 0x00, 0x00, 0x00, 0x00,
    0x00, 0x00, 0x00, 0x00, 0x00, 0x00, 0x00, 0x00, 0x00, 0x00, 0x00, 0x00, 0x00, 0x00, 0x00, 0x00,
    0x00, 0x00, 0x00, 0x00, 0x00, 0x00, 0x00, 0x00, 0x00, 0x00, 0x00, 0x00, 0x00, 0x00, 0x00, 0x00,
    0x00, 0x00, 0x00, 0x00, 0x00, 0x00, 0x00, 0x00, 0x00, 0x00, 0x00, 0x00, 0x00, 0x00, 0x00, 0x00,
    0x00, 0x00, 0x00, 0x00, 0x00, 0x00, 0x00, 0x00, 0x00, 0x00, 0x00, 0x00, 0x00, 0x00, 0x00, 0x00,
    0x00, 0x00, 0x00, 0x00, 0x00, 0x00, 0x00, 0x00, 0x00, 0x00, 0x00, 0x00, 0x00, 0x00, 0x00, 0x00,
    0x00, 0x00, 0x00, 0x00, 0x00, 0x00, 0x00, 0x00, 0x00, 0x00, 0x00, 0x00, 0x00, 0x00, 0x00, 0x00,
    0x00, 0x00, 0x00, 0x00, 0x00, 0x00, 0x00, 0x00, 0x00, 0x00, 0x00, 0x00, 0x00, 0x00, 0x00, 0x00,
    0x00, 0x00, 0x00, 0x00, 0x00, 0x00, 0x00, 0x00, 0x00, 0x00, 0x00, 0x00, 0x00, 0x00, 0x00, 0x00,
    0x00, 0x00, 0x00, 0x00, 0x00, 0x00, 0x00, 0x00, 0x00, 0x00, 0x00, 0x00, 0x00, 0x00, 0x00, 0x00,
    0x00, 0x00, 0x00, 0x00, 0x00, 0x00, 0x00, 0x00, 0x00, 0x00, 0x00, 0x00, 0x00, 0x00, 0x00, 0x00,
    0x00, 0x00, 0x00, 0x00, 0x00, 0x00, 0x00, 0x00, 0x00, 0x00, 0x00, 0x00, 0x00, 0x00, 0x00, 0x00,
    0x00, 0x00, 0x00, 0x00, 0x00, 0x00, 0x00, 0x00, 0x00, 0x00, 0x00, 0x00, 0x00, 0x00, 0x00, 0x00,
    0x00, 0x00, 0x00, 0x00, 0x00, 0x00, 0x00, 0x00, 0x00, 0x00, 0x00, 0x00, 0x00, 0x00, 0x00, 0x00,
    0x00, 0x00, 0x00, 0x00, 0x00, 0x00, 0x00, 0x00, 0x00, 0x00, 0x00, 0x00, 0x00, 0x00, 0x00, 0x00,
    0x00, 0x00, 0x00, 0x00, 0x00, 0x00, 0x00, 0x00, 0x00, 0x00, 0x00, 0x00, 0x00, 0x00, 0x00, 0x00,
    0x00, 0x00, 0x00, 0x00, 0x00, 0x00, 0x00, 0x00, 0x00, 0x00, 0x00, 0x00, 0x00, 0x00, 0x00, 0x00,
    0x00, 0x00, 0x00, 0x00, 0x00, 0x00, 0x00, 0x00, 0x00, 0x00, 0x00, 0x00, 0x00, 0x00, 0x00, 0x00,
    0x00, 0x00, 0x00, 0x00, 0x00, 0x00, 0x00, 0x00, 0x00, 0x00, 0x00, 0x00, 0x00, 0x00, 0x00, 0x00,
    0x00, 0x00, 0x00, 0x00, 0x00, 0x00, 0x00, 0x00, 0x00, 0x00, 0x08, 0xff, 0x00, 0x01, 0x08, 0x1c,
    0x48, 0xb0, 0x60, 0xc1, 0x00, 0x01, 0x0c, 0x2a, 0x5c, 0xc8, 0xb0, 0xa1, 0xc3, 0x87, 0x10, 0x23,
    0x46, 0x44, 0x28, 0xb1, 0xa2, 0xc2, 0x00, 0x08, 0x1a, 0x38, 0x48, 0x20, 0xc0, 0xa2, 0xc7, 0x8f,
    0x20, 0x43, 0x1e, 0xcc, 0xb8, 0xb1, 0xa3, 0xc8, 0x87, 0x01, 0x18, 0x3c, 0x58, 0xf9, 0xc0, 0xc1,
    0x80, 0x93, 0x30, 0x63, 0xca, 0x4c, 0xc9, 0xb2, 0xe5, 0x4b, 0x99, 0x06, 0x69, 0xd6, 0xb4, 0x89,
    0xb3, 0xa7, 0x4f, 0x94, 0x2a, 0x77, 0xba, 0xfc, 0x09, 0x60, 0x80, 0x83, 0x9d, 0x35, 0x0d, 0x10,
    0x5d, 0x4a, 0xd4, 0x28, 0x52, 0x96, 0x4a, 0x7b, 0x3a, 0x7d, 0x0a, 0x95, 0xa9, 0xd5, 0x98, 0x53,
    0xa9, 0x3e, 0x88, 0x8a, 0xf5, 0xa8, 0xd6, 0xaa, 0x57, 0xc3, 0x7a, 0xcc, 0xfa, 0x95, 0xab, 0x48,
    0xb2, 0x5f, 0xb7, 0x8a, 0x5d, 0x0b, 0x11, 0x6d, 0xd9, 0x93, 0x06, 0xa8, 0x2e, 0x48, 0x40, 0x35,
    0x01, 0xdb, 0xbb, 0x0a, 0xe3, 0x3e, 0x9d, 0x5b, 0x37, 0xa4, 0x5e, 0xa4, 0x0c, 0x12, 0xd2, 0x7d,
    0x6a, 0x17, 0xaf, 0xe1, 0xbf, 0x3b, 0x03, 0x03, 0x18, 0x8c, 0xb4, 0xb0, 0x45, 0xc4, 0x35, 0x15,
    0x0b, 0x64, 0xbc, 0xd3, 0xb1, 0x61, 0xb1, 0x90, 0x59, 0x4a, 0x5e, 0xdc, 0xb7, 0x62, 0xe6, 0x95,
    0x9b, 0x27, 0x77, 0xbe, 0x7c, 0xf5, 0xf3, 0x83, 0xd0, 0x9c, 0x09, 0x4b, 0xa4, 0x5c, 0x33, 0x41,
    0x42, 0x83, 0x07, 0xa8, 0xa2, 0x26, 0xdd, 0x93, 0x35, 0x4b, 0xd7, 0x0a, 0x63, 0x3f, 0x9d, 0x6d,
    0xd0, 0xf6, 0x4a, 0xcb, 0x06, 0x4d, 0xf3, 0xa6, 0x7d, 0xd2, 0xf7, 0x03, 0xe0, 0x05, 0x85, 0xbf,
    0x5e, 0x68, 0x1c, 0x79, 0x70, 0xd9, 0xcb, 0x89, 0xc3, 0x6c, 0xfe, 0x50, 0x39, 0xf3, 0xd1, 0x0e,
    0xad, 0x4b, 0x2f, 0x8e, 0xbd, 0xa1, 0xf6, 0x81, 0x3a, 0x91, 0x1e, 0xff, 0xa8, 0x48, 0xc0, 0xab,
    0xd0, 0x9b, 0xdb, 0x3d, 0x86, 0xdf, 0x39, 0x5e, 0x62, 0xf9, 0xa7, 0x43, 0x05, 0xae, 0x4f, 0x3a,
    0xd6, 0x7c, 0xcd, 0xf8, 0xe9, 0x25, 0xce, 0x07, 0x5b, 0xd1, 0x2d, 0x4f, 0x00, 0x41, 0x21, 0x65,
    0x56, 0x7f, 0xf6, 0xb1, 0xe4, 0x80, 0x49, 0xf9, 0x41, 0x14, 0xe0, 0x4e, 0x03, 0x4a, 0xe4, 0xdf,
    0x81, 0x03, 0x50, 0xd5, 0x20, 0x81, 0x4f, 0xb5, 0x97, 0xa0, 0x43, 0x11, 0x3e, 0x35, 0xa1, 0x83,
    0x05, 0xae, 0x74, 0x00, 0x01, 0x48, 0x39, 0x40, 0x00, 0x4c, 0x02, 0x2c, 0xb8, 0x12, 0x02, 0x17,
    0x3e, 0x04, 0xa2, 0x50, 0x23, 0x9e, 0x54, 0x22, 0x52, 0x08, 0x04, 0x50, 0x60, 0x8b, 0x30, 0xc9,
    0xb8, 0x13, 0x7a, 0x29, 0x2e, 0x64, 0x63, 0x4d, 0x34, 0x9e, 0xb4, 0x23, 0x4b, 0x2f, 0x65, 0xb5,
    0x21, 0x48, 0x42, 0xe6, 0xf8, 0x50, 0x91, 0x38, 0x21, 0x09, 0x80, 0x00, 0x07, 0x1c, 0x80, 0xa3,
    0x4c, 0x4c, 0x3a, 0x69, 0x24, 0x44, 0x51, 0x3e, 0x19, 0x53, 0x95, 0x53, 0x66, 0xa9, 0xe5, 0x96,
    0x5c, 0x76, 0xe9, 0xe5, 0x97, 0x60, 0x86, 0x29, 0xe6, 0x98, 0x64, 0x96, 0x89, 0x53, 0x00, 0x02,
    0x0c, 0xa0, 0xe6, 0x00, 0x02, 0x44, 0x67, 0xa6, 0x55, 0x68, 0xae, 0xc9, 0xa6, 0x9b, 0x15, 0x09,
    0x40, 0x40, 0x01, 0x05, 0x18, 0xa0, 0xe7, 0x9e, 0x78, 0x12, 0xd0, 0x26, 0x51, 0x01, 0x34, 0x89,
    0xe0, 0x99, 0x82, 0x2e, 0x65, 0x27, 0x9e, 0x7b, 0xf2, 0x59, 0x80, 0x9f, 0x74, 0x32, 0x24, 0x40,
    0x9e, 0x06, 0xe0, 0x29, 0xe9, 0xa4, 0x90, 0x16, 0x60, 0xa5, 0x8f, 0x41, 0xe1, 0x17, 0x93, 0x4e,
    0x9a, 0x5e, 0x59, 0x29, 0xa5, 0x93, 0xea, 0x69, 0x69, 0x5b, 0x91, 0x82, 0x6a, 0x2a, 0xa2, 0x3d,
    0xc2, 0xa4, 0xdb, 0x4a, 0x0e, 0x34, 0x5a, 0x50, 0x9a, 0x10, 0x2d, 0xf6, 0x50, 0xd3, 0x02, 0x52,
    0x95, 0x7a, 0x2a, 0xa8, 0x06, 0xa4, 0x6a, 0xd0, 0x00, 0xb6, 0xde, 0x8a, 0xab, 0xae, 0x21, 0x21,
    0x90, 0x98, 0xab, 0x00, 0x04, 0xa0, 0x00, 0x68, 0x97, 0x0e, 0xc4, 0x1a, 0xad, 0x32, 0xf1, 0xea,
    0xeb, 0xa9, 0xb9, 0x36, 0xf4, 0xec, 0xb3, 0xc4, 0x5a, 0x24, 0x40, 0x81, 0xce, 0x15, 0xbb, 0x60,
    0xa7, 0x03, 0x65, 0x56, 0x00, 0x4e, 0xd3, 0xfa, 0x4a, 0x6c, 0xb8, 0xd0, 0x56, 0x6b, 0x11, 0x5a,
    0x28, 0x16, 0x34, 0x80, 0x89, 0x2d, 0x7d, 0x5b, 0x50, 0x01, 0x02, 0xf6, 0x44, 0xae, 0xa9, 0x06,
    0x10, 0xeb, 0xec, 0xbc, 0x88, 0xba, 0x9b, 0x64, 0x81, 0x66, 0xf9, 0xb7, 0x52, 0xbf, 0xfc, 0xfa,
    0x74, 0x2f, 0xbe, 0x91, 0x3a, 0x44, 0x40, 0xaf, 0xd3, 0x46, 0x6a, 0xee, 0x47, 0xf0, 0xee, 0xd4,
    0xa2, 0xbf, 0x60, 0xfd, 0x78, 0x22, 0x51, 0x07, 0x13, 0x5c, 0xc0, 0xc2, 0x07, 0x23, 0x4c, 0x6f,
    0xae, 0x0b, 0x83, 0xb4, 0x2a, 0xab, 0x02, 0x5c, 0x9b, 0x98, 0xac, 0x0c, 0x02, 0xb8, 0x93, 0x02,
    0x4c, 0x65, 0x9c, 0x30, 0xc7, 0x13, 0x0d, 0x00, 0x69, 0xa2, 0x89, 0x2e, 0x3a, 0x28, 0x51, 0xac,
    0x35, 0xd0, 0xc0, 0xb0, 0xa9, 0x45, 0x86, 0x33, 0x53, 0x01, 0xb8, 0x0c, 0x33, 0xcc, 0x32, 0x7f,
    0x14, 0x27, 0x01, 0x44, 0x13, 0xa0, 0xe6, 0x9f, 0x62, 0x91, 0x0c, 0x9d, 0xb2, 0x5f, 0xb5, 0xba,
    0xd6, 0xd0, 0x45, 0x1f, 0xdd, 0x71, 0x96, 0xfb, 0x81, 0xe6, 0xa6, 0x71, 0xdc, 0xbe, 0x49, 0x9a,
    0xc8, 0x3b, 0x2d, 0xd0, 0xa8, 0xb0, 0x48, 0xe9, 0xab, 0xf5, 0x76, 0x19, 0xde, 0xe6, 0x1d, 0x7b,
    0x63, 0x5f, 0xf8, 0x57, 0xb6, 0x04, 0xad, 0x9d, 0x76, 0x8a, 0x4c, 0x02, 0xab, 0x50, 0xdc, 0x60,
    0x06, 0x04, 0x00, 0x21, 0xf9, 0x04, 0x04, 0x04, 0x00, 0x00, 0x00, 0x2c, 0x15, 0x00, 0x1e, 0x00,
    0x94, 0x00, 0x2f, 0x00, 0x87, 0x00, 0x00, 0x00, 0x0d, 0x03, 0x03, 0x1a, 0x06, 0x06, 0x26, 0x09,
    0x0a, 0x33, 0x0d, 0x0d, 0x40, 0x10, 0x10, 0x4d, 0x13, 0x13, 0x5a, 0x16, 0x16, 0x66, 0x19, 0x1a,
    0x73, 0x1c, 0x1d, 0x80, 0x1f, 0x20, 0x8d, 0x22, 0x23, 0x9a, 0x26, 0x26, 0xa6, 0x29, 0x2a, 0xb3,
    0x2c, 0x2d, 0xc0, 0x2f, 0x30, 0x00, 0x00, 0x00, 0x00, 0x00, 0x00, 0x00, 0x00, 0x00, 0x00, 0x00,
    0x00, 0x00, 0x00, 0x00, 0x00, 0x00, 0x00, 0x00, 0x00, 0x00, 0x00, 0x00, 0x00, 0x00, 0x00, 0x00,
    0x00, 0x00, 0x00, 0x00, 0x00, 0x00, 0x00, 0x00, 0x00, 0x00, 0x00, 0x00, 0x00, 0x00, 0x00, 0x00,
    0x00, 0x00, 0x00, 0x00, 0x00, 0x00, 0x00, 0x00, 0x00, 0x00, 0x00, 0x00, 0x00, 0x00, 0x00, 0x00,
    0x00, 0x00, 0x00, 0x00, 0x00, 0x00, 0x00, 0x00, 0x00, 0x00, 0x00, 0x00, 0x00, 0x00, 0x00, 0x00,
    0x00, 0x00, 0x00, 0x00, 0x00, 0x00, 0x00, 0x00, 0x00, 0x00, 0x00, 0x00, 0x00, 0x00, 0x00, 0x00,
    0x00, 0x00, 0x00, 0x00, 0x00, 0x00, 0x00, 0x00, 0x00, 0x00, 0x00, 0x00, 0x00, 0x00, 0x00, 0x00,
    0x00, 0x00, 0x00, 0x00, 0x00, 0x00, 0x00, 0x00, 0x00, 0x00, 0x00, 0x00, 0x00, 0x00, 0x00, 0x00,
    0x00, 0x00, 0x00, 0x00, 0x00, 0x00, 0x00, 0x00, 0x00, 0x00, 0x00, 0x00, 0x00, 0x00, 0x00, 0x00,
    0x00, 0x00, 0x00, 0x00, 0x00, 0x00, 0x00, 0x00, 0x00, 0x00, 0x00, 0x00, 0x00, 0x00, 0x00, 0x00,
    0x00, 0x00, 0x00, 0x00, 0x00, 0x00, 0x00, 0x00, 0x00, 0x00, 0x00, 0x00, 0x00, 0x00, 0x00, 0x00,
    0x00, 0x00, 0x00, 0x00, 0x00, 0x00, 0x00, 0x00, 0x00, 0x00, 0x00, 0x00, 0x00, 0x00, 0x00, 0x00,
    0x00, 0x00, 0x00, 0x00, 0x00, 0x00, 0x00, 0x00, 0x00, 0x00, 0x00, 0x00, 0x00, 0x00, 0x00, 0x00,
    0x00, 0x00, 0x00, 0x00, 0x00, 0x00, 0x00, 0x00, 0x00, 0x00, 0x00, 0x00, 0x00, 0x00, 0x00, 0x00,
    0x00, 0x00, 0x00, 0x00, 0x00, 0x00, 0x00, 0x00, 0x00, 0x00, 0x00, 0x00, 0x00, 0x00, 0x00, 0x00,
    0x00, 0x00, 0x00, 0x00, 0x00, 0x00, 0x00, 0x00, 0x00, 0x00, 0x00, 0x00, 0x00, 0x00, 0x00, 0x00,
    0x00, 0x00, 0x00, 0x00, 0x00, 0x00, 0x00, 0x00, 0x00, 0x00, 0x00, 0x00, 0x00, 0x00, 0x00, 0x00,
    0x00, 0x00, 0x00, 0x00, 0x00, 0x00, 0x00, 0x00, 0x00, 0x00, 0x00, 0x00, 0x00, 0x00, 0x00, 0x00,
    0x00, 0x00, 0x00, 0x00, 0x00, 0x00, 0x00, 0x00, 0x00, 0x00, 0x00, 0x00, 0x00, 0x00, 0x00, 0x00,
    0x00, 0x00, 0x00, 0x00, 0x00, 0x00, 0x00, 0x00, 0x00, 0x00, 0x00, 0x00, 0x00, 0x00, 0x00, 0x00,
    0x00, 0x00, 0x00, 0x00, 0x00, 0x00, 0x00, 0x00, 0x00, 0x00, 0x00, 0x00, 0x00, 0x00, 0x00, 0x00,
    0x00, 0x00, 0x00, 0x00, 0x00, 0x00, 0x00, 0x00, 0x00, 0x00, 0x00, 0x00, 0x00, 0x00, 0x00, 0x00,
    0x00, 0x00, 0x00, 0x00, 0x00, 0x00, 0x00, 0x00, 0x00, 0x00, 0x00, 0x00, 0x00, 0x00, 0x00, 0x00,
    0x00, 0x00, 0x00, 0x00, 0x00, 0x00, 0x00, 0x00, 0x00, 0x00, 0x00, 0x00, 0x00, 0x00, 0x00, 0x00,
    0x00, 0x00, 0x00, 0x00, 0x00, 0x00, 0x00, 0x00, 0x00, 0x00, 0x00, 0x00, 0x00, 0x00, 0x00, 0x00,
    0x00, 0x00, 0x00, 0x00, 0x00, 0x00, 0x00, 0x00, 0x00, 0x00, 0x00, 0x00, 0x00, 0x00, 0x00, 0x00,
    0x00, 0x00, 0x00, 0x00, 0x00, 0x00, 0x00, 0x00, 0x00, 0x00, 0x00, 0x00, 0x00, 0x00, 0x00, 0x00,
    0x00, 0x00, 0x00, 0x00, 0x00, 0x00, 0x00, 0x00, 0x00, 0x00, 0x00, 0x00, 0x00, 0x00, 0x00, 0x00,
    0x00, 0x00, 0x00, 0x00, 0x00, 0x00, 0x00, 0x00, 0x00, 0x00, 0x00, 0x00, 0x00, 0x00, 0x00, 0x00,
    0x00, 0x00, 0x00, 0x00, 0x00, 0x00, 0x00, 0x00, 0x00, 0x00, 0x00, 0x00, 0x00, 0x00, 0x00, 0x00,
    0x00, 0x00, 0x00, 0x00, 0x00, 0x00, 0x00, 0x00, 0x00, 0x00, 0x00, 0x00, 0x00, 0x00, 0x00, 0x00,
    0x00, 0x00, 0x00, 0x00, 0x00, 0x00, 0x00, 0x00, 0x00, 0x00, 0x00, 0x00, 0x00, 0x00, 0x00, 0x00,
    0x00, 0x00, 0x00, 0x00, 0x00, 0x00, 0x00, 0x00, 0x00, 0x00, 0x00, 0x00, 0x00, 0x00, 0x00, 0x00,
    0x00, 0x00, 0x00, 0x00, 0x00, 0x00, 0x00, 0x00, 0x00, 0x00, 0x00, 0x00, 0x00, 0x00, 0x00, 0x00,
    0x00, 0x00, 0x00, 0x00, 0x00, 0x00, 0x00, 0x00, 0x00, 0x00, 0x00, 0x00, 0x00, 0x00, 0x00, 0x00,
    0x00, 0x00, 0x00, 0x00, 0x00, 0x00, 0x00, 0x00, 0x00, 0x00, 0x00, 0x00, 0x00, 0x00, 0x00, 0x00,
    0x00, 0x00, 0x00, 0x00, 0x00, 0x00, 0x00, 0x00, 0x00, 0x00, 0x00, 0x00, 0x00, 0x00, 0x00, 0x00,
    0x00, 0x00, 0x00, 0x00, 0x00, 0x00, 0x00, 0x00, 0x00, 0x00, 0x00, 0x00, 0x00, 0x00, 0x00, 0x00,
    0x00, 0x00, 0x00, 0x00, 0x00, 0x00, 0x00, 0x00, 0x00, 0x00, 0x00, 0x00, 0x00, 0x00, 0x00, 0x00,
    0x00, 0x00, 0x00, 0x00, 0x00, 0x00, 0x00, 0x00, 0x00, 0x00, 0x00, 0x00, 0x00, 0x00, 0x00, 0x00,
    0x00, 0x00, 0x00, 0x00, 0x00, 0x00, 0x00, 0x00, 0x00, 0x00, 0x00, 0x00, 0x00, 0x00, 0x00, 0x00,
    0x00, 0x00, 0x00, 0x00, 0x00, 0x00, 0x00, 0x00, 0x00, 0x00, 0x00, 0x00, 0x00, 0x00, 0x00, 0x00,
    0x00, 0x00, 0x00, 0x00, 0x00, 0x00, 0x00, 0x00, 0x00, 0x00, 0x00, 0x00, 0x00, 0x00, 0x00, 0x00,
    0x00, 0x00, 0x00, 0x00, 0x00, 0x00, 0x00, 0x00, 0x00, 0x00, 0x00, 0x00, 0x00, 0x00, 0x00, 0x00,
    0x00, 0x00, 0x00, 0x00, 0x00, 0x00, 0x00, 0x00, 0x00, 0x00, 0x00, 0x00, 0x00, 0x00, 0x00, 0x00,
    0x00, 0x00, 0x00, 0x00, 0x00, 0x08, 0xff, 0x00, 0x01, 0x08, 0x1c, 0x48, 0xb0, 0x60, 0xc1, 0x01,
    0x04, 0x0c, 0x2a, 0x5c, 0xc8, 0xb0, 0xa1, 0xc3, 0x87, 0x10, 0x23, 0x46, 0x44, 0x28, 0xb1, 0xa2,
    0xc2, 0x01, 0x0b, 0x1e, 0x3c, 0x60, 0x50, 0xc0, 0xa2, 0xc7, 0x8f, 0x20, 0x43, 0x1e, 0xcc, 0xb8,
    0xb1, 0xa3, 0xc8, 0x87, 0x03, 0x1c, 0x68, 0x5c, 0x69, 0xe0, 0xa4, 0xcb, 0x97, 0x30, 0x53, 0xae,
    0xd4, 0xd8, 0x12, 0xa6, 0x41, 0x02, 0x2a, 0x67, 0x6a, 0x3c, 0x60, 0xb3, 0xa7, 0xcf, 0x87, 0x38,
    0x75, 0xee, 0xfc, 0x09, 0xc0, 0x80, 0xd0, 0x99, 0x09, 0x88, 0x2a, 0x25, 0x6a, 0xf4, 0xa8, 0xc6,
    0xa4, 0x3d, 0x9b, 0x3a, 0x7d, 0xba, 0xb4, 0xea, 0x4b, 0xa9, 0x53, 0xa1, 0x5e, 0x9d, 0xaa, 0x53,
    0xab, 0xd5, 0xaf, 0x15, 0xb1, 0x72, 0xf5, 0x1a, 0xf2, 0x00, 0x57, 0xa1, 0x09, 0x02, 0x80, 0x5d,
    0xfb, 0xd0, 0xec, 0x59, 0xa4, 0x6a, 0x43, 0x26, 0x70, 0x8a, 0x40, 0xec, 0x4a, 0x06, 0x71, 0xd9,
    0xea, 0x25, 0x38, 0xf7, 0x68, 0x5d, 0xa7, 0x78, 0x41, 0xf6, 0x45, 0x2b, 0xd0, 0xae, 0xc6, 0xc0,
    0x7b, 0xf7, 0x0e, 0xee, 0x5a, 0x18, 0x70, 0x5e, 0x89, 0x8b, 0x91, 0x12, 0x34, 0xbc, 0xf1, 0x71,
    0x62, 0xab, 0x91, 0x57, 0x7a, 0xa5, 0x8c, 0x18, 0x62, 0x80, 0xcc, 0x54, 0x0b, 0x72, 0x16, 0x70,
    0xd9, 0xea, 0x67, 0xa7, 0x64, 0x8b, 0x02, 0x26, 0xfd, 0x30, 0x00, 0x03, 0xa7, 0x35, 0x0d, 0xca,
    0x14, 0xea, 0x60, 0x40, 0x69, 0xa5, 0xae, 0x61, 0x2f, 0x9c, 0xad, 0xb3, 0xb6, 0xc3, 0xdc, 0x47,
    0x63, 0x5f, 0xcc, 0xd9, 0xdb, 0xf6, 0xed, 0x9e, 0xc0, 0x85, 0x0a, 0x97, 0x4d, 0x7c, 0xa6, 0xef,
    0x85, 0xc9, 0x75, 0x2e, 0x1f, 0x7e, 0xf4, 0xf9, 0x71, 0x97, 0xd1, 0x67, 0x4e, 0x67, 0x5e, 0xdd,
    0x78, 0x41, 0x01, 0xaf, 0x83, 0x4f, 0xff, 0x6c, 0xbe, 0xd2, 0x41, 0xc2, 0xeb, 0x22, 0xc1, 0xeb,
    0x86, 0xc8, 0xdb, 0xf9, 0xf9, 0x81, 0xed, 0xcb, 0x7b, 0xf7, 0x1c, 0x5e, 0x39, 0x7a, 0x90, 0xf1,
    0x35, 0x5a, 0xa7, 0xbf, 0x1e, 0x40, 0xfe, 0x07, 0xfb, 0x45, 0x94, 0x1d, 0x4b, 0xf7, 0x59, 0xf4,
    0x5f, 0x80, 0xfc, 0x89, 0x17, 0x00, 0x79, 0xfa, 0xcd, 0x57, 0xd1, 0x80, 0x1a, 0x39, 0x58, 0x20,
    0x43, 0x0b, 0x76, 0x07, 0x12, 0x84, 0x0f, 0x20, 0x64, 0x61, 0x48, 0x10, 0x22, 0x30, 0x21, 0x44,
    0x04, 0x6c, 0x78, 0x61, 0x7d, 0x33, 0x21, 0x30, 0x80, 0x50, 0x9d, 0x89, 0x94, 0x19, 0x4f, 0x1f,
    0x3a, 0x74, 0xa2, 0x4e, 0x29, 0xca, 0x25, 0x14, 0x4f, 0x24, 0x3a, 0xc0, 0xda, 0x4b, 0x35, 0xde,
    0xd8, 0x22, 0x43, 0x39, 0xda, 0xd4, 0x63, 0x00, 0x24, 0x35, 0x20, 0xa1, 0x48, 0x40, 0x6a, 0x24,
    0xe4, 0x8e, 0xad, 0x05, 0x39, 0x24, 0x87, 0x4a, 0x12, 0x84, 0x90, 0x65, 0x31, 0x11, 0x00, 0x25,
    0x92, 0xbb, 0x49, 0x49, 0xd4, 0x93, 0x54, 0x66, 0xa9, 0xe5, 0x96, 0x5c, 0x76, 0xe9, 0xe5, 0x97,
    0x60, 0x86, 0x29, 0xe6, 0x98, 0x64, 0x96, 0x09, 0x53, 0x00, 0x02, 0x20, 0x44, 0xc0, 0x9a, 0x03,
    0x0c, 0x20, 0xc0, 0x94, 0x66, 0x22, 0x97, 0xe6, 0x9a, 0x6c, 0xba, 0x09, 0x67, 0x43, 0x01, 0x0c,
    0x50, 0x80, 0x01, 0x7c, 0xf6, 0xe9, 0x67, 0x01, 0x04, 0xe8, 0x68, 0xd3, 0x00, 0x0a, 0x2c, 0x60,
    0x52, 0x4f, 0x84, 0x1a, 0x4a, 0x54, 0x9e, 0x7b, 0xfa, 0xe9, 0x28, 0xa0, 0x82, 0x36, 0x44, 0x00,
    0x9f, 0x05, 0x54, 0x6a, 0xe9, 0xa5, 0x95, 0xf2, 0x69, 0xa5, 0x4d, 0x02, 0x10, 0xb7, 0x5d, 0x48,
    0xbc, 0x1d, 0x0a, 0xd3, 0xa4, 0x06, 0x60, 0x6a, 0x6a, 0xa3, 0x9b, 0x4a, 0x5a, 0xea, 0xa9, 0xac,
    0x96, 0x7a, 0xa7, 0x47, 0x08, 0xe8, 0xfc, 0xb4, 0xe4, 0x40, 0x01, 0x18, 0x70, 0x40, 0xa4, 0x05,
    0x05, 0xd0, 0xc0, 0x4c, 0x0b, 0xf4, 0x34, 0x29, 0xab, 0xad, 0x16, 0xf0, 0xea, 0x00, 0xab, 0x02,
    0x7b, 0x6a, 0xa9, 0x36, 0xb9, 0x55, 0x1e, 0xae, 0x02, 0x0d, 0xb0, 0x2b, 0x80, 0x9f, 0x0a, 0x44,
    0xe2, 0x03, 0xbd, 0xc6, 0x54, 0xac, 0xb1, 0x98, 0x22, 0xcb, 0x10, 0xb6, 0xc6, 0x1a, 0xf0, 0xea,
    0x83, 0xd3, 0xc6, 0xd8, 0x2c, 0x79, 0x9f, 0x46, 0x86, 0x60, 0x48, 0xdc, 0x02, 0xeb, 0xed, 0xb6,
    0xe9, 0xb2, 0xfa, 0x2d, 0xb8, 0x3a, 0x55, 0x3b, 0x19, 0x83, 0x0f, 0x78, 0x58, 0x50, 0xac, 0xce,
    0xcd, 0xfa, 0x51, 0xbb, 0xee, 0x32, 0x44, 0x2c, 0xbf, 0x96, 0x1a, 0xf0, 0xde, 0x99, 0xd3, 0x6e,
    0x36, 0xd6, 0x64, 0xc5, 0xf9, 0xf4, 0x2f, 0xc0, 0x7b, 0x0e, 0x7c, 0xd1, 0xb5, 0xdc, 0x0a, 0x7c,
    0x25, 0x79, 0x2c, 0x52, 0x26, 0x99, 0x7f, 0xf6, 0xfd, 0xb4, 0x70, 0xbb, 0x12, 0x3f, 0x24, 0x40,
    0xa3, 0xdd, 0x96, 0xaa, 0xef, 0x49, 0x21, 0xea, 0x44, 0x40, 0x01, 0x42, 0x29, 0xa0, 0xac, 0x66,
    0x9d, 0xea, 0x64, 0x2f, 0x51, 0x1f, 0x53, 0xaa, 0xae, 0xc8, 0x15, 0x09, 0x70, 0x72, 0xa3, 0x7f,
    0x42, 0xfa, 0xee, 0x49, 0x62, 0x31, 0x08, 0x95, 0x5d, 0xe4, 0xa5, 0xf6, 0x93, 0xcd, 0x99, 0x3e,
    0xaa, 0xf3, 0x85, 0x69, 0xb6, 0x69, 0xa7, 0x5e, 0xf8, 0xa2, 0x86, 0xf0, 0x54, 0x0c, 0xe8, 0x85,
    0xa6, 0xd2, 0x4b, 0xc7, 0x09, 0x00, 0x68, 0x0f, 0xa4, 0xc6, 0xd9, 0xce, 0x56, 0x7f, 0x35, 0x20,
    0x8b, 0x06, 0x15, 0x40, 0xde, 0xb9, 0x5d, 0x5f, 0x56, 0x21, 0x81, 0xfe, 0x36, 0xe7, 0x70, 0xd9,
    0xc7, 0x0d, 0xf0, 0x9a, 0x03, 0xd1, 0xc2, 0xf7, 0x76, 0xdc, 0x6c, 0x5f, 0x96, 0x2a, 0x50, 0x5c,
    0x17, 0x18, 0x10, 0x00, 0x21, 0xf9, 0x04, 0x04, 0x04, 0x00, 0x00, 0x00, 0x2c, 0x15, 0x00, 0x1e,
    0x00, 0x94, 0x00, 0x2f, 0x00, 0x87, 0x00, 0x00, 0x00, 0x0d, 0x03, 0x03, 0x1a, 0x06, 0x06, 0x26,
    0x09, 0x0a, 0x33, 0x0d, 0x0d, 0x40, 0x10, 0x10, 0x4d, 0x13, 0x13, 0x5a, 0x16, 0x16, 0x66, 0x19,
    0x1a, 0x73, 0x1c, 0x1d, 0x80, 0x1f, 0x20, 0x8d, 0x22, 0x23, 0x9a, 0x26, 0x26, 0xa6, 0x29, 0x2a,
    0xb3, 0x2c, 0x2d, 0xc0, 0x2f, 0x30, 0x00, 0x00, 0x00, 0x00, 0x00, 0x00, 0x00, 0x00, 0x00, 0x00,
    0x00, 0x00, 0x00, 0x00, 0x00, 0x00, 0x00, 0x00, 0x00, 0x00, 0x00, 0x00, 0x00, 0x00, 0x00, 0x00,
    0x00, 0x00, 0x00, 0x00, 0x00, 0x00, 0x00, 0x00, 0x00, 0x00, 0x00, 0x00, 0x00, 0x00, 0x00, 0x00,
    0x00, 0x00, 0x00, 0x00, 0x00, 0x00, 0x00, 0x00, 0x00, 0x00, 0x00, 0x00, 0x00, 0x00, 0x00, 0x00,
    0x00, 0x00, 0x00, 0x00, 0x00, 0x00, 0x00, 0x00, 0x00, 0x00, 0x00, 0x00, 0x00, 0x00, 0x00, 0x00,
    0x00, 0x00, 0x00, 0x00, 0x00, 0x00, 0x00, 0x00, 0x00, 0x00, 0x00, 0x00, 0x00, 0x00, 0x00, 0x00,
    0x00, 0x00, 0x00, 0x00, 0x00, 0x00, 0x00, 0x00, 0x00, 0x00, 0x00, 0x00, 0x00, 0x00, 0x00, 0x00,
    0x00, 0x00, 0x00, 0x00, 0x00, 0x00, 0x00, 0x00, 0x00, 0x00, 0x00, 0x00, 0x00, 0x00, 0x00, 0x00,
    0x00, 0x00, 0x00, 0x00, 0x00, 0x00, 0x00, 0x00, 0x00, 0x00, 0x00, 0x00, 0x00, 0x00, 0x00, 0x00,
    0x00, 0x00, 0x00, 0x00, 0x00, 0x00, 0x00, 0x00, 0x00, 0x00, 0x00, 0x00, 0x00, 0x00, 0x00, 0x00,
    0x00, 0x00, 0x00, 0x00, 0x00, 0x00, 0x00, 0x00, 0x00, 0x00, 0x00, 0x00, 0x00, 0x00, 0x00, 0x00,
    0x00, 0x00, 0x00, 0x00, 0x00, 0x00, 0x00, 0x00, 0x00, 0x00, 0x00, 0x00, 0x00, 0x00, 0x00, 0x00,
    0x00, 0x00, 0x00, 0x00, 0x00, 0x00, 0x00, 0x00, 0x00, 0x00, 0x00, 0x00, 0x00, 0x00, 0x00, 0x00,
    0x00, 0x00, 0x00, 0x00, 0x00, 0x00, 0x00, 0x00, 0x00, 0x00, 0x00, 0x00, 0x00, 0x00, 0x00, 0x00,
    0x00, 0x00, 0x00, 0x00, 0x00, 0x00, 0x00, 0x00, 0x00, 0x00, 0x00, 0x00, 0x00, 0x00, 0x00, 0x00,
    0x00, 0x00, 0x00, 0x00, 0x00, 0x00, 0x00, 0x00, 0x00, 0x00, 0x00, 0x00, 0x00, 0x00, 0x00, 0x00,
    0x00, 0x00, 0x00, 0x00, 0x00, 0x00, 0x00, 0x00, 0x00, 0x00, 0x00, 0x00, 0x00, 0x00, 0x00, 0x00,
    0x00, 0x00, 0x00, 0x00, 0x00, 0x00, 0x00, 0x00, 0x00, 0x00, 0x00, 0x00, 0x00, 0x00, 0x00, 0x00,
    0x00, 0x00, 0x00, 0x00, 0x00, 0x00, 0x00, 0x00, 0x00, 0x00, 0x00, 0x00, 0x00, 0x00, 0x00, 0x00,
    0x00, 0x00, 0x00, 0x00, 0x00, 0x00, 0x00, 0x00, 0x00, 0x00, 0x00, 0x00, 0x00, 0x00, 0x00, 0x00,
    0x00, 0x00, 0x00, 0x00, 0x00, 0x00, 0x00, 0x00, 0x00, 0x00, 0x00, 0x00, 0x00, 0x00, 0x00, 0x00,
    0x00, 0x00, 0x00, 0x00, 0x00, 0x00, 0x00, 0x00, 0x00, 0x00, 0x00, 0x00, 0x00, 0x00, 0x00, 0x00,
    0x00, 0x00, 0x00, 0x00, 0x00, 0x00, 0x00, 0x00, 0x00, 0x00, 0x00, 0x00, 0x00, 0x00, 0x00, 0x00,
    0x00, 0x00, 0x00, 0x00, 0x00, 0x00, 0x00, 0x00, 0x00, 0x00, 0x00, 0x00, 0x00, 0x00, 0x00, 0x00,
    0x00, 0x00, 0x00, 0x00, 0x00, 0x00, 0x00, 0x00, 0x00, 0x00, 0x00, 0x00, 0x00, 0x00, 0x00, 0x00,
    0x00, 0x00, 0x00, 0x00, 0x00, 0x00, 0x00, 0x00, 0x00, 0x00, 0x00, 0x00, 0x00, 0x00, 0x00, 0x00,
    0x00, 0x00, 0x00, 0x00, 0x00, 0x00, 0x00, 0x00, 0x00, 0x00, 0x00, 0x00, 0x00, 0x00, 0x00, 0x00,
    0x00, 0x00, 0x00, 0x00, 0x00, 0x00, 0x00, 0x00, 0x00, 0x00, 0x00, 0x00, 0x00, 0x00, 0x00, 0x00,
    0x00, 0x00, 0x00, 0x00, 0x00, 0x00, 0x00, 0x00, 0x00, 0x00, 0x00, 0x00, 0x00, 0x00, 0x00, 0x00,
    0x00, 0x00, 0x00, 0x00, 0x00, 0x00, 0x00, 0x00, 0x00, 0x00, 0x00, 0x00, 0x00, 0x00, 0x00, 0x00,
    0x00, 0x00, 0x00, 0x00, 0x00, 0x00, 0x00, 0x00, 0x00, 0x00, 0x00, 0x00, 0x00, 0x00, 0x00, 0x00,
    0x00, 0x00, 0x00, 0x00, 0x00, 0x00, 0x00, 0x00, 0x00, 0x00, 0x00, 0x00, 0x00, 0x00, 0x00, 0x00,
    0x00, 0x00, 0x00, 0x00, 0x00, 0x00, 0x00, 0x00, 0x00, 0x00, 0x00, 0x00, 0x00, 0x00, 0x00, 0x00,
    0x00, 0x00, 0x00, 0x00, 0x00, 0x00, 0x00, 0x00, 0x00, 0x00, 0x00, 0x00, 0x00, 0x00, 0x00, 0x00,
    0x00, 0x00, 0x00, 0x00, 0x00, 0x00, 0x00, 0x00, 0x00, 0x00, 0x00, 0x00, 0x00, 0x00, 0x00, 0x00,
    0x00, 0x00, 0x00, 0x00, 0x00, 0x00, 0x00, 0x00, 0x00, 0x00, 0x00, 0x00, 0x00, 0x00, 0x00, 0x00,
    0x00, 0x00, 0x00, 0x00, 0x00, 0x00, 0x00, 0x00, 0x00, 0x00, 0x00, 0x00, 0x00, 0x00, 0x00, 0x00,
    0x00, 0x00, 0x00, 0x00, 0x00, 0x00, 0x00, 0x00, 0x00, 0x00, 0x00, 0x00, 0x00, 0x00, 0x00, 0x00,
    0x00, 0x00, 0x00, 0x00, 0x00, 0x00, 0x00, 0x00, 0x00, 0x00, 0x00, 0x00, 0x00, 0x00, 0x00, 0x00,
    0x00, 0x00, 0x00, 0x00, 0x00, 0x00, 0x00, 0x00, 0x00, 0x00, 0x00, 0x00, 0x00, 0x00, 0x00, 0x00,
    0x00, 0x00, 0x00, 0x00, 0x00, 0x00, 0x00, 0x00, 0x00, 0x00, 0x00, 0x00, 0x00, 0x00, 0x00, 0x00,
    0x00, 0x00, 0x00, 0x00, 0x00, 0x00, 0x00, 0x00, 0x00, 0x00, 0x00, 0x00, 0x00, 0x00, 0x00, 0x00,
    0x00, 0x00, 0x00, 0x00, 0x00, 0x00, 0x00, 0x00, 0x00, 0x00, 0x00, 0x00, 0x00, 0x00, 0x00, 0x00,
    0x00, 0x00, 0x00, 0x00, 0x00, 0x00, 0x00, 0x00, 0x00, 0x00, 0x00, 0x00, 0x00, 0x00, 0x00, 0x00,
    0x00, 0x00, 0x00, 0x00, 0x00, 0x00, 0x00, 0x00, 0x00, 0x00, 0x00, 0x00, 0x00, 0x00, 0x00, 0x00,
    0x00, 0x00, 0x00, 0x00, 0x00, 0x00, 0x08, 0xff, 0x00, 0x01, 0x08, 0x1c, 0x48, 0xb0, 0x20, 0xc1,
    0x00, 0x07, 0x0e, 0x08, 0x30, 0xc8, 0xb0, 0xa1, 0xc3, 0x87, 0x10, 0x23, 0x4a, 0x9c, 0x18, 0x11,
    0xa1, 0x42, 0x8a, 0x18, 0x0d, 0x1a, 0x70, 0xf0, 0xa0, 0x23, 0x82, 0x8c, 0x20, 0x43, 0x8a, 0x1c,
    0x59, 0x70, 0x63, 0xc7, 0x07, 0x1f, 0x49, 0x46, 0x34, 0x70, 0xf2, 0x64, 0x02, 0x95, 0x30, 0x63,
    0xca, 0x64, 0xd9, 0xf2, 0xc1, 0x4b, 0x99, 0x06, 0x0f, 0xd4, 0x3c, 0xa9, 0x20, 0x00, 0xce, 0x9f,
    0x40, 0x21, 0xea, 0xdc, 0xf9, 0xa0, 0x67, 0xd0, 0x04, 0x44, 0x4f, 0x32, 0xf0, 0x19, 0xb4, 0x69,
    0x53, 0xa4, 0x49, 0x1f, 0x2c, 0xfd, 0x09, 0x35, 0xaa, 0x54, 0xa6, 0x4e, 0xb3, 0xc2, 0xac, 0x1a,
    0x75, 0x6a, 0x4c, 0xae, 0x56, 0xbd, 0x6a, 0x1d, 0x0b, 0x12, 0x6c, 0x57, 0xac, 0x22, 0x03, 0x28,
    0x48, 0xca, 0x71, 0x27, 0x83, 0x01, 0x64, 0xe3, 0x4a, 0x54, 0xcb, 0x96, 0xe8, 0xdb, 0x91, 0x01,
    0x18, 0x24, 0x2d, 0x30, 0xa0, 0x6d, 0x4d, 0x07, 0x70, 0xe5, 0x0a, 0x36, 0x98, 0x77, 0x6f, 0x5f,
    0xa2, 0x80, 0x43, 0x16, 0x26, 0x6a, 0x40, 0xe0, 0xe1, 0x9d, 0x89, 0x07, 0x4b, 0x5e, 0xbc, 0xb3,
    0x31, 0x80, 0xc7, 0x7f, 0x03, 0x53, 0xa4, 0x5c, 0xd3, 0xb2, 0x63, 0xbf, 0x2d, 0x23, 0x4b, 0x8e,
    0xcb, 0xb9, 0xa5, 0xe7, 0xcb, 0xa0, 0x4f, 0x8a, 0x8e, 0x38, 0x40, 0x2f, 0xe4, 0xd3, 0x8e, 0x1b,
    0x20, 0x2e, 0x30, 0x9a, 0x6c, 0x6b, 0xc4, 0xb0, 0x2f, 0xcb, 0x86, 0x4c, 0x9b, 0x75, 0xea, 0x8e,
    0xab, 0x0f, 0xba, 0xae, 0x5c, 0x3b, 0x2b, 0xe6, 0xd0, 0x9a, 0x0b, 0x96, 0x3e, 0x99, 0xbb, 0xe0,
    0x71, 0xd5, 0xc9, 0x09, 0x0f, 0xef, 0x5c, 0x3c, 0xe8, 0x73, 0xe0, 0xd1, 0x95, 0x4f, 0x37, 0xed,
    0xf0, 0xfa, 0x83, 0xe0, 0x0c, 0x97, 0x77, 0xff, 0x6c, 0x5e, 0x5d, 0xa4, 0x77, 0xf0, 0xd2, 0x93,
    0x36, 0x2f, 0xf0, 0xfb, 0x41, 0x83, 0xec, 0x0d, 0x03, 0x2c, 0x48, 0x9a, 0xb2, 0x3c, 0x49, 0xf6,
    0x44, 0xdf, 0x4f, 0x94, 0x4f, 0xbf, 0x64, 0x52, 0xb1, 0x13, 0x99, 0xd5, 0xd1, 0x4d, 0xf6, 0x85,
    0x44, 0x93, 0x5b, 0x68, 0x49, 0x24, 0xa0, 0x4d, 0x03, 0x1d, 0x58, 0x13, 0x80, 0x14, 0x2d, 0x48,
    0x60, 0x81, 0x14, 0x39, 0xd8, 0x12, 0x84, 0x01, 0x26, 0xf5, 0x92, 0x00, 0xff, 0x25, 0x88, 0xd1,
    0x82, 0xbd, 0x51, 0x28, 0x11, 0x87, 0x76, 0x79, 0x18, 0xe1, 0x5e, 0x04, 0x10, 0xb5, 0x80, 0x89,
    0x18, 0x21, 0x40, 0x54, 0x7d, 0x22, 0x42, 0x94, 0xe2, 0x4e, 0x2b, 0xaa, 0xe4, 0xe2, 0x4e, 0x08,
    0x90, 0xd8, 0xd2, 0x84, 0x24, 0x59, 0xf8, 0x00, 0x79, 0x31, 0x16, 0xa4, 0xa3, 0x4b, 0x33, 0x11,
    0xc7, 0x15, 0x86, 0x23, 0x1d, 0xc9, 0x62, 0x90, 0x05, 0x29, 0x89, 0x93, 0x93, 0x00, 0x20, 0xd0,
    0x80, 0x03, 0x46, 0xfd, 0x24, 0x25, 0x95, 0x4b, 0x32, 0x59, 0xd0, 0x95, 0x55, 0xe2, 0xc4, 0x25,
    0x5a, 0x01, 0x64, 0x49, 0x52, 0x98, 0x5a, 0x62, 0x44, 0x66, 0x53, 0x67, 0x96, 0xa9, 0xe6, 0x9a,
    0x6c, 0xb6, 0xe9, 0xe6, 0x9b, 0x70, 0xc6, 0x29, 0xe7, 0x9c, 0x74, 0xd6, 0x69, 0xa7, 0x5c, 0x01,
    0x0c, 0x40, 0x00, 0x01, 0x05, 0xf4, 0x59, 0xc0, 0x9e, 0x03, 0x2c, 0x94, 0x55, 0x9a, 0x40, 0x11,
    0x1a, 0x54, 0x9e, 0x7b, 0xfa, 0xf9, 0x27, 0x01, 0x81, 0x82, 0x34, 0x40, 0x9f, 0x06, 0x44, 0xaa,
    0x68, 0x01, 0x91, 0x1a, 0xc0, 0x97, 0x98, 0x06, 0x4e, 0x09, 0xe3, 0x4c, 0x9a, 0x36, 0xf5, 0x28,
    0xa5, 0x92, 0x2a, 0x5a, 0xe9, 0xa5, 0x73, 0x51, 0x3a, 0xe9, 0xa9, 0x7e, 0x5a, 0x2a, 0xa8, 0x4c,
    0x33, 0x0e, 0xf8, 0x93, 0x83, 0x07, 0xfc, 0xff, 0x14, 0x80, 0xa9, 0xa8, 0x9e, 0xaa, 0x2a, 0x44,
    0xb3, 0x5a, 0x5a, 0x6b, 0xad, 0x06, 0xac, 0x0a, 0xd3, 0x8d, 0xcc, 0x41, 0x34, 0x40, 0x02, 0x0a,
    0x84, 0xd8, 0xd0, 0x71, 0x0c, 0xe0, 0x94, 0xeb, 0xae, 0xbc, 0xfa, 0x6a, 0x10, 0x01, 0xba, 0x32,
    0x5b, 0x2b, 0x4e, 0x05, 0xec, 0x44, 0x80, 0x43, 0x0e, 0xf2, 0x78, 0x50, 0x6a, 0xda, 0x8e, 0x04,
    0xad, 0xb4, 0xbb, 0x3e, 0x04, 0xee, 0xae, 0x06, 0x60, 0x7a, 0x22, 0x72, 0x0c, 0xf9, 0xd8, 0x6d,
    0x69, 0x48, 0x8a, 0x34, 0x2e, 0xaf, 0x4b, 0x7e, 0xfb, 0xee, 0xa4, 0xe6, 0x9e, 0x7b, 0x52, 0x03,
    0x09, 0x2e, 0x08, 0xe1, 0x5a, 0x17, 0xd6, 0x3b, 0x91, 0xbc, 0xf3, 0xfa, 0xb9, 0xa4, 0x00, 0xd1,
    0xce, 0x6b, 0x00, 0x7c, 0x2a, 0xf1, 0xab, 0x14, 0x56, 0x0b, 0x76, 0x24, 0x16, 0x58, 0xf8, 0x02,
    0x45, 0x70, 0xc0, 0x90, 0x22, 0x3c, 0x90, 0x00, 0xb4, 0x8e, 0x7b, 0x30, 0x9a, 0xdb, 0xdd, 0xd4,
    0xf0, 0xc2, 0x00, 0x58, 0x88, 0x1e, 0x4c, 0x18, 0x17, 0x2c, 0xed, 0xc6, 0x15, 0xf1, 0x19, 0xaa,
    0xad, 0xba, 0x3a, 0xfb, 0x93, 0x00, 0xa9, 0x1d, 0x00, 0x2c, 0x73, 0x04, 0xa4, 0xb6, 0x40, 0xb5,
    0x35, 0x19, 0x5b, 0xa8, 0xca, 0x26, 0xa7, 0xda, 0xb2, 0x99, 0x02, 0xf0, 0x09, 0x6a, 0xa8, 0x8c,
    0xfa, 0x3b, 0x92, 0x77, 0xdc, 0xa1, 0x66, 0xd5, 0x8f, 0x64, 0x05, 0x10, 0x34, 0xa4, 0xa3, 0xfe,
    0x39, 0x80, 0xd1, 0x84, 0x85, 0x69, 0xb5, 0x64, 0x3e, 0x26, 0xfd, 0x59, 0x54, 0xdd, 0x6a, 0x65,
    0xf5, 0xd5, 0x77, 0x12, 0x34, 0x14, 0x71, 0xce, 0xb5, 0xa7, 0x40, 0xd8, 0x4c, 0x82, 0xe5, 0xc0,
    0xb5, 0x0c, 0x09, 0xb0, 0x5d, 0xbb, 0x68, 0x57, 0x37, 0xdc, 0xc8, 0x02, 0x51, 0xe6, 0x80, 0xcb,
    0x71, 0xdb, 0x17, 0x40, 0x02, 0x0e, 0x2c, 0x0f, 0x60, 0xf1, 0x40, 0x7b, 0xf7, 0xfd, 0x77, 0xde,
    0xd5, 0x19, 0x4d, 0x75, 0x81, 0x01, 0x01, 0x00, 0x21, 0xf9, 0x04, 0x04, 0x04, 0x00, 0x00, 0x00,
    0x2c, 0x15, 0x00, 0x1d, 0x00, 0x94, 0x00, 0x30, 0x00, 0x87, 0x00, 0x00, 0x00, 0x0d, 0x03, 0x03,
    0x1a, 0x06, 0x06, 0x26, 0x09, 0x0a, 0x33, 0x0d, 0x0d, 0x40, 0x10, 0x10, 0x4d, 0x13, 0x13, 0x5a,
    0x16, 0x16, 0x66, 0x19, 0x1a, 0x73, 0x1c, 0x1d, 0x80, 0x1f, 0x20, 0x8d, 0x22, 0x23, 0x9a, 0x26,
    0x26, 0xa6, 0x29, 0x2a, 0xb3, 0x2c, 0x2d, 0xc0, 0x2f, 0x30, 0x00, 0x00, 0x00, 0x00, 0x00, 0x00,
    0x00, 0x00, 0x00, 0x00, 0x00, 0x00, 0x00, 0x00, 0x00, 0x00, 0x00, 0x00, 0x00, 0x00, 0x00, 0x00,
    0x00, 0x00, 0x00, 0x00, 0x00, 0x00, 0x00, 0x00, 0x00, 0x00, 0x00, 0x00, 0x00, 0x00, 0x00, 0x00,
    0x00, 0x00, 0x00, 0x00, 0x00, 0x00, 0x00, 0x00, 0x00, 0x00, 0x00, 0x00, 0x00, 0x00, 0x00, 0x00,
    0x00, 0x00, 0x00, 0x00, 0x00, 0x00, 0x00, 0x00, 0x00, 0x00, 0x00, 0x00, 0x00, 0x00, 0x00, 0x00,
    0x00, 0x00, 0x00, 0x00, 0x00, 0x00, 0x00, 0x00, 0x00, 0x00, 0x00, 0x00, 0x00, 0x00, 0x00, 0x00,
    0x00, 0x00, 0x00, 0x00, 0x00, 0x00, 0x00, 0x00, 0x00, 0x00, 0x00, 0x00, 0x00, 0x00, 0x00, 0x00,
    0x00, 0x00, 0x00, 0x00, 0x00, 0x00, 0x00, 0x00, 0x00, 0x00, 0x00, 0x00, 0x00, 0x00, 0x00, 0x00,
    0x00, 0x00, 0x00, 0x00, 0x00, 0x00, 0x00, 0x00, 0x00, 0x00, 0x00, 0x00, 0x00, 0x00, 0x00, 0x00,
    0x00, 0x00, 0x00, 0x00, 0x00, 0x00, 0x00, 0x00, 0x00, 0x00, 0x00, 0x00, 0x00, 0x00, 0x00, 0x00,
    0x00, 0x00, 0x00, 0x00, 0x00, 0x00, 0x00, 0x00, 0x00, 0x00, 0x00, 0x00, 0x00, 0x00, 0x00, 0x00,
    0x00, 0x00, 0x00, 0x00, 0x00, 0x00, 0x00, 0x00, 0x00, 0x00, 0x00, 0x00, 0x00, 0x00, 0x00, 0x00,
    0x00, 0x00, 0x00, 0x00, 0x00, 0x00, 0x00, 0x00, 0x00, 0x00, 0x00, 0x00, 0x00, 0x00, 0x00, 0x00,
    0x00, 0x00, 0x00, 0x00, 0x00, 0x00, 0x00, 0x00, 0x00, 0x00, 0x00, 0x00, 0x00, 0x00, 0x00, 0x00,
    0x00, 0x00, 0x00, 0x00, 0x00, 0x00, 0x00, 0x00, 0x00, 0x00, 0x00, 0x00, 0x00, 0x00, 0x00, 0x00,
    0x00, 0x00, 0x00, 0x00, 0x00, 0x00, 0x00, 0x00, 0x00, 0x00, 0x00, 0x00, 0x00, 0x00, 0x00, 0x00,
    0x00, 0x00, 0x00, 0x00, 0x00, 0x00, 0x00, 0x00, 0x00, 0x00, 0x00, 0x00, 0x00, 0x00, 0x00, 0x00,
    0x00, 0x00, 0x00, 0x00, 0x00, 0x00, 0x00, 0x00, 0x00, 0x00, 0x00, 0x00, 0x00, 0x00, 0x00, 0x00,
    0x00, 0x00, 0x00, 0x00, 0x00, 0x00, 0x00, 0x00, 0x00, 0x00, 0x00, 0x00, 0x00, 0x00, 0x00, 0x00,
    0x00, 0x00, 0x00, 0x00, 0x00, 0x00, 0x00, 0x00, 0x00, 0x00, 0x00, 0x00, 0x00, 0x00, 0x00, 0x00,
    0x00, 0x00, 0x00, 0x00, 0x00, 0x00, 0x00, 0x00, 0x00, 0x00, 0x00, 0x00, 0x00, 0x00, 0x00, 0x00,
    0x00, 0x00, 0x00, 0x00, 0x00, 0x00, 0x00, 0x00, 0x00, 0x00, 0x00, 0x00, 0x00, 0x00, 0x00, 0x00,
    0x00, 0x00, 0x00, 0x00, 0x00, 0x00, 0x00, 0x00, 0x00, 0x00, 0x00, 0x00, 0x00, 0x00, 0x00, 0x00,
    0x00, 0x00, 0x00, 0x00, 0x00, 0x00, 0x00, 0x00, 0x00, 0x00, 0x00, 0x00, 0x00, 0x00, 0x00, 0x00,
    0x00, 0x00, 0x00, 0x00, 0x00, 0x00, 0x00, 0x00, 0x00, 0x00, 0x00, 0x00, 0x00, 0x00, 0x00, 0x00,
    0x00, 0x00, 0x00, 0x00, 0x00, 0x00, 0x00, 0x00, 0x00, 0x00, 0x00, 0x00, 0x00, 0x00, 0x00, 0x00,
    0x00, 0x00, 0x00, 0x00, 0x00, 0x00, 0x00, 0x00, 0x00, 0x00, 0x00, 0x00, 0x00, 0x00, 0x00, 0x00,
    0x00, 0x00, 0x00, 0x00, 0x00, 0x00, 0x00, 0x00, 0x00, 0x00, 0x00, 0x00, 0x00, 0x00, 0x00, 0x00,
    0x00, 0x00, 0x00, 0x00, 0x00, 0x00, 0x00, 0x00, 0x00, 0x00, 0x00, 0x00, 0x00, 0x00, 0x00, 0x00,
    0x00, 0x00, 0x00, 0x00, 0x00, 0x00, 0x00, 0x00, 0x00, 0x00, 0x00, 0x00, 0x00, 0x00, 0x00, 0x00,
    0x00, 0x00, 0x00, 0x00, 0x00, 0x00, 0x00, 0x00, 0x00, 0x00, 0x00, 0x00, 0x00, 0x00, 0x00, 0x00,
    0x00, 0x00, 0x00, 0x00, 0x00, 0x00, 0x00, 0x00, 0x00, 0x00, 0x00, 0x00, 0x00, 0x00, 0x00, 0x00,
    0x00, 0x00, 0x00, 0x00, 0x00, 0x00, 0x00, 0x00, 0x00, 0x00, 0x00, 0x00, 0x00, 0x00, 0x00, 0x00,
    0x00, 0x00, 0x00, 0x00, 0x00, 0x00, 0x00, 0x00, 0x00, 0x00, 0x00, 0x00, 0x00, 0x00, 0x00, 0x00,
    0x00, 0x00, 0x00, 0x00, 0x00, 0x00, 0x00, 0x00, 0x00, 0x00, 0x00, 0x00, 0x00, 0x00, 0x00, 0x00,
    0x00, 0x00, 0x00, 0x00, 0x00, 0x00, 0x00, 0x00, 0x00, 0x00, 0x00, 0x00, 0x00, 0x00, 0x00, 0x00,
    0x00, 0x00, 0x00, 0x00, 0x00, 0x00, 0x00, 0x00, 0x00, 0x00, 0x00, 0x00, 0x00, 0x00, 0x00, 0x00,
    0x00, 0x00, 0x00, 0x00, 0x00, 0x00, 0x00, 0x00, 0x00, 0x00, 0x00, 0x00, 0x00, 0x00, 0x00, 0x00,
    0x00, 0x00, 0x00, 0x00, 0x00, 0x00, 0x00, 0x00, 0x00, 0x00, 0x00, 0x00, 0x00, 0x00, 0x00, 0x00,
    0x00, 0x00, 0x00, 0x00, 0x00, 0x00, 0x00, 0x00, 0x00, 0x00, 0x00, 0x00, 0x00, 0x00, 0x00, 0x00,
    0x00, 0x00, 0x00, 0x00, 0x00, 0x00, 0x00, 0x00, 0x00, 0x00, 0x00, 0x00, 0x00, 0x00, 0x00, 0x00,
    0x00, 0x00, 0x00, 0x00, 0x00, 0x00, 0x00, 0x00, 0x00, 0x00, 0x00, 0x00, 0x00, 0x00, 0x00, 0x00,
    0x00, 0x00, 0x00, 0x00, 0x00, 0x00, 0x00, 0x00, 0x00, 0x00, 0x00, 0x00, 0x00, 0x00, 0x00, 0x00,
    0x00, 0x00, 0x00, 0x00, 0x00, 0x00, 0x00, 0x00, 0x00, 0x00, 0x00, 0x00, 0x00, 0x00, 0x00, 0x00,
    0x00, 0x00, 0x00, 0x00, 0x00, 0x00, 0x00, 0x00, 0x00, 0x00, 0x00, 0x00, 0x00, 0x00, 0x00, 0x00,
    0x00, 0x00, 0x00, 0x00, 0x00, 0x00, 0x00, 0x00, 0x00, 0x00, 0x08, 0xff, 0x00, 0x01, 0x08, 0x1c,
    0x48, 0xb0, 0x60, 0xc1, 0x00, 0x01, 0x0c, 0x2a, 0x5c, 0xc8, 0xb0, 0xa1, 0xc3, 0x87, 0x10, 0x23,
    0x46, 0x44, 0x28, 0xb1, 0xa2, 0xc2, 0x00, 0x08, 0x1a, 0x38, 0x48, 0x20, 0xc0, 0xa2, 0xc7, 0x8f,
    0x20, 0x43, 0x1e, 0xcc, 0xb8, 0xb1, 0xa3, 0xc8, 0x87, 0x01, 0x18, 0x3c, 0x58, 0xf9, 0xc0, 0xc1,
    0x80, 0x93, 0x30, 0x63, 0xca, 0x4c, 0xc9, 0xb2, 0xe5, 0x4b, 0x99, 0x06, 0x69, 0xd6, 0xb4, 0x89,
    0xb3, 0xa7, 0x4f, 0x94, 0x2a, 0x77, 0xba, 0xfc, 0x09, 0x60, 0x80, 0x83, 0x9d, 0x35, 0x0d, 0x10,
    0x5d, 0x4a, 0xd4, 0x28, 0x52, 0x96, 0x4a, 0x7b, 0x3a, 0x7d, 0x0a, 0x95, 0xa9, 0xd5, 0x98, 0x53,
    0xa9, 0x3e, 0x88, 0x8a, 0xf5, 0xa8, 0xd6, 0xaa, 0x57, 0xc3, 0x7a, 0xcc, 0xfa, 0x95, 0xab, 0x48,
    0xb2, 0x5f, 0xb7, 0x8a, 0x5d, 0x0b, 0x11, 0x6d, 0xd9, 0x93, 0x06, 0xa8, 0x2e, 0x48, 0x40, 0x35,
    0x01, 0xdb, 0xbb, 0x0a, 0xe3, 0x3e, 0x9d, 0x5b, 0x37, 0xa4, 0x5e, 0xa4, 0x0c, 0x12, 0xd2, 0x7d,
    0x6a, 0x17, 0xaf, 0xe1, 0xbf, 0x3b, 0x03, 0x03, 0x18, 0x8c, 0xb4, 0xb0, 0x45, 0xc4, 0x35, 0x15,
    0x0b, 0x64, 0xbc, 0xd3, 0xb1, 0x61, 0xb1, 0x90, 0x59, 0x4a, 0x5e, 0xdc, 0xb7, 0x62, 0xe6, 0x95,
    0x9b, 0x27, 0x77, 0xbe, 0x7c, 0xf5, 0xf3, 0x83, 0xd0, 0x9c, 0x09, 0x4b, 0xa4, 0x5c, 0x33, 0x41,
    0x42, 0x83, 0x07, 0xa8, 0xa2, 0x26, 0xdd, 0x93, 0x35, 0x4b, 0xd7, 0x0a, 0x63, 0x3f, 0x9d, 0x6d,
    0xd0, 0xf6, 0x4a, 0xcb, 0x06, 0x4d, 0xf3, 0xa6, 0x7d, 0xd2, 0xf7, 0x03, 0xe0, 0x05, 0x85, 0xbf,
    0x5e, 0x68, 0x1c, 0x79, 0x70, 0xd9, 0xcb, 0x89, 0xc3, 0x6c, 0xfe, 0x50, 0x39, 0xf3, 0xd1, 0x0e,
    0xad, 0x4b, 0x2f, 0x8e, 0xbd, 0xa1, 0xf6, 0x81, 0x3a, 0x91, 0x1e, 0xff, 0xa8, 0x48, 0xc0, 0xab,
    0xd0, 0x9b, 0xdb, 0x3d, 0x86, 0xdf, 0x39, 0x5e, 0x62, 0xf9, 0xa7, 0x43, 0x05, 0xae, 0x4f, 0x3a,
    0xd6, 0x7c, 0xcd, 0xf8, 0xe9, 0x25, 0xce, 0x07, 0x5b, 0xd1, 0x2d, 0x4f, 0x00, 0x41, 0x21, 0x65,
    0x56, 0x7f, 0xf6, 0xb1, 0xe4, 0x80, 0x49, 0xf9, 0x41, 0x14, 0xe0, 0x4e, 0x03, 0x4a, 0xe4, 0xdf,
    0x81, 0x03, 0x50, 0xd5, 0x20, 0x81, 0x4f, 0xb5, 0x97, 0xa0, 0x43, 0x11, 0x3e, 0x35, 0xa1, 0x83,
    0x05, 0xae, 0x74, 0x00, 0x01, 0x48, 0x39, 0x40, 0x00, 0x4c, 0x02, 0x2c, 0xb8, 0x12, 0x02, 0x17,
    0x3e, 0x04, 0xa2, 0x50, 0x23, 0x9e, 0x54, 0x22, 0x52, 0x08, 0x04, 0x50, 0x60, 0x8b, 0x30, 0xc9,
    0xb8, 0x13, 0x7a, 0x29, 0x2e, 0x64, 0x63, 0x4d, 0x34, 0x9e, 0xb4, 0x23, 0x4b, 0x2f, 0x65, 0xb5,
    0x21, 0x48, 0x42, 0xe6, 0xf8, 0x50, 0x91, 0x38, 0x21, 0x09, 0x80, 0x00, 0x07, 0x1c, 0x80, 0xa3,
    0x4c, 0x4c, 0x3a, 0x69, 0x24, 0x44, 0x51, 0x3e, 0x19, 0x53, 0x95, 0x53, 0x66, 0xa9, 0xe5, 0x96,
    0x5c, 0x76, 0xe9, 0xe5, 0x97, 0x60, 0x86, 0x29, 0xe6, 0x98, 0x64, 0x96, 0x89, 0x53, 0x00, 0x02,
    0x0c, 0xa0, 0xe6, 0x00, 0x02, 0x44, 0x67, 0xa6, 0x55, 0x68, 0xae, 0xc9, 0xa6, 0x9b, 0x15, 0x09,
    0x40, 0x40, 0x01, 0x05, 0x18, 0xa0, 0xe7, 0x9e, 0x78, 0x12, 0xd0, 0x26, 0x51, 0x01, 0x34, 0x89,
    0xe0, 0x99, 0x82, 0x2e, 0x65, 0x27, 0x9e, 0x7b, 0xf2, 0x59, 0x80, 0x9f, 0x74, 0x32, 0x24, 0x40,
    0x9e, 0x06, 0xe0, 0x29, 0xe9, 0xa4, 0x90, 0x16, 0x60, 0xa5, 0x8f, 0x41, 0xe1, 0x17, 0x93, 0x4e,
    0x9a, 0x5e, 0x59, 0x29, 0xa5, 0x93, 0xea, 0x69, 0x69, 0x5b, 0x91, 0x82, 0x6a, 0x2a, 0xa2, 0x3d,
    0xc2, 0xa4, 0xdb, 0x4a, 0x0e, 0x34, 0x5a, 0x50, 0x9a, 0x10, 0x2d, 0xf8, 0x50, 0xd3, 0x02, 0x52,
    0x95, 0x7a, 0x2a, 0xa8, 0x06, 0xa4, 0x6a, 0xd0, 0x00, 0xb6, 0xde, 0x8a, 0xab, 0xae, 0x21, 0x21,
    0x90, 0x98, 0xab, 0x00, 0x04, 0xa0, 0x00, 0x68, 0x97, 0x0e, 0xc4, 0x1a, 0xad, 0x32, 0xf1, 0xea,
    0xeb, 0xa9, 0xb9, 0x36, 0xf4, 0xec, 0xb3, 0xc4, 0x5a, 0x24, 0x40, 0x81, 0xce, 0x15, 0xbb, 0x60,
    0xa7, 0x03, 0x65, 0x56, 0x00, 0x4e, 0xd3, 0xfa, 0x4a, 0x6c, 0xb8, 0xd0, 0x56, 0x6b, 0x11, 0x5a,
    0x28, 0x16, 0x34, 0x80, 0x89, 0x2d, 0x7d, 0x5b, 0x50, 0x01, 0x02, 0xf6, 0x44, 0xae, 0xa9, 0x06,
    0x10, 0xeb, 0xec, 0xbc, 0x88, 0xba, 0x9b, 0x64, 0x81, 0x66, 0xf9, 0xb7, 0x52, 0xbf, 0xfc, 0xfa,
    0x74, 0x2f, 0xbe, 0x91, 0x3a, 0x44, 0x40, 0xaf, 0xd3, 0x46, 0x6a, 0xee, 0x47, 0xf0, 0xee, 0xd4,
    0xa2, 0xbf, 0x60, 0xfd, 0x78, 0x22, 0x51, 0x07, 0x13, 0x5c, 0xc0, 0xc2, 0x07, 0x23, 0x4c, 0x6f,
    0xae, 0x0b, 0x83, 0xb4, 0x2a, 0xab, 0x02, 0x5c, 0x9b, 0x98, 0xac, 0x0c, 0x02, 0xb8, 0x93, 0x02,
    0x4c, 0x65, 0x9c, 0x30, 0xc7, 0x13, 0x0d, 0x00, 0x69, 0xa2, 0x89, 0x2e, 0x3a, 0x28, 0x51, 0xac,
    0x35, 0xd0, 0xc0, 0xb0, 0xa9, 0x45, 0x86, 0x33, 0x53, 0x01, 0xb8, 0x0c, 0x33, 0xcc, 0x32, 0x7f,
    0x14, 0x27, 0x01, 0x44, 0x13, 0xa0, 0xe6, 0x9f, 0x62, 0x91, 0x0c, 0x9d, 0xb2, 0x5f, 0xb5, 0xba,
    0xd6, 0xd0, 0x45, 0x1f, 0xdd, 0x71, 0x96, 0xfb, 0x81, 0xe6, 0xa6, 0x71, 0xdc, 0xbe, 0x49, 0x9a,
    0xc8, 0x3b, 0x2d, 0xd0, 0xa8, 0xb0, 0x48, 0xe9, 0xab, 0xf5, 0x76, 0x19, 0xde, 0xe6, 0x1d, 0x7b,
    0x63, 0x5f, 0xf8, 0x57, 0xb6, 0x04, 0xad, 0x9d, 0x76, 0x8a, 0x4c, 0x02, 0xab, 0x50, 0xdc, 0x6f,
    0xd7, 0xdd, 0x65, 0x40, 0x00, 0x21, 0xf9, 0x04, 0x04, 0x04, 0x00, 0x00, 0x00, 0x2c, 0x15, 0x00,
    0x1d, 0x00, 0x94, 0x00, 0x2f, 0x00, 0x87, 0x00, 0x00, 0x00, 0x0d, 0x03, 0x03, 0x1a, 0x06, 0x06,
    0x26, 0x09, 0x0a, 0x33, 0x0d, 0x0d, 0x40, 0x10, 0x10, 0x4d, 0x13, 0x13, 0x5a, 0x16, 0x16, 0x66,
    0x19, 0x1a, 0x73, 0x1c, 0x1d, 0x80, 0x1f, 0x20, 0x8d, 0x22, 0x23, 0x9a, 0x26, 0x26, 0xa6, 0x29,
    0x2a, 0xb3, 0x2c, 0x2d, 0xc0, 0x2f, 0x30, 0x00, 0x00, 0x00, 0x00, 0x00, 0x00, 0x00, 0x00, 0x00,
    0x00, 0x00, 0x00, 0x00, 0x00, 0x00, 0x00, 0x00, 0x00, 0x00, 0x00, 0x00, 0x00, 0x00, 0x00, 0x00,
    0x00, 0x00, 0x00, 0x00, 0x00, 0x00, 0x00, 0x00, 0x00, 0x00, 0x00, 0x00, 0x00, 0x00, 0x00, 0x00,
    0x00, 0x00, 0x00, 0x00, 0x00, 0x00, 0x00, 0x00, 0x00, 0x00, 0x00, 0x00, 0x00, 0x00, 0x00, 0x00,
    0x00, 0x00, 0x00, 0x00, 0x00, 0x00, 0x00, 0x00, 0x00, 0x00, 0x00, 0x00, 0x00, 0x00, 0x00, 0x00,
    0x00, 0x00, 0x00, 0x00, 0x00, 0x00, 0x00, 0x00, 0x00, 0x00, 0x00, 0x00, 0x00, 0x00, 0x00, 0x00,
    0x00, 0x00, 0x00, 0x00, 0x00, 0x00, 0x00, 0x00, 0x00, 0x00, 0x00, 0x00, 0x00, 0x00, 0x00, 0x00,
    0x00, 0x00, 0x00, 0x00, 0x00, 0x00, 0x00, 0x00, 0x00, 0x00, 0x00, 0x00, 0x00, 0x00, 0x00, 0x00,
    0x00, 0x00, 0x00, 0x00, 0x00, 0x00, 0x00, 0x00, 0x00, 0x00, 0x00, 0x00, 0x00, 0x00, 0x00, 0x00,
    0x00, 0x00, 0x00, 0x00, 0x00, 0x00, 0x00, 0x00, 0x00, 0x00, 0x00, 0x00, 0x00, 0x00, 0x00, 0x00,
    0x00, 0x00, 0x00, 0x00, 0x00, 0x00, 0x00, 0x00, 0x00, 0x00, 0x00, 0x00, 0x00, 0x00, 0x00, 0x00,
    0x00, 0x00, 0x00, 0x00, 0x00, 0x00, 0x00, 0x00, 0x00, 0x00, 0x00, 0x00, 0x00, 0x00, 0x00, 0x00,
    0x00, 0x00, 0x00, 0x00, 0x00, 0x00, 0x00, 0x00, 0x00, 0x00, 0x00, 0x00, 0x00, 0x00, 0x00, 0x00,
    0x00, 0x00, 0x00, 0x00, 0x00, 0x00, 0x00, 0x00, 0x00, 0x00, 0x00, 0x00, 0x00, 0x00, 0x00, 0x00,
    0x00, 0x00, 0x00, 0x00, 0x00, 0x00, 0x00, 0x00, 0x00, 0x00, 0x00, 0x00, 0x00, 0x00, 0x00, 0x00,
    0x00, 0x00, 0x00, 0x00, 0x00, 0x00, 0x00, 0x00, 0x00, 0x00, 0x00, 0x00, 0x00, 0x00, 0x00, 0x00,
    0x00, 0x00, 0x00, 0x00, 0x00, 0x00, 0x00, 0x00, 0x00, 0x00, 0x00, 0x00, 0x00, 0x00, 0x00, 0x00,
    0x00, 0x00, 0x00, 0x00, 0x00, 0x00, 0x00, 0x00, 0x00, 0x00, 0x00, 0x00, 0x00, 0x00, 0x00, 0x00,
    0x00, 0x00, 0x00, 0x00, 0x00, 0x00, 0x00, 0x00, 0x00, 0x00, 0x00, 0x00, 0x00, 0x00, 0x00, 0x00,
    0x00, 0x00, 0x00, 0x00, 0x00, 0x00, 0x00, 0x00, 0x00, 0x00, 0x00, 0x00, 0x00, 0x00, 0x00, 0x00,
    0x00, 0x00, 0x00, 0x00, 0x00, 0x00, 0x00, 0x00, 0x00, 0x00, 0x00, 0x00, 0x00, 0x00, 0x00, 0x00,
    0x00, 0x00, 0x00, 0x00, 0x00, 0x00, 0x00, 0x00, 0x00, 0x00, 0x00, 0x00, 0x00, 0x00, 0x00, 0x00,
    0x00, 0x00, 0x00, 0x00, 0x00, 0x00, 0x00, 0x00, 0x00, 0x00, 0x00, 0x00, 0x00, 0x00, 0x00, 0x00,
    0x00, 0x00, 0x00, 0x00, 0x00, 0x00, 0x00, 0x00, 0x00, 0x00, 0x00, 0x00, 0x00, 0x00, 0x00, 0x00,
    0x00, 0x00, 0x00, 0x00, 0x00, 0x00, 0x00, 0x00, 0x00, 0x00, 0x00, 0x00, 0x00, 0x00, 0x00, 0x00,
    0x00, 0x00, 0x00, 0x00, 0x00, 0x00, 0x00, 0x00, 0x00, 0x00, 0x00, 0x00, 0x00, 0x00, 0x00, 0x00,
    0x00, 0x00, 0x00, 0x00, 0x00, 0x00, 0x00, 0x00, 0x00, 0x00, 0x00, 0x00, 0x00, 0x00, 0x00, 0x00,
    0x00, 0x00, 0x00, 0x00, 0x00, 0x00, 0x00, 0x00, 0x00, 0x00, 0x00, 0x00, 0x00, 0x00, 0x00, 0x00,
    0x00, 0x00, 0x00, 0x00, 0x00, 0x00, 0x00, 0x00, 0x00, 0x00, 0x00, 0x00, 0x00, 0x00, 0x00, 0x00,
    0x00, 0x00, 0x00, 0x00, 0x00, 0x00, 0x00, 0x00, 0x00, 0x00, 0x00, 0x00, 0x00, 0x00, 0x00, 0x00,
    0x00, 0x00, 0x00, 0x00, 0x00, 0x00, 0x00, 0x00, 0x00, 0x00, 0x00, 0x00, 0x00, 0x00, 0x00, 0x00,
    0x00, 0x00, 0x00, 0x00, 0x00, 0x00, 0x00, 0x00, 0x00, 0x00, 0x00, 0x00, 0x00, 0x00, 0x00, 0x00,
    0x00, 0x00, 0x00, 0x00, 0x00, 0x00, 0x00, 0x00, 0x00, 0x00, 0x00, 0x00, 0x00, 0x00, 0x00, 0x00,
    0x00, 0x00, 0x00, 0x00, 0x00, 0x00, 0x00, 0x00, 0x00, 0x00, 0x00, 0x00, 0x00, 0x00, 0x00, 0x00,
    0x00, 0x00, 0x00, 0x00, 0x00, 0x00, 0x00, 0x00, 0x00, 0x00, 0x00, 0x00, 0x00, 0x00, 0x00, 0x00,
    0x00, 0x00, 0x00, 0x00, 0x00, 0x00, 0x00, 0x00, 0x00, 0x00, 0x00, 0x00, 0x00, 0x00, 0x00, 0x00,
    0x00, 0x00, 0x00, 0x00, 0x00, 0x00, 0x00, 0x00, 0x00, 0x00, 0x00, 0x00, 0x00, 0x00, 0x00, 0x00,
    0x00, 0x00, 0x00, 0x00, 0x00, 0x00, 0x00, 0x00, 0x00, 0x00, 0x00, 0x00, 0x00, 0x00, 0x00, 0x00,
    0x00, 0x00, 0x00, 0x00, 0x00, 0x00, 0x00, 0x00, 0x00, 0x00, 0x00, 0x00, 0x00, 0x00, 0x00, 0x00,
    0x00, 0x00, 0x00, 0x00, 0x00, 0x00, 0x00, 0x00, 0x00, 0x00, 0x00, 0x00, 0x00, 0x00, 0x00, 0x00,
    0x00, 0x00, 0x00, 0x00, 0x00, 0x00, 0x00, 0x00, 0x00, 0x00, 0x00, 0x00, 0x00, 0x00, 0x00, 0x00,
    0x00, 0x00, 0x00, 0x00, 0x00, 0x00, 0x00, 0x00, 0x00, 0x00, 0x00, 0x00, 0x00, 0x00, 0x00, 0x00,
    0x00, 0x00, 0x00, 0x00, 0x00, 0x00, 0x00, 0x00, 0x00, 0x00, 0x00, 0x00, 0x00, 0x00, 0x00, 0x00,
    0x00, 0x00, 0x00, 0x00, 0x00, 0x00, 0x00, 0x00, 0x00, 0x00, 0x00, 0x00, 0x00, 0x00, 0x00, 0x00,
    0x00, 0x00, 0x00, 0x00, 0x00, 0x00, 0x00, 0x00, 0x00, 0x00, 0x00, 0x00, 0x00, 0x00, 0x00, 0x00,
    0x00, 0x00, 0x00, 0x00, 0x00, 0x00, 0x00, 0x08, 0xff, 0x00, 0x01, 0x08, 0x1c, 0x48, 0xb0, 0x60,
    0xc1, 0x01, 0x04, 0x0c, 0x2a, 0x5c, 0xc8, 0xb0, 0xa1, 0xc3, 0x87, 0x10, 0x23, 0x46, 0x44, 0x28,
    0xb1, 0xa2, 0xc2, 0x01, 0x0b, 0x1e, 0x3c, 0x60, 0x50, 0xc0, 0xa2, 0xc7, 0x8f, 0x20, 0x43, 0x1e,
    0xcc, 0xb8, 0xb1, 0xa3, 0xc8, 0x87, 0x03, 0x1c, 0x68, 0x5c, 0x69, 0xe0, 0xa4, 0xcb, 0x97, 0x30,
    0x53, 0xae, 0xd4, 0xd8, 0x12, 0xa6, 0x41, 0x02, 0x2a, 0x67, 0x6a, 0x3c, 0x60, 0xb3, 0xa7, 0xcf,
    0x87, 0x38, 0x75, 0xee, 0xfc, 0x09, 0xc0, 0x80, 0xd0, 0x99, 0x09, 0x88, 0x2a, 0x25, 0x6a, 0xf4,
    0xa8, 0xc6, 0xa4, 0x3d, 0x9b, 0x3a, 0x7d, 0xba, 0xb4, 0xea, 0x4b, 0xa9, 0x53, 0xa1, 0x5e, 0x9d,
    0xaa, 0x53, 0xab, 0xd5, 0xaf, 0x15, 0xb1, 0x72, 0xf5, 0x1a, 0xf2, 0x00, 0x57, 0xa1, 0x09, 0x02,
    0x80, 0x5d, 0xfb, 0xd0, 0xec, 0x59, 0xa4, 0x6a, 0x43, 0x26, 0x70, 0x8a, 0x40, 0xec, 0x4a, 0x06,
    0x71, 0xd9, 0xea, 0x25, 0x38, 0xf7, 0x68, 0x5d, 0xa7, 0x78, 0x41, 0xf6, 0x45, 0x2b, 0xd0, 0xae,
    0xc6, 0xc0, 0x7b, 0xf7, 0x0e, 0xee, 0x5a, 0x18, 0x70, 0x5e, 0x89, 0x8b, 0x91, 0x12, 0x34, 0xbc,
    0xf1, 0x71, 0x62, 0xab, 0x91, 0x57, 0x7a, 0xa5, 0x8c, 0x18, 0x62, 0x80, 0xcc, 0x54, 0x0b, 0x72,
    0x16, 0x70, 0xd9, 0xea, 0x67, 0xa7, 0x64, 0x8b, 0x02, 0x26, 0xfd, 0x30, 0x00, 0x03, 0xa7, 0x35,
    0x0d, 0xca, 0x14, 0xea, 0x60, 0x40, 0x69, 0xa5, 0xae, 0x61, 0x2f, 0x9c, 0xad, 0xb3, 0xb6, 0xc3,
    0xdc, 0x47, 0x63, 0x5f, 0xcc, 0xd9, 0xdb, 0xf6, 0xed, 0x9e, 0xc0, 0x85, 0x0a, 0x97, 0x4d, 0x7c,
    0xa6, 0xef, 0x85, 0xc9, 0x75, 0x2e, 0x1f, 0x7e, 0xf4, 0xf9, 0x71, 0x97, 0xd1, 0x67, 0x4e, 0x67,
    0x5e, 0xdd, 0x78, 0x41, 0x01, 0xaf, 0x83, 0x4f, 0xff, 0x6c, 0xbe, 0xd2, 0x41, 0xc2, 0xeb, 0x22,
    0xc1, 0xeb, 0x86, 0xc8, 0xdb, 0xf9, 0xf9, 0x81, 0xed, 0xcb, 0x7b, 0xf7, 0x1c, 0x5e, 0x39, 0x7a,
    0x90, 0xf1, 0x35, 0x5a, 0xa7, 0xbf, 0x1e, 0x40, 0xfe, 0x07, 0xfb, 0x45, 0x94, 0x1d, 0x4b, 0xf7,
    0x59, 0xf4, 0x5f, 0x80, 0xfc, 0x89, 0x17, 0x00, 0x79, 0xfa, 0xcd, 0x57, 0xd1, 0x80, 0x1a, 0x39,
    0x58, 0x20, 0x43, 0x0b, 0x76, 0x07, 0x12, 0x84, 0x0f, 0x20, 0x64, 0x61, 0x48, 0x10, 0x22, 0x30,
    0x21, 0x44, 0x04, 0x6c, 0x78, 0x61, 0x7d, 0x33, 0x21, 0x30, 0x80, 0x50, 0x9d, 0x89, 0x94, 0x19,
    0x4f, 0x1f, 0x3a, 0x74, 0xa2, 0x4e, 0x29, 0xca, 0x25, 0x14, 0x4f, 0x24, 0x3a, 0xc0, 0xda, 0x4b,
    0x35, 0xde, 0xd8, 0x22, 0x43, 0x39, 0xda, 0xd4, 0x63, 0x00, 0x24, 0x35, 0x20, 0xa1, 0x48, 0x40,
    0x6a, 0x24, 0xe4, 0x8e, 0xad, 0x05, 0x39, 0x24, 0x87, 0x4a, 0x12, 0x84, 0x90, 0x65, 0x31, 0x11,
    0x00, 0x25, 0x92, 0xbb, 0x49, 0x49, 0xd4, 0x93, 0x54, 0x66, 0xa9, 0xe5, 0x96, 0x5c, 0x76, 0xe9,
    0xe5, 0x97, 0x60, 0x86, 0x29, 0xe6, 0x98, 0x64, 0x96, 0x09, 0x53, 0x00, 0x02, 0x20, 0x44, 0xc0,
    0x9a, 0x03, 0x0c, 0x20, 0xc0, 0x94, 0x66, 0x22, 0x97, 0xe6, 0x9a, 0x6c, 0xba, 0x09, 0x67, 0x43,
    0x01, 0x0c, 0x50, 0x80, 0x01, 0x7c, 0xf6, 0xe9, 0x67, 0x01, 0x04, 0xe8, 0x68, 0xd3, 0x00, 0x0a,
    0x2c, 0x60, 0x52, 0x4f, 0x84, 0x1a, 0x4a, 0x54, 0x9e, 0x7b, 0xfa, 0xe9, 0x28, 0xa0, 0x82, 0x36,
    0x44, 0x00, 0x9f, 0x05, 0x54, 0x6a, 0xe9, 0xa5, 0x95, 0xf2, 0x69, 0xa5, 0x4d, 0x02, 0x10, 0xb7,
    0x5d, 0x48, 0xbc, 0x1d, 0x0a, 0xd3, 0xa4, 0x06, 0x60, 0x6a, 0x6a, 0xa3, 0x9b, 0x4a, 0x5a, 0xea,
    0xa9, 0xac, 0x96, 0x7a, 0xa7, 0x47, 0x08, 0xe8, 0xfc, 0xb4, 0xe4, 0x40, 0x01, 0x18, 0x70, 0x40,
    0xa4, 0x05, 0x05, 0xd0, 0xc0, 0x4c, 0x0b, 0xf4, 0x34, 0x29, 0xab, 0xad, 0x16, 0xf0, 0xea, 0x00,
    0xab, 0x02, 0x7b, 0x6a, 0xa9, 0x36, 0xb9, 0x55, 0x1e, 0xae, 0x02, 0x0d, 0xb0, 0x2b, 0x80, 0x9f,
    0x0a, 0x44, 0xe2, 0x03, 0xbd, 0xc6, 0x54, 0xac, 0xb1, 0x98, 0x22, 0xcb, 0x10, 0xb6, 0xc6, 0x1a,
    0xf0, 0xea, 0x83, 0xd3, 0xc6, 0xd8, 0x2c, 0x79, 0x9f, 0x46, 0x86, 0x60, 0x48, 0xdc, 0x02, 0xeb,
    0xed, 0xb6, 0xe9, 0xb2, 0xfa, 0x2d, 0xb8, 0x3a, 0x55, 0x3b, 0x19, 0x83, 0x0f, 0x78, 0x58, 0x50,
    0xac, 0xce, 0xcd, 0xfa, 0x51, 0xbb, 0xee, 0x32, 0x44, 0x2c, 0xbf, 0x96, 0x1a, 0xf0, 0xde, 0x99,
    0xd3, 0x6e, 0x36, 0xd6, 0x64, 0xc5, 0xf9, 0xf4, 0x2f, 0xc0, 0x7b, 0x0e, 0x7c, 0xd1, 0xb5, 0xdc,
    0x0a, 0x7c, 0x25, 0x79, 0x2c, 0x52, 0x26, 0x99, 0x7f, 0xf6, 0xfd, 0xb4, 0x70, 0xbb, 0x12, 0x3f,
    0x24, 0x40, 0xa3, 0xdd, 0x96, 0xaa, 0xef, 0x49, 0x21, 0xea, 0x44, 0x40, 0x01, 0x42, 0x29, 0xa0,
    0xac, 0x66, 0x9d, 0xea, 0x64, 0x2f, 0x51, 0x1f, 0x53, 0xaa, 0xae, 0xc8, 0x15, 0x09, 0x70, 0x72,
    0xa3, 0x7f, 0x42, 0xfa, 0xee, 0x49, 0x62, 0x31, 0x08, 0x95, 0x5d, 0xe4, 0xa5, 0xf6, 0x93, 0xcd,
    0x99, 0x3e, 0xaa, 0xf3, 0x85, 0x69, 0xb6, 0x69, 0xa7, 0x5e, 0xf8, 0xa2, 0x86, 0xf0, 0x54, 0x0c,
    0xe8, 0x85, 0xa6, 0xd2, 0x4b, 0xc7, 0x09, 0x00, 0x68, 0x0f, 0xa4, 0xc6, 0xd9, 0xce, 0x56, 0x7f,
    0x35, 0x20, 0x8b, 0x06, 0x15, 0x40, 0xde, 0xb9, 0x5d, 0x5f, 0x56, 0x21, 0x81, 0xfe, 0x36, 0xe7,
    0x70, 0xd9, 0xc7, 0x0d, 0xf0, 0x9a, 0x03, 0xd1, 0xc2, 0xf7, 0x76, 0xdc, 0x6c, 0x5f, 0x96, 0x2a,
    0x50, 0x5c, 0x17, 0x18, 0x10, 0x00, 0x21, 0xf9, 0x04, 0x04, 0x04, 0x00, 0x00, 0x00, 0x2c, 0x15,
    0x00, 0x1d, 0x00, 0x94, 0x00, 0x2f, 0x00, 0x87, 0x00, 0x00, 0x00, 0x0d, 0x03, 0x03, 0x1a, 0x06,
    0x06, 0x26, 0x09, 0x0a, 0x33, 0x0d, 0x0d, 0x40, 0x10, 0x10, 0x4d, 0x13, 0x13, 0x5a, 0x16, 0x16,
    0x66, 0x19, 0x1a, 0x73, 0x1c, 0x1d, 0x80, 0x1f, 0x20, 0x8d, 0x22, 0x23, 0x9a, 0x26, 0x26, 0xa6,
    0x29, 0x2a, 0xb3, 0x2c, 0x2d, 0xc0, 0x2f, 0x30, 0x00, 0x00, 0x00, 0x00, 0x00, 0x00, 0x00, 0x00,
    0x00, 0x00, 0x00, 0x00, 0x00, 0x00, 0x00, 0x00, 0x00, 0x00, 0x00, 0x00, 0x00, 0x00, 0x00, 0x00,
    0x00, 0x00, 0x00, 0x00, 0x00, 0x00, 0x00, 0x00, 0x00, 0x00, 0x00, 0x00, 0x00, 0x00, 0x00, 0x00,
    0x00, 0x00, 0x00, 0x00, 0x00, 0x00, 0x00, 0x00, 0x00, 0x00, 0x00, 0x00, 0x00, 0x00, 0x00, 0x00,
    0x00, 0x00, 0x00, 0x00, 0x00, 0x00, 0x00, 0x00, 0x00, 0x00, 0x00, 0x00, 0x00, 0x00, 0x00, 0x00,
    0x00, 0x00, 0x00, 0x00, 0x00, 0x00, 0x00, 0x00, 0x00, 0x00, 0x00, 0x00, 0x00, 0x00, 0x00, 0x00,
    0x00, 0x00, 0x00, 0x00, 0x00, 0x00, 0x00, 0x00, 0x00, 0x00, 0x00, 0x00, 0x00, 0x00, 0x00, 0x00,
    0x00, 0x00, 0x00, 0x00, 0x00, 0x00, 0x00, 0x00, 0x00, 0x00, 0x00, 0x00, 0x00, 0x00, 0x00, 0x00,
    0x00, 0x00, 0x00, 0x00, 0x00, 0x00, 0x00, 0x00, 0x00, 0x00, 0x00, 0x00, 0x00, 0x00, 0x00, 0x00,
    0x00, 0x00, 0x00, 0x00, 0x00, 0x00, 0x00, 0x00, 0x00, 0x00, 0x00, 0x00, 0x00, 0x00, 0x00, 0x00,
    0x00, 0x00, 0x00, 0x00, 0x00, 0x00, 0x00, 0x00, 0x00, 0x00, 0x00, 0x00, 0x00, 0x00, 0x00, 0x00,
    0x00, 0x00, 0x00, 0x00, 0x00, 0x00, 0x00, 0x00, 0x00, 0x00, 0x00, 0x00, 0x00, 0x00, 0x00, 0x00,
    0x00, 0x00, 0x00, 0x00, 0x00, 0x00, 0x00, 0x00, 0x00, 0x00, 0x00, 0x00, 0x00, 0x00, 0x00, 0x00,
    0x00, 0x00, 0x00, 0x00, 0x00, 0x00, 0x00, 0x00, 0x00, 0x00, 0x00, 0x00, 0x00, 0x00, 0x00, 0x00,
    0x00, 0x00, 0x00, 0x00, 0x00, 0x00, 0x00, 0x00, 0x00, 0x00, 0x00, 0x00, 0x00, 0x00, 0x00, 0x00,
    0x00, 0x00, 0x00, 0x00, 0x00, 0x00, 0x00, 0x00, 0x00, 0x00, 0x00, 0x00, 0x00, 0x00, 0x00, 0x00,
    0x00, 0x00, 0x00, 0x00, 0x00, 0x00, 0x00, 0x00, 0x00, 0x00, 0x00, 0x00, 0x00, 0x00, 0x00, 0x00,
    0x00, 0x00, 0x00, 0x00, 0x00, 0x00, 0x00, 0x00, 0x00, 0x00, 0x00, 0x00, 0x00, 0x00, 0x00, 0x00,
    0x00, 0x00, 0x00, 0x00, 0x00, 0x00, 0x00, 0x00, 0x00, 0x00, 0x00, 0x00, 0x00, 0x00, 0x00, 0x00,
    0x00, 0x00, 0x00, 0x00, 0x00, 0x00, 0x00, 0x00, 0x00, 0x00, 0x00, 0x00, 0x00, 0x00, 0x00, 0x00,
    0x00, 0x00, 0x00, 0x00, 0x00, 0x00, 0x00, 0x00, 0x00, 0x00, 0x00, 0x00, 0x00, 0x00, 0x00, 0x00,
    0x00, 0x00, 0x00, 0x00, 0x00, 0x00, 0x00, 0x00, 0x00, 0x00, 0x00, 0x00, 0x00, 0x00, 0x00, 0x00,
    0x00, 0x00, 0x00, 0x00, 0x00, 0x00, 0x00, 0x00, 0x00, 0x00, 0x00, 0x00, 0x00, 0x00, 0x00, 0x00,
    0x00, 0x00, 0x00, 0x00, 0x00, 0x00, 0x00, 0x00, 0x00, 0x00, 0x00, 0x00, 0x00, 0x00, 0x00, 0x00,
    0x00, 0x00, 0x00, 0x00, 0x00, 0x00, 0x00, 0x00, 0x00, 0x00, 0x00, 0x00, 0x00, 0x00, 0x00, 0x00,
    0x00, 0x00, 0x00, 0x00, 0x00, 0x00, 0x00, 0x00, 0x00, 0x00, 0x00, 0x00, 0x00, 0x00, 0x00, 0x00,
    0x00, 0x00, 0x00, 0x00, 0x00, 0x00, 0x00, 0x00, 0x00, 0x00, 0x00, 0x00, 0x00, 0x00, 0x00, 0x00,
    0x00, 0x00, 0x00, 0x00, 0x00, 0x00, 0x00, 0x00, 0x00, 0x00, 0x00, 0x00, 0x00, 0x00, 0x00, 0x00,
    0x00, 0x00, 0x00, 0x00, 0x00, 0x00, 0x00, 0x00, 0x00, 0x00, 0x00, 0x00, 0x00, 0x00, 0x00, 0x00,
    0x00, 0x00, 0x00, 0x00, 0x00, 0x00, 0x00, 0x00, 0x00, 0x00, 0x00, 0x00, 0x00, 0x00, 0x00, 0x00,
    0x00, 0x00, 0x00, 0x00, 0x00, 0x00, 0x00, 0x00, 0x00, 0x00, 0x00, 0x00, 0x00, 0x00, 0x00, 0x00,
    0x00, 0x00, 0x00, 0x00, 0x00, 0x00, 0x00, 0x00, 0x00, 0x00, 0x00, 0x00, 0x00, 0x00, 0x00, 0x00,
    0x00, 0x00, 0x00, 0x00, 0x00, 0x00, 0x00, 0x00, 0x00, 0x00, 0x00, 0x00, 0x00, 0x00, 0x00, 0x00,
    0x00, 0x00, 0x00, 0x00, 0x00, 0x00, 0x00, 0x00, 0x00, 0x00, 0x00, 0x00, 0x00, 0x00, 0x00, 0x00,
    0x00, 0x00, 0x00, 0x00, 0x00, 0x00, 0x00, 0x00, 0x00, 0x00, 0x00, 0x00, 0x00, 0x00, 0x00, 0x00,
    0x00, 0x00, 0x00, 0x00, 0x00, 0x00, 0x00, 0x00, 0x00, 0x00, 0x00, 0x00, 0x00, 0x00, 0x00, 0x00,
    0x00, 0x00, 0x00, 0x00, 0x00, 0x00, 0x00, 0x00, 0x00, 0x00, 0x00, 0x00, 0x00, 0x00, 0x00, 0x00,
    0x00, 0x00, 0x00, 0x00, 0x00, 0x00, 0x00, 0x00, 0x00, 0x00, 0x00, 0x00, 0x00, 0x00, 0x00, 0x00,
    0x00, 0x00, 0x00, 0x00, 0x00, 0x00, 0x00, 0x00, 0x00, 0x00, 0x00, 0x00, 0x00, 0x00, 0x00, 0x00,
    0x00, 0x00, 0x00, 0x00, 0x00, 0x00, 0x00, 0x00, 0x00, 0x00, 0x00, 0x00, 0x00, 0x00, 0x00, 0x00,
    0x00, 0x00, 0x00, 0x00, 0x00, 0x00, 0x00, 0x00, 0x00, 0x00, 0x00, 0x00, 0x00, 0x00, 0x00, 0x00,
    0x00, 0x00, 0x00, 0x00, 0x00, 0x00, 0x00, 0x00, 0x00, 0x00, 0x00, 0x00, 0x00, 0x00, 0x00, 0x00,
    0x00, 0x00, 0x00, 0x00, 0x00, 0x00, 0x00, 0x00, 0x00, 0x00, 0x00, 0x00, 0x00, 0x00, 0x00, 0x00,
    0x00, 0x00, 0x00, 0x00, 0x00, 0x00, 0x00, 0x00, 0x00, 0x00, 0x00, 0x00, 0x00, 0x00, 0x00, 0x00,
    0x00, 0x00, 0x00, 0x00, 0x00, 0x00, 0x00, 0x00, 0x00, 0x00, 0x00, 0x00, 0x00, 0x00, 0x00, 0x00,
    0x00, 0x00, 0x00, 0x00, 0x00, 0x00, 0x00, 0x00, 0x08, 0xff, 0x00, 0x01, 0x08, 0x1c, 0x48, 0xb0,
    0x20, 0xc1, 0x00, 0x07, 0x0e, 0x08, 0x30, 0xc8, 0xb0, 0xa1, 0xc3, 0x87, 0x10, 0x23, 0x4a, 0x9c,
    0x18, 0x11, 0xa1, 0x42, 0x8a, 0x18, 0x0d, 0x1a, 0x70, 0xf0, 0xa0, 0x23, 0x82, 0x8c, 0x20, 0x43,
    0x8a, 0x1c, 0x59, 0x70, 0x63, 0xc7, 0x07, 0x1f, 0x49, 0x46, 0x34, 0x70, 0xf2, 0x64, 0x02, 0x95,
    0x30, 0x63, 0xca, 0x64, 0xd9, 0xf2, 0xc1, 0x4b, 0x99, 0x06, 0x0f, 0xd4, 0x3c, 0xa9, 0x20, 0x00,
    0xce, 0x9f, 0x40, 0x21, 0xea, 0xdc, 0xf9, 0xa0, 0x67, 0xd0, 0x04, 0x44, 0x4f, 0x32, 0xf0, 0x19,
    0xb4, 0x69, 0x53, 0xa4, 0x49, 0x1f, 0x2c, 0xfd, 0x09, 0x35, 0xaa, 0x54, 0xa6, 0x4e, 0xb3, 0xc2,
    0xac, 0x1a, 0x75, 0x6a, 0x4c, 0xae, 0x56, 0xbd, 0x6a, 0x1d, 0x0b, 0x12, 0x6c, 0x57, 0xac, 0x22,
    0x03, 0x28, 0x48, 0xca, 0x71, 0x27, 0x83, 0x01, 0x64, 0xe3, 0x4a, 0x54, 0xcb, 0x96, 0xe8, 0xdb,
    0x91, 0x01, 0x18, 0x24, 0x2d, 0x30, 0xa0, 0x6d, 0x4d, 0x07, 0x70, 0xe5, 0x0a, 0x36, 0x98, 0x77,
    0x6f, 0x5f, 0xa2, 0x80, 0x43, 0x16, 0x26, 0x6a, 0x40, 0xe0, 0xe1, 0x9d, 0x89, 0x07, 0x4b, 0x5e,
    0xbc, 0xb3, 0x31, 0x80, 0xc7, 0x7f, 0x03, 0x53, 0xa4, 0x5c, 0xd3, 0xb2, 0x63, 0xbf, 0x2d, 0x23,
    0x4b, 0x8e, 0xcb, 0xb9, 0xa5, 0xe7, 0xcb, 0xa0, 0x4f, 0x8a, 0x8e, 0x38, 0x40, 0x2f, 0xe4, 0xd3,
    0x8e, 0x1b, 0x20, 0x2e, 0x30, 0x9a, 0x6c, 0x6b, 0xc4, 0xb0, 0x2f, 0xcb, 0x86, 0x4c, 0x9b, 0x75,
    0xea, 0x8e, 0xab, 0x0f, 0xba, 0xae, 0x5c, 0x3b, 0x2b, 0xe6, 0xd0, 0x9a, 0x0b, 0x96, 0x3e, 0x99,
    0xbb, 0xe0, 0x71, 0xd5, 0xc9, 0x09, 0x0f, 0xef, 0x5c, 0x3c, 0xe8, 0x73, 0xe0, 0xd1, 0x95, 0x4f,
    0x37, 0xed, 0xf0, 0xfa, 0x83, 0xe0, 0x0c, 0x97, 0x77, 0xff, 0x6c, 0x5e, 0x5d, 0xa4, 0x77, 0xf0,
    0xd2, 0x93, 0x36, 0x2f, 0xf0, 0xfb, 0x41, 0x83, 0xec, 0x0d, 0x03, 0x2c, 0x48, 0x9a, 0xb2, 0x3c,
    0x49, 0xf6, 0x44, 0xdf, 0x4f, 0x94, 0x4f, 0xbf, 0x64, 0x52, 0xb1, 0x13, 0x99, 0xd5, 0xd1, 0x4d,
    0xf6, 0x85, 0x44, 0x93, 0x5b, 0x68, 0x49, 0x24, 0xa0, 0x4d, 0x03, 0x1d, 0x58, 0x13, 0x80, 0x14,
    0x2d, 0x48, 0x60, 0x81, 0x14, 0x39, 0xd8, 0x12, 0x84, 0x01, 0x26, 0xf5, 0x92, 0x00, 0xff, 0x25,
    0x88, 0xd1, 0x82, 0xbd, 0x51, 0x28, 0x11, 0x87, 0x76, 0x79, 0x18, 0xe1, 0x5e, 0x04, 0x10, 0xb5,
    0x80, 0x89, 0x18, 0x21, 0x40, 0x54, 0x7d, 0x22, 0x42, 0x94, 0xe2, 0x4e, 0x2b, 0xaa, 0xe4, 0xe2,
    0x4e, 0x08, 0x90, 0xd8, 0xd2, 0x84, 0x24, 0x59, 0xf8, 0x00, 0x79, 0x31, 0x16, 0xa4, 0xa3, 0x4b,
    0x33, 0x11, 0xc7, 0x15, 0x86, 0x23, 0x1d, 0xc9, 0x62, 0x90, 0x05, 0x29, 0x89, 0x93, 0x93, 0x00,
    0x20, 0xd0, 0x80, 0x03, 0x46, 0xfd, 0x24, 0x25, 0x95, 0x4b, 0x32, 0x59, 0xd0, 0x95, 0x55, 0xe2,
    0xc4, 0x25, 0x5a, 0x01, 0x64, 0x49, 0x52, 0x98, 0x5a, 0x62, 0x44, 0x66, 0x53, 0x67, 0x96, 0xa9,
    0xe6, 0x9a, 0x6c, 0xb6, 0xe9, 0xe6, 0x9b, 0x70, 0xc6, 0x29, 0xe7, 0x9c, 0x74, 0xd6, 0x69, 0xa7,
    0x5c, 0x01, 0x0c, 0x40, 0x00, 0x01, 0x05, 0xf4, 0x59, 0xc0, 0x9e, 0x03, 0x2c, 0x94, 0x55, 0x9a,
    0x40, 0x11, 0x1a, 0x54, 0x9e, 0x7b, 0xfa, 0xf9, 0x27, 0x01, 0x81, 0x82, 0x34, 0x40, 0x9f, 0x06,
    0x44, 0xaa, 0x68, 0x01, 0x91, 0x1a, 0xc0, 0x97, 0x98, 0x06, 0x4e, 0x09, 0xe3, 0x4c, 0x9a, 0x36,
    0xf5, 0x28, 0xa5, 0x92, 0x2a, 0x5a, 0xe9, 0xa5, 0x73, 0x51, 0x3a, 0xe9, 0xa9, 0x7e, 0x5a, 0x2a,
    0xa8, 0x4c, 0x33, 0x0e, 0xf8, 0x93, 0x83, 0x07, 0xfc, 0xff, 0x14, 0x80, 0xa9, 0xa8, 0x9e, 0xaa,
    0x2a, 0x44, 0xb3, 0x5a, 0x5a, 0x6b, 0xad, 0x06, 0xac, 0x0a, 0xd3, 0x8d, 0xcc, 0x41, 0x34, 0x40,
    0x02, 0x0a, 0x84, 0xd8, 0xd0, 0x71, 0x0c, 0xe0, 0x94, 0xeb, 0xae, 0xbc, 0xfa, 0x6a, 0x10, 0x01,
    0xba, 0x32, 0x5b, 0x2b, 0x4e, 0x05, 0xec, 0x44, 0x80, 0x43, 0x0e, 0xf2, 0x78, 0x50, 0x6a, 0xda,
    0x8e, 0x04, 0xad, 0xb4, 0xbb, 0x3e, 0x04, 0xee, 0xae, 0x06, 0x60, 0x7a, 0x22, 0x72, 0x0c, 0xf9,
    0xd8, 0x6d, 0x69, 0x48, 0x8a, 0x34, 0x2e, 0xaf, 0x4b, 0x7e, 0xfb, 0xee, 0xa4, 0xe6, 0x9e, 0x7b,
    0x52, 0x03, 0x09, 0x2e, 0x08, 0xe1, 0x5a, 0x17, 0xd6, 0x3b, 0x91, 0xbc, 0xf3, 0xfa, 0xb9, 0xa4,
    0x00, 0xd1, 0xce, 0x6b, 0x00, 0x7c, 0x2a, 0xf1, 0xab, 0x14, 0x56, 0x0b, 0x76, 0x24, 0x16, 0x58,
    0xf8, 0x02, 0x45, 0x70, 0xc0, 0x90, 0x22, 0x3c, 0x90, 0x00, 0xb4, 0x8e, 0x7b, 0x30, 0x9a, 0xdb,
    0xdd, 0xd4, 0xf0, 0xc2, 0x00, 0x58, 0x88, 0x1e, 0x4c, 0x18, 0x17, 0x2c, 0xed, 0xc6, 0x15, 0xf1,
    0x19, 0xaa, 0xad, 0xba, 0x3a, 0xfb, 0x93, 0x00, 0xa9, 0x1d, 0x00, 0x2c, 0x73, 0x04, 0xa4, 0xb6,
    0x40, 0xb5, 0x35, 0x19, 0x5b, 0xa8, 0xca, 0x26, 0xa7, 0xda, 0xb2, 0x99, 0x02, 0xf0, 0x09, 0x6a,
    0xa8, 0x8c, 0xfa, 0x3b, 0x92, 0x77, 0xdc, 0xa1, 0x66, 0xd5, 0x8f, 0x64, 0x05, 0x10, 0x34, 0xa4,
    0xa3, 0xfe, 0x39, 0x80, 0xd1, 0x84, 0x85, 0x69, 0xb5, 0x64, 0x3e, 0x26, 0xfd, 0x59, 0x54, 0xdd,
    0x6a, 0x65, 0xf5, 0xd5, 0x77, 0x12, 0x34, 0x14, 0x71, 0xce, 0xb5, 0xa7, 0x40, 0xd8, 0x4c, 0x82,
    0xe5, 0xc0, 0xb5, 0x0c, 0x09, 0xb0, 0x5d, 0xbb, 0x68, 0x57, 0x37, 0xdc, 0xc8, 0x02, 0x51, 0xe6,
    0x80, 0xcb, 0x71, 0xdb, 0x17, 0x40, 0x02, 0x0e, 0x2c, 0x0f, 0x60, 0xf1, 0x40, 0x7b, 0xf7, 0xfd,
    0x77, 0xde, 0xd5, 0x19, 0x4d, 0x75, 0x81, 0x01, 0x01, 0x00, 0x21, 0xf9, 0x04, 0x04, 0x04, 0x00,
    0x00, 0x00, 0x2c, 0x16, 0x00, 0x1d, 0x00, 0x93, 0x00, 0x2f, 0x00, 0x87, 0x00, 0x00, 0x00, 0x0d,
    0x03, 0x03, 0x1a, 0x06, 0x06, 0x26, 0x09, 0x0a, 0x33, 0x0d, 0x0d, 0x40, 0x10, 0x10, 0x4d, 0x13,
    0x13, 0x5a, 0x16, 0x16, 0x66, 0x19, 0x1a, 0x73, 0x1c, 0x1d, 0x80, 0x1f, 0x20, 0x8d, 0x22, 0x23,
    0x9a, 0x26, 0x26, 0xa6, 0x29, 0x2a, 0xb3, 0x2c, 0x2d, 0xc0, 0x2f, 0x30, 0x00, 0x00, 0x00, 0x00,
    0x00, 0x00, 0x00, 0x00, 0x00, 0x00, 0x00, 0x00, 0x00, 0x00, 0x00, 0x00, 0x00, 0x00, 0x00, 0x00,
    0x00, 0x00, 0x00, 0x00, 0x00, 0x00, 0x00, 0x00, 0x00, 0x00, 0x00, 0x00, 0x00, 0x00, 0x00, 0x00,
    0x00, 0x00, 0x00, 0x00, 0x00, 0x00, 0x00, 0x00, 0x00, 0x00, 0x00, 0x00, 0x00, 0x00, 0x00, 0x00,
    0x00, 0x00, 0x00, 0x00, 0x00, 0x00, 0x00, 0x00, 0x00, 0x00, 0x00, 0x00, 0x00, 0x00, 0x00, 0x00,
    0x00, 0x00, 0x00, 0x00, 0x00, 0x00, 0x00, 0x00, 0x00, 0x00, 0x00, 0x00, 0x00, 0x00, 0x00, 0x00,
    0x00, 0x00, 0x00, 0x00, 0x00, 0x00, 0x00, 0x00, 0x00, 0x00, 0x00, 0x00, 0x00, 0x00, 0x00, 0x00,
    0x00, 0x00, 0x00, 0x00, 0x00, 0x00, 0x00, 0x00, 0x00, 0x00, 0x00, 0x00, 0x00, 0x00, 0x00, 0x00,
    0x00, 0x00, 0x00, 0x00, 0x00, 0x00, 0x00, 0x00, 0x00, 0x00, 0x00, 0x00, 0x00, 0x00, 0x00, 0x00,
    0x00, 0x00, 0x00, 0x00, 0x00, 0x00, 0x00, 0x00, 0x00, 0x00, 0x00, 0x00, 0x00, 0x00, 0x00, 0x00,
    0x00, 0x00, 0x00, 0x00, 0x00, 0x00, 0x00, 0x00, 0x00, 0x00, 0x00, 0x00, 0x00, 0x00, 0x00, 0x00,
    0x00, 0x00, 0x00, 0x00, 0x00, 0x00, 0x00, 0x00, 0x00, 0x00, 0x00, 0x00, 0x00, 0x00, 0x00, 0x00,
    0x00, 0x00, 0x00, 0x00, 0x00, 0x00, 0x00, 0x00, 0x00, 0x00, 0x00, 0x00, 0x00, 0x00, 0x00, 0x00,
    0x00, 0x00, 0x00, 0x00, 0x00, 0x00, 0x00, 0x00, 0x00, 0x00, 0x00, 0x00, 0x00, 0x00, 0x00, 0x00,
    0x00, 0x00, 0x00, 0x00, 0x00, 0x00, 0x00, 0x00, 0x00, 0x00, 0x00, 0x00, 0x00, 0x00, 0x00, 0x00,
    0x00, 0x00, 0x00, 0x00, 0x00, 0x00, 0x00, 0x00, 0x00, 0x00, 0x00, 0x00, 0x00, 0x00, 0x00, 0x00,
    0x00, 0x00, 0x00, 0x00, 0x00, 0x00, 0x00, 0x00, 0x00, 0x00, 0x00, 0x00, 0x00, 0x00, 0x00, 0x00,
    0x00, 0x00, 0x00, 0x00, 0x00, 0x00, 0x00, 0x00, 0x00, 0x00, 0x00, 0x00, 0x00, 0x00, 0x00, 0x00,
    0x00, 0x00, 0x00, 0x00, 0x00, 0x00, 0x00, 0x00, 0x00, 0x00, 0x00, 0x00, 0x00, 0x00, 0x00, 0x00,
    0x00, 0x00, 0x00, 0x00, 0x00, 0x00, 0x00, 0x00, 0x00, 0x00, 0x00, 0x00, 0x00, 0x00, 0x00, 0x00,
    0x00, 0x00, 0x00, 0x00, 0x00, 0x00, 0x00, 0x00, 0x00, 0x00, 0x00, 0x00, 0x00, 0x00, 0x00, 0x00,
    0x00, 0x00, 0x00, 0x00, 0x00, 0x00, 0x00, 0x00, 0x00, 0x00, 0x00, 0x00, 0x00, 0x00, 0x00, 0x00,
    0x00, 0x00, 0x00, 0x00, 0x00, 0x00, 0x00, 0x00, 0x00, 0x00, 0x00, 0x00, 0x00, 0x00, 0x00, 0x00,
    0x00, 0x00, 0x00, 0x00, 0x00, 0x00, 0x00, 0x00, 0x00, 0x00, 0x00, 0x00, 0x00, 0x00, 0x00, 0x00,
    0x00, 0x00, 0x00, 0x00, 0x00, 0x00, 0x00, 0x00, 0x00, 0x00, 0x00, 0x00, 0x00, 0x00, 0x00, 0x00,
    0x00, 0x00, 0x00, 0x00, 0x00, 0x00, 0x00, 0x00, 0x00, 0x00, 0x00, 0x00, 0x00, 0x00, 0x00, 0x00,
    0x00, 0x00, 0x00, 0x00, 0x00, 0x00, 0x00, 0x00, 0x00, 0x00, 0x00, 0x00, 0x00, 0x00, 0x00, 0x00,
    0x00, 0x00, 0x00, 0x00, 0x00, 0x00, 0x00, 0x00, 0x00, 0x00, 0x00, 0x00, 0x00, 0x00, 0x00, 0x00,
    0x00, 0x00, 0x00, 0x00, 0x00, 0x00, 0x00, 0x00, 0x00, 0x00, 0x00, 0x00, 0x00, 0x00, 0x00, 0x00,
    0x00, 0x00, 0x00, 0x00, 0x00, 0x00, 0x00, 0x00, 0x00, 0x00, 0x00, 0x00, 0x00, 0x00, 0x00, 0x00,
    0x00, 0x00, 0x00, 0x00, 0x00, 0x00, 0x00, 0x00, 0x00, 0x00, 0x00, 0x00, 0x00, 0x00, 0x00, 0x00,
    0x00, 0x00, 0x00, 0x00, 0x00, 0x00, 0x00, 0x00, 0x00, 0x00, 0x00, 0x00, 0x00, 0x00, 0x00, 0x00,
    0x00, 0x00, 0x00, 0x00, 0x00, 0x00, 0x00, 0x00, 0x00, 0x00, 0x00, 0x00, 0x00, 0x00, 0x00, 0x00,
    0x00, 0x00, 0x00, 0x00, 0x00, 0x00, 0x00, 0x00, 0x00, 0x00, 0x00, 0x00, 0x00, 0x00, 0x00, 0x00,
    0x00, 0x00, 0x00, 0x00, 0x00, 0x00, 0x00, 0x00, 0x00, 0x00, 0x00, 0x00, 0x00, 0x00, 0x00, 0x00,
    0x00, 0x00, 0x00, 0x00, 0x00, 0x00, 0x00, 0x00, 0x00, 0x00, 0x00, 0x00, 0x00, 0x00, 0x00, 0x00,
    0x00, 0x00, 0x00, 0x00, 0x00, 0x00, 0x00, 0x00, 0x00, 0x00, 0x00, 0x00, 0x00, 0x00, 0x00, 0x00,
    0x00, 0x00, 0x00, 0x00, 0x00, 0x00, 0x00, 0x00, 0x00, 0x00, 0x00, 0x00, 0x00, 0x00, 0x00, 0x00,
    0x00, 0x00, 0x00, 0x00, 0x00, 0x00, 0x00, 0x00, 0x00, 0x00, 0x00, 0x00, 0x00, 0x00, 0x00, 0x00,
    0x00, 0x00, 0x00, 0x00, 0x00, 0x00, 0x00, 0x00, 0x00, 0x00, 0x00, 0x00, 0x00, 0x00, 0x00, 0x00,
    0x00, 0x00, 0x00, 0x00, 0x00, 0x00, 0x00, 0x00, 0x00, 0x00, 0x00, 0x00, 0x00, 0x00, 0x00, 0x00,
    0x00, 0x00, 0x00, 0x00, 0x00, 0x00, 0x00, 0x00, 0x00, 0x00, 0x00, 0x00, 0x00, 0x00, 0x00, 0x00,
    0x00, 0x00, 0x00, 0x00, 0x00, 0x00, 0x00, 0x00, 0x00, 0x00, 0x00, 0x00, 0x00, 0x00, 0x00, 0x00,
    0x00, 0x00, 0x00, 0x00, 0x00, 0x00, 0x00, 0x00, 0x00, 0x00, 0x00, 0x00, 0x00, 0x00, 0x00, 0x00,
    0x00, 0x00, 0x00, 0x00, 0x00, 0x00, 0x00, 0x00, 0x00, 0x00, 0x00, 0x00, 0x00, 0x00, 0x00, 0x00,
    0x00, 0x00, 0x00, 0x00, 0x00, 0x00, 0x00, 0x00, 0x00, 0x00, 0x00, 0x00, 0x08, 0xff, 0x00, 0x01,
    0x08, 0x1c, 0x48, 0xb0, 0xe0, 0x40, 0x02, 0x0a, 0x16, 0x18, 0x30, 0xc8, 0xb0, 0xa1, 0xc3, 0x87,
    0x10, 0x23, 0x4a, 0x9c, 0x18, 0x11, 0xa1, 0x42, 0x8a, 0x18, 0x0b, 0x26, 0x78, 0xc0, 0xf1, 0x01,
    0x83, 0x00, 0x19, 0x43, 0x8a, 0x1c, 0x49, 0x92, 0xe0, 0xc6, 0x8e, 0x1f, 0x4b, 0x42, 0x3c, 0xd9,
    0xd1, 0x23, 0x48, 0x95, 0x30, 0x63, 0xc2, 0x64, 0x89, 0xf2, 0xa5, 0x4c, 0x81, 0x01, 0x16, 0xb4,
    0x6c, 0xd9, 0x60, 0xc0, 0xcd, 0x9f, 0x40, 0x1f, 0xe6, 0xdc, 0xd9, 0xb1, 0xe7, 0xcf, 0x00, 0x0c,
    0x88, 0xb6, 0x74, 0xe0, 0x33, 0xa8, 0xd3, 0xa0, 0x48, 0x95, 0x76, 0x64, 0x2a, 0x33, 0xaa, 0xd4,
    0xa9, 0x4d, 0x9f, 0x6a, 0x55, 0x69, 0xf5, 0xea, 0x03, 0xaa, 0x5c, 0x93, 0x7a, 0xc5, 0xba, 0xb5,
    0xac, 0xc8, 0xae, 0x63, 0xc1, 0x8e, 0x1c, 0xd0, 0x40, 0x69, 0x03, 0xb1, 0x3b, 0x1d, 0x2c, 0x34,
    0x4b, 0x37, 0x22, 0x5b, 0xb7, 0x70, 0x97, 0xce, 0x0d, 0x39, 0xc0, 0x81, 0x52, 0xa6, 0x68, 0x5b,
    0xee, 0xad, 0x4b, 0x98, 0x60, 0xdf, 0xbf, 0x03, 0x02, 0x77, 0x1c, 0x3c, 0xf1, 0x30, 0x51, 0xb0,
    0x8a, 0x39, 0x32, 0x2e, 0x4c, 0xd7, 0x71, 0xdc, 0xa6, 0x91, 0x1f, 0x4c, 0x7e, 0x68, 0x79, 0x69,
    0x56, 0x00, 0x99, 0x37, 0x53, 0x7e, 0xda, 0x99, 0xec, 0xc0, 0xd0, 0x13, 0x0d, 0xf8, 0x25, 0xca,
    0xe0, 0x33, 0x4e, 0x05, 0x52, 0x11, 0x8c, 0x36, 0xab, 0x5a, 0x69, 0x6b, 0x83, 0x01, 0x60, 0x2b,
    0x95, 0x0d, 0xd1, 0x80, 0xd4, 0x94, 0x0d, 0x69, 0xb6, 0x4c, 0x30, 0x5b, 0xab, 0x6f, 0xdb, 0x36,
    0x0d, 0x0a, 0xef, 0x48, 0xdc, 0xe1, 0x71, 0xd6, 0xc9, 0x19, 0x2e, 0xe7, 0xd8, 0xbc, 0xf8, 0xcf,
    0xe7, 0x3b, 0x81, 0x3b, 0x9c, 0xfe, 0xa0, 0x7a, 0x41, 0xec, 0x2d, 0xb5, 0x3f, 0xff, 0xe4, 0xee,
    0xdd, 0xba, 0x4a, 0xf0, 0x35, 0x25, 0x92, 0x37, 0x88, 0x40, 0xaa, 0x82, 0xe8, 0x0f, 0xdb, 0x2b,
    0x5d, 0x00, 0xdf, 0x7c, 0x46, 0xf9, 0x44, 0xdf, 0x53, 0xc4, 0xbf, 0x93, 0xfe, 0xc0, 0xf5, 0x19,
    0xa1, 0xc7, 0x91, 0x78, 0xf6, 0x61, 0x04, 0x20, 0x46, 0x02, 0xba, 0x04, 0xc0, 0x81, 0x01, 0xfe,
    0x56, 0x5f, 0x81, 0xe3, 0x49, 0x55, 0x1e, 0x45, 0x09, 0x7e, 0x24, 0x61, 0x49, 0x09, 0x8a, 0x06,
    0x21, 0x43, 0x02, 0x5c, 0x48, 0x52, 0x86, 0xbb, 0xc1, 0x54, 0xc0, 0x6a, 0x2d, 0xf1, 0xb6, 0x61,
    0x45, 0x21, 0xaa, 0x34, 0x22, 0x51, 0xfc, 0x71, 0x74, 0x80, 0x4c, 0x03, 0x10, 0x55, 0xc0, 0x89,
    0x12, 0x75, 0xb8, 0xd3, 0x8b, 0x31, 0xc5, 0xb8, 0x53, 0x01, 0xd8, 0x4d, 0x88, 0xe1, 0x70, 0x34,
    0xa6, 0x06, 0xe4, 0x4d, 0x3d, 0x0a, 0x54, 0x40, 0x42, 0x38, 0xfe, 0x74, 0xe4, 0x02, 0x49, 0x06,
    0x19, 0xd1, 0x92, 0x4d, 0xca, 0x04, 0xa5, 0x93, 0x54, 0x56, 0x69, 0xe5, 0x95, 0x58, 0x66, 0xa9,
    0xe5, 0x96, 0x5c, 0x76, 0xe9, 0xe5, 0x97, 0x60, 0x42, 0x18, 0xc0, 0x98, 0x64, 0x86, 0x39, 0x1a,
    0x99, 0x65, 0x8e, 0x14, 0x80, 0x00, 0x04, 0x14, 0xc0, 0xa3, 0x01, 0x70, 0xba, 0x49, 0x40, 0x62,
    0x5a, 0x0d, 0x40, 0x00, 0x69, 0x77, 0x3e, 0xb5, 0x66, 0x9b, 0x6f, 0xc6, 0x59, 0xc0, 0x9c, 0x0f,
    0x32, 0x14, 0x40, 0x9b, 0x7e, 0xba, 0x69, 0xe8, 0x9b, 0x6e, 0x0a, 0x10, 0xd4, 0x49, 0xfe, 0xfd,
    0xc4, 0x68, 0xa0, 0x6a, 0x12, 0x6a, 0xc0, 0xa1, 0x87, 0xfa, 0xa9, 0x28, 0x44, 0x02, 0xf0, 0x48,
    0xe9, 0xa6, 0x95, 0xba, 0xa6, 0x62, 0x78, 0x13, 0x41, 0x3a, 0x10, 0x7f, 0x3e, 0x92, 0x94, 0xe9,
    0xa4, 0x9c, 0x72, 0x6a, 0x80, 0xa7, 0x04, 0x09, 0x80, 0x6a, 0xaa, 0xa9, 0xae, 0xe4, 0x7a, 0x53,
    0x8b, 0xa5, 0x0e, 0x74, 0x00, 0x03, 0x0d, 0x20, 0x00, 0x29, 0x78, 0x0c, 0xdc, 0xe4, 0x2a, 0xac,
    0xb0, 0xca, 0xda, 0x10, 0x01, 0xaf, 0x02, 0xcb, 0xa9, 0xa8, 0x14, 0x11, 0x40, 0x54, 0x94, 0x26,
    0x85, 0xf7, 0xa0, 0x8e, 0x2d, 0x31, 0x4b, 0x12, 0xb1, 0xc6, 0xc2, 0xfa, 0x60, 0xb5, 0xc1, 0x22,
    0x4b, 0x21, 0x51, 0x93, 0x05, 0xb0, 0x1c, 0x03, 0x97, 0x1a, 0x46, 0x22, 0x75, 0x4a, 0x62, 0xab,
    0xea, 0x83, 0xd4, 0x9a, 0x4b, 0x29, 0x50, 0xe0, 0xa9, 0x05, 0x5a, 0x5e, 0x9e, 0x11, 0x14, 0x58,
    0xad, 0x23, 0xa5, 0xab, 0xae, 0xa1, 0x0e, 0x05, 0xa0, 0xe9, 0xbd, 0x06, 0x84, 0x3b, 0x6b, 0x5c,
    0x97, 0x66, 0xc6, 0x91, 0x5a, 0xf0, 0x2e, 0x00, 0xd5, 0xbe, 0xea, 0xf6, 0x2b, 0x14, 0xc2, 0xc6,
    0x4e, 0xea, 0xaf, 0xa3, 0xd9, 0x8d, 0x09, 0xef, 0x57, 0x97, 0x2d, 0x18, 0xb1, 0x53, 0xfa, 0x16,
    0x0b, 0xac, 0xc3, 0x12, 0x0d, 0xe0, 0x26, 0x9c, 0x1a, 0x83, 0x5c, 0x00, 0x9d, 0x7a, 0xc2, 0x9b,
    0xd0, 0x65, 0x81, 0xe5, 0x5a, 0x71, 0x9d, 0x1f, 0x17, 0xda, 0xf2, 0xa4, 0x24, 0x87, 0x6a, 0x27,
    0x9f, 0x72, 0xce, 0xf9, 0xb0, 0x9e, 0x6d, 0x5d, 0x05, 0xd9, 0xc4, 0x3b, 0xb1, 0x0a, 0xd5, 0xcc,
    0x87, 0x12, 0x60, 0xb3, 0x99, 0xa5, 0x99, 0x86, 0x13, 0xcf, 0x92, 0x99, 0x79, 0xa2, 0xb2, 0x8f,
    0x79, 0x1a, 0x99, 0x89, 0x4a, 0x43, 0xc8, 0x6b, 0xa0, 0xc2, 0xd1, 0x1b, 0xf5, 0x6c, 0x2c, 0x11,
    0xa8, 0x5c, 0x7a, 0x57, 0xd3, 0x68, 0xc0, 0x02, 0xba, 0x4a, 0xf4, 0x75, 0xd8, 0x5d, 0x97, 0xbd,
    0x65, 0x40, 0x00, 0x21, 0xf9, 0x04, 0x04, 0x04, 0x00, 0x00, 0x00, 0x2c, 0x15, 0x00, 0x1c, 0x00,
    0x94, 0x00, 0x2f, 0x00, 0x87, 0x00, 0x00, 0x00, 0x0d, 0x03, 0x03, 0x1a, 0x06, 0x06, 0x26, 0x09,
    0x0a, 0x33, 0x0d, 0x0d, 0x40, 0x10, 0x10, 0x4d, 0x13, 0x13, 0x5a, 0x16, 0x16, 0x66, 0x19, 0x1a,
    0x73, 0x1c, 0x1d, 0x80, 0x1f, 0x20, 0x8d, 0x22, 0x23, 0x9a, 0x26, 0x26, 0xa6, 0x29, 0x2a, 0xb3,
    0x2c, 0x2d, 0xc0, 0x2f, 0x30, 0x00, 0x00, 0x00, 0x00, 0x00, 0x00, 0x00, 0x00, 0x00, 0x00, 0x00,
    0x00, 0x00, 0x00, 0x00, 0x00, 0x00, 0x00, 0x00, 0x00, 0x00, 0x00, 0x00, 0x00, 0x00, 0x00, 0x00,
    0x00, 0x00, 0x00, 0x00, 0x00, 0x00, 0x00, 0x00, 0x00, 0x00, 0x00, 0x00, 0x00, 0x00, 0x00, 0x00,
    0x00, 0x00, 0x00, 0x00, 0x00, 0x00, 0x00, 0x00, 0x00, 0x00, 0x00, 0x00, 0x00, 0x00, 0x00, 0x00,
    0x00, 0x00, 0x00, 0x00, 0x00, 0x00, 0x00, 0x00, 0x00, 0x00, 0x00, 0x00, 0x00, 0x00, 0x00, 0x00,
    0x00, 0x00, 0x00, 0x00, 0x00, 0x00, 0x00, 0x00, 0x00, 0x00, 0x00, 0x00, 0x00, 0x00, 0x00, 0x00,
    0x00, 0x00, 0x00, 0x00, 0x00, 0x00, 0x00, 0x00, 0x00, 0x00, 0x00, 0x00, 0x00, 0x00, 0x00, 0x00,
    0x00, 0x00, 0x00, 0x00, 0x00, 0x00, 0x00, 0x00, 0x00, 0x00, 0x00, 0x00, 0x00, 0x00, 0x00, 0x00,
    0x00, 0x00, 0x00, 0x00, 0x00, 0x00, 0x00, 0x00, 0x00, 0x00, 0x00, 0x00, 0x00, 0x00, 0x00, 0x00,
    0x00, 0x00, 0x00, 0x00, 0x00, 0x00, 0x00, 0x00, 0x00, 0x00, 0x00, 0x00, 0x00, 0x00, 0x00, 0x00,
    0x00, 0x00, 0x00, 0x00, 0x00, 0x00, 0x00, 0x00, 0x00, 0x00, 0x00, 0x00, 0x00, 0x00, 0x00, 0x00,
    0x00, 0x00, 0x00, 0x00, 0x00, 0x00, 0x00, 0x00, 0x00, 0x00, 0x00, 0x00, 0x00, 0x00, 0x00, 0x00,
    0x00, 0x00, 0x00, 0x00, 0x00, 0x00, 0x00, 0x00, 0x00, 0x00, 0x00, 0x00, 0x00, 0x00, 0x00, 0x00,
    0x00, 0x00, 0x00, 0x00, 0x00, 0x00, 0x00, 0x00, 0x00, 0x00, 0x00, 0x00, 0x00, 0x00, 0x00, 0x00,
    0x00, 0x00, 0x00, 0x00, 0x00, 0x00, 0x00, 0x00, 0x00, 0x00, 0x00, 0x00, 0x00, 0x00, 0x00, 0x00,
    0x00, 0x00, 0x00, 0x00, 0x00, 0x00, 0x00, 0x00, 0x00, 0x00, 0x00, 0x00, 0x00, 0x00, 0x00, 0x00,
    0x00, 0x00, 0x00, 0x00, 0x00, 0x00, 0x00, 0x00, 0x00, 0x00, 0x00, 0x00, 0x00, 0x00, 0x00, 0x00,
    0x00, 0x00, 0x00, 0x00, 0x00, 0x00, 0x00, 0x00, 0x00, 0x00, 0x00, 0x00, 0x00, 0x00, 0x00, 0x00,
    0x00, 0x00, 0x00, 0x00, 0x00, 0x00, 0x00, 0x00, 0x00, 0x00, 0x00, 0x00, 0x00, 0x00, 0x00, 0x00,
    0x00, 0x00, 0x00, 0x00, 0x00, 0x00, 0x00, 0x00, 0x00, 0x00, 0x00, 0x00, 0x00, 0x00, 0x00, 0x00,
    0x00, 0x00, 0x00, 0x00, 0x00, 0x00, 0x00, 0x00, 0x00, 0x00, 0x00, 0x00, 0x00, 0x00, 0x00, 0x00,
    0x00, 0x00, 0x00, 0x00, 0x00, 0x00, 0x00, 0x00, 0x00, 0x00, 0x00, 0x00, 0x00, 0x00, 0x00, 0x00,
    0x00, 0x00, 0x00, 0x00, 0x00, 0x00, 0x00, 0x00, 0x00, 0x00, 0x00, 0x00, 0x00, 0x00, 0x00, 0x00,
    0x00, 0x00, 0x00, 0x00, 0x00, 0x00, 0x00, 0x00, 0x00, 0x00, 0x00, 0x00, 0x00, 0x00, 0x00, 0x00,
    0x00, 0x00, 0x00, 0x00, 0x00, 0x00, 0x00, 0x00, 0x00, 0x00, 0x00, 0x00, 0x00, 0x00, 0x00, 0x00,
    0x00, 0x00, 0x00, 0x00, 0x00, 0x00, 0x00, 0x00, 0x00, 0x00, 0x00, 0x00, 0x00, 0x00, 0x00, 0x00,
    0x00, 0x00, 0x00, 0x00, 0x00, 0x00, 0x00, 0x00, 0x00, 0x00, 0x00, 0x00, 0x00, 0x00, 0x00, 0x00,
    0x00, 0x00, 0x00, 0x00, 0x00, 0x00, 0x00, 0x00, 0x00, 0x00, 0x00, 0x00, 0x00, 0x00, 0x00, 0x00,
    0x00, 0x00, 0x00, 0x00, 0x00, 0x00, 0x00, 0x00, 0x00, 0x00, 0x00, 0x00, 0x00, 0x00, 0x00, 0x00,
    0x00, 0x00, 0x00, 0x00, 0x00, 0x00, 0x00, 0x00, 0x00, 0x00, 0x00, 0x00, 0x00, 0x00, 0x00, 0x00,
    0x00, 0x00, 0x00, 0x00, 0x00, 0x00, 0x00, 0x00, 0x00, 0x00, 0x00, 0x00, 0x00, 0x00, 0x00, 0x00,
    0x00, 0x00, 0x00, 0x00, 0x00, 0x00, 0x00, 0x00, 0x00, 0x00, 0x00, 0x00, 0x00, 0x00, 0x00, 0x00,
    0x00, 0x00, 0x00, 0x00, 0x00, 0x00, 0x00, 0x00, 0x00, 0x00, 0x00, 0x00, 0x00, 0x00, 0x00, 0x00,
    0x00, 0x00, 0x00, 0x00, 0x00, 0x00, 0x00, 0x00, 0x00, 0x00, 0x00, 0x00, 0x00, 0x00, 0x00, 0x00,
    0x00, 0x00, 0x00, 0x00, 0x00, 0x00, 0x00, 0x00, 0x00, 0x00, 0x00, 0x00, 0x00, 0x00, 0x00, 0x00,
    0x00, 0x00, 0x00, 0x00, 0x00, 0x00, 0x00, 0x00, 0x00, 0x00, 0x00, 0x00, 0x00, 0x00, 0x00, 0x00,
    0x00, 0x00, 0x00, 0x00, 0x00, 0x00, 0x00, 0x00, 0x00, 0x00, 0x00, 0x00, 0x00, 0x00, 0x00, 0x00,
    0x00, 0x00, 0x00, 0x00, 0x00, 0x00, 0x00, 0x00, 0x00, 0x00, 0x00, 0x00, 0x00, 0x00, 0x00, 0x00,
    0x00, 0x00, 0x00, 0x00, 0x00, 0x00, 0x00, 0x00, 0x00, 0x00, 0x00, 0x00, 0x00, 0x00, 0x00, 0x00,
    0x00, 0x00, 0x00, 0x00, 0x00, 0x00, 0x00, 0x00, 0x00, 0x00, 0x00, 0x00, 0x00, 0x00, 0x00, 0x00,
    0x00, 0x00, 0x00, 0x00, 0x00, 0x00, 0x00, 0x00, 0x00, 0x00, 0x00, 0x00, 0x00, 0x00, 0x00, 0x00,
    0x00, 0x00, 0x00, 0x00, 0x00, 0x00, 0x00, 0x00, 0x00, 0x00, 0x00, 0x00, 0x00, 0x00, 0x00, 0x00,
    0x00, 0x00, 0x00, 0x00, 0x00, 0x00, 0x00, 0x00, 0x00, 0x00, 0x00, 0x00, 0x00, 0x00, 0x00, 0x00,
    0x00, 0x00, 0x00, 0x00, 0x00, 0x00, 0x00, 0x00, 0x00, 0x00, 0x00, 0x00, 0x00, 0x00, 0x00, 0x00,
    0x00, 0x00, 0x00, 0x00, 0x00, 0x00, 0x00, 0x00, 0x00, 0x00, 0x00, 0x00, 0x00, 0x00, 0x00, 0x00,
    0x00, 0x00, 0x00, 0x00, 0x00, 0x08, 0xff, 0x00, 0x01, 0x08, 0x1c, 0x48, 0xb0, 0x60, 0xc1, 0x00,
    0x01, 0x0c, 0x2a, 0x5c, 0xc8, 0xb0, 0xa1, 0xc3, 0x87, 0x10, 0x23, 0x46, 0x44, 0x28, 0xb1, 0xa2,
    0xc2, 0x00, 0x08, 0x1a, 0x38, 0x48, 0x20, 0xc0, 0xa2, 0xc7, 0x8f, 0x20, 0x43, 0x1e, 0xcc, 0xb8,
    0xb1, 0xa3, 0xc8, 0x87, 0x01, 0x18, 0x3c, 0x58, 0xf9, 0xc0, 0xc1, 0x80, 0x93, 0x30, 0x63, 0xca,
    0x4c, 0xc9, 0xb2, 0xe5, 0x4b, 0x99, 0x06, 0x69, 0xd6, 0xb4, 0x89, 0xb3, 0xa7, 0x4f, 0x94, 0x2a,
    0x77, 0xba, 0xfc, 0x09, 0x60, 0x80, 0x83, 0x9d, 0x35, 0x0d, 0x10, 0x5d, 0x4a, 0xd4, 0x28, 0x52,
    0x96, 0x4a, 0x7b, 0x3a, 0x7d, 0x0a, 0x95, 0xa9, 0xd5, 0x98, 0x53, 0xa9, 0x3e, 0x88, 0x8a, 0xf5,
    0xa8, 0xd6, 0xaa, 0x57, 0xc3, 0x7a, 0xcc, 0xfa, 0x95, 0xab, 0x48, 0xb2, 0x5f, 0xb7, 0x8a, 0x5d,
    0x0b, 0x11, 0x6d, 0xd9, 0x93, 0x06, 0xa8, 0x2e, 0x48, 0x40, 0x35, 0x01, 0xdb, 0xbb, 0x0a, 0xe3,
    0x3e, 0x9d, 0x5b, 0x37, 0xa4, 0x5e, 0xa4, 0x0c, 0x12, 0xd2, 0x7d, 0x6a, 0x17, 0xaf, 0xe1, 0xbf,
    0x3b, 0x03, 0x03, 0x18, 0x8c, 0xb4, 0xb0, 0x45, 0xc4, 0x35, 0x15, 0x0b, 0x64, 0xbc, 0xd3, 0xb1,
    0x61, 0xb1, 0x90, 0x59, 0x4a, 0x5e, 0xdc, 0xb7, 0x62, 0xe6, 0x95, 0x9b, 0x27, 0x77, 0xbe, 0x7c,
    0xf5, 0xf3, 0x83, 0xd0, 0x9c, 0x09, 0x4b, 0xa4, 0x5c, 0x33, 0x41, 0x42, 0x83, 0x07, 0xa8, 0xa2,
    0x26, 0xdd, 0x93, 0x35, 0x4b, 0xd7, 0x0a, 0x63, 0x3f, 0x9d, 0x6d, 0xd0, 0xf6, 0x4a, 0xcb, 0x06,
    0x4d, 0xf3, 0xa6, 0x7d, 0xd2, 0xf7, 0x03, 0xe0, 0x05, 0x85, 0xbf, 0x5e, 0x68, 0x1c, 0x79, 0x70,
    0xd9, 0xcb, 0x89, 0xc3, 0x6c, 0xfe, 0x50, 0x39, 0xf3, 0xd1, 0x0e, 0xad, 0x4b, 0x2f, 0x8e, 0xbd,
    0xa1, 0xf6, 0x81, 0x3a, 0x91, 0x1e, 0xff, 0xa8, 0x48, 0xc0, 0xab, 0xd0, 0x9b, 0xdb, 0x3d, 0x86,
    0xdf, 0x39, 0x5e, 0x62, 0xf9, 0xa7, 0x43, 0x05, 0xae, 0x4f, 0x3a, 0xd6, 0x7c, 0xcd, 0xf8, 0xe9,
    0x25, 0xce, 0x07, 0x5b, 0xd1, 0x2d, 0x4f, 0x00, 0x41, 0x21, 0x65, 0x56, 0x7f, 0xf6, 0xb1, 0xe4,
    0x80, 0x49, 0xf9, 0x41, 0x14, 0xe0, 0x4e, 0x03, 0x4a, 0xe4, 0xdf, 0x81, 0x03, 0x50, 0xd5, 0x20,
    0x81, 0x4f, 0xb5, 0x97, 0xa0, 0x43, 0x11, 0x3e, 0x35, 0xa1, 0x83, 0x05, 0xae, 0x74, 0x00, 0x01,
    0x48, 0x39, 0x40, 0x00, 0x4c, 0x02, 0x2c, 0xb8, 0x12, 0x02, 0x17, 0x3e, 0x04, 0xa2, 0x50, 0x23,
    0x9e, 0x54, 0x22, 0x52, 0x08, 0x04, 0x50, 0x60, 0x8b, 0x30, 0xc9, 0xb8, 0x13, 0x7a, 0x29, 0x2e,
    0x64, 0x63, 0x4d, 0x34, 0x9e, 0xb4, 0x23, 0x4b, 0x2f, 0x65, 0xb5, 0x21, 0x48, 0x42, 0xe6, 0xf8,
    0x50, 0x91, 0x38, 0x21, 0x09, 0x80, 0x00, 0x07, 0x1c, 0x80, 0xa3, 0x4c, 0x4c, 0x3a, 0x69, 0x24,
    0x44, 0x51, 0x3e, 0x19, 0x53, 0x95, 0x53, 0x66, 0xa9, 0xe5, 0x96, 0x5c, 0x76, 0xe9, 0xe5, 0x97,
    0x60, 0x86, 0x29, 0xe6, 0x98, 0x64, 0x96, 0x89, 0x53, 0x00, 0x02, 0x0c, 0xa0, 0xe6, 0x00, 0x02,
    0x44, 0x67, 0xa6, 0x55, 0x68, 0xae, 0xc9, 0xa6, 0x9b, 0x15, 0x09, 0x40, 0x40, 0x01, 0x05, 0x18,
    0xa0, 0xe7, 0x9e, 0x78, 0x12, 0xd0, 0x26, 0x51, 0x01, 0x34, 0x89, 0xe0, 0x99, 0x82, 0x2e, 0x65,
    0x27, 0x9e, 0x7b, 0xf2, 0x59, 0x80, 0x9f, 0x74, 0x32, 0x24, 0x40, 0x9e, 0x06, 0xe0, 0x29, 0xe9,
    0xa4, 0x90, 0x16, 0x60, 0xa5, 0x8f, 0x41, 0xe1, 0x17, 0x93, 0x4e, 0x9a, 0x5e, 0x59, 0x29, 0xa5,
    0x93, 0xea, 0x69, 0x69, 0x5b, 0x91, 0x82, 0x6a, 0x2a, 0xa2, 0x3d, 0xc2, 0xa4, 0xdb, 0x4a, 0x0e,
    0x34, 0x5a, 0x50, 0x9a, 0x10, 0x2d, 0xf6, 0x50, 0xd3, 0x02, 0x52, 0x95, 0x7a, 0x2a, 0xa8, 0x06,
    0xa4, 0x6a, 0xd0, 0x00, 0xb6, 0xde, 0x8a, 0xab, 0xae, 0x21, 0x21, 0x90, 0x98, 0xab, 0x00, 0x04,
    0xa0, 0x00, 0x68, 0x97, 0x0e, 0xc4, 0x1a, 0xad, 0x32, 0xf1, 0xea, 0xeb, 0xa9, 0xb9, 0x36, 0xf4,
    0xec, 0xb3, 0xc4, 0x5a, 0x24, 0x40, 0x81, 0xce, 0x15, 0xbb, 0x60, 0xa7, 0x03, 0x65, 0x56, 0x00,
    0x4e, 0xd3, 0xfa, 0x4a, 0x6c, 0xb8, 0xd0, 0x56, 0x6b, 0x11, 0x5a, 0x28, 0x16, 0x34, 0x80, 0x89,
    0x2d, 0x7d, 0x5b, 0x50, 0x01, 0x02, 0xf6, 0x44, 0xae, 0xa9, 0x06, 0x10, 0xeb, 0xec, 0xbc, 0x88,
    0xba, 0x9b, 0x64, 0x81, 0x66, 0xf9, 0xb7, 0x52, 0xbf, 0xfc, 0xfa, 0x74, 0x2f, 0xbe, 0x91, 0x3a,
    0x44, 0x40, 0xaf, 0xd3, 0x46, 0x6a, 0xee, 0x47, 0xf0, 0xee, 0xd4, 0xa2, 0xbf, 0x60, 0xfd, 0x78,
    0x22, 0x51, 0x07, 0x13, 0x5c, 0xc0, 0xc2, 0x07, 0x23, 0x4c, 0x6f, 0xae, 0x0b, 0x83, 0xb4, 0x2a,
    0xab, 0x02, 0x5c, 0x9b, 0x98, 0xac, 0x0c, 0x02, 0xb8, 0x93, 0x02, 0x4c, 0x65, 0x9c, 0x30, 0xc7,
    0x13, 0x0d, 0x00, 0x69, 0xa2, 0x89, 0x2e, 0x3a, 0x28, 0x51, 0xac, 0x35, 0xd0, 0xc0, 0xb0, 0xa9,
    0x45, 0x86, 0x33, 0x53, 0x01, 0xb8, 0x0c, 0x33, 0xcc, 0x32, 0x7f, 0x14, 0x27, 0x01, 0x44, 0x13,
    0xa0, 0xe6, 0x9f, 0x62, 0x91, 0x0c, 0x9d, 0xb2, 0x5f, 0xb5, 0xba, 0xd6, 0xd0, 0x45, 0x1f, 0xdd,
    0x71, 0x96, 0xfb, 0x81, 0xe6, 0xa6, 0x71, 0xdc, 0xbe, 0x49, 0x9a, 0xc8, 0x3b, 0x2d, 0xd0, 0xa8,
    0xb0, 0x48, 0xe9, 0xab, 0xf5, 0x76, 0x19, 0xde, 0xe6, 0x1d, 0x7b, 0x63, 0x5f, 0xf8, 0x57, 0xb6,
    0x04, 0xad, 0x9d, 0x76, 0x8a, 0x4c, 0x02, 0xab, 0x50, 0xdc, 0x60, 0x06, 0x04, 0x00, 0x21, 0xf9,
    0x04, 0x04, 0x04, 0x00, 0x00, 0x00, 0x2c, 0x15, 0x00, 0x1c, 0x00, 0x94, 0x00, 0x2f, 0x00, 0x87,
    0x00, 0x00, 0x00, 0x0d, 0x03, 0x03, 0x1a, 0x06, 0x06, 0x26, 0x09, 0x0a, 0x33, 0x0d, 0x0d, 0x40,
    0x10, 0x10, 0x4d, 0x13, 0x13, 0x5a, 0x16, 0x16, 0x66, 0x19, 0x1a, 0x73, 0x1c, 0x1d, 0x80, 0x1f,
    0x20, 0x8d, 0x22, 0x23, 0x9a, 0x26, 0x26, 0xa6, 0x29, 0x2a, 0xb3, 0x2c, 0x2d, 0xc0, 0x2f, 0x30,
    0x00, 0x00, 0x00, 0x00, 0x00, 0x00, 0x00, 0x00, 0x00, 0x00, 0x00, 0x00, 0x00, 0x00, 0x00, 0x00,
    0x00, 0x00, 0x00, 0x00, 0x00, 0x00, 0x00, 0x00, 0x00, 0x00, 0x00, 0x00, 0x00, 0x00, 0x00, 0x00,
    0x00, 0x00, 0x00, 0x00, 0x00, 0x00, 0x00, 0x00, 0x00, 0x00, 0x00, 0x00, 0x00, 0x00, 0x00, 0x00,
    0x00, 0x00, 0x00, 0x00, 0x00, 0x00, 0x00, 0x00, 0x00, 0x00, 0x00, 0x00, 0x00, 0x00, 0x00, 0x00,
    0x00, 0x00, 0x00, 0x00, 0x00, 0x00, 0x00, 0x00, 0x00, 0x00, 0x00, 0x00, 0x00, 0x00, 0x00, 0x00,
    0x00, 0x00, 0x00, 0x00, 0x00, 0x00, 0x00, 0x00, 0x00, 0x00, 0x00, 0x00, 0x00, 0x00, 0x00, 0x00,
    0x00, 0x00, 0x00, 0x00, 0x00, 0x00, 0x00, 0x00, 0x00, 0x00, 0x00, 0x00, 0x00, 0x00, 0x00, 0x00,
    0x00, 0x00, 0x00, 0x00, 0x00, 0x00, 0x00, 0x00, 0x00, 0x00, 0x00, 0x00, 0x00, 0x00, 0x00, 0x00,
    0x00, 0x00, 0x00, 0x00, 0x00, 0x00, 0x00, 0x00, 0x00, 0x00, 0x00, 0x00, 0x00, 0x00, 0x00, 0x00,
    0x00, 0x00, 0x00, 0x00, 0x00, 0x00, 0x00, 0x00, 0x00, 0x00, 0x00, 0x00, 0x00, 0x00, 0x00, 0x00,
    0x00, 0x00, 0x00, 0x00, 0x00, 0x00, 0x00, 0x00, 0x00, 0x00, 0x00, 0x00, 0x00, 0x00, 0x00, 0x00,
    0x00, 0x00, 0x00, 0x00, 0x00, 0x00, 0x00, 0x00, 0x00, 0x00, 0x00, 0x00, 0x00, 0x00, 0x00, 0x00,
    0x00, 0x00, 0x00, 0x00, 0x00, 0x00, 0x00, 0x00, 0x00, 0x00, 0x00, 0x00, 0x00, 0x00, 0x00, 0x00,
    0x00, 0x00, 0x00, 0x00, 0x00, 0x00, 0x00, 0x00, 0x00, 0x00, 0x00, 0x00, 0x00, 0x00, 0x00, 0x00,
    0x00, 0x00, 0x00, 0x00, 0x00, 0x00, 0x00, 0x00, 0x00, 0x00, 0x00, 0x00, 0x00, 0x00, 0x00, 0x00,
    0x00, 0x00, 0x00, 0x00, 0x00, 0x00, 0x00, 0x00, 0x00, 0x00, 0x00, 0x00, 0x00, 0x00, 0x00, 0x00,
    0x00, 0x00, 0x00, 0x00, 0x00, 0x00, 0x00, 0x00, 0x00, 0x00, 0x00, 0x00, 0x00, 0x00, 0x00, 0x00,
    0x00, 0x00, 0x00, 0x00, 0x00, 0x00, 0x00, 0x00, 0x00, 0x00, 0x00, 0x00, 0x00, 0x00, 0x00, 0x00,
    0x00, 0x00, 0x00, 0x00, 0x00, 0x00, 0x00, 0x00, 0x00, 0x00, 0x00, 0x00, 0x00, 0x00, 0x00, 0x00,
    0x00, 0x00, 0x00, 0x00, 0x00, 0x00, 0x00, 0x00, 0x00, 0x00, 0x00, 0x00, 0x00, 0x00, 0x00, 0x00,
    0x00, 0x00, 0x00, 0x00, 0x00, 0x00, 0x00, 0x00, 0x00, 0x00, 0x00, 0x00, 0x00, 0x00, 0x00, 0x00,
    0x00, 0x00, 0x00, 0x00, 0x00, 0x00, 0x00, 0x00, 0x00, 0x00, 0x00, 0x00, 0x00, 0x00, 0x00, 0x00,
    0x00, 0x00, 0x00, 0x00, 0x00, 0x00, 0x00, 0x00, 0x00, 0x00, 0x00, 0x00, 0x00, 0x00, 0x00, 0x00,
    0x00, 0x00, 0x00, 0x00, 0x00, 0x00, 0x00, 0x00, 0x00, 0x00, 0x00, 0x00, 0x00, 0x00, 0x00, 0x00,
    0x00, 0x00, 0x00, 0x00, 0x00, 0x00, 0x00, 0x00, 0x00, 0x00, 0x00, 0x00, 0x00, 0x00, 0x00, 0x00,
    0x00, 0x00, 0x00, 0x00, 0x00, 0x00, 0x00, 0x00, 0x00, 0x00, 0x00, 0x00, 0x00, 0x00, 0x00, 0x00,
    0x00, 0x00, 0x00, 0x00, 0x00, 0x00, 0x00, 0x00, 0x00, 0x00, 0x00, 0x00, 0x00, 0x00, 0x00, 0x00,
    0x00, 0x00, 0x00, 0x00, 0x00, 0x00, 0x00, 0x00, 0x00, 0x00, 0x00, 0x00, 0x00, 0x00, 0x00, 0x00,
    0x00, 0x00, 0x00, 0x00, 0x00, 0x00, 0x00, 0x00, 0x00, 0x00, 0x00, 0x00, 0x00, 0x00, 0x00, 0x00,
    0x00, 0x00, 0x00, 0x00, 0x00, 0x00, 0x00, 0x00, 0x00, 0x00, 0x00, 0x00, 0x00, 0x00, 0x00, 0x00,
    0x00, 0x00, 0x00, 0x00, 0x00, 0x00, 0x00, 0x00, 0x00, 0x00, 0x00, 0x00, 0x00, 0x00, 0x00, 0x00,
    0x00, 0x00, 0x00, 0x00, 0x00, 0x00, 0x00, 0x00, 0x00, 0x00, 0x00, 0x00, 0x00, 0x00, 0x00, 0x00,
    0x00, 0x00, 0x00, 0x00, 0x00, 0x00, 0x00, 0x00, 0x00, 0x00, 0x00, 0x00, 0x00, 0x00, 0x00, 0x00,
    0x00, 0x00, 0x00, 0x00, 0x00, 0x00, 0x00, 0x00, 0x00, 0x00, 0x00, 0x00, 0x00, 0x00, 0x00, 0x00,
    0x00, 0x00, 0x00, 0x00, 0x00, 0x00, 0x00, 0x00, 0x00, 0x00, 0x00, 0x00, 0x00, 0x00, 0x00, 0x00,
    0x00, 0x00, 0x00, 0x00, 0x00, 0x00, 0x00, 0x00, 0x00, 0x00, 0x00, 0x00, 0x00, 0x00, 0x00, 0x00,
    0x00, 0x00, 0x00, 0x00, 0x00, 0x00, 0x00, 0x00, 0x00, 0x00, 0x00, 0x00, 0x00, 0x00, 0x00, 0x00,
    0x00, 0x00, 0x00, 0x00, 0x00, 0x00, 0x00, 0x00, 0x00, 0x00, 0x00, 0x00, 0x00, 0x00, 0x00, 0x00,
    0x00, 0x00, 0x00, 0x00, 0x00, 0x00, 0x00, 0x00, 0x00, 0x00, 0x00, 0x00, 0x00, 0x00, 0x00, 0x00,
    0x00, 0x00, 0x00, 0x00, 0x00, 0x00, 0x00, 0x00, 0x00, 0x00, 0x00, 0x00, 0x00, 0x00, 0x00, 0x00,
    0x00, 0x00, 0x00, 0x00, 0x00, 0x00, 0x00, 0x00, 0x00, 0x00, 0x00, 0x00, 0x00, 0x00, 0x00, 0x00,
    0x00, 0x00, 0x00, 0x00, 0x00, 0x00, 0x00, 0x00, 0x00, 0x00, 0x00, 0x00, 0x00, 0x00, 0x00, 0x00,
    0x00, 0x00, 0x00, 0x00, 0x00, 0x00, 0x00, 0x00, 0x00, 0x00, 0x00, 0x00, 0x00, 0x00, 0x00, 0x00,
    0x00, 0x00, 0x00, 0x00, 0x00, 0x00, 0x00, 0x00, 0x00, 0x00, 0x00, 0x00, 0x00, 0x00, 0x00, 0x00,
    0x00, 0x00, 0x00, 0x00, 0x00, 0x00, 0x00, 0x00, 0x00, 0x00, 0x00, 0x00, 0x00, 0x00, 0x00, 0x00,
    0x08, 0xff, 0x00, 0x01, 0x08, 0x1c, 0x48, 0xb0, 0x20, 0xc1, 0x00, 0x07, 0x0e, 0x08, 0x30, 0xc8,
    0xb0, 0xa1, 0xc3, 0x87, 0x10, 0x23, 0x4a, 0x9c, 0x18, 0x11, 0xa1, 0x42, 0x8a, 0x18, 0x0d, 0x1a,
    0x70, 0xf0, 0xa0, 0x23, 0x82, 0x8c, 0x20, 0x43, 0x8a, 0x1c, 0x59, 0x70, 0x63, 0xc7, 0x07, 0x1f,
    0x49, 0x46, 0x34, 0x70, 0xf2, 0x64, 0x02, 0x95, 0x30, 0x63, 0xca, 0x64, 0xd9, 0xf2, 0xc1, 0x4b,
    0x99, 0x06, 0x0f, 0xd4, 0x3c, 0xa9, 0x20, 0x00, 0xce, 0x9f, 0x40, 0x21, 0xea, 0xdc, 0xf9, 0xa0,
    0x67, 0xd0, 0x04, 0x44, 0x4f, 0x32, 0xf0, 0x19, 0xb4, 0x69, 0x53, 0xa4, 0x49, 0x1f, 0x2c, 0xfd,
    0x09, 0x35, 0xaa, 0x54, 0xa6, 0x4e, 0xb3, 0xc2, 0xac, 0x1a, 0x75, 0x6a, 0x4c, 0xae, 0x56, 0xbd,
    0x6a, 0x1d, 0x0b, 0x12, 0x6c, 0x57, 0xac, 0x22, 0x03, 0x28, 0x48, 0xca, 0x71, 0x27, 0x83, 0x01,
    0x64, 0xe3, 0x4a, 0x54, 0xcb, 0x96, 0xe8, 0xdb, 0x91, 0x01, 0x18, 0x24, 0x2d, 0x30, 0xa0, 0x6d,
    0x4d, 0x07, 0x70, 0xe5, 0x0a, 0x36, 0x98, 0x77, 0x6f, 0x5f, 0xa2, 0x80, 0x43, 0x16, 0x26, 0x6a,
    0x40, 0xe0, 0xe1, 0x9d, 0x89, 0x07, 0x4b, 0x5e, 0xbc, 0xb3, 0x31, 0x80, 0xc7, 0x7f, 0x03, 0x53,
    0xa4, 0x5c, 0xd3, 0xb2, 0x63, 0xbf, 0x2d, 0x23, 0x4b, 0x8e, 0xcb, 0xb9, 0xa5, 0xe7, 0xcb, 0xa0,
    0x4f, 0x8a, 0x8e, 0x38, 0x40, 0x2f, 0xe4, 0xd3, 0x8e, 0x1b, 0x20, 0x2e, 0x30, 0x9a, 0x6c, 0x6b,
    0xc4, 0xb0, 0x2f, 0xcb, 0x86, 0x4c, 0x9b, 0x75, 0xea, 0x8e, 0xab, 0x0f, 0xba, 0xae, 0x5c, 0x3b,
    0x2b, 0xe6, 0xd0, 0x9a, 0x0b, 0x96, 0x3e, 0x99, 0xbb, 0xe0, 0x71, 0xd5, 0xc9, 0x09, 0x0f, 0xef,
    0x5c, 0x3c, 0xe8, 0x73, 0xe0, 0xd1, 0x95, 0x4f, 0x37, 0xed, 0xf0, 0xfa, 0x83, 0xe0, 0x0c, 0x97,
    0x77, 0xff, 0x6c, 0x5e, 0x5d, 0xa4, 0x77, 0xf0, 0xd2, 0x93, 0x36, 0x2f, 0xf0, 0xfb, 0x41, 0x83,
    0xec, 0x0d, 0x03, 0x2c, 0x48, 0x9a, 0xb2, 0x3c, 0x49, 0xf6, 0x44, 0xdf, 0x4f, 0x94, 0x4f, 0xbf,
    0x64, 0x52, 0xb1, 0x13, 0x99, 0xd5, 0xd1, 0x4d, 0xf6, 0x85, 0x44, 0x93, 0x5b, 0x68, 0x49, 0x24,
    0xa0, 0x4d, 0x03, 0x1d, 0x58, 0x13, 0x80, 0x14, 0x2d, 0x48, 0x60, 0x81, 0x14, 0x39, 0xd8, 0x12,
    0x84, 0x01, 0x26, 0xf5, 0x92, 0x00, 0xff, 0x25, 0x88, 0xd1, 0x82, 0xbd, 0x51, 0x28, 0x11, 0x87,
    0x76, 0x79, 0x18, 0xe1, 0x5e, 0x04, 0x10, 0xb5, 0x80, 0x89, 0x18, 0x21, 0x40, 0x54, 0x7d, 0x22,
    0x42, 0x94, 0xe2, 0x4e, 0x2b, 0xaa, 0xe4, 0xe2, 0x4e, 0x08, 0x90, 0xd8, 0xd2, 0x84, 0x24, 0x59,
    0xf8, 0x00, 0x79, 0x31, 0x16, 0xa4, 0xa3, 0x4b, 0x33, 0x11, 0xc7, 0x15, 0x86, 0x23, 0x1d, 0xc9,
    0x62, 0x90, 0x05, 0x29, 0x89, 0x93, 0x93, 0x00, 0x20, 0xd0, 0x80, 0x03, 0x46, 0xfd, 0x24, 0x25,
    0x95, 0x4b, 0x32, 0x59, 0xd0, 0x95, 0x55, 0xe2, 0xc4, 0x25, 0x5a, 0x01, 0x64, 0x49, 0x52, 0x98,
    0x5a, 0x62, 0x44, 0x66, 0x53, 0x67, 0x96, 0xa9, 0xe6, 0x9a, 0x6c, 0xb6, 0xe9, 0xe6, 0x9b, 0x70,
    0xc6, 0x29, 0xe7, 0x9c, 0x74, 0xd6, 0x69, 0xa7, 0x5c, 0x01, 0x0c, 0x40, 0x00, 0x01, 0x05, 0xf4,
    0x59, 0xc0, 0x9e, 0x03, 0x2c, 0x94, 0x55, 0x9a, 0x40, 0x11, 0x1a, 0x54, 0x9e, 0x7b, 0xfa, 0xf9,
    0x27, 0x01, 0x81, 0x82, 0x34, 0x40, 0x9f, 0x06, 0x44, 0xaa, 0x68, 0x01, 0x91, 0x1a, 0xc0, 0x97,
    0x98, 0x06, 0x4e, 0x09, 0xe3, 0x4c, 0x9a, 0x36, 0xf5, 0x28, 0xa5, 0x92, 0x2a, 0x5a, 0xe9, 0xa5,
    0x73, 0x51, 0x3a, 0xe9, 0xa9, 0x7e, 0x5a, 0x2a, 0xa8, 0x4c, 0x33, 0x0e, 0xf8, 0x93, 0x83, 0x07,
    0xfc, 0xff, 0x14, 0x80, 0xa9, 0xa8, 0x9e, 0xaa, 0x2a, 0x44, 0xb3, 0x5a, 0x5a, 0x6b, 0xad, 0x06,
    0xac, 0x0a, 0xd3, 0x8d, 0xcc, 0x41, 0x34, 0x40, 0x02, 0x0a, 0x84, 0xd8, 0xd0, 0x71, 0x0c, 0xe0,
    0x94, 0xeb, 0xae, 0xbc, 0xfa, 0x6a, 0x10, 0x01, 0xba, 0x32, 0x5b, 0x2b, 0x4e, 0x05, 0xec, 0x44,
    0x80, 0x43, 0x0e, 0xf2, 0x78, 0x50, 0x6a, 0xda, 0x8e, 0x04, 0xad, 0xb4, 0xbb, 0x3e, 0x04, 0xee,
    0xae, 0x06, 0x60, 0x7a, 0x22, 0x72, 0x0c, 0xf9, 0xd8, 0x6d, 0x69, 0x48, 0x8a, 0x34, 0x2e, 0xaf,
    0x4b, 0x7e, 0xfb, 0xee, 0xa4, 0xe6, 0x9e, 0x7b, 0x52, 0x03, 0x09, 0x2e, 0x08, 0xe1, 0x5a, 0x17,
    0xd6, 0x3b, 0x91, 0xbc, 0xf3, 0xfa, 0xb9, 0xa4, 0x00, 0xd1, 0xce, 0x6b, 0x00, 0x7c, 0x2a, 0xf1,
    0xab, 0x14, 0x56, 0x0b, 0x76, 0x24, 0x16, 0x58, 0xf8, 0x02, 0x45, 0x70, 0xc0, 0x90, 0x22, 0x3c,
    0x90, 0x00, 0xb4, 0x8e, 0x7b, 0x30, 0x9a, 0xdb, 0xdd, 0xd4, 0xf0, 0xc2, 0x00, 0x58, 0x88, 0x1e,
    0x4c, 0x18, 0x17, 0x2c, 0xed, 0xc6, 0x15, 0xf1, 0x19, 0xaa, 0xad, 0xba, 0x3a, 0xfb, 0x93, 0x00,
    0xa9, 0x1d, 0x00, 0x2c, 0x73, 0x04, 0xa4, 0xb6, 0x40, 0xb5, 0x35, 0x19, 0x5b, 0xa8, 0xca, 0x26,
    0xa7, 0xda, 0xb2, 0x99, 0x02, 0xf0, 0x09, 0x6a, 0xa8, 0x8c, 0xfa, 0x3b, 0x92, 0x77, 0xdc, 0xa1,
    0x66, 0xd5, 0x8f, 0x64, 0x05, 0x10, 0x34, 0xa4, 0xa3, 0xfe, 0x39, 0x80, 0xd1, 0x84, 0x85, 0x69,
    0xb5, 0x64, 0x3e, 0x26, 0xfd, 0x59, 0x54, 0xdd, 0x6a, 0x65, 0xf5, 0xd5, 0x77, 0x12, 0x34, 0x14,
    0x71, 0xce, 0xb5, 0xa7, 0x40, 0xd8, 0x4c, 0x82, 0xe5, 0xc0, 0xb5, 0x0c, 0x09, 0xb0, 0x5d, 0xbb,
    0x68, 0x57, 0x37, 0xdc, 0xc8, 0x02, 0x51, 0xe6, 0x80, 0xcb, 0x71, 0xdb, 0x17, 0x40, 0x02, 0x0e,
    0x2c, 0x0f, 0x60, 0xf1, 0x40, 0x7b, 0xf7, 0xfd, 0x77, 0xde, 0xd5, 0x19, 0x4d, 0x75, 0x81, 0x01,
    0x01, 0x00, 0x21, 0xf9, 0x04, 0x04, 0x04, 0x00, 0x00, 0x00, 0x2c, 0x16, 0x00, 0x1c, 0x00, 0x93,
    0x00, 0x2f, 0x00, 0x87, 0x00, 0x00, 0x00, 0x0d, 0x03, 0x03, 0x1a, 0x06, 0x06, 0x26, 0x09, 0x0a,
    0x33, 0x0d, 0x0d, 0x40, 0x10, 0x10, 0x4d, 0x13, 0x13, 0x5a, 0x16, 0x16, 0x66, 0x19, 0x1a, 0x73,
    0x1c, 0x1d, 0x80, 0x1f, 0x20, 0x8d, 0x22, 0x23, 0x9a, 0x26, 0x26, 0xa6, 0x29, 0x2a, 0xb3, 0x2c,
    0x2d, 0xc0, 0x2f, 0x30, 0x00, 0x00, 0x00, 0x00, 0x00, 0x00, 0x00, 0x00, 0x00, 0x00, 0x00, 0x00,
    0x00, 0x00, 0x00, 0x00, 0x00, 0x00, 0x00, 0x00, 0x00, 0x00, 0x00, 0x00, 0x00, 0x00, 0x00, 0x00,
    0x00, 0x00, 0x00, 0x00, 0x00, 0x00, 0x00, 0x00, 0x00, 0x00, 0x00, 0x00, 0x00, 0x00, 0x00, 0x00,
    0x00, 0x00, 0x00, 0x00, 0x00, 0x00, 0x00, 0x00, 0x00, 0x00, 0x00, 0x00, 0x00, 0x00, 0x00, 0x00,
    0x00, 0x00, 0x00, 0x00, 0x00, 0x00, 0x00, 0x00, 0x00, 0x00, 0x00, 0x00, 0x00, 0x00, 0x00, 0x00,
    0x00, 0x00, 0x00, 0x00, 0x00, 0x00, 0x00, 0x00, 0x00, 0x00, 0x00, 0x00, 0x00, 0x00, 0x00, 0x00,
    0x00, 0x00, 0x00, 0x00, 0x00, 0x00, 0x00, 0x00, 0x00, 0x00, 0x00, 0x00, 0x00, 0x00, 0x00, 0x00,
    0x00, 0x00, 0x00, 0x00, 0x00, 0x00, 0x00, 0x00, 0x00, 0x00, 0x00, 0x00, 0x00, 0x00, 0x00, 0x00,
    0x00, 0x00, 0x00, 0x00, 0x00, 0x00, 0x00, 0x00, 0x00, 0x00, 0x00, 0x00, 0x00, 0x00, 0x00, 0x00,
    0x00, 0x00, 0x00, 0x00, 0x00, 0x00, 0x00, 0x00, 0x00, 0x00, 0x00, 0x00, 0x00, 0x00, 0x00, 0x00,
    0x00, 0x00, 0x00, 0x00, 0x00, 0x00, 0x00, 0x00, 0x00, 0x00, 0x00, 0x00, 0x00, 0x00, 0x00, 0x00,
    0x00, 0x00, 0x00, 0x00, 0x00, 0x00, 0x00, 0x00, 0x00, 0x00, 0x00, 0x00, 0x00, 0x00, 0x00, 0x00,
    0x00, 0x00, 0x00, 0x00, 0x00, 0x00, 0x00, 0x00, 0x00, 0x00, 0x00, 0x00, 0x00, 0x00, 0x00, 0x00,
    0x00, 0x00, 0x00, 0x00, 0x00, 0x00, 0x00, 0x00, 0x00, 0x00, 0x00, 0x00, 0x00, 0x00, 0x00, 0x00,
    0x00, 0x00, 0x00, 0x00, 0x00, 0x00, 0x00, 0x00, 0x00, 0x00, 0x00, 0x00, 0x00, 0x00, 0x00, 0x00,
    0x00, 0x00, 0x00, 0x00, 0x00, 0x00, 0x00, 0x00, 0x00, 0x00, 0x00, 0x00, 0x00, 0x00, 0x00, 0x00,
    0x00, 0x00, 0x00, 0x00, 0x00, 0x00, 0x00, 0x00, 0x00, 0x00, 0x00, 0x00, 0x00, 0x00, 0x00, 0x00,
    0x00, 0x00, 0x00, 0x00, 0x00, 0x00, 0x00, 0x00, 0x00, 0x00, 0x00, 0x00, 0x00, 0x00, 0x00, 0x00,
    0x00, 0x00, 0x00, 0x00, 0x00, 0x00, 0x00, 0x00, 0x00, 0x00, 0x00, 0x00, 0x00, 0x00, 0x00, 0x00,
    0x00, 0x00, 0x00, 0x00, 0x00, 0x00, 0x00, 0x00, 0x00, 0x00, 0x00, 0x00, 0x00, 0x00, 0x00, 0x00,
    0x00, 0x00, 0x00, 0x00, 0x00, 0x00, 0x00, 0x00, 0x00, 0x00, 0x00, 0x00, 0x00, 0x00, 0x00, 0x00,
    0x00, 0x00, 0x00, 0x00, 0x00, 0x00, 0x00, 0x00, 0x00, 0x00, 0x00, 0x00, 0x00, 0x00, 0x00, 0x00,
    0x00, 0x00, 0x00, 0x00, 0x00, 0x00, 0x00, 0x00, 0x00, 0x00, 0x00, 0x00, 0x00, 0x00, 0x00, 0x00,
    0x00, 0x00, 0x00, 0x00, 0x00, 0x00, 0x00, 0x00, 0x00, 0x00, 0x00, 0x00, 0x00, 0x00, 0x00, 0x00,
    0x00, 0x00, 0x00, 0x00, 0x00, 0x00, 0x00, 0x00, 0x00, 0x00, 0x00, 0x00, 0x00, 0x00, 0x00, 0x00,
    0x00, 0x00, 0x00, 0x00, 0x00, 0x00, 0x00, 0x00, 0x00, 0x00, 0x00, 0x00, 0x00, 0x00, 0x00, 0x00,
    0x00, 0x00, 0x00, 0x00, 0x00, 0x00, 0x00, 0x00, 0x00, 0x00, 0x00, 0x00, 0x00, 0x00, 0x00, 0x00,
    0x00, 0x00, 0x00, 0x00, 0x00, 0x00, 0x00, 0x00, 0x00, 0x00, 0x00, 0x00, 0x00, 0x00, 0x00, 0x00,
    0x00, 0x00, 0x00, 0x00, 0x00, 0x00, 0x00, 0x00, 0x00, 0x00, 0x00, 0x00, 0x00, 0x00, 0x00, 0x00,
    0x00, 0x00, 0x00, 0x00, 0x00, 0x00, 0x00, 0x00, 0x00, 0x00, 0x00, 0x00, 0x00, 0x00, 0x00, 0x00,
    0x00, 0x00, 0x00, 0x00, 0x00, 0x00, 0x00, 0x00, 0x00, 0x00, 0x00, 0x00, 0x00, 0x00, 0x00, 0x00,
    0x00, 0x00, 0x00, 0x00, 0x00, 0x00, 0x00, 0x00, 0x00, 0x00, 0x00, 0x00, 0x00, 0x00, 0x00, 0x00,
    0x00, 0x00, 0x00, 0x00, 0x00, 0x00, 0x00, 0x00, 0x00, 0x00, 0x00, 0x00, 0x00, 0x00, 0x00, 0x00,
    0x00, 0x00, 0x00, 0x00, 0x00, 0x00, 0x00, 0x00, 0x00, 0x00, 0x00, 0x00, 0x00, 0x00, 0x00, 0x00,
    0x00, 0x00, 0x00, 0x00, 0x00, 0x00, 0x00, 0x00, 0x00, 0x00, 0x00, 0x00, 0x00, 0x00, 0x00, 0x00,
    0x00, 0x00, 0x00, 0x00, 0x00, 0x00, 0x00, 0x00, 0x00, 0x00, 0x00, 0x00, 0x00, 0x00, 0x00, 0x00,
    0x00, 0x00, 0x00, 0x00, 0x00, 0x00, 0x00, 0x00, 0x00, 0x00, 0x00, 0x00, 0x00, 0x00, 0x00, 0x00,
    0x00, 0x00, 0x00, 0x00, 0x00, 0x00, 0x00, 0x00, 0x00, 0x00, 0x00, 0x00, 0x00, 0x00, 0x00, 0x00,
    0x00, 0x00, 0x00, 0x00, 0x00, 0x00, 0x00, 0x00, 0x00, 0x00, 0x00, 0x00, 0x00, 0x00, 0x00, 0x00,
    0x00, 0x00, 0x00, 0x00, 0x00, 0x00, 0x00, 0x00, 0x00, 0x00, 0x00, 0x00, 0x00, 0x00, 0x00, 0x00,
    0x00, 0x00, 0x00, 0x00, 0x00, 0x00, 0x00, 0x00, 0x00, 0x00, 0x00, 0x00, 0x00, 0x00, 0x00, 0x00,
    0x00, 0x00, 0x00, 0x00, 0x00, 0x00, 0x00, 0x00, 0x00, 0x00, 0x00, 0x00, 0x00, 0x00, 0x00, 0x00,
    0x00, 0x00, 0x00, 0x00, 0x00, 0x00, 0x00, 0x00, 0x00, 0x00, 0x00, 0x00, 0x00, 0x00, 0x00, 0x00,
    0x00, 0x00, 0x00, 0x00, 0x00, 0x00, 0x00, 0x00, 0x00, 0x00, 0x00, 0x00, 0x00, 0x00, 0x00, 0x00,
    0x00, 0x00, 0x00, 0x00, 0x00, 0x00, 0x00, 0x00, 0x00, 0x00, 0x00, 0x00, 0x00, 0x00, 0x00, 0x00,
    0x00, 0x00, 0x00, 0x00, 0x08, 0xff, 0x00, 0x01, 0x08, 0x1c, 0x48, 0xb0, 0xe0, 0x40, 0x02, 0x0a,
    0x16, 0x18, 0x30, 0xc8, 0xb0, 0xa1, 0xc3, 0x87, 0x10, 0x23, 0x4a, 0x9c, 0x18, 0x11, 0xa1, 0x42,
    0x8a, 0x18, 0x0b, 0x26, 0x78, 0xc0, 0xf1, 0x01, 0x83, 0x00, 0x19, 0x43, 0x8a, 0x1c, 0x49, 0x92,
    0xe0, 0xc6, 0x8e, 0x1f, 0x4b, 0x42, 0x3c, 0xd9, 0xd1, 0x23, 0x48, 0x95, 0x30, 0x63, 0xc2, 0x64,
    0x89, 0xf2, 0xa5, 0x4c, 0x81, 0x01, 0x16, 0xb4, 0x6c, 0xd9, 0x60, 0xc0, 0xcd, 0x9f, 0x40, 0x1f,
    0xe6, 0xdc, 0xd9, 0xb1, 0xe7, 0xcf, 0x00, 0x0c, 0x88, 0xb6, 0x74, 0xe0, 0x33, 0xa8, 0xd3, 0xa0,
    0x48, 0x95, 0x76, 0x64, 0x2a, 0x33, 0xaa, 0xd4, 0xa9, 0x4d, 0x9f, 0x6a, 0x55, 0x69, 0xf5, 0xea,
    0x03, 0xaa, 0x5c, 0x93, 0x7a, 0xc5, 0xba, 0xb5, 0xac, 0xc8, 0xae, 0x63, 0xc1, 0x8e, 0x1c, 0xd0,
    0x40, 0x69, 0x03, 0xb1, 0x3b, 0x1d, 0x2c, 0x34, 0x4b, 0x37, 0x22, 0x5b, 0xb7, 0x70, 0x97, 0xce,
    0x0d, 0x39, 0xc0, 0x81, 0x52, 0xa6, 0x68, 0x5b, 0xee, 0xad, 0x4b, 0x98, 0x60, 0xdf, 0xbf, 0x03,
    0x02, 0x77, 0x1c, 0x3c, 0xf1, 0x30, 0x51, 0xb0, 0x8a, 0x39, 0x32, 0x2e, 0x4c, 0xd7, 0x71, 0xdc,
    0xa6, 0x91, 0x1f, 0x4c, 0x7e, 0x68, 0x79, 0x69, 0x56, 0x00, 0x99, 0x37, 0x53, 0x7e, 0xda, 0x99,
    0xec, 0xc0, 0xd0, 0x13, 0x0d, 0xf8, 0x25, 0xca, 0xe0, 0x33, 0x4e, 0x05, 0x52, 0x11, 0x8c, 0x36,
    0xab, 0x5a, 0x69, 0x6b, 0x83, 0x01, 0x60, 0x2b, 0x95, 0x0d, 0xd1, 0x80, 0xd4, 0x94, 0x0d, 0x69,
    0xb6, 0x4c, 0x30, 0x5b, 0xab, 0x6f, 0xdb, 0x36, 0x0d, 0x0a, 0xef, 0x48, 0xdc, 0xe1, 0x71, 0xd6,
    0xc9, 0x19, 0x2e, 0xe7, 0xd8, 0xbc, 0xf8, 0xcf, 0xe7, 0x3b, 0x81, 0x3b, 0x9c, 0xfe, 0xa0, 0x7a,
    0x41, 0xec, 0x2d, 0xb5, 0x3f, 0xff, 0xe4, 0xee, 0xdd, 0xba, 0x4a, 0xf0, 0x35, 0x25, 0x92, 0x37,
    0x88, 0x40, 0xaa, 0x82, 0xe8, 0x0f, 0xdb, 0x2b, 0x5d, 0x00, 0xdf, 0x7c, 0x46, 0xf9, 0x44, 0xdf,
    0x53, 0xc4, 0xbf, 0x93, 0xfe, 0xc0, 0xf5, 0x19, 0xa1, 0xc7, 0x91, 0x78, 0xf6, 0x61, 0x04, 0x20,
    0x46, 0x02, 0xba, 0x04, 0xc0, 0x81, 0x01, 0xfe, 0x56, 0x5f, 0x81, 0xe3, 0x49, 0x55, 0x1e, 0x45,
    0x09, 0x7e, 0x24, 0x61, 0x49, 0x09, 0x8a, 0x06, 0x21, 0x43, 0x02, 0x5c, 0x48, 0x52, 0x86, 0xbb,
    0xc1, 0x54, 0xc0, 0x6a, 0x2d, 0xf1, 0xb6, 0x61, 0x45, 0x21, 0xaa, 0x34, 0x22, 0x51, 0xfc, 0x71,
    0x74, 0x80, 0x4c, 0x03, 0x10, 0x55, 0xc0, 0x89, 0x12, 0x75, 0xb8, 0xd3, 0x8b, 0x31, 0xc5, 0xb8,
    0x53, 0x01, 0xd8, 0x4d, 0x88, 0xe1, 0x70, 0x34, 0xa6, 0x06, 0xe4, 0x4d, 0x3d, 0x0a, 0x54, 0x40,
    0x42, 0x38, 0xfe, 0x74, 0xe4, 0x02, 0x49, 0x06, 0x19, 0xd1, 0x92, 0x4d, 0xca, 0x04, 0xa5, 0x93,
    0x54, 0x56, 0x69, 0xe5, 0x95, 0x58, 0x66, 0xa9, 0xe5, 0x96, 0x5c, 0x76, 0xe9, 0xe5, 0x97, 0x60,
    0x42, 0x18, 0xc0, 0x98, 0x64, 0x86, 0x39, 0x1a, 0x99, 0x65, 0x8e, 0x14, 0x80, 0x00, 0x04, 0x14,
    0xc0, 0xa3, 0x01, 0x70, 0xba, 0x49, 0x40, 0x62, 0x5a, 0x0d, 0x40, 0x00, 0x69, 0x77, 0x3e, 0xb5,
    0x66, 0x9b, 0x6f, 0xc6, 0x59, 0xc0, 0x9c, 0x0f, 0x32, 0x14, 0x40, 0x9b, 0x7e, 0xba, 0x69, 0xe8,
    0x9b, 0x6e, 0x0a, 0x10, 0xd4, 0x49, 0xfe, 0xfd, 0xc4, 0x68, 0xa0, 0x6a, 0x12, 0x6a, 0xc0, 0xa1,
    0x87, 0xfa, 0xa9, 0x28, 0x44, 0x02, 0xf0, 0x48, 0xe9, 0xa6, 0x95, 0xba, 0xa6, 0x62, 0x78, 0x13,
    0x41, 0x3a, 0x10, 0x7f, 0x3e, 0x92, 0x94, 0xe9, 0xa4, 0x9c, 0x72, 0x6a, 0x80, 0xa7, 0x04, 0x09,
    0x80, 0x6a, 0xaa, 0xa9, 0xae, 0xe4, 0x7a, 0x53, 0x8b, 0xa5, 0x0e, 0x74, 0x00, 0x03, 0x0d, 0x20,
    0x00, 0x29, 0x78, 0x0c, 0xdc, 0xe4, 0x2a, 0xac, 0xb0, 0xca, 0xda, 0x10, 0x01, 0xaf, 0x02, 0xcb,
    0xa9, 0xa8, 0x14, 0x11, 0x40, 0x54, 0x94, 0x26, 0x85, 0xf7, 0xa0, 0x8e, 0x2d, 0x31, 0x4b, 0x12,
    0xb1, 0xc6, 0xc2, 0xfa, 0x60, 0xb5, 0xc1, 0x22, 0x4b, 0x21, 0x51, 0x93, 0x05, 0xb0, 0x1c, 0x03,
    0x97, 0x1a, 0x46, 0x22, 0x75, 0x4a, 0x62, 0xab, 0xea, 0x83, 0xd4, 0x9a, 0x4b, 0x29, 0x50, 0xe0,
    0xa9, 0x05, 0x5a, 0x5e, 0x9e, 0x11, 0x14, 0x58, 0xad, 0x23, 0xa5, 0xab, 0xae, 0xa1, 0x0e, 0x05,
    0xa0, 0xe9, 0xbd, 0x06, 0x84, 0x3b, 0x6b, 0x5c, 0x97, 0x66, 0xc6, 0x91, 0x5a, 0xf0, 0x2e, 0x00,
    0xd5, 0xbe, 0xea, 0xf6, 0x2b, 0x14, 0xc2, 0xc6, 0x4e, 0xea, 0xaf, 0xa3, 0xd9, 0x8d, 0x09, 0xef,
    0x57, 0x97, 0x2d, 0x18, 0xb1, 0x53, 0xfa, 0x16, 0x0b, 0xac, 0xc3, 0x12, 0x0d, 0xe0, 0x26, 0x9c,
    0x1a, 0x83, 0x5c, 0x00, 0x9d, 0x7a, 0xc2, 0x9b, 0xd0, 0x65, 0x81, 0xe5, 0x5a, 0x71, 0x9d, 0x1f,
    0x17, 0xda, 0xf2, 0xa4, 0x24, 0x87, 0x6a, 0x27, 0x9f, 0x72, 0xce, 0xf9, 0xb0, 0x9e, 0x6d, 0x5d,
    0x05, 0xd9, 0xc4, 0x3b, 0xb1, 0x0a, 0xd5, 0xcc, 0x87, 0x12, 0x60, 0xb3, 0x99, 0xa5, 0x99, 0x86,
    0x13, 0xcf, 0x92, 0x99, 0x79, 0xa2, 0xb2, 0x8f, 0x79, 0x1a, 0x99, 0x89, 0x4a, 0x43, 0xc8, 0x6b,
    0xa0, 0xc2, 0xd1, 0x1b, 0xf5, 0x6c, 0x2c, 0x11, 0xa8, 0x5c, 0x7a, 0x57, 0xd3, 0x68, 0xc0, 0x02,
    0xba, 0x4a, 0xf4, 0x75, 0xd8, 0x5d, 0x97, 0xbd, 0x65, 0x40, 0x00, 0x21, 0xf9, 0x04, 0x04, 0x04,
    0x00, 0x00, 0x00, 0x2c, 0x15, 0x00, 0x1b, 0x00, 0x94, 0x00, 0x2f, 0x00, 0x87, 0x00, 0x00, 0x00,
    0x0d, 0x03, 0x03, 0x1a, 0x06, 0x06, 0x26, 0x09, 0x0a, 0x33, 0x0d, 0x0d, 0x40, 0x10, 0x10, 0x4d,
    0x13, 0x13, 0x5a, 0x16, 0x16, 0x66, 0x19, 0x1a, 0x73, 0x1c, 0x1d, 0x80, 0x1f, 0x20, 0x8d, 0x22,
    0x23, 0x9a, 0x26, 0x26, 0xa6, 0x29, 0x2a, 0xb3, 0x2c, 0x2d, 0xc0, 0x2f, 0x30, 0x00, 0x00, 0x00,
    0x00, 0x00, 0x00, 0x00, 0x00, 0x00, 0x00, 0x00, 0x00, 0x00, 0x00, 0x00, 0x00, 0x00, 0x00, 0x00,
    0x00, 0x00, 0x00, 0x00, 0x00, 0x00, 0x00, 0x00, 0x00, 0x00, 0x00, 0x00, 0x00, 0x00, 0x00, 0x00,
    0x00, 0x00, 0x00, 0x00, 0x00, 0x00, 0x00, 0x00, 0x00, 0x00, 0x00, 0x00, 0x00, 0x00, 0x00, 0x00,
    0x00, 0x00, 0x00, 0x00, 0x00, 0x00, 0x00, 0x00, 0x00, 0x00, 0x00, 0x00, 0x00, 0x00, 0x00, 0x00,
    0x00, 0x00, 0x00, 0x00, 0x00, 0x00, 0x00, 0x00, 0x00, 0x00, 0x00, 0x00, 0x00, 0x00, 0x00, 0x00,
    0x00, 0x00, 0x00, 0x00, 0x00, 0x00, 0x00, 0x00, 0x00, 0x00, 0x00, 0x00, 0x00, 0x00, 0x00, 0x00,
    0x00, 0x00, 0x00, 0x00, 0x00, 0x00, 0x00, 0x00, 0x00, 0x00, 0x00, 0x00, 0x00, 0x00, 0x00, 0x00,
    0x00, 0x00, 0x00, 0x00, 0x00, 0x00, 0x00, 0x00, 0x00, 0x00, 0x00, 0x00, 0x00, 0x00, 0x00, 0x00,
    0x00, 0x00, 0x00, 0x00, 0x00, 0x00, 0x00, 0x00, 0x00, 0x00, 0x00, 0x00, 0x00, 0x00, 0x00, 0x00,
    0x00, 0x00, 0x00, 0x00, 0x00, 0x00, 0x00, 0x00, 0x00, 0x00, 0x00, 0x00, 0x00, 0x00, 0x00, 0x00,
    0x00, 0x00, 0x00, 0x00, 0x00, 0x00, 0x00, 0x00, 0x00, 0x00, 0x00, 0x00, 0x00, 0x00, 0x00, 0x00,
    0x00, 0x00, 0x00, 0x00, 0x00, 0x00, 0x00, 0x00, 0x00, 0x00, 0x00, 0x00, 0x00, 0x00, 0x00, 0x00,
    0x00, 0x00, 0x00, 0x00, 0x00, 0x00, 0x00, 0x00, 0x00, 0x00, 0x00, 0x00, 0x00, 0x00, 0x00, 0x00,
    0x00, 0x00, 0x00, 0x00, 0x00, 0x00, 0x00, 0x00, 0x00, 0x00, 0x00, 0x00, 0x00, 0x00, 0x00, 0x00,
    0x00, 0x00, 0x00, 0x00, 0x00, 0x00, 0x00, 0x00, 0x00, 0x00, 0x00, 0x00, 0x00, 0x00, 0x00, 0x00,
    0x00, 0x00, 0x00, 0x00, 0x00, 0x00, 0x00, 0x00, 0x00, 0x00, 0x00, 0x00, 0x00, 0x00, 0x00, 0x00,
    0x00, 0x00, 0x00, 0x00, 0x00, 0x00, 0x00, 0x00, 0x00, 0x00, 0x00, 0x00, 0x00, 0x00, 0x00, 0x00,
    0x00, 0x00, 0x00, 0x00, 0x00, 0x00, 0x00, 0x00, 0x00, 0x00, 0x00, 0x00, 0x00, 0x00, 0x00, 0x00,
    0x00, 0x00, 0x00, 0x00, 0x00, 0x00, 0x00, 0x00, 0x00, 0x00, 0x00, 0x00, 0x00, 0x00, 0x00, 0x00,
    0x00, 0x00, 0x00, 0x00, 0x00, 0x00, 0x00, 0x00, 0x00, 0x00, 0x00, 0x00, 0x00, 0x00, 0x00, 0x00,
    0x00, 0x00, 0x00, 0x00, 0x00, 0x00, 0x00, 0x00, 0x00, 0x00, 0x00, 0x00, 0x00, 0x00, 0x00, 0x00,
    0x00, 0x00, 0x00, 0x00, 0x00, 0x00, 0x00, 0x00, 0x00, 0x00, 0x00, 0x00, 0x00, 0x00, 0x00, 0x00,
    0x00, 0x00, 0x00, 0x00, 0x00, 0x00, 0x00, 0x00, 0x00, 0x00, 0x00, 0x00, 0x00, 0x00, 0x00, 0x00,
    0x00, 0x00, 0x00, 0x00, 0x00, 0x00, 0x00, 0x00, 0x00, 0x00, 0x00, 0x00, 0x00, 0x00, 0x00, 0x00,
    0x00, 0x00, 0x00, 0x00, 0x00, 0x00, 0x00, 0x00, 0x00, 0x00, 0x00, 0x00, 0x00, 0x00, 0x00, 0x00,
    0x00, 0x00, 0x00, 0x00, 0x00, 0x00, 0x00, 0x00, 0x00, 0x00, 0x00, 0x00, 0x00, 0x00, 0x00, 0x00,
    0x00, 0x00, 0x00, 0x00, 0x00, 0x00, 0x00, 0x00, 0x00, 0x00, 0x00, 0x00, 0x00, 0x00, 0x00, 0x00,
    0x00, 0x00, 0x00, 0x00, 0x00, 0x00, 0x00, 0x00, 0x00, 0x00, 0x00, 0x00, 0x00, 0x00, 0x00, 0x00,
    0x00, 0x00, 0x00, 0x00, 0x00, 0x00, 0x00, 0x00, 0x00, 0x00, 0x00, 0x00, 0x00, 0x00, 0x00, 0x00,
    0x00, 0x00, 0x00, 0x00, 0x00, 0x00, 0x00, 0x00, 0x00, 0x00, 0x00, 0x00, 0x00, 0x00, 0x00, 0x00,
    0x00, 0x00, 0x00, 0x00, 0x00, 0x00, 0x00, 0x00, 0x00, 0x00, 0x00, 0x00, 0x00, 0x00, 0x00, 0x00,
    0x00, 0x00, 0x00, 0x00, 0x00, 0x00, 0x00, 0x00, 0x00, 0x00, 0x00, 0x00, 0x00, 0x00, 0x00, 0x00,
    0x00, 0x00, 0x00, 0x00, 0x00, 0x00, 0x00, 0x00, 0x00, 0x00, 0x00, 0x00, 0x00, 0x00, 0x00, 0x00,
    0x00, 0x00, 0x00, 0x00, 0x00, 0x00, 0x00, 0x00, 0x00, 0x00, 0x00, 0x00, 0x00, 0x00, 0x00, 0x00,
    0x00, 0x00, 0x00, 0x00, 0x00, 0x00, 0x00, 0x00, 0x00, 0x00, 0x00, 0x00, 0x00, 0x00, 0x00, 0x00,
    0x00, 0x00, 0x00, 0x00, 0x00, 0x00, 0x00, 0x00, 0x00, 0x00, 0x00, 0x00, 0x00, 0x00, 0x00, 0x00,
    0x00, 0x00, 0x00, 0x00, 0x00, 0x00, 0x00, 0x00, 0x00, 0x00, 0x00, 0x00, 0x00, 0x00, 0x00, 0x00,
    0x00, 0x00, 0x00, 0x00, 0x00, 0x00, 0x00, 0x00, 0x00, 0x00, 0x00, 0x00, 0x00, 0x00, 0x00, 0x00,
    0x00, 0x00, 0x00, 0x00, 0x00, 0x00, 0x00, 0x00, 0x00, 0x00, 0x00, 0x00, 0x00, 0x00, 0x00, 0x00,
    0x00, 0x00, 0x00, 0x00, 0x00, 0x00, 0x00, 0x00, 0x00, 0x00, 0x00, 0x00, 0x00, 0x00, 0x00, 0x00,
    0x00, 0x00, 0x00, 0x00, 0x00, 0x00, 0x00, 0x00, 0x00, 0x00, 0x00, 0x00, 0x00, 0x00, 0x00, 0x00,
    0x00, 0x00, 0x00, 0x00, 0x00, 0x00, 0x00, 0x00, 0x00, 0x00, 0x00, 0x00, 0x00, 0x00, 0x00, 0x00,
    0x00, 0x00, 0x00, 0x00, 0x00, 0x00, 0x00, 0x00, 0x00, 0x00, 0x00, 0x00, 0x00, 0x00, 0x00, 0x00,
    0x00, 0x00, 0x00, 0x00, 0x00, 0x00, 0x00, 0x00, 0x00, 0x00, 0x00, 0x00, 0x00, 0x00, 0x00, 0x00,
    0x00, 0x00, 0x00, 0x00, 0x00, 0x00, 0x00, 0x00, 0x00, 0x00, 0x00, 0x00, 0x00, 0x08, 0xff, 0x00,
    0x01, 0x08, 0x1c, 0x48, 0xb0, 0x60, 0xc1, 0x00, 0x01, 0x0c, 0x2a, 0x5c, 0xc8, 0xb0, 0xa1, 0xc3,
    0x87, 0x10, 0x23, 0x46, 0x44, 0x28, 0xb1, 0xa2, 0xc2, 0x00, 0x08, 0x1a, 0x38, 0x48, 0x20, 0xc0,
    0xa2, 0xc7, 0x8f, 0x20, 0x43, 0x1e, 0xcc, 0xb8, 0xb1, 0xa3, 0xc8, 0x87, 0x01, 0x18, 0x3c, 0x58,
    0xf9, 0xc0, 0xc1, 0x80, 0x93, 0x30, 0x63, 0xca, 0x4c, 0xc9, 0xb2, 0xe5, 0x4b, 0x99, 0x06, 0x69,
    0xd6, 0xb4, 0x89, 0xb3, 0xa7, 0x4f, 0x94, 0x2a, 0x77, 0xba, 0xfc, 0x09, 0x60, 0x80, 0x83, 0x9d,
    0x35, 0x0d, 0x10, 0x5d, 0x4a, 0xd4, 0x28, 0x52, 0x96, 0x4a, 0x7b, 0x3a, 0x7d, 0x0a, 0x95, 0xa9,
    0xd5, 0x98, 0x53, 0xa9, 0x3e, 0x88, 0x8a, 0xf5, 0xa8, 0xd6, 0xaa, 0x57, 0xc3, 0x7a, 0xcc, 0xfa,
    0x95, 0xab, 0x48, 0xb2, 0x5f, 0xb7, 0x8a, 0x5d, 0x0b, 0x11, 0x6d, 0xd9, 0x93, 0x06, 0xa8, 0x2e,
    0x48, 0x40, 0x35, 0x01, 0xdb, 0xbb, 0x0a, 0xe3, 0x3e, 0x9d, 0x5b, 0x37, 0xa4, 0x5e, 0xa4, 0x0c,
    0x12, 0xd2, 0x7d, 0x6a, 0x17, 0xaf, 0xe1, 0xbf, 0x3b, 0x03, 0x03, 0x18, 0x8c, 0xb4, 0xb0, 0x45,
    0xc4, 0x35, 0x15, 0x0b, 0x64, 0xbc, 0xd3, 0xb1, 0x61, 0xb1, 0x90, 0x59, 0x4a, 0x5e, 0xdc, 0xb7,
    0x62, 0xe6, 0x95, 0x9b, 0x27, 0x77, 0xbe, 0x7c, 0xf5, 0xf3, 0x83, 0xd0, 0x9c, 0x09, 0x4b, 0xa4,
    0x5c, 0x33, 0x41, 0x42, 0x83, 0x07, 0xa8, 0xa2, 0x26, 0xdd, 0x93, 0x35, 0x4b, 0xd7, 0x0a, 0x63,
    0x3f, 0x9d, 0x6d, 0xd0, 0xf6, 0x4a, 0xcb, 0x06, 0x4d, 0xf3, 0xa6, 0x7d, 0xd2, 0xf7, 0x03, 0xe0,
    0x05, 0x85, 0xbf, 0x5e, 0x68, 0x1c, 0x79, 0x70, 0xd9, 0xcb, 0x89, 0xc3, 0x6c, 0xfe, 0x50, 0x39,
    0xf3, 0xd1, 0x0e, 0xad, 0x4b, 0x2f, 0x8e, 0xbd, 0xa1, 0xf6, 0x81, 0x3a, 0x91, 0x1e, 0xff, 0xa8,
    0x48, 0xc0, 0xab, 0xd0, 0x9b, 0xdb, 0x3d, 0x86, 0xdf, 0x39, 0x5e, 0x62, 0xf9, 0xa7, 0x43, 0x05,
    0xae, 0x4f, 0x3a, 0xd6, 0x7c, 0xcd, 0xf8, 0xe9, 0x25, 0xce, 0x07, 0x5b, 0xd1, 0x2d, 0x4f, 0x00,
    0x41, 0x21, 0x65, 0x56, 0x7f, 0xf6, 0xb1, 0xe4, 0x80, 0x49, 0xf9, 0x41, 0x14, 0xe0, 0x4e, 0x03,
    0x4a, 0xe4, 0xdf, 0x81, 0x03, 0x50, 0xd5, 0x20, 0x81, 0x4f, 0xb5, 0x97, 0xa0, 0x43, 0x11, 0x3e,
    0x35, 0xa1, 0x83, 0x05, 0xae, 0x74, 0x00, 0x01, 0x48, 0x39, 0x40, 0x00, 0x4c, 0x02, 0x2c, 0xb8,
    0x12, 0x02, 0x17, 0x3e, 0x04, 0xa2, 0x50, 0x23, 0x9e, 0x54, 0x22, 0x52, 0x08, 0x04, 0x50, 0x60,
    0x8b, 0x30, 0xc9, 0xb8, 0x13, 0x7a, 0x29, 0x2e, 0x64, 0x63, 0x4d, 0x34, 0x9e, 0xb4, 0x23, 0x4b,
    0x2f, 0x65, 0xb5, 0x21, 0x48, 0x42, 0xe6, 0xf8, 0x50, 0x91, 0x38, 0x21, 0x09, 0x80, 0x00, 0x07,
    0x1c, 0x80, 0xa3, 0x4c, 0x4c, 0x3a, 0x69, 0x24, 0x44, 0x51, 0x3e, 0x19, 0x53, 0x95, 0x53, 0x66,
    0xa9, 0xe5, 0x96, 0x5c, 0x76, 0xe9, 0xe5, 0x97, 0x60, 0x86, 0x29, 0xe6, 0x98, 0x64, 0x96, 0x89,
    0x53, 0x00, 0x02, 0x0c, 0xa0, 0xe6, 0x00, 0x02, 0x44, 0x67, 0xa6, 0x55, 0x68, 0xae, 0xc9, 0xa6,
    0x9b, 0x15, 0x09, 0x40, 0x40, 0x01, 0x05, 0x18, 0xa0, 0xe7, 0x9e, 0x78, 0x12, 0xd0, 0x26, 0x51,
    0x01, 0x34, 0x89, 0xe0, 0x99, 0x82, 0x2e, 0x65, 0x27, 0x9e, 0x7b, 0xf2, 0x59, 0x80, 0x9f, 0x74,
    0x32, 0x24, 0x40, 0x9e, 0x06, 0xe0, 0x29, 0xe9, 0xa4, 0x90, 0x16, 0x60, 0xa5, 0x8f, 0x41, 0xe1,
    0x17, 0x93, 0x4e, 0x9a, 0x5e, 0x59, 0x29, 0xa5, 0x93, 0xea, 0x69, 0x69, 0x5b, 0x91, 0x82, 0x6a,
    0x2a, 0xa2, 0x3d, 0xc2, 0xa4, 0xdb, 0x4a, 0x0e, 0x34, 0x5a, 0x50, 0x9a, 0x10, 0x2d, 0xf6, 0x50,
    0xd3, 0x02, 0x52, 0x95, 0x7a, 0x2a, 0xa8, 0x06, 0xa4, 0x6a, 0xd0, 0x00, 0xb6, 0xde, 0x8a, 0xab,
    0xae, 0x21, 0x21, 0x90, 0x98, 0xab, 0x00, 0x04, 0xa0, 0x00, 0x68, 0x97, 0x0e, 0xc4, 0x1a, 0xad,
    0x32, 0xf1, 0xea, 0xeb, 0xa9, 0xb9, 0x36, 0xf4, 0xec, 0xb3, 0xc4, 0x5a, 0x24, 0x40, 0x81, 0xce,
    0x15, 0xbb, 0x60, 0xa7, 0x03, 0x65, 0x56, 0x00, 0x4e, 0xd3, 0xfa, 0x4a, 0x6c, 0xb8, 0xd0, 0x56,
    0x6b, 0x11, 0x5a, 0x28, 0x16, 0x34, 0x80, 0x89, 0x2d, 0x7d, 0x5b, 0x50, 0x01, 0x02, 0xf6, 0x44,
    0xae, 0xa9, 0x06, 0x10, 0xeb, 0xec, 0xbc, 0x88, 0xba, 0x9b, 0x64, 0x81, 0x66, 0xf9, 0xb7, 0x52,
    0xbf, 0xfc, 0xfa, 0x74, 0x2f, 0xbe, 0x91, 0x3a, 0x44, 0x40, 0xaf, 0xd3, 0x46, 0x6a, 0xee, 0x47,
    0xf0, 0xee, 0xd4, 0xa2, 0xbf, 0x60, 0xfd, 0x78, 0x22, 0x51, 0x07, 0x13, 0x5c, 0xc0, 0xc2, 0x07,
    0x23, 0x4c, 0x6f, 0xae, 0x0b, 0x83, 0xb4, 0x2a, 0xab, 0x02, 0x5c, 0x9b, 0x98, 0xac, 0x0c, 0x02,
    0xb8, 0x93, 0x02, 0x4c, 0x65, 0x9c, 0x30, 0xc7, 0x13, 0x0d, 0x00, 0x69, 0xa2, 0x89, 0x2e, 0x3a,
    0x28, 0x51, 0xac, 0x35, 0xd0, 0xc0, 0xb0, 0xa9, 0x45, 0x86, 0x33, 0x53, 0x01, 0xb8, 0x0c, 0x33,
    0xcc, 0x32, 0x7f, 0x14, 0x27, 0x01, 0x44, 0x13, 0xa0, 0xe6, 0x9f, 0x62, 0x91, 0x0c, 0x9d, 0xb2,
    0x5f, 0xb5, 0xba, 0xd6, 0xd0, 0x45, 0x1f, 0xdd, 0x71, 0x96, 0xfb, 0x81, 0xe6, 0xa6, 0x71, 0xdc,
    0xbe, 0x49, 0x9a, 0xc8, 0x3b, 0x2d, 0xd0, 0xa8, 0xb0, 0x48, 0xe9, 0xab, 0xf5, 0x76, 0x19, 0xde,
    0xe6, 0x1d, 0x7b, 0x63, 0x5f, 0xf8, 0x57, 0xb6, 0x04, 0xad, 0x9d, 0x76, 0x8a, 0x4c, 0x02, 0xab,
    0x50, 0xdc, 0x60, 0x06, 0x04, 0x00, 0x21, 0xf9, 0x04, 0x04, 0x04, 0x00, 0x00, 0x00, 0x2c, 0x15,
    0x00, 0x1b, 0x00, 0x94, 0x00, 0x2f, 0x00, 0x87, 0x00, 0x00, 0x00, 0x0d, 0x03, 0x03, 0x1a, 0x06,
    0x06, 0x26, 0x09, 0x0a, 0x33, 0x0d, 0x0d, 0x40, 0x10, 0x10, 0x4d, 0x13, 0x13, 0x5a, 0x16, 0x16,
    0x66, 0x19, 0x1a, 0x73, 0x1c, 0x1d, 0x80, 0x1f, 0x20, 0x8d, 0x22, 0x23, 0x9a, 0x26, 0x26, 0xa6,
    0x29, 0x2a, 0xb3, 0x2c, 0x2d, 0xc0, 0x2f, 0x30, 0x00, 0x00, 0x00, 0x00, 0x00, 0x00, 0x00, 0x00,
    0x00, 0x00, 0x00, 0x00, 0x00, 0x00, 0x00, 0x00, 0x00, 0x00, 0x00, 0x00, 0x00, 0x00, 0x00, 0x00,
    0x00, 0x00, 0x00, 0x00, 0x00, 0x00, 0x00, 0x00, 0x00, 0x00, 0x00, 0x00, 0x00, 0x00, 0x00, 0x00,
    0x00, 0x00, 0x00, 0x00, 0x00, 0x00, 0x00, 0x00, 0x00, 0x00, 0x00, 0x00, 0x00, 0x00, 0x00, 0x00,
    0x00, 0x00, 0x00, 0x00, 0x00, 0x00, 0x00, 0x00, 0x00, 0x00, 0x00, 0x00, 0x00, 0x00, 0x00, 0x00,
    0x00, 0x00, 0x00, 0x00, 0x00, 0x00, 0x00, 0x00, 0x00, 0x00, 0x00, 0x00, 0x00, 0x00, 0x00, 0x00,
    0x00, 0x00, 0x00, 0x00, 0x00, 0x00, 0x00, 0x00, 0x00, 0x00, 0x00, 0x00, 0x00, 0x00, 0x00, 0x00,
    0x00, 0x00, 0x00, 0x00, 0x00, 0x00, 0x00, 0x00, 0x00, 0x00, 0x00, 0x00, 0x00, 0x00, 0x00, 0x00,
    0x00, 0x00, 0x00, 0x00, 0x00, 0x00, 0x00, 0x00, 0x00, 0x00, 0x00, 0x00, 0x00, 0x00, 0x00, 0x00,
    0x00, 0x00, 0x00, 0x00, 0x00, 0x00, 0x00, 0x00, 0x00, 0x00, 0x00, 0x00, 0x00, 0x00, 0x00, 0x00,
    0x00, 0x00, 0x00, 0x00, 0x00, 0x00, 0x00, 0x00, 0x00, 0x00, 0x00, 0x00, 0x00, 0x00, 0x00, 0x00,
    0x00, 0x00, 0x00, 0x00, 0x00, 0x00, 0x00, 0x00, 0x00, 0x00, 0x00, 0x00, 0x00, 0x00, 0x00, 0x00,
    0x00, 0x00, 0x00, 0x00, 0x00, 0x00, 0x00, 0x00, 0x00, 0x00, 0x00, 0x00, 0x00, 0x00, 0x00, 0x00,
    0x00, 0x00, 0x00, 0x00, 0x00, 0x00, 0x00, 0x00, 0x00, 0x00, 0x00, 0x00, 0x00, 0x00, 0x00, 0x00,
    0x00, 0x00, 0x00, 0x00, 0x00, 0x00, 0x00, 0x00, 0x00, 0x00, 0x00, 0x00, 0x00, 0x00, 0x00, 0x00,
    0x00, 0x00, 0x00, 0x00, 0x00, 0x00, 0x00, 0x00, 0x00, 0x00, 0x00, 0x00, 0x00, 0x00, 0x00, 0x00,
    0x00, 0x00, 0x00, 0x00, 0x00, 0x00, 0x00, 0x00, 0x00, 0x00, 0x00, 0x00, 0x00, 0x00, 0x00, 0x00,
    0x00, 0x00, 0x00, 0x00, 0x00, 0x00, 0x00, 0x00, 0x00, 0x00, 0x00, 0x00, 0x00, 0x00, 0x00, 0x00,
    0x00, 0x00, 0x00, 0x00, 0x00, 0x00, 0x00, 0x00, 0x00, 0x00, 0x00, 0x00, 0x00, 0x00, 0x00, 0x00,
    0x00, 0x00, 0x00, 0x00, 0x00, 0x00, 0x00, 0x00, 0x00, 0x00, 0x00, 0x00, 0x00, 0x00, 0x00, 0x00,
    0x00, 0x00, 0x00, 0x00, 0x00, 0x00, 0x00, 0x00, 0x00, 0x00, 0x00, 0x00, 0x00, 0x00, 0x00, 0x00,
    0x00, 0x00, 0x00, 0x00, 0x00, 0x00, 0x00, 0x00, 0x00, 0x00, 0x00, 0x00, 0x00, 0x00, 0x00, 0x00,
    0x00, 0x00, 0x00, 0x00, 0x00, 0x00, 0x00, 0x00, 0x00, 0x00, 0x00, 0x00, 0x00, 0x00, 0x00, 0x00,
    0x00, 0x00, 0x00, 0x00, 0x00, 0x00, 0x00, 0x00, 0x00, 0x00, 0x00, 0x00, 0x00, 0x00, 0x00, 0x00,
    0x00, 0x00, 0x00, 0x00, 0x00, 0x00, 0x00, 0x00, 0x00, 0x00, 0x00, 0x00, 0x00, 0x00, 0x00, 0x00,
    0x00, 0x00, 0x00, 0x00, 0x00, 0x00, 0x00, 0x00, 0x00, 0x00, 0x00, 0x00, 0x00, 0x00, 0x00, 0x00,
    0x00, 0x00, 0x00, 0x00, 0x00, 0x00, 0x00, 0x00, 0x00, 0x00, 0x00, 0x00, 0x00, 0x00, 0x00, 0x00,
    0x00, 0x00, 0x00, 0x00, 0x00, 0x00, 0x00, 0x00, 0x00, 0x00, 0x00, 0x00, 0x00, 0x00, 0x00, 0x00,
    0x00, 0x00, 0x00, 0x00, 0x00, 0x00, 0x00, 0x00, 0x00, 0x00, 0x00, 0x00, 0x00, 0x00, 0x00, 0x00,
    0x00, 0x00, 0x00, 0x00, 0x00, 0x00, 0x00, 0x00, 0x00, 0x00, 0x00, 0x00, 0x00, 0x00, 0x00, 0x00,
    0x00, 0x00, 0x00, 0x00, 0x00, 0x00, 0x00, 0x00, 0x00, 0x00, 0x00, 0x00, 0x00, 0x00, 0x00, 0x00,
    0x00, 0x00, 0x00, 0x00, 0x00, 0x00, 0x00, 0x00, 0x00, 0x00, 0x00, 0x00, 0x00, 0x00, 0x00, 0x00,
    0x00, 0x00, 0x00, 0x00, 0x00, 0x00, 0x00, 0x00, 0x00, 0x00, 0x00, 0x00, 0x00, 0x00, 0x00, 0x00,
    0x00, 0x00, 0x00, 0x00, 0x00, 0x00, 0x00, 0x00, 0x00, 0x00, 0x00, 0x00, 0x00, 0x00, 0x00, 0x00,
    0x00, 0x00, 0x00, 0x00, 0x00, 0x00, 0x00, 0x00, 0x00, 0x00, 0x00, 0x00, 0x00, 0x00, 0x00, 0x00,
    0x00, 0x00, 0x00, 0x00, 0x00, 0x00, 0x00, 0x00, 0x00, 0x00, 0x00, 0x00, 0x00, 0x00, 0x00, 0x00,
    0x00, 0x00, 0x00, 0x00, 0x00, 0x00, 0x00, 0x00, 0x00, 0x00, 0x00, 0x00, 0x00, 0x00, 0x00, 0x00,
    0x00, 0x00, 0x00, 0x00, 0x00, 0x00, 0x00, 0x00, 0x00, 0x00, 0x00, 0x00, 0x00, 0x00, 0x00, 0x00,
    0x00, 0x00, 0x00, 0x00, 0x00, 0x00, 0x00, 0x00, 0x00, 0x00, 0x00, 0x00, 0x00, 0x00, 0x00, 0x00,
    0x00, 0x00, 0x00, 0x00, 0x00, 0x00, 0x00, 0x00, 0x00, 0x00, 0x00, 0x00, 0x00, 0x00, 0x00, 0x00,
    0x00, 0x00, 0x00, 0x00, 0x00, 0x00, 0x00, 0x00, 0x00, 0x00, 0x00, 0x00, 0x00, 0x00, 0x00, 0x00,
    0x00, 0x00, 0x00, 0x00, 0x00, 0x00, 0x00, 0x00, 0x00, 0x00, 0x00, 0x00, 0x00, 0x00, 0x00, 0x00,
    0x00, 0x00, 0x00, 0x00, 0x00, 0x00, 0x00, 0x00, 0x00, 0x00, 0x00, 0x00, 0x00, 0x00, 0x00, 0x00,
    0x00, 0x00, 0x00, 0x00, 0x00, 0x00, 0x00, 0x00, 0x00, 0x00, 0x00, 0x00, 0x00, 0x00, 0x00, 0x00,
    0x00, 0x00, 0x00, 0x00, 0x00, 0x00, 0x00, 0x00, 0x00, 0x00, 0x00, 0x00, 0x00, 0x00, 0x00, 0x00,
    0x00, 0x00, 0x00, 0x00, 0x00, 0x00, 0x00, 0x00, 0x08, 0xff, 0x00, 0x01, 0x08, 0x1c, 0x48, 0xb0,
    0x60, 0xc1, 0x01, 0x04, 0x0c, 0x2a, 0x5c, 0xc8, 0xb0, 0xa1, 0xc3, 0x87, 0x10, 0x23, 0x46, 0x44,
    0x28, 0xb1, 0xa2, 0xc2, 0x01, 0x0b, 0x1e, 0x3c, 0x60, 0x50, 0xc0, 0xa2, 0xc7, 0x8f, 0x20, 0x43,
    0x1e, 0xcc, 0xb8, 0xb1, 0xa3, 0xc8, 0x87, 0x03, 0x1c, 0x68, 0x5c, 0x69, 0xe0, 0xa4, 0xcb, 0x97,
    0x30, 0x53, 0xae, 0xd4, 0xd8, 0x12, 0xa6, 0x41, 0x02, 0x2a, 0x67, 0x6a, 0x3c, 0x60, 0xb3, 0xa7,
    0xcf, 0x87, 0x38, 0x75, 0xee, 0xfc, 0x09, 0xc0, 0x80, 0xd0, 0x99, 0x09, 0x88, 0x2a, 0x25, 0x6a,
    0xf4, 0xa8, 0xc6, 0xa4, 0x3d, 0x9b, 0x3a, 0x7d, 0xba, 0xb4, 0xea, 0x4b, 0xa9, 0x53, 0xa1, 0x5e,
    0x9d, 0xaa, 0x53, 0xab, 0xd5, 0xaf, 0x15, 0xb1, 0x72, 0xf5, 0x1a, 0xf2, 0x00, 0x57, 0xa1, 0x09,
    0x02, 0x80, 0x5d, 0xfb, 0xd0, 0xec, 0x59, 0xa4, 0x6a, 0x43, 0x26, 0x70, 0x8a, 0x40, 0xec, 0x4a,
    0x06, 0x71, 0xd9, 0xea, 0x25, 0x38, 0xf7, 0x68, 0x5d, 0xa7, 0x78, 0x41, 0xf6, 0x45, 0x2b, 0xd0,
    0xae, 0xc6, 0xc0, 0x7b, 0xf7, 0x0e, 0xee, 0x5a, 0x18, 0x70, 0x5e, 0x89, 0x8b, 0x91, 0x12, 0x34,
    0xbc, 0xf1, 0x71, 0x62, 0xab, 0x91, 0x57, 0x7a, 0xa5, 0x8c, 0x18, 0x62, 0x80, 0xcc, 0x54, 0x0b,
    0x72, 0x16, 0x70, 0xd9, 0xea, 0x67, 0xa7, 0x64, 0x8b, 0x02, 0x26, 0xfd, 0x30, 0x00, 0x03, 0xa7,
    0x35, 0x0d, 0xca, 0x14, 0xea, 0x60, 0x40, 0x69, 0xa5, 0xae, 0x61, 0x2f, 0x9c, 0xad, 0xb3, 0xb6,
    0xc3, 0xdc, 0x47, 0x63, 0x5f, 0xcc, 0xd9, 0xdb, 0xf6, 0xed, 0x9e, 0xc0, 0x85, 0x0a, 0x97, 0x4d,
    0x7c, 0xa6, 0xef, 0x85, 0xc9, 0x75, 0x2e, 0x1f, 0x7e, 0xf4, 0xf9, 0x71, 0x97, 0xd1, 0x67, 0x4e,
    0x67, 0x5e, 0xdd, 0x78, 0x41, 0x01, 0xaf, 0x83, 0x4f, 0xff, 0x6c, 0xbe, 0xd2, 0x41, 0xc2, 0xeb,
    0x22, 0xc1, 0xeb, 0x86, 0xc8, 0xdb, 0xf9, 0xf9, 0x81, 0xed, 0xcb, 0x7b, 0xf7, 0x1c, 0x5e, 0x39,
    0x7a, 0x90, 0xf1, 0x35, 0x5a, 0xa7, 0xbf, 0x1e, 0x40, 0xfe, 0x07, 0xfb, 0x45, 0x94, 0x1d, 0x4b,
    0xf7, 0x59, 0xf4, 0x5f, 0x80, 0xfc, 0x89, 0x17, 0x00, 0x79, 0xfa, 0xcd, 0x57, 0xd1, 0x80, 0x1a,
    0x39, 0x58, 0x20, 0x43, 0x0b, 0x76, 0x07, 0x12, 0x84, 0x0f, 0x20, 0x64, 0x61, 0x48, 0x10, 0x22,
    0x30, 0x21, 0x44, 0x04, 0x6c, 0x78, 0x61, 0x7d, 0x33, 0x21, 0x30, 0x80, 0x50, 0x9d, 0x89, 0x94,
    0x19, 0x4f, 0x1f, 0x3a, 0x74, 0xa2, 0x4e, 0x29, 0xca, 0x25, 0x14, 0x4f, 0x24, 0x3a, 0xc0, 0xda,
    0x4b, 0x35, 0xde, 0xd8, 0x22, 0x43, 0x39, 0xda, 0xd4, 0x63, 0x00, 0x24, 0x35, 0x20, 0xa1, 0x48,
    0x40, 0x6a, 0x24, 0xe4, 0x8e, 0xad, 0x05, 0x39, 0x24, 0x87, 0x4a, 0x12, 0x84, 0x90, 0x65, 0x31,
    0x11, 0x00, 0x25, 0x92, 0xbb, 0x49, 0x49, 0xd4, 0x93, 0x54, 0x66, 0xa9, 0xe5, 0x96, 0x5c, 0x76,
    0xe9, 0xe5, 0x97, 0x60, 0x86, 0x29, 0xe6, 0x98, 0x64, 0x96, 0x09, 0x53, 0x00, 0x02, 0x20, 0x44,
    0xc0, 0x9a, 0x03, 0x0c, 0x20, 0xc0, 0x94, 0x66, 0x22, 0x97, 0xe6, 0x9a, 0x6c, 0xba, 0x09, 0x67,
    0x43, 0x01, 0x0c, 0x50, 0x80, 0x01, 0x7c, 0xf6, 0xe9, 0x67, 0x01, 0x04, 0xe8, 0x68, 0xd3, 0x00,
    0x0a, 0x2c, 0x60, 0x52, 0x4f, 0x84, 0x1a, 0x4a, 0x54, 0x9e, 0x7b, 0xfa, 0xe9, 0x28, 0xa0, 0x82,
    0x36, 0x44, 0x00, 0x9f, 0x05, 0x54, 0x6a, 0xe9, 0xa5, 0x95, 0xf2, 0x69, 0xa5, 0x4d, 0x02, 0x10,
    0xb7, 0x5d, 0x48, 0xbc, 0x1d, 0x0a, 0xd3, 0xa4, 0x06, 0x60, 0x6a, 0x6a, 0xa3, 0x9b, 0x4a, 0x5a,
    0xea, 0xa9, 0xac, 0x96, 0x7a, 0xa7, 0x47, 0x08, 0xe8, 0xfc, 0xb4, 0xe4, 0x40, 0x01, 0x18, 0x70,
    0x40, 0xa4, 0x05, 0x05, 0xd0, 0xc0, 0x4c, 0x0b, 0xf4, 0x34, 0x29, 0xab, 0xad, 0x16, 0xf0, 0xea,
    0x00, 0xab, 0x02, 0x7b, 0x6a, 0xa9, 0x36, 0xb9, 0x55, 0x1e, 0xae, 0x02, 0x0d, 0xb0, 0x2b, 0x80,
    0x9f, 0x0a, 0x44, 0xe2, 0x03, 0xbd, 0xc6, 0x54, 0xac, 0xb1, 0x98, 0x22, 0xcb, 0x10, 0xb6, 0xc6,
    0x1a, 0xf0, 0xea, 0x83, 0xd3, 0xc6, 0xd8, 0x2c, 0x79, 0x9f, 0x46, 0x86, 0x60, 0x48, 0xdc, 0x02,
    0xeb, 0xed, 0xb6, 0xe9, 0xb2, 0xfa, 0x2d, 0xb8, 0x3a, 0x55, 0x3b, 0x19, 0x83, 0x0f, 0x78, 0x58,
    0x50, 0xac, 0xce, 0xcd, 0xfa, 0x51, 0xbb, 0xee, 0x32, 0x44, 0x2c, 0xbf, 0x96, 0x1a, 0xf0, 0xde,
    0x99, 0xd3, 0x6e, 0x36, 0xd6, 0x64, 0xc5, 0xf9, 0xf4, 0x2f, 0xc0, 0x7b, 0x0e, 0x7c, 0xd1, 0xb5,
    0xdc, 0x0a, 0x7c, 0x25, 0x79, 0x2c, 0x52, 0x26, 0x99, 0x7f, 0xf6, 0xfd, 0xb4, 0x70, 0xbb, 0x12,
    0x3f, 0x24, 0x40, 0xa3, 0xdd, 0x96, 0xaa, 0xef, 0x49, 0x21, 0xea, 0x44, 0x40, 0x01, 0x42, 0x29,
    0xa0, 0xac, 0x66, 0x9d, 0xea, 0x64, 0x2f, 0x51, 0x1f, 0x53, 0xaa, 0xae, 0xc8, 0x15, 0x09, 0x70,
    0x72, 0xa3, 0x7f, 0x42, 0xfa, 0xee, 0x49, 0x62, 0x31, 0x08, 0x95, 0x5d, 0xe4, 0xa5, 0xf6, 0x93,
    0xcd, 0x99, 0x3e, 0xaa, 0xf3, 0x85, 0x69, 0xb6, 0x69, 0xa7, 0x5e, 0xf8, 0xa2, 0x86, 0xf0, 0x54,
    0x0c, 0xe8, 0x85, 0xa6, 0xd2, 0x4b, 0xc7, 0x09, 0x00, 0x68, 0x0f, 0xa4, 0xc6, 0xd9, 0xce, 0x56,
    0x7f, 0x35, 0x20, 0x8b, 0x06, 0x15, 0x40, 0xde, 0xb9, 0x5d, 0x5f, 0x56, 0x21, 0x81, 0xfe, 0x36,
    0xe7, 0x70, 0xd9, 0xc7, 0x0d, 0xf0, 0x9a, 0x03, 0xd1, 0xc2, 0xf7, 0x76, 0xdc, 0x6c, 0x5f, 0x96,
    0x2a, 0x50, 0x5c, 0x17, 0x18, 0x10, 0x00, 0x21, 0xf9, 0x04, 0x04, 0x04, 0x00, 0x00, 0x00, 0x2c,
    0x15, 0x00, 0x1b, 0x00, 0x94, 0x00, 0x2f, 0x00, 0x87, 0x00, 0x00, 0x00, 0x0d, 0x03, 0x03, 0x1a,
    0x06, 0x06, 0x26, 0x09, 0x0a, 0x33, 0x0d, 0x0d, 0x40, 0x10, 0x10, 0x4d, 0x13, 0x13, 0x5a, 0x16,
    0x16, 0x66, 0x19, 0x1a, 0x73, 0x1c, 0x1d, 0x80, 0x1f, 0x20, 0x8d, 0x22, 0x23, 0x9a, 0x26, 0x26,
    0xa6, 0x29, 0x2a, 0xb3, 0x2c, 0x2d, 0xc0, 0x2f, 0x30, 0x00, 0x00, 0x00, 0x00, 0x00, 0x00, 0x00,
    0x00, 0x00, 0x00, 0x00, 0x00, 0x00, 0x00, 0x00, 0x00, 0x00, 0x00, 0x00, 0x00, 0x00, 0x00, 0x00,
    0x00, 0x00, 0x00, 0x00, 0x00, 0x00, 0x00, 0x00, 0x00, 0x00, 0x00, 0x00, 0x00, 0x00, 0x00, 0x00,
    0x00, 0x00, 0x00, 0x00, 0x00, 0x00, 0x00, 0x00, 0x00, 0x00, 0x00, 0x00, 0x00, 0x00, 0x00, 0x00,
    0x00, 0x00, 0x00, 0x00, 0x00, 0x00, 0x00, 0x00, 0x00, 0x00, 0x00, 0x00, 0x00, 0x00, 0x00, 0x00,
    0x00, 0x00, 0x00, 0x00, 0x00, 0x00, 0x00, 0x00, 0x00, 0x00, 0x00, 0x00, 0x00, 0x00, 0x00, 0x00,
    0x00, 0x00, 0x00, 0x00, 0x00, 0x00, 0x00, 0x00, 0x00, 0x00, 0x00, 0x00, 0x00, 0x00, 0x00, 0x00,
    0x00, 0x00, 0x00, 0x00, 0x00, 0x00, 0x00, 0x00, 0x00, 0x00, 0x00, 0x00, 0x00, 0x00, 0x00, 0x00,
    0x00, 0x00, 0x00, 0x00, 0x00, 0x00, 0x00, 0x00, 0x00, 0x00, 0x00, 0x00, 0x00, 0x00, 0x00, 0x00,
    0x00, 0x00, 0x00, 0x00, 0x00, 0x00, 0x00, 0x00, 0x00, 0x00, 0x00, 0x00, 0x00, 0x00, 0x00, 0x00,
    0x00, 0x00, 0x00, 0x00, 0x00, 0x00, 0x00, 0x00, 0x00, 0x00, 0x00, 0x00, 0x00, 0x00, 0x00, 0x00,
    0x00, 0x00, 0x00, 0x00, 0x00, 0x00, 0x00, 0x00, 0x00, 0x00, 0x00, 0x00, 0x00, 0x00, 0x00, 0x00,
    0x00, 0x00, 0x00, 0x00, 0x00, 0x00, 0x00, 0x00, 0x00, 0x00, 0x00, 0x00, 0x00, 0x00, 0x00, 0x00,
    0x00, 0x00, 0x00, 0x00, 0x00, 0x00, 0x00, 0x00, 0x00, 0x00, 0x00, 0x00, 0x00, 0x00, 0x00, 0x00,
    0x00, 0x00, 0x00, 0x00, 0x00, 0x00, 0x00, 0x00, 0x00, 0x00, 0x00, 0x00, 0x00, 0x00, 0x00, 0x00,
    0x00, 0x00, 0x00, 0x00, 0x00, 0x00, 0x00, 0x00, 0x00, 0x00, 0x00, 0x00, 0x00, 0x00, 0x00, 0x00,
    0x00, 0x00, 0x00, 0x00, 0x00, 0x00, 0x00, 0x00, 0x00, 0x00, 0x00, 0x00, 0x00, 0x00, 0x00, 0x00,
    0x00, 0x00, 0x00, 0x00, 0x00, 0x00, 0x00, 0x00, 0x00, 0x00, 0x00, 0x00, 0x00, 0x00, 0x00, 0x00,
    0x00, 0x00, 0x00, 0x00, 0x00, 0x00, 0x00, 0x00, 0x00, 0x00, 0x00, 0x00, 0x00, 0x00, 0x00, 0x00,
    0x00, 0x00, 0x00, 0x00, 0x00, 0x00, 0x00, 0x00, 0x00, 0x00, 0x00, 0x00, 0x00, 0x00, 0x00, 0x00,
    0x00, 0x00, 0x00, 0x00, 0x00, 0x00, 0x00, 0x00, 0x00, 0x00, 0x00, 0x00, 0x00, 0x00, 0x00, 0x00,
    0x00, 0x00, 0x00, 0x00, 0x00, 0x00, 0x00, 0x00, 0x00, 0x00, 0x00, 0x00, 0x00, 0x00, 0x00, 0x00,
    0x00, 0x00, 0x00, 0x00, 0x00, 0x00, 0x00, 0x00, 0x00, 0x00, 0x00, 0x00, 0x00, 0x00, 0x00, 0x00,
    0x00, 0x00, 0x00, 0x00, 0x00, 0x00, 0x00, 0x00, 0x00, 0x00, 0x00, 0x00, 0x00, 0x00, 0x00, 0x00,
    0x00, 0x00, 0x00, 0x00, 0x00, 0x00, 0x00, 0x00, 0x00, 0x00, 0x00, 0x00, 0x00, 0x00, 0x00, 0x00,
    0x00, 0x00, 0x00, 0x00, 0x00, 0x00, 0x00, 0x00, 0x00, 0x00, 0x00, 0x00, 0x00, 0x00, 0x00, 0x00,
    0x00, 0x00, 0x00, 0x00, 0x00, 0x00, 0x00, 0x00, 0x00, 0x00, 0x00, 0x00, 0x00, 0x00, 0x00, 0x00,
    0x00, 0x00, 0x00, 0x00, 0x00, 0x00, 0x00, 0x00, 0x00, 0x00, 0x00, 0x00, 0x00, 0x00, 0x00, 0x00,
    0x00, 0x00, 0x00, 0x00, 0x00, 0x00, 0x00, 0x00, 0x00, 0x00, 0x00, 0x00, 0x00, 0x00, 0x00, 0x00,
    0x00, 0x00, 0x00, 0x00, 0x00, 0x00, 0x00, 0x00, 0x00, 0x00, 0x00, 0x00, 0x00, 0x00, 0x00, 0x00,
    0x00, 0x00, 0x00, 0x00, 0x00, 0x00, 0x00, 0x00, 0x00, 0x00, 0x00, 0x00, 0x00, 0x00, 0x00, 0x00,
    0x00, 0x00, 0x00, 0x00, 0x00, 0x00, 0x00, 0x00, 0x00, 0x00, 0x00, 0x00, 0x00, 0x00, 0x00, 0x00,
    0x00, 0x00, 0x00, 0x00, 0x00, 0x00, 0x00, 0x00, 0x00, 0x00, 0x00, 0x00, 0x00, 0x00, 0x00, 0x00,
    0x00, 0x00, 0x00, 0x00, 0x00, 0x00, 0x00, 0x00, 0x00, 0x00, 0x00, 0x00, 0x00, 0x00, 0x00, 0x00,
    0x00, 0x00, 0x00, 0x00, 0x00, 0x00, 0x00, 0x00, 0x00, 0x00, 0x00, 0x00, 0x00, 0x00, 0x00, 0x00,
    0x00, 0x00, 0x00, 0x00, 0x00, 0x00, 0x00, 0x00, 0x00, 0x00, 0x00, 0x00, 0x00, 0x00, 0x00, 0x00,
    0x00, 0x00, 0x00, 0x00, 0x00, 0x00, 0x00, 0x00, 0x00, 0x00, 0x00, 0x00, 0x00, 0x00, 0x00, 0x00,
    0x00, 0x00, 0x00, 0x00, 0x00, 0x00, 0x00, 0x00, 0x00, 0x00, 0x00, 0x00, 0x00, 0x00, 0x00, 0x00,
    0x00, 0x00, 0x00, 0x00, 0x00, 0x00, 0x00, 0x00, 0x00, 0x00, 0x00, 0x00, 0x00, 0x00, 0x00, 0x00,
    0x00, 0x00, 0x00, 0x00, 0x00, 0x00, 0x00, 0x00, 0x00, 0x00, 0x00, 0x00, 0x00, 0x00, 0x00, 0x00,
    0x00, 0x00, 0x00, 0x00, 0x00, 0x00, 0x00, 0x00, 0x00, 0x00, 0x00, 0x00, 0x00, 0x00, 0x00, 0x00,
    0x00, 0x00, 0x00, 0x00, 0x00, 0x00, 0x00, 0x00, 0x00, 0x00, 0x00, 0x00, 0x00, 0x00, 0x00, 0x00,
    0x00, 0x00, 0x00, 0x00, 0x00, 0x00, 0x00, 0x00, 0x00, 0x00, 0x00, 0x00, 0x00, 0x00, 0x00, 0x00,
    0x00, 0x00, 0x00, 0x00, 0x00, 0x00, 0x00, 0x00, 0x00, 0x00, 0x00, 0x00, 0x00, 0x00, 0x00, 0x00,
    0x00, 0x00, 0x00, 0x00, 0x00, 0x00, 0x00, 0x00, 0x00, 0x00, 0x00, 0x00, 0x00, 0x00, 0x00, 0x00,
    0x00, 0x00, 0x00, 0x00, 0x00, 0x00, 0x00, 0x00, 0x00, 0x08, 0xff, 0x00, 0x01, 0x08, 0x1c, 0x48,
    0xb0, 0x20, 0xc1, 0x00, 0x07, 0x0e, 0x08, 0x30, 0xc8, 0xb0, 0xa1, 0xc3, 0x87, 0x10, 0x23, 0x4a,
    0x9c, 0x18, 0x11, 0xa1, 0x42, 0x8a, 0x18, 0x0d, 0x1a, 0x70, 0xf0, 0xa0, 0x23, 0x82, 0x8c, 0x20,
    0x43, 0x8a, 0x1c, 0x59, 0x70, 0x63, 0xc7, 0x07, 0x1f, 0x49, 0x46, 0x34, 0x70, 0xf2, 0x64, 0x02,
    0x95, 0x30, 0x63, 0xca, 0x64, 0xd9, 0xf2, 0xc1, 0x4b, 0x99, 0x06, 0x0f, 0xd4, 0x3c, 0xa9, 0x20,
    0x00, 0xce, 0x9f, 0x40, 0x21, 0xea, 0xdc, 0xf9, 0xa0, 0x67, 0xd0, 0x04, 0x44, 0x4f, 0x32, 0xf0,
    0x19, 0xb4, 0x69, 0x53, 0xa4, 0x49, 0x1f, 0x2c, 0xfd, 0x09, 0x35, 0xaa, 0x54, 0xa6, 0x4e, 0xb3,
    0xc2, 0xac, 0x1a, 0x75, 0x6a, 0x4c, 0xae, 0x56, 0xbd, 0x6a, 0x1d, 0x0b, 0x12, 0x6c, 0x57, 0xac,
    0x22, 0x03, 0x28, 0x48, 0xca, 0x71, 0x27, 0x83, 0x01, 0x64, 0xe3, 0x4a, 0x54, 0xcb, 0x96, 0xe8,
    0xdb, 0x91, 0x01, 0x18, 0x24, 0x2d, 0x30, 0xa0, 0x6d, 0x4d, 0x07, 0x70, 0xe5, 0x0a, 0x36, 0x98,
    0x77, 0x6f, 0x5f, 0xa2, 0x80, 0x43, 0x16, 0x26, 0x6a, 0x40, 0xe0, 0xe1, 0x9d, 0x89, 0x07, 0x4b,
    0x5e, 0xbc, 0xb3, 0x31, 0x80, 0xc7, 0x7f, 0x03, 0x53, 0xa4, 0x5c, 0xd3, 0xb2, 0x63, 0xbf, 0x2d,
    0x23, 0x4b, 0x8e, 0xcb, 0xb9, 0xa5, 0xe7, 0xcb, 0xa0, 0x4f, 0x8a, 0x8e, 0x38, 0x40, 0x2f, 0xe4,
    0xd3, 0x8e, 0x1b, 0x20, 0x2e, 0x30, 0x9a, 0x6c, 0x6b, 0xc4, 0xb0, 0x2f, 0xcb, 0x86, 0x4c, 0x9b,
    0x75, 0xea, 0x8e, 0xab, 0x0f, 0xba, 0xae, 0x5c, 0x3b, 0x2b, 0xe6, 0xd0, 0x9a, 0x0b, 0x96, 0x3e,
    0x99, 0xbb, 0xe0, 0x71, 0xd5, 0xc9, 0x09, 0x0f, 0xef, 0x5c, 0x3c, 0xe8, 0x73, 0xe0, 0xd1, 0x95,
    0x4f, 0x37, 0xed, 0xf0, 0xfa, 0x83, 0xe0, 0x0c, 0x97, 0x77, 0xff, 0x6c, 0x5e, 0x5d, 0xa4, 0x77,
    0xf0, 0xd2, 0x93, 0x36, 0x2f, 0xf0, 0xfb, 0x41, 0x83, 0xec, 0x0d, 0x03, 0x2c, 0x48, 0x9a, 0xb2,
    0x3c, 0x49, 0xf6, 0x44, 0xdf, 0x4f, 0x94, 0x4f, 0xbf, 0x64, 0x52, 0xb1, 0x13, 0x99, 0xd5, 0xd1,
    0x4d, 0xf6, 0x85, 0x44, 0x93, 0x5b, 0x68, 0x49, 0x24, 0xa0, 0x4d, 0x03, 0x1d, 0x58, 0x13, 0x80,
    0x14, 0x2d, 0x48, 0x60, 0x81, 0x14, 0x39, 0xd8, 0x12, 0x84, 0x01, 0x26, 0xf5, 0x92, 0x00, 0xff,
    0x25, 0x88, 0xd1, 0x82, 0xbd, 0x51, 0x28, 0x11, 0x87, 0x76, 0x79, 0x18, 0xe1, 0x5e, 0x04, 0x10,
    0xb5, 0x80, 0x89, 0x18, 0x21, 0x40, 0x54, 0x7d, 0x22, 0x42, 0x94, 0xe2, 0x4e, 0x2b, 0xaa, 0xe4,
    0xe2, 0x4e, 0x08, 0x90, 0xd8, 0xd2, 0x84, 0x24, 0x59, 0xf8, 0x00, 0x79, 0x31, 0x16, 0xa4, 0xa3,
    0x4b, 0x33, 0x11, 0xc7, 0x15, 0x86, 0x23, 0x1d, 0xc9, 0x62, 0x90, 0x05, 0x29, 0x89, 0x93, 0x93,
    0x00, 0x20, 0xd0, 0x80, 0x03, 0x46, 0xfd, 0x24, 0x25, 0x95, 0x4b, 0x32, 0x59, 0xd0, 0x95, 0x55,
    0xe2, 0xc4, 0x25, 0x5a, 0x01, 0x64, 0x49, 0x52, 0x98, 0x5a, 0x62, 0x44, 0x66, 0x53, 0x67, 0x96,
    0xa9, 0xe6, 0x9a, 0x6c, 0xb6, 0xe9, 0xe6, 0x9b, 0x70, 0xc6, 0x29, 0xe7, 0x9c, 0x74, 0xd6, 0x69,
    0xa7, 0x5c, 0x01, 0x0c, 0x40, 0x00, 0x01, 0x05, 0xf4, 0x59, 0xc0, 0x9e, 0x03, 0x2c, 0x94, 0x55,
    0x9a, 0x40, 0x11, 0x1a, 0x54, 0x9e, 0x7b, 0xfa, 0xf9, 0x27, 0x01, 0x81, 0x82, 0x34, 0x40, 0x9f,
    0x06, 0x44, 0xaa, 0x68, 0x01, 0x91, 0x1a, 0xc0, 0x97, 0x98, 0x06, 0x4e, 0x09, 0xe3, 0x4c, 0x9a,
    0x36, 0xf5, 0x28, 0xa5, 0x92, 0x2a, 0x5a, 0xe9, 0xa5, 0x73, 0x51, 0x3a, 0xe9, 0xa9, 0x7e, 0x5a,
    0x2a, 0xa8, 0x4c, 0x33, 0x0e, 0xf8, 0x93, 0x83, 0x07, 0xfc, 0xff, 0x14, 0x80, 0xa9, 0xa8, 0x9e,
    0xaa, 0x2a, 0x44, 0xb3, 0x5a, 0x5a, 0x6b, 0xad, 0x06, 0xac, 0x0a, 0xd3, 0x8d, 0xcc, 0x41, 0x34,
    0x40, 0x02, 0x0a, 0x84, 0xd8, 0xd0, 0x71, 0x0c, 0xe0, 0x94, 0xeb, 0xae, 0xbc, 0xfa, 0x6a, 0x10,
    0x01, 0xba, 0x32, 0x5b, 0x2b, 0x4e, 0x05, 0xec, 0x44, 0x80, 0x43, 0x0e, 0xf2, 0x78, 0x50, 0x6a,
    0xda, 0x8e, 0x04, 0xad, 0xb4, 0xbb, 0x3e, 0x04, 0xee, 0xae, 0x06, 0x60, 0x7a, 0x22, 0x72, 0x0c,
    0xf9, 0xd8, 0x6d, 0x69, 0x48, 0x8a, 0x34, 0x2e, 0xaf, 0x4b, 0x7e, 0xfb, 0xee, 0xa4, 0xe6, 0x9e,
    0x7b, 0x52, 0x03, 0x09, 0x2e, 0x08, 0xe1, 0x5a, 0x17, 0xd6, 0x3b, 0x91, 0xbc, 0xf3, 0xfa, 0xb9,
    0xa4, 0x00, 0xd1, 0xce, 0x6b, 0x00, 0x7c, 0x2a, 0xf1, 0xab, 0x14, 0x56, 0x0b, 0x76, 0x24, 0x16,
    0x58, 0xf8, 0x02, 0x45, 0x70, 0xc0, 0x90, 0x22, 0x3c, 0x90, 0x00, 0xb4, 0x8e, 0x7b, 0x30, 0x9a,
    0xdb, 0xdd, 0xd4, 0xf0, 0xc2, 0x00, 0x58, 0x88, 0x1e, 0x4c, 0x18, 0x17, 0x2c, 0xed, 0xc6, 0x15,
    0xf1, 0x19, 0xaa, 0xad, 0xba, 0x3a, 0xfb, 0x93, 0x00, 0xa9, 0x1d, 0x00, 0x2c, 0x73, 0x04, 0xa4,
    0xb6, 0x40, 0xb5, 0x35, 0x19, 0x5b, 0xa8, 0xca, 0x26, 0xa7, 0xda, 0xb2, 0x99, 0x02, 0xf0, 0x09,
    0x6a, 0xa8, 0x8c, 0xfa, 0x3b, 0x92, 0x77, 0xdc, 0xa1, 0x66, 0xd5, 0x8f, 0x64, 0x05, 0x10, 0x34,
    0xa4, 0xa3, 0xfe, 0x39, 0x80, 0xd1, 0x84, 0x85, 0x69, 0xb5, 0x64, 0x3e, 0x26, 0xfd, 0x59, 0x54,
    0xdd, 0x6a, 0x65, 0xf5, 0xd5, 0x77, 0x12, 0x34, 0x14, 0x71, 0xce, 0xb5, 0xa7, 0x40, 0xd8, 0x4c,
    0x82, 0xe5, 0xc0, 0xb5, 0x0c, 0x09, 0xb0, 0x5d, 0xbb, 0x68, 0x57, 0x37, 0xdc, 0xc8, 0x02, 0x51,
    0xe6, 0x80, 0xcb, 0x71, 0xdb, 0x17, 0x40, 0x02, 0x0e, 0x2c, 0x0f, 0x60, 0xf1, 0x40, 0x7b, 0xf7,
    0xfd, 0x77, 0xde, 0xd5, 0x19, 0x4d, 0x75, 0x81, 0x01, 0x01, 0x00, 0x21, 0xf9, 0x04, 0x04, 0x04,
    0x00, 0x00, 0x00, 0x2c, 0x15, 0x00, 0x1a, 0x00, 0x94, 0x00, 0x30, 0x00, 0x87, 0x00, 0x00, 0x00,
    0x0d, 0x03, 0x03, 0x1a, 0x06, 0x06, 0x26, 0x09, 0x0a, 0x33, 0x0d, 0x0d, 0x40, 0x10, 0x10, 0x4d,
    0x13, 0x13, 0x5a, 0x16, 0x16, 0x66, 0x19, 0x1a, 0x73, 0x1c, 0x1d, 0x80, 0x1f, 0x20, 0x8d, 0x22,
    0x23, 0x9a, 0x26, 0x26, 0xa6, 0x29, 0x2a, 0xb3, 0x2c, 0x2d, 0xc0, 0x2f, 0x30, 0x00, 0x00, 0x00,
    0x00, 0x00, 0x00, 0x00, 0x00, 0x00, 0x00, 0x00, 0x00, 0x00, 0x00, 0x00, 0x00, 0x00, 0x00, 0x00,
    0x00, 0x00, 0x00, 0x00, 0x00, 0x00, 0x00, 0x00, 0x00, 0x00, 0x00, 0x00, 0x00, 0x00, 0x00, 0x00,
    0x00, 0x00, 0x00, 0x00, 0x00, 0x00, 0x00, 0x00, 0x00, 0x00, 0x00, 0x00, 0x00, 0x00, 0x00, 0x00,
    0x00, 0x00, 0x00, 0x00, 0x00, 0x00, 0x00, 0x00, 0x00, 0x00, 0x00, 0x00, 0x00, 0x00, 0x00, 0x00,
    0x00, 0x00, 0x00, 0x00, 0x00, 0x00, 0x00, 0x00, 0x00, 0x00, 0x00, 0x00, 0x00, 0x00, 0x00, 0x00,
    0x00, 0x00, 0x00, 0x00, 0x00, 0x00, 0x00, 0x00, 0x00, 0x00, 0x00, 0x00, 0x00, 0x00, 0x00, 0x00,
    0x00, 0x00, 0x00, 0x00, 0x00, 0x00, 0x00, 0x00, 0x00, 0x00, 0x00, 0x00, 0x00, 0x00, 0x00, 0x00,
    0x00, 0x00, 0x00, 0x00, 0x00, 0x00, 0x00, 0x00, 0x00, 0x00, 0x00, 0x00, 0x00, 0x00, 0x00, 0x00,
    0x00, 0x00, 0x00, 0x00, 0x00, 0x00, 0x00, 0x00, 0x00, 0x00, 0x00, 0x00, 0x00, 0x00, 0x00, 0x00,
    0x00, 0x00, 0x00, 0x00, 0x00, 0x00, 0x00, 0x00, 0x00, 0x00, 0x00, 0x00, 0x00, 0x00, 0x00, 0x00,
    0x00, 0x00, 0x00, 0x00, 0x00, 0x00, 0x00, 0x00, 0x00, 0x00, 0x00, 0x00, 0x00, 0x00, 0x00, 0x00,
    0x00, 0x00, 0x00, 0x00, 0x00, 0x00, 0x00, 0x00, 0x00, 0x00, 0x00, 0x00, 0x00, 0x00, 0x00, 0x00,
    0x00, 0x00, 0x00, 0x00, 0x00, 0x00, 0x00, 0x00, 0x00, 0x00, 0x00, 0x00, 0x00, 0x00, 0x00, 0x00,
    0x00, 0x00, 0x00, 0x00, 0x00, 0x00, 0x00, 0x00, 0x00, 0x00, 0x00, 0x00, 0x00, 0x00, 0x00, 0x00,
    0x00, 0x00, 0x00, 0x00, 0x00, 0x00, 0x00, 0x00, 0x00, 0x00, 0x00, 0x00, 0x00, 0x00, 0x00, 0x00,
    0x00, 0x00, 0x00, 0x00, 0x00, 0x00, 0x00, 0x00, 0x00, 0x00, 0x00, 0x00, 0x00, 0x00, 0x00, 0x00,
    0x00, 0x00, 0x00, 0x00, 0x00, 0x00, 0x00, 0x00, 0x00, 0x00, 0x00, 0x00, 0x00, 0x00, 0x00, 0x00,
    0x00, 0x00, 0x00, 0x00, 0x00, 0x00, 0x00, 0x00, 0x00, 0x00, 0x00, 0x00, 0x00, 0x00, 0x00, 0x00,
    0x00, 0x00, 0x00, 0x00, 0x00, 0x00, 0x00, 0x00, 0x00, 0x00, 0x00, 0x00, 0x00, 0x00, 0x00, 0x00,
    0x00, 0x00, 0x00, 0x00, 0x00, 0x00, 0x00, 0x00, 0x00, 0x00, 0x00, 0x00, 0x00, 0x00, 0x00, 0x00,
    0x00, 0x00, 0x00, 0x00, 0x00, 0x00, 0x00, 0x00, 0x00, 0x00, 0x00, 0x00, 0x00, 0x00, 0x00, 0x00,
    0x00, 0x00, 0x00, 0x00, 0x00, 0x00, 0x00, 0x00, 0x00, 0x00, 0x00, 0x00, 0x00, 0x00, 0x00, 0x00,
    0x00, 0x00, 0x00, 0x00, 0x00, 0x00, 0x00, 0x00, 0x00, 0x00, 0x00, 0x00, 0x00, 0x00, 0x00, 0x00,
    0x00, 0x00, 0x00, 0x00, 0x00, 0x00, 0x00, 0x00, 0x00, 0x00, 0x00, 0x00, 0x00, 0x00, 0x00, 0x00,
    0x00, 0x00, 0x00, 0x00, 0x00, 0x00, 0x00, 0x00, 0x00, 0x00, 0x00, 0x00, 0x00, 0x00, 0x00, 0x00,
    0x00, 0x00, 0x00, 0x00, 0x00, 0x00, 0x00, 0x00, 0x00, 0x00, 0x00, 0x00, 0x00, 0x00, 0x00, 0x00,
    0x00, 0x00, 0x00, 0x00, 0x00, 0x00, 0x00, 0x00, 0x00, 0x00, 0x00, 0x00, 0x00, 0x00, 0x00, 0x00,
    0x00, 0x00, 0x00, 0x00, 0x00, 0x00, 0x00, 0x00, 0x00, 0x00, 0x00, 0x00, 0x00, 0x00, 0x00, 0x00,
    0x00, 0x00, 0x00, 0x00, 0x00, 0x00, 0x00, 0x00, 0x00, 0x00, 0x00, 0x00, 0x00, 0x00, 0x00, 0x00,
    0x00, 0x00, 0x00, 0x00, 0x00, 0x00, 0x00, 0x00, 0x00, 0x00, 0x00, 0x00, 0x00, 0x00, 0x00, 0x00,
    0x00, 0x00, 0x00, 0x00, 0x00, 0x00, 0x00, 0x00, 0x00, 0x00, 0x00, 0x00, 0x00, 0x00, 0x00, 0x00,
    0x00, 0x00, 0x00, 0x00, 0x00, 0x00, 0x00, 0x00, 0x00, 0x00, 0x00, 0x00, 0x00, 0x00, 0x00, 0x00,
    0x00, 0x00, 0x00, 0x00, 0x00, 0x00, 0x00, 0x00, 0x00, 0x00, 0x00, 0x00, 0x00, 0x00, 0x00, 0x00,
    0x00, 0x00, 0x00, 0x00, 0x00, 0x00, 0x00, 0x00, 0x00, 0x00, 0x00, 0x00, 0x00, 0x00, 0x00, 0x00,
    0x00, 0x00, 0x00, 0x00, 0x00, 0x00, 0x00, 0x00, 0x00, 0x00, 0x00, 0x00, 0x00, 0x00, 0x00, 0x00,
    0x00, 0x00, 0x00, 0x00, 0x00, 0x00, 0x00, 0x00, 0x00, 0x00, 0x00, 0x00, 0x00, 0x00, 0x00, 0x00,
    0x00, 0x00, 0x00, 0x00, 0x00, 0x00, 0x00, 0x00, 0x00, 0x00, 0x00, 0x00, 0x00, 0x00, 0x00, 0x00,
    0x00, 0x00, 0x00, 0x00, 0x00, 0x00, 0x00, 0x00, 0x00, 0x00, 0x00, 0x00, 0x00, 0x00, 0x00, 0x00,
    0x00, 0x00, 0x00, 0x00, 0x00, 0x00, 0x00, 0x00, 0x00, 0x00, 0x00, 0x00, 0x00, 0x00, 0x00, 0x00,
    0x00, 0x00, 0x00, 0x00, 0x00, 0x00, 0x00, 0x00, 0x00, 0x00, 0x00, 0x00, 0x00, 0x00, 0x00, 0x00,
    0x00, 0x00, 0x00, 0x00, 0x00, 0x00, 0x00, 0x00, 0x00, 0x00, 0x00, 0x00, 0x00, 0x00, 0x00, 0x00,
    0x00, 0x00, 0x00, 0x00, 0x00, 0x00, 0x00, 0x00, 0x00, 0x00, 0x00, 0x00, 0x00, 0x00, 0x00, 0x00,
    0x00, 0x00, 0x00, 0x00, 0x00, 0x00, 0x00, 0x00, 0x00, 0x00, 0x00, 0x00, 0x00, 0x00, 0x00, 0x00,
    0x00, 0x00, 0x00, 0x00, 0x00, 0x00, 0x00, 0x00, 0x00, 0x00, 0x00, 0x00, 0x00, 0x00, 0x00, 0x00,
    0x00, 0x00, 0x00, 0x00, 0x00, 0x00, 0x00, 0x00, 0x00, 0x00, 0x00, 0x00, 0x00, 0x08, 0xff, 0x00,
    0x01, 0x08, 0x1c, 0x48, 0xb0, 0x60, 0xc1, 0x00, 0x01, 0x0c, 0x2a, 0x5c, 0xc8, 0xb0, 0xa1, 0xc3,
    0x87, 0x10, 0x23, 0x46, 0x44, 0x28, 0xb1, 0xa2, 0xc2, 0x00, 0x08, 0x1a, 0x38, 0x48, 0x20, 0xc0,
    0xa2, 0xc7, 0x8f, 0x20, 0x43, 0x1e, 0xcc, 0xb8, 0xb1, 0xa3, 0xc8, 0x87, 0x01, 0x18, 0x3c, 0x58,
    0xf9, 0xc0, 0xc1, 0x80, 0x93, 0x30, 0x63, 0xca, 0x4c, 0xc9, 0xb2, 0xe5, 0x4b, 0x99, 0x06, 0x69,
    0xd6, 0xb4, 0x89, 0xb3, 0xa7, 0x4f, 0x94, 0x2a, 0x77, 0xba, 0xfc, 0x09, 0x60, 0x80, 0x83, 0x9d,
    0x35, 0x0d, 0x10, 0x5d, 0x4a, 0xd4, 0x28, 0x52, 0x96, 0x4a, 0x7b, 0x3a, 0x7d, 0x0a, 0x95, 0xa9,
    0xd5, 0x98, 0x53, 0xa9, 0x3e, 0x88, 0x8a, 0xf5, 0xa8, 0xd6, 0xaa, 0x57, 0xc3, 0x7a, 0xcc, 0xfa,
    0x95, 0xab, 0x48, 0xb2, 0x5f, 0xb7, 0x8a, 0x5d, 0x0b, 0x11, 0x6d, 0xd9, 0x93, 0x06, 0xa8, 0x2e,
    0x48, 0x40, 0x35, 0x01, 0xdb, 0xbb, 0x0a, 0xe3, 0x3e, 0x9d, 0x5b, 0x37, 0xa4, 0x5e, 0xa4, 0x0c,
    0x12, 0xd2, 0x7d, 0x6a, 0x17, 0xaf, 0xe1, 0xbf, 0x3b, 0x03, 0x03, 0x18, 0x8c, 0xb4, 0xb0, 0x45,
    0xc4, 0x35, 0x15, 0x0b, 0x64, 0xbc, 0xd3, 0xb1, 0x61, 0xb1, 0x90, 0x59, 0x4a, 0x5e, 0xdc, 0xb7,
    0x62, 0xe6, 0x95, 0x9b, 0x27, 0x77, 0xbe, 0x7c, 0xf5, 0xf3, 0x83, 0xd0, 0x9c, 0x09, 0x4b, 0xa4,
    0x5c, 0x33, 0x41, 0x42, 0x83, 0x07, 0xa8, 0xa2, 0x26, 0xdd, 0x93, 0x35, 0x4b, 0xd7, 0x0a, 0x63,
    0x3f, 0x9d, 0x6d, 0xd0, 0xf6, 0x4a, 0xcb, 0x06, 0x4d, 0xf3, 0xa6, 0x7d, 0xd2, 0xf7, 0x03, 0xe0,
    0x05, 0x85, 0xbf, 0x5e, 0x68, 0x1c, 0x79, 0x70, 0xd9, 0xcb, 0x89, 0xc3, 0x6c, 0xfe, 0x50, 0x39,
    0xf3, 0xd1, 0x0e, 0xad, 0x4b, 0x2f, 0x8e, 0xbd, 0xa1, 0xf6, 0x81, 0x3a, 0x91, 0x1e, 0xff, 0xa8,
    0x48, 0xc0, 0xab, 0xd0, 0x9b, 0xdb, 0x3d, 0x86, 0xdf, 0x39, 0x5e, 0x62, 0xf9, 0xa7, 0x43, 0x05,
    0xae, 0x4f, 0x3a, 0xd6, 0x7c, 0xcd, 0xf8, 0xe9, 0x25, 0xce, 0x07, 0x5b, 0xd1, 0x2d, 0x4f, 0x00,
    0x41, 0x21, 0x65, 0x56, 0x7f, 0xf6, 0xb1, 0xe4, 0x80, 0x49, 0xf9, 0x41, 0x14, 0xe0, 0x4e, 0x03,
    0x4a, 0xe4, 0xdf, 0x81, 0x03, 0x50, 0xd5, 0x20, 0x81, 0x4f, 0xb5, 0x97, 0xa0, 0x43, 0x11, 0x3e,
    0x35, 0xa1, 0x83, 0x05, 0xae, 0x74, 0x00, 0x01, 0x48, 0x39, 0x40, 0x00, 0x4c, 0x02, 0x2c, 0xb8,
    0x12, 0x02, 0x17, 0x3e, 0x04, 0xa2, 0x50, 0x23, 0x9e, 0x54, 0x22, 0x52, 0x08, 0x04, 0x50, 0x60,
    0x8b, 0x30, 0xc9, 0xb8, 0x13, 0x7a, 0x29, 0x2e, 0x64, 0x63, 0x4d, 0x34, 0x9e, 0xb4, 0x23, 0x4b,
    0x2f, 0x65, 0xb5, 0x21, 0x48, 0x42, 0xe6, 0xf8, 0x50, 0x91, 0x38, 0x21, 0x09, 0x80, 0x00, 0x07,
    0x1c, 0x80, 0xa3, 0x4c, 0x4c, 0x3a, 0x69, 0x24, 0x44, 0x51, 0x3e, 0x19, 0x53, 0x95, 0x53, 0x66,
    0xa9, 0xe5, 0x96, 0x5c, 0x76, 0xe9, 0xe5, 0x97, 0x60, 0x86, 0x29, 0xe6, 0x98, 0x64, 0x96, 0x89,
    0x53, 0x00, 0x02, 0x0c, 0xa0, 0xe6, 0x00, 0x02, 0x44, 0x67, 0xa6, 0x55, 0x68, 0xae, 0xc9, 0xa6,
    0x9b, 0x15, 0x09, 0x40, 0x40, 0x01, 0x05, 0x18, 0xa0, 0xe7, 0x9e, 0x78, 0x12, 0xd0, 0x26, 0x51,
    0x01, 0x34, 0x89, 0xe0, 0x99, 0x82, 0x2e, 0x65, 0x27, 0x9e, 0x7b, 0xf2, 0x59, 0x80, 0x9f, 0x74,
    0x32, 0x24, 0x40, 0x9e, 0x06, 0xe0, 0x29, 0xe9, 0xa4, 0x90, 0x16, 0x60, 0xa5, 0x8f, 0x41, 0xe1,
    0x17, 0x93, 0x4e, 0x9a, 0x5e, 0x59, 0x29, 0xa5, 0x93, 0xea, 0x69, 0x69, 0x5b, 0x91, 0x82, 0x6a,
    0x2a, 0xa2, 0x3d, 0xc2, 0xa4, 0xdb, 0x4a, 0x0e, 0x34, 0x5a, 0x50, 0x9a, 0x10, 0x2d, 0xf8, 0x50,
    0xd3, 0x02, 0x52, 0x95, 0x7a, 0x2a, 0xa8, 0x06, 0xa4, 0x6a, 0xd0, 0x00, 0xb6, 0xde, 0x8a, 0xab,
    0xae, 0x21, 0x21, 0x90, 0x98, 0xab, 0x00, 0x04, 0xa0, 0x00, 0x68, 0x97, 0x0e, 0xc4, 0x1a, 0xad,
    0x32, 0xf1, 0xea, 0xeb, 0xa9, 0xb9, 0x36, 0xf4, 0xec, 0xb3, 0xc4, 0x5a, 0x24, 0x40, 0x81, 0xce,
    0x15, 0xbb, 0x60, 0xa7, 0x03, 0x65, 0x56, 0x00, 0x4e, 0xd3, 0xfa, 0x4a, 0x6c, 0xb8, 0xd0, 0x56,
    0x6b, 0x11, 0x5a, 0x28, 0x16, 0x34, 0x80, 0x89, 0x2d, 0x7d, 0x5b, 0x50, 0x01, 0x02, 0xf6, 0x44,
    0xae, 0xa9, 0x06, 0x10, 0xeb, 0xec, 0xbc, 0x88, 0xba, 0x9b, 0x64, 0x81, 0x66, 0xf9, 0xb7, 0x52,
    0xbf, 0xfc, 0xfa, 0x74, 0x2f, 0xbe, 0x91, 0x3a, 0x44, 0x40, 0xaf, 0xd3, 0x46, 0x6a, 0xee, 0x47,
    0xf0, 0xee, 0xd4, 0xa2, 0xbf, 0x60, 0xfd, 0x78, 0x22, 0x51, 0x07, 0x13, 0x5c, 0xc0, 0xc2, 0x07,
    0x23, 0x4c, 0x6f, 0xae, 0x0b, 0x83, 0xb4, 0x2a, 0xab, 0x02, 0x5c, 0x9b, 0x98, 0xac, 0x0c, 0x02,
    0xb8, 0x93, 0x02, 0x4c, 0x65, 0x9c, 0x30, 0xc7, 0x13, 0x0d, 0x00, 0x69, 0xa2, 0x89, 0x2e, 0x3a,
    0x28, 0x51, 0xac, 0x35, 0xd0, 0xc0, 0xb0, 0xa9, 0x45, 0x86, 0x33, 0x53, 0x01, 0xb8, 0x0c, 0x33,
    0xcc, 0x32, 0x7f, 0x14, 0x27, 0x01, 0x44, 0x13, 0xa0, 0xe6, 0x9f, 0x62, 0x91, 0x0c, 0x9d, 0xb2,
    0x5f, 0xb5, 0xba, 0xd6, 0xd0, 0x45, 0x1f, 0xdd, 0x71, 0x96, 0xfb, 0x81, 0xe6, 0xa6, 0x71, 0xdc,
    0xbe, 0x49, 0x9a, 0xc8, 0x3b, 0x2d, 0xd0, 0xa8, 0xb0, 0x48, 0xe9, 0xab, 0xf5, 0x76, 0x19, 0xde,
    0xe6, 0x1d, 0x7b, 0x63, 0x5f, 0xf8, 0x57, 0xb6, 0x04, 0xad, 0x9d, 0x76, 0x8a, 0x4c, 0x02, 0xab,
    0x50, 0xdc, 0x6f, 0xd7, 0xdd, 0x65, 0x40, 0x00, 0x21, 0xf9, 0x04, 0x04, 0x08, 0x00, 0x00, 0x00,
    0x2c, 0x15, 0x00, 0x1a, 0x00, 0x94, 0x00, 0x2f, 0x00, 0x87, 0x00, 0x00, 0x00, 0x0d, 0x03, 0x03,
    0x1a, 0x06, 0x06, 0x26, 0x09, 0x0a, 0x33, 0x0d, 0x0d, 0x40, 0x10, 0x10, 0x4d, 0x13, 0x13, 0x5a,
    0x16, 0x16, 0x66, 0x19, 0x1a, 0x73, 0x1c, 0x1d, 0x80, 0x1f, 0x20, 0x8d, 0x22, 0x23, 0x9a, 0x26,
    0x26, 0xa6, 0x29, 0x2a, 0xb3, 0x2c, 0x2d, 0xc0, 0x2f, 0x30, 0x00, 0x00, 0x00, 0x00, 0x00, 0x00,
    0x00, 0x00, 0x00, 0x00, 0x00, 0x00, 0x00, 0x00, 0x00, 0x00, 0x00, 0x00, 0x00, 0x00, 0x00, 0x00,
    0x00, 0x00, 0x00, 0x00, 0x00, 0x00, 0x00, 0x00, 0x00, 0x00, 0x00, 0x00, 0x00, 0x00, 0x00, 0x00,
    0x00, 0x00, 0x00, 0x00, 0x00, 0x00, 0x00, 0x00, 0x00, 0x00, 0x00, 0x00, 0x00, 0x00, 0x00, 0x00,
    0x00, 0x00, 0x00, 0x00, 0x00, 0x00, 0x00, 0x00, 0x00, 0x00, 0x00, 0x00, 0x00, 0x00, 0x00, 0x00,
    0x00, 0x00, 0x00, 0x00, 0x00, 0x00, 0x00, 0x00, 0x00, 0x00, 0x00, 0x00, 0x00, 0x00, 0x00, 0x00,
    0x00, 0x00, 0x00, 0x00, 0x00, 0x00, 0x00, 0x00, 0x00, 0x00, 0x00, 0x00, 0x00, 0x00, 0x00, 0x00,
    0x00, 0x00, 0x00, 0x00, 0x00, 0x00, 0x00, 0x00, 0x00, 0x00, 0x00, 0x00, 0x00, 0x00, 0x00, 0x00,
    0x00, 0x00, 0x00, 0x00, 0x00, 0x00, 0x00, 0x00, 0x00, 0x00, 0x00, 0x00, 0x00, 0x00, 0x00, 0x00,
    0x00, 0x00, 0x00, 0x00, 0x00, 0x00, 0x00, 0x00, 0x00, 0x00, 0x00, 0x00, 0x00, 0x00, 0x00, 0x00,
    0x00, 0x00, 0x00, 0x00, 0x00, 0x00, 0x00, 0x00, 0x00, 0x00, 0x00, 0x00, 0x00, 0x00, 0x00, 0x00,
    0x00, 0x00, 0x00, 0x00, 0x00, 0x00, 0x00, 0x00, 0x00, 0x00, 0x00, 0x00, 0x00, 0x00, 0x00, 0x00,
    0x00, 0x00, 0x00, 0x00, 0x00, 0x00, 0x00, 0x00, 0x00, 0x00, 0x00, 0x00, 0x00, 0x00, 0x00, 0x00,
    0x00, 0x00, 0x00, 0x00, 0x00, 0x00, 0x00, 0x00, 0x00, 0x00, 0x00, 0x00, 0x00, 0x00, 0x00, 0x00,
    0x00, 0x00, 0x00, 0x00, 0x00, 0x00, 0x00, 0x00, 0x00, 0x00, 0x00, 0x00, 0x00, 0x00, 0x00, 0x00,
    0x00, 0x00, 0x00, 0x00, 0x00, 0x00, 0x00, 0x00, 0x00, 0x00, 0x00, 0x00, 0x00, 0x00, 0x00, 0x00,
    0x00, 0x00, 0x00, 0x00, 0x00, 0x00, 0x00, 0x00, 0x00, 0x00, 0x00, 0x00, 0x00, 0x00, 0x00, 0x00,
    0x00, 0x00, 0x00, 0x00, 0x00, 0x00, 0x00, 0x00, 0x00, 0x00, 0x00, 0x00, 0x00, 0x00, 0x00, 0x00,
    0x00, 0x00, 0x00, 0x00, 0x00, 0x00, 0x00, 0x00, 0x00, 0x00, 0x00, 0x00, 0x00, 0x00, 0x00, 0x00,
    0x00, 0x00, 0x00, 0x00, 0x00, 0x00, 0x00, 0x00, 0x00, 0x00, 0x00, 0x00, 0x00, 0x00, 0x00, 0x00,
    0x00, 0x00, 0x00, 0x00, 0x00, 0x00, 0x00, 0x00, 0x00, 0x00, 0x00, 0x00, 0x00, 0x00, 0x00, 0x00,
    0x00, 0x00, 0x00, 0x00, 0x00, 0x00, 0x00, 0x00, 0x00, 0x00, 0x00, 0x00, 0x00, 0x00, 0x00, 0x00,
    0x00, 0x00, 0x00, 0x00, 0x00, 0x00, 0x00, 0x00, 0x00, 0x00, 0x00, 0x00, 0x00, 0x00, 0x00, 0x00,
    0x00, 0x00, 0x00, 0x00, 0x00, 0x00, 0x00, 0x00, 0x00, 0x00, 0x00, 0x00, 0x00, 0x00, 0x00, 0x00,
    0x00, 0x00, 0x00, 0x00, 0x00, 0x00, 0x00, 0x00, 0x00, 0x00, 0x00, 0x00, 0x00, 0x00, 0x00, 0x00,
    0x00, 0x00, 0x00, 0x00, 0x00, 0x00, 0x00, 0x00, 0x00, 0x00, 0x00, 0x00, 0x00, 0x00, 0x00, 0x00,
    0x00, 0x00, 0x00, 0x00, 0x00, 0x00, 0x00, 0x00, 0x00, 0x00, 0x00, 0x00, 0x00, 0x00, 0x00, 0x00,
    0x00, 0x00, 0x00, 0x00, 0x00, 0x00, 0x00, 0x00, 0x00, 0x00, 0x00, 0x00, 0x00, 0x00, 0x00, 0x00,
    0x00, 0x00, 0x00, 0x00, 0x00, 0x00, 0x00, 0x00, 0x00, 0x00, 0x00, 0x00, 0x00, 0x00, 0x00, 0x00,
    0x00, 0x00, 0x00, 0x00, 0x00, 0x00, 0x00, 0x00, 0x00, 0x00, 0x00, 0x00, 0x00, 0x00, 0x00, 0x00,
    0x00, 0x00, 0x00, 0x00, 0x00, 0x00, 0x00, 0x00, 0x00, 0x00, 0x00, 0x00, 0x00, 0x00, 0x00, 0x00,
    0x00, 0x00, 0x00, 0x00, 0x00, 0x00, 0x00, 0x00, 0x00, 0x00, 0x00, 0x00, 0x00, 0x00, 0x00, 0x00,
    0x00, 0x00, 0x00, 0x00, 0x00, 0x00, 0x00, 0x00, 0x00, 0x00, 0x00, 0x00, 0x00, 0x00, 0x00, 0x00,
    0x00, 0x00, 0x00, 0x00, 0x00, 0x00, 0x00, 0x00, 0x00, 0x00, 0x00, 0x00, 0x00, 0x00, 0x00, 0x00,
    0x00, 0x00, 0x00, 0x00, 0x00, 0x00, 0x00, 0x00, 0x00, 0x00, 0x00, 0x00, 0x00, 0x00, 0x00, 0x00,
    0x00, 0x00, 0x00, 0x00, 0x00, 0x00, 0x00, 0x00, 0x00, 0x00, 0x00, 0x00, 0x00, 0x00, 0x00, 0x00,
    0x00, 0x00, 0x00, 0x00, 0x00, 0x00, 0x00, 0x00, 0x00, 0x00, 0x00, 0x00, 0x00, 0x00, 0x00, 0x00,
    0x00, 0x00, 0x00, 0x00, 0x00, 0x00, 0x00, 0x00, 0x00, 0x00, 0x00, 0x00, 0x00, 0x00, 0x00, 0x00,
    0x00, 0x00, 0x00, 0x00, 0x00, 0x00, 0x00, 0x00, 0x00, 0x00, 0x00, 0x00, 0x00, 0x00, 0x00, 0x00,
    0x00, 0x00, 0x00, 0x00, 0x00, 0x00, 0x00, 0x00, 0x00, 0x00, 0x00, 0x00, 0x00, 0x00, 0x00, 0x00,
    0x00, 0x00, 0x00, 0x00, 0x00, 0x00, 0x00, 0x00, 0x00, 0x00, 0x00, 0x00, 0x00, 0x00, 0x00, 0x00,
    0x00, 0x00, 0x00, 0x00, 0x00, 0x00, 0x00, 0x00, 0x00, 0x00, 0x00, 0x00, 0x00, 0x00, 0x00, 0x00,
    0x00, 0x00, 0x00, 0x00, 0x00, 0x00, 0x00, 0x00, 0x00, 0x00, 0x00, 0x00, 0x00, 0x00, 0x00, 0x00,
    0x00, 0x00, 0x00, 0x00, 0x00, 0x00, 0x00, 0x00, 0x00, 0x00, 0x00, 0x00, 0x00, 0x00, 0x00, 0x00,
    0x00, 0x00, 0x00, 0x00, 0x00, 0x00, 0x00, 0x00, 0x00, 0x00, 0x00, 0x00, 0x00, 0x00, 0x00, 0x00,
    0x00, 0x00, 0x00, 0x00, 0x00, 0x00, 0x00, 0x00, 0x00, 0x00, 0x08, 0xff, 0x00, 0x01, 0x08, 0x1c,
    0x48, 0xb0, 0x60, 0xc1, 0x01, 0x04, 0x0c, 0x2a, 0x5c, 0xc8, 0xb0, 0xa1, 0xc3, 0x87, 0x10, 0x23,
    0x46, 0x44, 0x28, 0xb1, 0xa2, 0xc2, 0x01, 0x0b, 0x1e, 0x3c, 0x60, 0x50, 0xc0, 0xa2, 0xc7, 0x8f,
    0x20, 0x43, 0x1e, 0xcc, 0xb8, 0xb1, 0xa3, 0xc8, 0x87, 0x03, 0x1c, 0x68, 0x5c, 0x69, 0xe0, 0xa4,
    0xcb, 0x97, 0x30, 0x53, 0xae, 0xd4, 0xd8, 0x12, 0xa6, 0x41, 0x02, 0x2a, 0x67, 0x6a, 0x3c, 0x60,
    0xb3, 0xa7, 0xcf, 0x87, 0x38, 0x75, 0xee, 0xfc, 0x09, 0xc0, 0x80, 0xd0, 0x99, 0x09, 0x88, 0x2a,
    0x25, 0x6a, 0xf4, 0xa8, 0xc6, 0xa4, 0x3d, 0x9b, 0x3a, 0x7d, 0xba, 0xb4, 0xea, 0x4b, 0xa9, 0x53,
    0xa1, 0x5e, 0x9d, 0xaa, 0x53, 0xab, 0xd5, 0xaf, 0x15, 0xb1, 0x72, 0xf5, 0x1a, 0xf2, 0x00, 0x57,
    0xa1, 0x09, 0x02, 0x80, 0x5d, 0xfb, 0xd0, 0xec, 0x59, 0xa4, 0x6a, 0x43, 0x26, 0x70, 0x8a, 0x40,
    0xec, 0x4a, 0x06, 0x71, 0xd9, 0xea, 0x25, 0x38, 0xf7, 0x68, 0x5d, 0xa7, 0x78, 0x41, 0xf6, 0x45,
    0x2b, 0xd0, 0xae, 0xc6, 0xc0, 0x7b, 0xf7, 0x0e, 0xee, 0x5a, 0x18, 0x70, 0x5e, 0x89, 0x8b, 0x91,
    0x12, 0x34, 0xbc, 0xf1, 0x71, 0x62, 0xab, 0x91, 0x57, 0x7a, 0xa5, 0x8c, 0x18, 0x62, 0x80, 0xcc,
    0x54, 0x0b, 0x72, 0x16, 0x70, 0xd9, 0xea, 0x67, 0xa7, 0x64, 0x8b, 0x02, 0x26, 0xfd, 0x30, 0x00,
    0x03, 0xa7, 0x35, 0x0d, 0xca, 0x14, 0xea, 0x60, 0x40, 0x69, 0xa5, 0xae, 0x61, 0x2f, 0x9c, 0xad,
    0xb3, 0xb6, 0xc3, 0xdc, 0x47, 0x63, 0x5f, 0xcc, 0xd9, 0xdb, 0xf6, 0xed, 0x9e, 0xc0, 0x85, 0x0a,
    0x97, 0x4d, 0x7c, 0xa6, 0xef, 0x85, 0xc9, 0x75, 0x2e, 0x1f, 0x7e, 0xf4, 0xf9, 0x71, 0x97, 0xd1,
    0x67, 0x4e, 0x67, 0x5e, 0xdd, 0x78, 0x41, 0x01, 0xaf, 0x83, 0x4f, 0xff, 0x6c, 0xbe, 0xd2, 0x41,
    0xc2, 0xeb, 0x22, 0xc1, 0xeb, 0x86, 0xc8, 0xdb, 0xf9, 0xf9, 0x81, 0xed, 0xcb, 0x7b, 0xf7, 0x1c,
    0x5e, 0x39, 0x7a, 0x90, 0xf1, 0x35, 0x5a, 0xa7, 0xbf, 0x1e, 0x40, 0xfe, 0x07, 0xfb, 0x45, 0x94,
    0x1d, 0x4b, 0xf7, 0x59, 0xf4, 0x5f, 0x80, 0xfc, 0x89, 0x17, 0x00, 0x79, 0xfa, 0xcd, 0x57, 0xd1,
    0x80, 0x1a, 0x39, 0x58, 0x20, 0x43, 0x0b, 0x76, 0x07, 0x12, 0x84, 0x0f, 0x20, 0x64, 0x61, 0x48,
    0x10, 0x22, 0x30, 0x21, 0x44, 0x04, 0x6c, 0x78, 0x61, 0x7d, 0x33, 0x21, 0x30, 0x80, 0x50, 0x9d,
    0x89, 0x94, 0x19, 0x4f, 0x1f, 0x3a, 0x74, 0xa2, 0x4e, 0x29, 0xca, 0x25, 0x14, 0x4f, 0x24, 0x3a,
    0xc0, 0xda, 0x4b, 0x35, 0xde, 0xd8, 0x22, 0x43, 0x39, 0xda, 0xd4, 0x63, 0x00, 0x24, 0x35, 0x20,
    0xa1, 0x48, 0x40, 0x6a, 0x24, 0xe4, 0x8e, 0xad, 0x05, 0x39, 0x24, 0x87, 0x4a, 0x12, 0x84, 0x90,
    0x65, 0x31, 0x11, 0x00, 0x25, 0x92, 0xbb, 0x49, 0x49, 0xd4, 0x93, 0x54, 0x66, 0xa9, 0xe5, 0x96,
    0x5c, 0x76, 0xe9, 0xe5, 0x97, 0x60, 0x86, 0x29, 0xe6, 0x98, 0x64, 0x96, 0x09, 0x53, 0x00, 0x02,
    0x20, 0x44, 0xc0, 0x9a, 0x03, 0x0c, 0x20, 0xc0, 0x94, 0x66, 0x22, 0x97, 0xe6, 0x9a, 0x6c, 0xba,
    0x09, 0x67, 0x43, 0x01, 0x0c, 0x50, 0x80, 0x01, 0x7c, 0xf6, 0xe9, 0x67, 0x01, 0x04, 0xe8, 0x68,
    0xd3, 0x00, 0x0a, 0x2c, 0x60, 0x52, 0x4f, 0x84, 0x1a, 0x4a, 0x54, 0x9e, 0x7b, 0xfa, 0xe9, 0x28,
    0xa0, 0x82, 0x36, 0x44, 0x00, 0x9f, 0x05, 0x54, 0x6a, 0xe9, 0xa5, 0x95, 0xf2, 0x69, 0xa5, 0x4d,
    0x02, 0x10, 0xb7, 0x5d, 0x48, 0xbc, 0x1d, 0x0a, 0xd3, 0xa4, 0x06, 0x60, 0x6a, 0x6a, 0xa3, 0x9b,
    0x4a, 0x5a, 0xea, 0xa9, 0xac, 0x96, 0x7a, 0xa7, 0x47, 0x08, 0xe8, 0xfc, 0xb4, 0xe4, 0x40, 0x01,
    0x18, 0x70, 0x40, 0xa4, 0x05, 0x05, 0xd0, 0xc0, 0x4c, 0x0b, 0xf4, 0x34, 0x29, 0xab, 0xad, 0x16,
    0xf0, 0xea, 0x00, 0xab, 0x02, 0x7b, 0x6a, 0xa9, 0x36, 0xb9, 0x55, 0x1e, 0xae, 0x02, 0x0d, 0xb0,
    0x2b, 0x80, 0x9f, 0x0a, 0x44, 0xe2, 0x03, 0xbd, 0xc6, 0x54, 0xac, 0xb1, 0x98, 0x22, 0xcb, 0x10,
    0xb6, 0xc6, 0x1a, 0xf0, 0xea, 0x83, 0xd3, 0xc6, 0xd8, 0x2c, 0x79, 0x9f, 0x46, 0x86, 0x60, 0x48,
    0xdc, 0x02, 0xeb, 0xed, 0xb6, 0xe9, 0xb2, 0xfa, 0x2d, 0xb8, 0x3a, 0x55, 0x3b, 0x19, 0x83, 0x0f,
    0x78, 0x58, 0x50, 0xac, 0xce, 0xcd, 0xfa, 0x51, 0xbb, 0xee, 0x32, 0x44, 0x2c, 0xbf, 0x96, 0x1a,
    0xf0, 0xde, 0x99, 0xd3, 0x6e, 0x36, 0xd6, 0x64, 0xc5, 0xf9, 0xf4, 0x2f, 0xc0, 0x7b, 0x0e, 0x7c,
    0xd1, 0xb5, 0xdc, 0x0a, 0x7c, 0x25, 0x79, 0x2c, 0x52, 0x26, 0x99, 0x7f, 0xf6, 0xfd, 0xb4, 0x70,
    0xbb, 0x12, 0x3f, 0x24, 0x40, 0xa3, 0xdd, 0x96, 0xaa, 0xef, 0x49, 0x21, 0xea, 0x44, 0x40, 0x01,
    0x42, 0x29, 0xa0, 0xac, 0x66, 0x9d, 0xea, 0x64, 0x2f, 0x51, 0x1f, 0x53, 0xaa, 0xae, 0xc8, 0x15,
    0x09, 0x70, 0x72, 0xa3, 0x7f, 0x42, 0xfa, 0xee, 0x49, 0x62, 0x31, 0x08, 0x95, 0x5d, 0xe4, 0xa5,
    0xf6, 0x93, 0xcd, 0x99, 0x3e, 0xaa, 0xf3, 0x85, 0x69, 0xb6, 0x69, 0xa7, 0x5e, 0xf8, 0xa2, 0x86,
    0xf0, 0x54, 0x0c, 0xe8, 0x85, 0xa6, 0xd2, 0x4b, 0xc7, 0x09, 0x00, 0x68, 0x0f, 0xa4, 0xc6, 0xd9,
    0xce, 0x56, 0x7f, 0x35, 0x20, 0x8b, 0x06, 0x15, 0x40, 0xde, 0xb9, 0x5d, 0x5f, 0x56, 0x21, 0x81,
    0xfe, 0x36, 0xe7, 0x70, 0xd9, 0xc7, 0x0d, 0xf0, 0x9a, 0x03, 0xd1, 0xc2, 0xf7, 0x76, 0xdc, 0x6c,
    0x5f, 0x96, 0x2a, 0x50, 0x5c, 0x17, 0x18, 0x10, 0x00, 0x21, 0xf9, 0x04, 0x04, 0x04, 0x00, 0x00,
    0x00, 0x2c, 0x15, 0x00, 0x1a, 0x00, 0x94, 0x00, 0x2f, 0x00, 0x87, 0x00, 0x00, 0x00, 0x0d, 0x03,
    0x03, 0x1a, 0x06, 0x06, 0x26, 0x09, 0x0a, 0x33, 0x0d, 0x0d, 0x40, 0x10, 0x10, 0x4d, 0x13, 0x13,
    0x5a, 0x16, 0x16, 0x66, 0x19, 0x1a, 0x73, 0x1c, 0x1d, 0x80, 0x1f, 0x20, 0x8d, 0x22, 0x23, 0x9a,
    0x26, 0x26, 0xa6, 0x29, 0x2a, 0xb3, 0x2c, 0x2d, 0xc0, 0x2f, 0x30, 0x00, 0x00, 0x00, 0x00, 0x00,
    0x00, 0x00, 0x00, 0x00, 0x00, 0x00, 0x00, 0x00, 0x00, 0x00, 0x00, 0x00, 0x00, 0x00, 0x00, 0x00,
    0x00, 0x00, 0x00, 0x00, 0x00, 0x00, 0x00, 0x00, 0x00, 0x00, 0x00, 0x00, 0x00, 0x00, 0x00, 0x00,
    0x00, 0x00, 0x00, 0x00, 0x00, 0x00, 0x00, 0x00, 0x00, 0x00, 0x00, 0x00, 0x00, 0x00, 0x00, 0x00,
    0x00, 0x00, 0x00, 0x00, 0x00, 0x00, 0x00, 0x00, 0x00, 0x00, 0x00, 0x00, 0x00, 0x00, 0x00, 0x00,
    0x00, 0x00, 0x00, 0x00, 0x00, 0x00, 0x00, 0x00, 0x00, 0x00, 0x00, 0x00, 0x00, 0x00, 0x00, 0x00,
    0x00, 0x00, 0x00, 0x00, 0x00, 0x00, 0x00, 0x00, 0x00, 0x00, 0x00, 0x00, 0x00, 0x00, 0x00, 0x00,
    0x00, 0x00, 0x00, 0x00, 0x00, 0x00, 0x00, 0x00, 0x00, 0x00, 0x00, 0x00, 0x00, 0x00, 0x00, 0x00,
    0x00, 0x00, 0x00, 0x00, 0x00, 0x00, 0x00, 0x00, 0x00, 0x00, 0x00, 0x00, 0x00, 0x00, 0x00, 0x00,
    0x00, 0x00, 0x00, 0x00, 0x00, 0x00, 0x00, 0x00, 0x00, 0x00, 0x00, 0x00, 0x00, 0x00, 0x00, 0x00,
    0x00, 0x00, 0x00, 0x00, 0x00, 0x00, 0x00, 0x00, 0x00, 0x00, 0x00, 0x00, 0x00, 0x00, 0x00, 0x00,
    0x00, 0x00, 0x00, 0x00, 0x00, 0x00, 0x00, 0x00, 0x00, 0x00, 0x00, 0x00, 0x00, 0x00, 0x00, 0x00,
    0x00, 0x00, 0x00, 0x00, 0x00, 0x00, 0x00, 0x00, 0x00, 0x00, 0x00, 0x00, 0x00, 0x00, 0x00, 0x00,
    0x00, 0x00, 0x00, 0x00, 0x00, 0x00, 0x00, 0x00, 0x00, 0x00, 0x00, 0x00, 0x00, 0x00, 0x00, 0x00,
    0x00, 0x00, 0x00, 0x00, 0x00, 0x00, 0x00, 0x00, 0x00, 0x00, 0x00, 0x00, 0x00, 0x00, 0x00, 0x00,
    0x00, 0x00, 0x00, 0x00, 0x00, 0x00, 0x00, 0x00, 0x00, 0x00, 0x00, 0x00, 0x00, 0x00, 0x00, 0x00,
    0x00, 0x00, 0x00, 0x00, 0x00, 0x00, 0x00, 0x00, 0x00, 0x00, 0x00, 0x00, 0x00, 0x00, 0x00, 0x00,
    0x00, 0x00, 0x00, 0x00, 0x00, 0x00, 0x00, 0x00, 0x00, 0x00, 0x00, 0x00, 0x00, 0x00, 0x00, 0x00,
    0x00, 0x00, 0x00, 0x00, 0x00, 0x00, 0x00, 0x00, 0x00, 0x00, 0x00, 0x00, 0x00, 0x00, 0x00, 0x00,
    0x00, 0x00, 0x00, 0x00, 0x00, 0x00, 0x00, 0x00, 0x00, 0x00, 0x00, 0x00, 0x00, 0x00, 0x00, 0x00,
    0x00, 0x00, 0x00, 0x00, 0x00, 0x00, 0x00, 0x00, 0x00, 0x00, 0x00, 0x00, 0x00, 0x00, 0x00, 0x00,
    0x00, 0x00, 0x00, 0x00, 0x00, 0x00, 0x00, 0x00, 0x00, 0x00, 0x00, 0x00, 0x00, 0x00, 0x00, 0x00,
    0x00, 0x00, 0x00, 0x00, 0x00, 0x00, 0x00, 0x00, 0x00, 0x00, 0x00, 0x00, 0x00, 0x00, 0x00, 0x00,
    0x00, 0x00, 0x00, 0x00, 0x00, 0x00, 0x00, 0x00, 0x00, 0x00, 0x00, 0x00, 0x00, 0x00, 0x00, 0x00,
    0x00, 0x00, 0x00, 0x00, 0x00, 0x00, 0x00, 0x00, 0x00, 0x00, 0x00, 0x00, 0x00, 0x00, 0x00, 0x00,
    0x00, 0x00, 0x00, 0x00, 0x00, 0x00, 0x00, 0x00, 0x00, 0x00, 0x00, 0x00, 0x00, 0x00, 0x00, 0x00,
    0x00, 0x00, 0x00, 0x00, 0x00, 0x00, 0x00, 0x00, 0x00, 0x00, 0x00, 0x00, 0x00, 0x00, 0x00, 0x00,
    0x00, 0x00, 0x00, 0x00, 0x00, 0x00, 0x00, 0x00, 0x00, 0x00, 0x00, 0x00, 0x00, 0x00, 0x00, 0x00,
    0x00, 0x00, 0x00, 0x00, 0x00, 0x00, 0x00, 0x00, 0x00, 0x00, 0x00, 0x00, 0x00, 0x00, 0x00, 0x00,
    0x00, 0x00, 0x00, 0x00, 0x00, 0x00, 0x00, 0x00, 0x00, 0x00, 0x00, 0x00, 0x00, 0x00, 0x00, 0x00,
    0x00, 0x00, 0x00, 0x00, 0x00, 0x00, 0x00, 0x00, 0x00, 0x00, 0x00, 0x00, 0x00, 0x00, 0x00, 0x00,
    0x00, 0x00, 0x00, 0x00, 0x00, 0x00, 0x00, 0x00, 0x00, 0x00, 0x00, 0x00, 0x00, 0x00, 0x00, 0x00,
    0x00, 0x00, 0x00, 0x00, 0x00, 0x00, 0x00, 0x00, 0x00, 0x00, 0x00, 0x00, 0x00, 0x00, 0x00, 0x00,
    0x00, 0x00, 0x00, 0x00, 0x00, 0x00, 0x00, 0x00, 0x00, 0x00, 0x00, 0x00, 0x00, 0x00, 0x00, 0x00,
    0x00, 0x00, 0x00, 0x00, 0x00, 0x00, 0x00, 0x00, 0x00, 0x00, 0x00, 0x00, 0x00, 0x00, 0x00, 0x00,
    0x00, 0x00, 0x00, 0x00, 0x00, 0x00, 0x00, 0x00, 0x00, 0x00, 0x00, 0x00, 0x00, 0x00, 0x00, 0x00,
    0x00, 0x00, 0x00, 0x00, 0x00, 0x00, 0x00, 0x00, 0x00, 0x00, 0x00, 0x00, 0x00, 0x00, 0x00, 0x00,
    0x00, 0x00, 0x00, 0x00, 0x00, 0x00, 0x00, 0x00, 0x00, 0x00, 0x00, 0x00, 0x00, 0x00, 0x00, 0x00,
    0x00, 0x00, 0x00, 0x00, 0x00, 0x00, 0x00, 0x00, 0x00, 0x00, 0x00, 0x00, 0x00, 0x00, 0x00, 0x00,
    0x00, 0x00, 0x00, 0x00, 0x00, 0x00, 0x00, 0x00, 0x00, 0x00, 0x00, 0x00, 0x00, 0x00, 0x00, 0x00,
    0x00, 0x00, 0x00, 0x00, 0x00, 0x00, 0x00, 0x00, 0x00, 0x00, 0x00, 0x00, 0x00, 0x00, 0x00, 0x00,
    0x00, 0x00, 0x00, 0x00, 0x00, 0x00, 0x00, 0x00, 0x00, 0x00, 0x00, 0x00, 0x00, 0x00, 0x00, 0x00,
    0x00, 0x00, 0x00, 0x00, 0x00, 0x00, 0x00, 0x00, 0x00, 0x00, 0x00, 0x00, 0x00, 0x00, 0x00, 0x00,
    0x00, 0x00, 0x00, 0x00, 0x00, 0x00, 0x00, 0x00, 0x00, 0x00, 0x00, 0x00, 0x00, 0x00, 0x00, 0x00,
    0x00, 0x00, 0x00, 0x00, 0x00, 0x00, 0x00, 0x00, 0x00, 0x00, 0x00, 0x00, 0x00, 0x00, 0x00, 0x00,
    0x00, 0x00, 0x00, 0x00, 0x00, 0x00, 0x00, 0x00, 0x00, 0x00, 0x00, 0x08, 0xff, 0x00, 0x01, 0x08,
    0x1c, 0x48, 0xb0, 0x20, 0xc1, 0x00, 0x07, 0x0e, 0x08, 0x30, 0xc8, 0xb0, 0xa1, 0xc3, 0x87, 0x10,
    0x23, 0x4a, 0x9c, 0x18, 0x11, 0xa1, 0x42, 0x8a, 0x18, 0x0d, 0x1a, 0x70, 0xf0, 0xa0, 0x23, 0x82,
    0x8c, 0x20, 0x43, 0x8a, 0x1c, 0x59, 0x70, 0x63, 0xc7, 0x07, 0x1f, 0x49, 0x46, 0x34, 0x70, 0xf2,
    0x64, 0x02, 0x95, 0x30, 0x63, 0xca, 0x64, 0xd9, 0xf2, 0xc1, 0x4b, 0x99, 0x06, 0x0f, 0xd4, 0x3c,
    0xa9, 0x20, 0x00, 0xce, 0x9f, 0x40, 0x21, 0xea, 0xdc, 0xf9, 0xa0, 0x67, 0xd0, 0x04, 0x44, 0x4f,
    0x32, 0xf0, 0x19, 0xb4, 0x69, 0x53, 0xa4, 0x49, 0x1f, 0x2c, 0xfd, 0x09, 0x35, 0xaa, 0x54, 0xa6,
    0x4e, 0xb3, 0xc2, 0xac, 0x1a, 0x75, 0x6a, 0x4c, 0xae, 0x56, 0xbd, 0x6a, 0x1d, 0x0b, 0x12, 0x6c,
    0x57, 0xac, 0x22, 0x03, 0x28, 0x48, 0xca, 0x71, 0x27, 0x83, 0x01, 0x64, 0xe3, 0x4a, 0x54, 0xcb,
    0x96, 0xe8, 0xdb, 0x91, 0x01, 0x18, 0x24, 0x2d, 0x30, 0xa0, 0x6d, 0x4d, 0x07, 0x70, 0xe5, 0x0a,
    0x36, 0x98, 0x77, 0x6f, 0x5f, 0xa2, 0x80, 0x43, 0x16, 0x26, 0x6a, 0x40, 0xe0, 0xe1, 0x9d, 0x89,
    0x07, 0x4b, 0x5e, 0xbc, 0xb3, 0x31, 0x80, 0xc7, 0x7f, 0x03, 0x53, 0xa4, 0x5c, 0xd3, 0xb2, 0x63,
    0xbf, 0x2d, 0x23, 0x4b, 0x8e, 0xcb, 0xb9, 0xa5, 0xe7, 0xcb, 0xa0, 0x4f, 0x8a, 0x8e, 0x38, 0x40,
    0x2f, 0xe4, 0xd3, 0x8e, 0x1b, 0x20, 0x2e, 0x30, 0x9a, 0x6c, 0x6b, 0xc4, 0xb0, 0x2f, 0xcb, 0x86,
    0x4c, 0x9b, 0x75, 0xea, 0x8e, 0xab, 0x0f, 0xba, 0xae, 0x5c, 0x3b, 0x2b, 0xe6, 0xd0, 0x9a, 0x0b,
    0x96, 0x3e, 0x99, 0xbb, 0xe0, 0x71, 0xd5, 0xc9, 0x09, 0x0f, 0xef, 0x5c, 0x3c, 0xe8, 0x73, 0xe0,
    0xd1, 0x95, 0x4f, 0x37, 0xed, 0xf0, 0xfa, 0x83, 0xe0, 0x0c, 0x97, 0x77, 0xff, 0x6c, 0x5e, 0x5d,
    0xa4, 0x77, 0xf0, 0xd2, 0x93, 0x36, 0x2f, 0xf0, 0xfb, 0x41, 0x83, 0xec, 0x0d, 0x03, 0x2c, 0x48,
    0x9a, 0xb2, 0x3c, 0x49, 0xf6, 0x44, 0xdf, 0x4f, 0x94, 0x4f, 0xbf, 0x64, 0x52, 0xb1, 0x13, 0x99,
    0xd5, 0xd1, 0x4d, 0xf6, 0x85, 0x44, 0x93, 0x5b, 0x68, 0x49, 0x24, 0xa0, 0x4d, 0x03, 0x1d, 0x58,
    0x13, 0x80, 0x14, 0x2d, 0x48, 0x60, 0x81, 0x14, 0x39, 0xd8, 0x12, 0x84, 0x01, 0x26, 0xf5, 0x92,
    0x00, 0xff, 0x25, 0x88, 0xd1, 0x82, 0xbd, 0x51, 0x28, 0x11, 0x87, 0x76, 0x79, 0x18, 0xe1, 0x5e,
    0x04, 0x10, 0xb5, 0x80, 0x89, 0x18, 0x21, 0x40, 0x54, 0x7d, 0x22, 0x42, 0x94, 0xe2, 0x4e, 0x2b,
    0xaa, 0xe4, 0xe2, 0x4e, 0x08, 0x90, 0xd8, 0xd2, 0x84, 0x24, 0x59, 0xf8, 0x00, 0x79, 0x31, 0x16,
    0xa4, 0xa3, 0x4b, 0x33, 0x11, 0xc7, 0x15, 0x86, 0x23, 0x1d, 0xc9, 0x62, 0x90, 0x05, 0x29, 0x89,
    0x93, 0x93, 0x00, 0x20, 0xd0, 0x80, 0x03, 0x46, 0xfd, 0x24, 0x25, 0x95, 0x4b, 0x32, 0x59, 0xd0,
    0x95, 0x55, 0xe2, 0xc4, 0x25, 0x5a, 0x01, 0x64, 0x49, 0x52, 0x98, 0x5a, 0x62, 0x44, 0x66, 0x53,
    0x67, 0x96, 0xa9, 0xe6, 0x9a, 0x6c, 0xb6, 0xe9, 0xe6, 0x9b, 0x70, 0xc6, 0x29, 0xe7, 0x9c, 0x74,
    0xd6, 0x69, 0xa7, 0x5c, 0x01, 0x0c, 0x40, 0x00, 0x01, 0x05, 0xf4, 0x59, 0xc0, 0x9e, 0x03, 0x2c,
    0x94, 0x55, 0x9a, 0x40, 0x11, 0x1a, 0x54, 0x9e, 0x7b, 0xfa, 0xf9, 0x27, 0x01, 0x81, 0x82, 0x34,
    0x40, 0x9f, 0x06, 0x44, 0xaa, 0x68, 0x01, 0x91, 0x1a, 0xc0, 0x97, 0x98, 0x06, 0x4e, 0x09, 0xe3,
    0x4c, 0x9a, 0x36, 0xf5, 0x28, 0xa5, 0x92, 0x2a, 0x5a, 0xe9, 0xa5, 0x73, 0x51, 0x3a, 0xe9, 0xa9,
    0x7e, 0x5a, 0x2a, 0xa8, 0x4c, 0x33, 0x0e, 0xf8, 0x93, 0x83, 0x07, 0xfc, 0xff, 0x14, 0x80, 0xa9,
    0xa8, 0x9e, 0xaa, 0x2a, 0x44, 0xb3, 0x5a, 0x5a, 0x6b, 0xad, 0x06, 0xac, 0x0a, 0xd3, 0x8d, 0xcc,
    0x41, 0x34, 0x40, 0x02, 0x0a, 0x84, 0xd8, 0xd0, 0x71, 0x0c, 0xe0, 0x94, 0xeb, 0xae, 0xbc, 0xfa,
    0x6a, 0x10, 0x01, 0xba, 0x32, 0x5b, 0x2b, 0x4e, 0x05, 0xec, 0x44, 0x80, 0x43, 0x0e, 0xf2, 0x78,
    0x50, 0x6a, 0xda, 0x8e, 0x04, 0xad, 0xb4, 0xbb, 0x3e, 0x04, 0xee, 0xae, 0x06, 0x60, 0x7a, 0x22,
    0x72, 0x0c, 0xf9, 0xd8, 0x6d, 0x69, 0x48, 0x8a, 0x34, 0x2e, 0xaf, 0x4b, 0x7e, 0xfb, 0xee, 0xa4,
    0xe6, 0x9e, 0x7b, 0x52, 0x03, 0x09, 0x2e, 0x08, 0xe1, 0x5a, 0x17, 0xd6, 0x3b, 0x91, 0xbc, 0xf3,
    0xfa, 0xb9, 0xa4, 0x00, 0xd1, 0xce, 0x6b, 0x00, 0x7c, 0x2a, 0xf1, 0xab, 0x14, 0x56, 0x0b, 0x76,
    0x24, 0x16, 0x58, 0xf8, 0x02, 0x45, 0x70, 0xc0, 0x90, 0x22, 0x3c, 0x90, 0x00, 0xb4, 0x8e, 0x7b,
    0x30, 0x9a, 0xdb, 0xdd, 0xd4, 0xf0, 0xc2, 0x00, 0x58, 0x88, 0x1e, 0x4c, 0x18, 0x17, 0x2c, 0xed,
    0xc6, 0x15, 0xf1, 0x19, 0xaa, 0xad, 0xba, 0x3a, 0xfb, 0x93, 0x00, 0xa9, 0x1d, 0x00, 0x2c, 0x73,
    0x04, 0xa4, 0xb6, 0x40, 0xb5, 0x35, 0x19, 0x5b, 0xa8, 0xca, 0x26, 0xa7, 0xda, 0xb2, 0x99, 0x02,
    0xf0, 0x09, 0x6a, 0xa8, 0x8c, 0xfa, 0x3b, 0x92, 0x77, 0xdc, 0xa1, 0x66, 0xd5, 0x8f, 0x64, 0x05,
    0x10, 0x34, 0xa4, 0xa3, 0xfe, 0x39, 0x80, 0xd1, 0x84, 0x85, 0x69, 0xb5, 0x64, 0x3e, 0x26, 0xfd,
    0x59, 0x54, 0xdd, 0x6a, 0x65, 0xf5, 0xd5, 0x77, 0x12, 0x34, 0x14, 0x71, 0xce, 0xb5, 0xa7, 0x40,
    0xd8, 0x4c, 0x82, 0xe5, 0xc0, 0xb5, 0x0c, 0x09, 0xb0, 0x5d, 0xbb, 0x68, 0x57, 0x37, 0xdc, 0xc8,
    0x02, 0x51, 0xe6, 0x80, 0xcb, 0x71, 0xdb, 0x17, 0x40, 0x02, 0x0e, 0x2c, 0x0f, 0x60, 0xf1, 0x40,
    0x7b, 0xf7, 0xfd, 0x77, 0xde, 0xd5, 0x19, 0x4d, 0x75, 0x81, 0x01, 0x01, 0x00, 0x21, 0xf9, 0x04,
    0x04, 0x08, 0x00, 0x00, 0x00, 0x2c, 0x16, 0x00, 0x1a, 0x00, 0x93, 0x00, 0x2f, 0x00, 0x87, 0x00,
    0x00, 0x00, 0x0d, 0x03, 0x03, 0x1a, 0x06, 0x06, 0x26, 0x09, 0x0a, 0x33, 0x0d, 0x0d, 0x40, 0x10,
    0x10, 0x4d, 0x13, 0x13, 0x5a, 0x16, 0x16, 0x66, 0x19, 0x1a, 0x73, 0x1c, 0x1d, 0x80, 0x1f, 0x20,
    0x8d, 0x22, 0x23, 0x9a, 0x26, 0x26, 0xa6, 0x29, 0x2a, 0xb3, 0x2c, 0x2d, 0xc0, 0x2f, 0x30, 0x00,
    0x00, 0x00, 0x00, 0x00, 0x00, 0x00, 0x00, 0x00, 0x00, 0x00, 0x00, 0x00, 0x00, 0x00, 0x00, 0x00,
    0x00, 0x00, 0x00, 0x00, 0x00, 0x00, 0x00, 0x00, 0x00, 0x00, 0x00, 0x00, 0x00, 0x00, 0x00, 0x00,
    0x00, 0x00, 0x00, 0x00, 0x00, 0x00, 0x00, 0x00, 0x00, 0x00, 0x00, 0x00, 0x00, 0x00, 0x00, 0x00,
    0x00, 0x00, 0x00, 0x00, 0x00, 0x00, 0x00, 0x00, 0x00, 0x00, 0x00, 0x00, 0x00, 0x00, 0x00, 0x00,
    0x00, 0x00, 0x00, 0x00, 0x00, 0x00, 0x00, 0x00, 0x00, 0x00, 0x00, 0x00, 0x00, 0x00, 0x00, 0x00,
    0x00, 0x00, 0x00, 0x00, 0x00, 0x00, 0x00, 0x00, 0x00, 0x00, 0x00, 0x00, 0x00, 0x00, 0x00, 0x00,
    0x00, 0x00, 0x00, 0x00, 0x00, 0x00, 0x00, 0x00, 0x00, 0x00, 0x00, 0x00, 0x00, 0x00, 0x00, 0x00,
    0x00, 0x00, 0x00, 0x00, 0x00, 0x00, 0x00, 0x00, 0x00, 0x00, 0x00, 0x00, 0x00, 0x00, 0x00, 0x00,
    0x00, 0x00, 0x00, 0x00, 0x00, 0x00, 0x00, 0x00, 0x00, 0x00, 0x00, 0x00, 0x00, 0x00, 0x00, 0x00,
    0x00, 0x00, 0x00, 0x00, 0x00, 0x00, 0x00, 0x00, 0x00, 0x00, 0x00, 0x00, 0x00, 0x00, 0x00, 0x00,
    0x00, 0x00, 0x00, 0x00, 0x00, 0x00, 0x00, 0x00, 0x00, 0x00, 0x00, 0x00, 0x00, 0x00, 0x00, 0x00,
    0x00, 0x00, 0x00, 0x00, 0x00, 0x00, 0x00, 0x00, 0x00, 0x00, 0x00, 0x00, 0x00, 0x00, 0x00, 0x00,
    0x00, 0x00, 0x00, 0x00, 0x00, 0x00, 0x00, 0x00, 0x00, 0x00, 0x00, 0x00, 0x00, 0x00, 0x00, 0x00,
    0x00, 0x00, 0x00, 0x00, 0x00, 0x00, 0x00, 0x00, 0x00, 0x00, 0x00, 0x00, 0x00, 0x00, 0x00, 0x00,
    0x00, 0x00, 0x00, 0x00, 0x00, 0x00, 0x00, 0x00, 0x00, 0x00, 0x00, 0x00, 0x00, 0x00, 0x00, 0x00,
    0x00, 0x00, 0x00, 0x00, 0x00, 0x00, 0x00, 0x00, 0x00, 0x00, 0x00, 0x00, 0x00, 0x00, 0x00, 0x00,
    0x00, 0x00, 0x00, 0x00, 0x00, 0x00, 0x00, 0x00, 0x00, 0x00, 0x00, 0x00, 0x00, 0x00, 0x00, 0x00,
    0x00, 0x00, 0x00, 0x00, 0x00, 0x00, 0x00, 0x00, 0x00, 0x00, 0x00, 0x00, 0x00, 0x00, 0x00, 0x00,
    0x00, 0x00, 0x00, 0x00, 0x00, 0x00, 0x00, 0x00, 0x00, 0x00, 0x00, 0x00, 0x00, 0x00, 0x00, 0x00,
    0x00, 0x00, 0x00, 0x00, 0x00, 0x00, 0x00, 0x00, 0x00, 0x00, 0x00, 0x00, 0x00, 0x00, 0x00, 0x00,
    0x00, 0x00, 0x00, 0x00, 0x00, 0x00, 0x00, 0x00, 0x00, 0x00, 0x00, 0x00, 0x00, 0x00, 0x00, 0x00,
    0x00, 0x00, 0x00, 0x00, 0x00, 0x00, 0x00, 0x00, 0x00, 0x00, 0x00, 0x00, 0x00, 0x00, 0x00, 0x00,
    0x00, 0x00, 0x00, 0x00, 0x00, 0x00, 0x00, 0x00, 0x00, 0x00, 0x00, 0x00, 0x00, 0x00, 0x00, 0x00,
    0x00, 0x00, 0x00, 0x00, 0x00, 0x00, 0x00, 0x00, 0x00, 0x00, 0x00, 0x00, 0x00, 0x00, 0x00, 0x00,
    0x00, 0x00, 0x00, 0x00, 0x00, 0x00, 0x00, 0x00, 0x00, 0x00, 0x00, 0x00, 0x00, 0x00, 0x00, 0x00,
    0x00, 0x00, 0x00, 0x00, 0x00, 0x00, 0x00, 0x00, 0x00, 0x00, 0x00, 0x00, 0x00, 0x00, 0x00, 0x00,
    0x00, 0x00, 0x00, 0x00, 0x00, 0x00, 0x00, 0x00, 0x00, 0x00, 0x00, 0x00, 0x00, 0x00, 0x00, 0x00,
    0x00, 0x00, 0x00, 0x00, 0x00, 0x00, 0x00, 0x00, 0x00, 0x00, 0x00, 0x00, 0x00, 0x00, 0x00, 0x00,
    0x00, 0x00, 0x00, 0x00, 0x00, 0x00, 0x00, 0x00, 0x00, 0x00, 0x00, 0x00, 0x00, 0x00, 0x00, 0x00,
    0x00, 0x00, 0x00, 0x00, 0x00, 0x00, 0x00, 0x00, 0x00, 0x00, 0x00, 0x00, 0x00, 0x00, 0x00, 0x00,
    0x00, 0x00, 0x00, 0x00, 0x00, 0x00, 0x00, 0x00, 0x00, 0x00, 0x00, 0x00, 0x00, 0x00, 0x00, 0x00,
    0x00, 0x00, 0x00, 0x00, 0x00, 0x00, 0x00, 0x00, 0x00, 0x00, 0x00, 0x00, 0x00, 0x00, 0x00, 0x00,
    0x00, 0x00, 0x00, 0x00, 0x00, 0x00, 0x00, 0x00, 0x00, 0x00, 0x00, 0x00, 0x00, 0x00, 0x00, 0x00,
    0x00, 0x00, 0x00, 0x00, 0x00, 0x00, 0x00, 0x00, 0x00, 0x00, 0x00, 0x00, 0x00, 0x00, 0x00, 0x00,
    0x00, 0x00, 0x00, 0x00, 0x00, 0x00, 0x00, 0x00, 0x00, 0x00, 0x00, 0x00, 0x00, 0x00, 0x00, 0x00,
    0x00, 0x00, 0x00, 0x00, 0x00, 0x00, 0x00, 0x00, 0x00, 0x00, 0x00, 0x00, 0x00, 0x00, 0x00, 0x00,
    0x00, 0x00, 0x00, 0x00, 0x00, 0x00, 0x00, 0x00, 0x00, 0x00, 0x00, 0x00, 0x00, 0x00, 0x00, 0x00,
    0x00, 0x00, 0x00, 0x00, 0x00, 0x00, 0x00, 0x00, 0x00, 0x00, 0x00, 0x00, 0x00, 0x00, 0x00, 0x00,
    0x00, 0x00, 0x00, 0x00, 0x00, 0x00, 0x00, 0x00, 0x00, 0x00, 0x00, 0x00, 0x00, 0x00, 0x00, 0x00,
    0x00, 0x00, 0x00, 0x00, 0x00, 0x00, 0x00, 0x00, 0x00, 0x00, 0x00, 0x00, 0x00, 0x00, 0x00, 0x00,
    0x00, 0x00, 0x00, 0x00, 0x00, 0x00, 0x00, 0x00, 0x00, 0x00, 0x00, 0x00, 0x00, 0x00, 0x00, 0x00,
    0x00, 0x00, 0x00, 0x00, 0x00, 0x00, 0x00, 0x00, 0x00, 0x00, 0x00, 0x00, 0x00, 0x00, 0x00, 0x00,
    0x00, 0x00, 0x00, 0x00, 0x00, 0x00, 0x00, 0x00, 0x00, 0x00, 0x00, 0x00, 0x00, 0x00, 0x00, 0x00,
    0x00, 0x00, 0x00, 0x00, 0x00, 0x00, 0x00, 0x00, 0x00, 0x00, 0x00, 0x00, 0x00, 0x00, 0x00, 0x00,
    0x00, 0x00, 0x00, 0x00, 0x00, 0x00, 0x00, 0x00, 0x00, 0x00, 0x00, 0x00, 0x00, 0x00, 0x00, 0x08,
    0xff, 0x00, 0x01, 0x08, 0x1c, 0x48, 0xb0, 0xe0, 0x40, 0x02, 0x0a, 0x16, 0x18, 0x30, 0xc8, 0xb0,
    0xa1, 0xc3, 0x87, 0x10, 0x23, 0x4a, 0x9c, 0x18, 0x11, 0xa1, 0x42, 0x8a, 0x18, 0x0b, 0x26, 0x78,
    0xc0, 0xf1, 0x01, 0x83, 0x00, 0x19, 0x43, 0x8a, 0x1c, 0x49, 0x92, 0xe0, 0xc6, 0x8e, 0x1f, 0x4b,
    0x42, 0x3c, 0xd9, 0xd1, 0x23, 0x48, 0x95, 0x30, 0x63, 0xc2, 0x64, 0x89, 0xf2, 0xa5, 0x4c, 0x81,
    0x01, 0x16, 0xb4, 0x6c, 0xd9, 0x60, 0xc0, 0xcd, 0x9f, 0x40, 0x1f, 0xe6, 0xdc, 0xd9, 0xb1, 0xe7,
    0xcf, 0x00, 0x0c, 0x88, 0xb6, 0x74, 0xe0, 0x33, 0xa8, 0xd3, 0xa0, 0x48, 0x95, 0x76, 0x64, 0x2a,
    0x33, 0xaa, 0xd4, 0xa9, 0x4d, 0x9f, 0x6a, 0x55, 0x69, 0xf5, 0xea, 0x03, 0xaa, 0x5c, 0x93, 0x7a,
    0xc5, 0xba, 0xb5, 0xac, 0xc8, 0xae, 0x63, 0xc1, 0x8e, 0x1c, 0xd0, 0x40, 0x69, 0x03, 0xb1, 0x3b,
    0x1d, 0x2c, 0x34, 0x4b, 0x37, 0x22, 0x5b, 0xb7, 0x70, 0x97, 0xce, 0x0d, 0x39, 0xc0, 0x81, 0x52,
    0xa6, 0x68, 0x5b, 0xee, 0xad, 0x4b, 0x98, 0x60, 0xdf, 0xbf, 0x03, 0x02, 0x77, 0x1c, 0x3c, 0xf1,
    0x30, 0x51, 0xb0, 0x8a, 0x39, 0x32, 0x2e, 0x4c, 0xd7, 0x71, 0xdc, 0xa6, 0x91, 0x1f, 0x4c, 0x7e,
    0x68, 0x79, 0x69, 0x56, 0x00, 0x99, 0x37, 0x53, 0x7e, 0xda, 0x99, 0xec, 0xc0, 0xd0, 0x13, 0x0d,
    0xf8, 0x25, 0xca, 0xe0, 0x33, 0x4e, 0x05, 0x52, 0x11, 0x8c, 0x36, 0xab, 0x5a, 0x69, 0x6b, 0x83,
    0x01, 0x60, 0x2b, 0x95, 0x0d, 0xd1, 0x80, 0xd4, 0x94, 0x0d, 0x69, 0xb6, 0x4c, 0x30, 0x5b, 0xab,
    0x6f, 0xdb, 0x36, 0x0d, 0x0a, 0xef, 0x48, 0xdc, 0xe1, 0x71, 0xd6, 0xc9, 0x19, 0x2e, 0xe7, 0xd8,
    0xbc, 0xf8, 0xcf, 0xe7, 0x3b, 0x81, 0x3b, 0x9c, 0xfe, 0xa0, 0x7a, 0x41, 0xec, 0x2d, 0xb5, 0x3f,
    0xff, 0xe4, 0xee, 0xdd, 0xba, 0x4a, 0xf0, 0x35, 0x25, 0x92, 0x37, 0x88, 0x40, 0xaa, 0x82, 0xe8,
    0x0f, 0xdb, 0x2b, 0x5d, 0x00, 0xdf, 0x7c, 0x46, 0xf9, 0x44, 0xdf, 0x53, 0xc4, 0xbf, 0x93, 0xfe,
    0xc0, 0xf5, 0x19, 0xa1, 0xc7, 0x91, 0x78, 0xf6, 0x61, 0x04, 0x20, 0x46, 0x02, 0xba, 0x04, 0xc0,
    0x81, 0x01, 0xfe, 0x56, 0x5f, 0x81, 0xe3, 0x49, 0x55, 0x1e, 0x45, 0x09, 0x7e, 0x24, 0x61, 0x49,
    0x09, 0x8a, 0x06, 0x21, 0x43, 0x02, 0x5c, 0x48, 0x52, 0x86, 0xbb, 0xc1, 0x54, 0xc0, 0x6a, 0x2d,
    0xf1, 0xb6, 0x61, 0x45, 0x21, 0xaa, 0x34, 0x22, 0x51, 0xfc, 0x71, 0x74, 0x80, 0x4c, 0x03, 0x10,
    0x55, 0xc0, 0x89, 0x12, 0x75, 0xb8, 0xd3, 0x8b, 0x31, 0xc5, 0xb8, 0x53, 0x01, 0xd8, 0x4d, 0x88,
    0xe1, 0x70, 0x34, 0xa6, 0x06, 0xe4, 0x4d, 0x3d, 0x0a, 0x54, 0x40, 0x42, 0x38, 0xfe, 0x74, 0xe4,
    0x02, 0x49, 0x06, 0x19, 0xd1, 0x92, 0x4d, 0xca, 0x04, 0xa5, 0x93, 0x54, 0x56, 0x69, 0xe5, 0x95,
    0x58, 0x66, 0xa9, 0xe5, 0x96, 0x5c, 0x76, 0xe9, 0xe5, 0x97, 0x60, 0x42, 0x18, 0xc0, 0x98, 0x64,
    0x86, 0x39, 0x1a, 0x99, 0x65, 0x8e, 0x14, 0x80, 0x00, 0x04, 0x14, 0xc0, 0xa3, 0x01, 0x70, 0xba,
    0x49, 0x40, 0x62, 0x5a, 0x0d, 0x40, 0x00, 0x69, 0x77, 0x3e, 0xb5, 0x66, 0x9b, 0x6f, 0xc6, 0x59,
    0xc0, 0x9c, 0x0f, 0x32, 0x14, 0x40, 0x9b, 0x7e, 0xba, 0x69, 0xe8, 0x9b, 0x6e, 0x0a, 0x10, 0xd4,
    0x49, 0xfe, 0xfd, 0xc4, 0x68, 0xa0, 0x6a, 0x12, 0x6a, 0xc0, 0xa1, 0x87, 0xfa, 0xa9, 0x28, 0x44,
    0x02, 0xf0, 0x48, 0xe9, 0xa6, 0x95, 0xba, 0xa6, 0x62, 0x78, 0x13, 0x41, 0x3a, 0x10, 0x7f, 0x3e,
    0x92, 0x94, 0xe9, 0xa4, 0x9c, 0x72, 0x6a, 0x80, 0xa7, 0x04, 0x09, 0x80, 0x6a, 0xaa, 0xa9, 0xae,
    0xe4, 0x7a, 0x53, 0x8b, 0xa5, 0x0e, 0x74, 0x00, 0x03, 0x0d, 0x20, 0x00, 0x29, 0x78, 0x0c, 0xdc,
    0xe4, 0x2a, 0xac, 0xb0, 0xca, 0xda, 0x10, 0x01, 0xaf, 0x02, 0xcb, 0xa9, 0xa8, 0x14, 0x11, 0x40,
    0x54, 0x94, 0x26, 0x85, 0xf7, 0xa0, 0x8e, 0x2d, 0x31, 0x4b, 0x12, 0xb1, 0xc6, 0xc2, 0xfa, 0x60,
    0xb5, 0xc1, 0x22, 0x4b, 0x21, 0x51, 0x93, 0x05, 0xb0, 0x1c, 0x03, 0x97, 0x1a, 0x46, 0x22, 0x75,
    0x4a, 0x62, 0xab, 0xea, 0x83, 0xd4, 0x9a, 0x4b, 0x29, 0x50, 0xe0, 0xa9, 0x05, 0x5a, 0x5e, 0x9e,
    0x11, 0x14, 0x58, 0xad, 0x23, 0xa5, 0xab, 0xae, 0xa1, 0x0e, 0x05, 0xa0, 0xe9, 0xbd, 0x06, 0x84,
    0x3b, 0x6b, 0x5c, 0x97, 0x66, 0xc6, 0x91, 0x5a, 0xf0, 0x2e, 0x00, 0xd5, 0xbe, 0xea, 0xf6, 0x2b,
    0x14, 0xc2, 0xc6, 0x4e, 0xea, 0xaf, 0xa3, 0xd9, 0x8d, 0x09, 0xef, 0x57, 0x97, 0x2d, 0x18, 0xb1,
    0x53, 0xfa, 0x16, 0x0b, 0xac, 0xc3, 0x12, 0x0d, 0xe0, 0x26, 0x9c, 0x1a, 0x83, 0x5c, 0x00, 0x9d,
    0x7a, 0xc2, 0x9b, 0xd0, 0x65, 0x81, 0xe5, 0x5a, 0x71, 0x9d, 0x1f, 0x17, 0xda, 0xf2, 0xa4, 0x24,
    0x87, 0x6a, 0x27, 0x9f, 0x72, 0xce, 0xf9, 0xb0, 0x9e, 0x6d, 0x5d, 0x05, 0xd9, 0xc4, 0x3b, 0xb1,
    0x0a, 0xd5, 0xcc, 0x87, 0x12, 0x60, 0xb3, 0x99, 0xa5, 0x99, 0x86, 0x13, 0xcf, 0x92, 0x99, 0x79,
    0xa2, 0xb2, 0x8f, 0x79, 0x1a, 0x99, 0x89, 0x4a, 0x43, 0xc8, 0x6b, 0xa0, 0xc2, 0xd1, 0x1b, 0xf5,
    0x6c, 0x2c, 0x11, 0xa8, 0x5c, 0x7a, 0x57, 0xd3, 0x68, 0xc0, 0x02, 0xba, 0x4a, 0xf4, 0x75, 0xd8,
    0x5d, 0x97, 0xbd, 0x65, 0x40, 0x00, 0x21, 0xf9, 0x04, 0x04, 0x1c, 0x00, 0x00, 0x00, 0x2c, 0x15,
    0x00, 0x19, 0x00, 0x94, 0x00, 0x2f, 0x00, 0x87, 0x00, 0x00, 0x00, 0x0d, 0x03, 0x03, 0x1a, 0x06,
    0x06, 0x26, 0x09, 0x0a, 0x33, 0x0d, 0x0d, 0x40, 0x10, 0x10, 0x4d, 0x13, 0x13, 0x5a, 0x16, 0x16,
    0x66, 0x19, 0x1a, 0x73, 0x1c, 0x1d, 0x80, 0x1f, 0x20, 0x8d, 0x22, 0x23, 0x9a, 0x26, 0x26, 0xa6,
    0x29, 0x2a, 0xb3, 0x2c, 0x2d, 0xc0, 0x2f, 0x30, 0x00, 0x00, 0x00, 0x00, 0x00, 0x00, 0x00, 0x00,
    0x00, 0x00, 0x00, 0x00, 0x00, 0x00, 0x00, 0x00, 0x00, 0x00, 0x00, 0x00, 0x00, 0x00, 0x00, 0x00,
    0x00, 0x00, 0x00, 0x00, 0x00, 0x00, 0x00, 0x00, 0x00, 0x00, 0x00, 0x00, 0x00, 0x00, 0x00, 0x00,
    0x00, 0x00, 0x00, 0x00, 0x00, 0x00, 0x00, 0x00, 0x00, 0x00, 0x00, 0x00, 0x00, 0x00, 0x00, 0x00,
    0x00, 0x00, 0x00, 0x00, 0x00, 0x00, 0x00, 0x00, 0x00, 0x00, 0x00, 0x00, 0x00, 0x00, 0x00, 0x00,
    0x00, 0x00, 0x00, 0x00, 0x00, 0x00, 0x00, 0x00, 0x00, 0x00, 0x00, 0x00, 0x00, 0x00, 0x00, 0x00,
    0x00, 0x00, 0x00, 0x00, 0x00, 0x00, 0x00, 0x00, 0x00, 0x00, 0x00, 0x00, 0x00, 0x00, 0x00, 0x00,
    0x00, 0x00, 0x00, 0x00, 0x00, 0x00, 0x00, 0x00, 0x00, 0x00, 0x00, 0x00, 0x00, 0x00, 0x00, 0x00,
    0x00, 0x00, 0x00, 0x00, 0x00, 0x00, 0x00, 0x00, 0x00, 0x00, 0x00, 0x00, 0x00, 0x00, 0x00, 0x00,
    0x00, 0x00, 0x00, 0x00, 0x00, 0x00, 0x00, 0x00, 0x00, 0x00, 0x00, 0x00, 0x00, 0x00, 0x00, 0x00,
    0x00, 0x00, 0x00, 0x00, 0x00, 0x00, 0x00, 0x00, 0x00, 0x00, 0x00, 0x00, 0x00, 0x00, 0x00, 0x00,
    0x00, 0x00, 0x00, 0x00, 0x00, 0x00, 0x00, 0x00, 0x00, 0x00, 0x00, 0x00, 0x00, 0x00, 0x00, 0x00,
    0x00, 0x00, 0x00, 0x00, 0x00, 0x00, 0x00, 0x00, 0x00, 0x00, 0x00, 0x00, 0x00, 0x00, 0x00, 0x00,
    0x00, 0x00, 0x00, 0x00, 0x00, 0x00, 0x00, 0x00, 0x00, 0x00, 0x00, 0x00, 0x00, 0x00, 0x00, 0x00,
    0x00, 0x00, 0x00, 0x00, 0x00, 0x00, 0x00, 0x00, 0x00, 0x00, 0x00, 0x00, 0x00, 0x00, 0x00, 0x00,
    0x00, 0x00, 0x00, 0x00, 0x00, 0x00, 0x00, 0x00, 0x00, 0x00, 0x00, 0x00, 0x00, 0x00, 0x00, 0x00,
    0x00, 0x00, 0x00, 0x00, 0x00, 0x00, 0x00, 0x00, 0x00, 0x00, 0x00, 0x00, 0x00, 0x00, 0x00, 0x00,
    0x00, 0x00, 0x00, 0x00, 0x00, 0x00, 0x00, 0x00, 0x00, 0x00, 0x00, 0x00, 0x00, 0x00, 0x00, 0x00,
    0x00, 0x00, 0x00, 0x00, 0x00, 0x00, 0x00, 0x00, 0x00, 0x00, 0x00, 0x00, 0x00, 0x00, 0x00, 0x00,
    0x00, 0x00, 0x00, 0x00, 0x00, 0x00, 0x00, 0x00, 0x00, 0x00, 0x00, 0x00, 0x00, 0x00, 0x00, 0x00,
    0x00, 0x00, 0x00, 0x00, 0x00, 0x00, 0x00, 0x00, 0x00, 0x00, 0x00, 0x00, 0x00, 0x00, 0x00, 0x00,
    0x00, 0x00, 0x00, 0x00, 0x00, 0x00, 0x00, 0x00, 0x00, 0x00, 0x00, 0x00, 0x00, 0x00, 0x00, 0x00,
    0x00, 0x00, 0x00, 0x00, 0x00, 0x00, 0x00, 0x00, 0x00, 0x00, 0x00, 0x00, 0x00, 0x00, 0x00, 0x00,
    0x00, 0x00, 0x00, 0x00, 0x00, 0x00, 0x00, 0x00, 0x00, 0x00, 0x00, 0x00, 0x00, 0x00, 0x00, 0x00,
    0x00, 0x00, 0x00, 0x00, 0x00, 0x00, 0x00, 0x00, 0x00, 0x00, 0x00, 0x00, 0x00, 0x00, 0x00, 0x00,
    0x00, 0x00, 0x00, 0x00, 0x00, 0x00, 0x00, 0x00, 0x00, 0x00, 0x00, 0x00, 0x00, 0x00, 0x00, 0x00,
    0x00, 0x00, 0x00, 0x00, 0x00, 0x00, 0x00, 0x00, 0x00, 0x00, 0x00, 0x00, 0x00, 0x00, 0x00, 0x00,
    0x00, 0x00, 0x00, 0x00, 0x00, 0x00, 0x00, 0x00, 0x00, 0x00, 0x00, 0x00, 0x00, 0x00, 0x00, 0x00,
    0x00, 0x00, 0x00, 0x00, 0x00, 0x00, 0x00, 0x00, 0x00, 0x00, 0x00, 0x00, 0x00, 0x00, 0x00, 0x00,
    0x00, 0x00, 0x00, 0x00, 0x00, 0x00, 0x00, 0x00, 0x00, 0x00, 0x00, 0x00, 0x00, 0x00, 0x00, 0x00,
    0x00, 0x00, 0x00, 0x00, 0x00, 0x00, 0x00, 0x00, 0x00, 0x00, 0x00, 0x00, 0x00, 0x00, 0x00, 0x00,
    0x00, 0x00, 0x00, 0x00, 0x00, 0x00, 0x00, 0x00, 0x00, 0x00, 0x00, 0x00, 0x00, 0x00, 0x00, 0x00,
    0x00, 0x00, 0x00, 0x00, 0x00, 0x00, 0x00, 0x00, 0x00, 0x00, 0x00, 0x00, 0x00, 0x00, 0x00, 0x00,
    0x00, 0x00, 0x00, 0x00, 0x00, 0x00, 0x00, 0x00, 0x00, 0x00, 0x00, 0x00, 0x00, 0x00, 0x00, 0x00,
    0x00, 0x00, 0x00, 0x00, 0x00, 0x00, 0x00, 0x00, 0x00, 0x00, 0x00, 0x00, 0x00, 0x00, 0x00, 0x00,
    0x00, 0x00, 0x00, 0x00, 0x00, 0x00, 0x00, 0x00, 0x00, 0x00, 0x00, 0x00, 0x00, 0x00, 0x00, 0x00,
    0x00, 0x00, 0x00, 0x00, 0x00, 0x00, 0x00, 0x00, 0x00, 0x00, 0x00, 0x00, 0x00, 0x00, 0x00, 0x00,
    0x00, 0x00, 0x00, 0x00, 0x00, 0x00, 0x00, 0x00, 0x00, 0x00, 0x00, 0x00, 0x00, 0x00, 0x00, 0x00,
    0x00, 0x00, 0x00, 0x00, 0x00, 0x00, 0x00, 0x00, 0x00, 0x00, 0x00, 0x00, 0x00, 0x00, 0x00, 0x00,
    0x00, 0x00, 0x00, 0x00, 0x00, 0x00, 0x00, 0x00, 0x00, 0x00, 0x00, 0x00, 0x00, 0x00, 0x00, 0x00,
    0x00, 0x00, 0x00, 0x00, 0x00, 0x00, 0x00, 0x00, 0x00, 0x00, 0x00, 0x00, 0x00, 0x00, 0x00, 0x00,
    0x00, 0x00, 0x00, 0x00, 0x00, 0x00, 0x00, 0x00, 0x00, 0x00, 0x00, 0x00, 0x00, 0x00, 0x00, 0x00,
    0x00, 0x00, 0x00, 0x00, 0x00, 0x00, 0x00, 0x00, 0x00, 0x00, 0x00, 0x00, 0x00, 0x00, 0x00, 0x00,
    0x00, 0x00, 0x00, 0x00, 0x00, 0x00, 0x00, 0x00, 0x00, 0x00, 0x00, 0x00, 0x00, 0x00, 0x00, 0x00,
    0x00, 0x00, 0x00, 0x00, 0x00, 0x00, 0x00, 0x00, 0x00, 0x00, 0x00, 0x00, 0x00, 0x00, 0x00, 0x00,
    0x00, 0x00, 0x00, 0x00, 0x00, 0x00, 0x00, 0x00, 0x08, 0xff, 0x00, 0x01, 0x08, 0x1c, 0x48, 0xb0,
    0x60, 0xc1, 0x00, 0x01, 0x0c, 0x2a, 0x5c, 0xc8, 0xb0, 0xa1, 0xc3, 0x87, 0x10, 0x23, 0x46, 0x44,
    0x28, 0xb1, 0xa2, 0xc2, 0x00, 0x08, 0x1a, 0x38, 0x48, 0x20, 0xc0, 0xa2, 0xc7, 0x8f, 0x20, 0x43,
    0x1e, 0xcc, 0xb8, 0xb1, 0xa3, 0xc8, 0x87, 0x01, 0x18, 0x3c, 0x58, 0xf9, 0xc0, 0xc1, 0x80, 0x93,
    0x30, 0x63, 0xca, 0x4c, 0xc9, 0xb2, 0xe5, 0x4b, 0x99, 0x06, 0x69, 0xd6, 0xb4, 0x89, 0xb3, 0xa7,
    0x4f, 0x94, 0x2a, 0x77, 0xba, 0xfc, 0x09, 0x60, 0x80, 0x83, 0x9d, 0x35, 0x0d, 0x10, 0x5d, 0x4a,
    0xd4, 0x28, 0x52, 0x96, 0x4a, 0x7b, 0x3a, 0x7d, 0x0a, 0x95, 0xa9, 0xd5, 0x98, 0x53, 0xa9, 0x3e,
    0x88, 0x8a, 0xf5, 0xa8, 0xd6, 0xaa, 0x57, 0xc3, 0x7a, 0xcc, 0xfa, 0x95, 0xab, 0x48, 0xb2, 0x5f,
    0xb7, 0x8a, 0x5d, 0x0b, 0x11, 0x6d, 0xd9, 0x93, 0x06, 0xa8, 0x2e, 0x48, 0x40, 0x35, 0x01, 0xdb,
    0xbb, 0x0a, 0xe3, 0x3e, 0x9d, 0x5b, 0x37, 0xa4, 0x5e, 0xa4, 0x0c, 0x12, 0xd2, 0x7d, 0x6a, 0x17,
    0xaf, 0xe1, 0xbf, 0x3b, 0x03, 0x03, 0x18, 0x8c, 0xb4, 0xb0, 0x45, 0xc4, 0x35, 0x15, 0x0b, 0x64,
    0xbc, 0xd3, 0xb1, 0x61, 0xb1, 0x90, 0x59, 0x4a, 0x5e, 0xdc, 0xb7, 0x62, 0xe6, 0x95, 0x9b, 0x27,
    0x77, 0xbe, 0x7c, 0xf5, 0xf3, 0x83, 0xd0, 0x9c, 0x09, 0x4b, 0xa4, 0x5c, 0x33, 0x41, 0x42, 0x83,
    0x07, 0xa8, 0xa2, 0x26, 0xdd, 0x93, 0x35, 0x4b, 0xd7, 0x0a, 0x63, 0x3f, 0x9d, 0x6d, 0xd0, 0xf6,
    0x4a, 0xcb, 0x06, 0x4d, 0xf3, 0xa6, 0x7d, 0xd2, 0xf7, 0x03, 0xe0, 0x05, 0x85, 0xbf, 0x5e, 0x68,
    0x1c, 0x79, 0x70, 0xd9, 0xcb, 0x89, 0xc3, 0x6c, 0xfe, 0x50, 0x39, 0xf3, 0xd1, 0x0e, 0xad, 0x4b,
    0x2f, 0x8e, 0xbd, 0xa1, 0xf6, 0x81, 0x3a, 0x91, 0x1e, 0xff, 0xa8, 0x48, 0xc0, 0xab, 0xd0, 0x9b,
    0xdb, 0x3d, 0x86, 0xdf, 0x39, 0x5e, 0x62, 0xf9, 0xa7, 0x43, 0x05, 0xae, 0x4f, 0x3a, 0xd6, 0x7c,
    0xcd, 0xf8, 0xe9, 0x25, 0xce, 0x07, 0x5b, 0xd1, 0x2d, 0x4f, 0x00, 0x41, 0x21, 0x65, 0x56, 0x7f,
    0xf6, 0xb1, 0xe4, 0x80, 0x49, 0xf9, 0x41, 0x14, 0xe0, 0x4e, 0x03, 0x4a, 0xe4, 0xdf, 0x81, 0x03,
    0x50, 0xd5, 0x20, 0x81, 0x4f, 0xb5, 0x97, 0xa0, 0x43, 0x11, 0x3e, 0x35, 0xa1, 0x83, 0x05, 0xae,
    0x74, 0x00, 0x01, 0x48, 0x39, 0x40, 0x00, 0x4c, 0x02, 0x2c, 0xb8, 0x12, 0x02, 0x17, 0x3e, 0x04,
    0xa2, 0x50, 0x23, 0x9e, 0x54, 0x22, 0x52, 0x08, 0x04, 0x50, 0x60, 0x8b, 0x30, 0xc9, 0xb8, 0x13,
    0x7a, 0x29, 0x2e, 0x64, 0x63, 0x4d, 0x34, 0x9e, 0xb4, 0x23, 0x4b, 0x2f, 0x65, 0xb5, 0x21, 0x48,
    0x42, 0xe6, 0xf8, 0x50, 0x91, 0x38, 0x21, 0x09, 0x80, 0x00, 0x07, 0x1c, 0x80, 0xa3, 0x4c, 0x4c,
    0x3a, 0x69, 0x24, 0x44, 0x51, 0x3e, 0x19, 0x53, 0x95, 0x53, 0x66, 0xa9, 0xe5, 0x96, 0x5c, 0x76,
    0xe9, 0xe5, 0x97, 0x60, 0x86, 0x29, 0xe6, 0x98, 0x64, 0x96, 0x89, 0x53, 0x00, 0x02, 0x0c, 0xa0,
    0xe6, 0x00, 0x02, 0x44, 0x67, 0xa6, 0x55, 0x68, 0xae, 0xc9, 0xa6, 0x9b, 0x15, 0x09, 0x40, 0x40,
    0x01, 0x05, 0x18, 0xa0, 0xe7, 0x9e, 0x78, 0x12, 0xd0, 0x26, 0x51, 0x01, 0x34, 0x89, 0xe0, 0x99,
    0x82, 0x2e, 0x65, 0x27, 0x9e, 0x7b, 0xf2, 0x59, 0x80, 0x9f, 0x74, 0x32, 0x24, 0x40, 0x9e, 0x06,
    0xe0, 0x29, 0xe9, 0xa4, 0x90, 0x16, 0x60, 0xa5, 0x8f, 0x41, 0xe1, 0x17, 0x93, 0x4e, 0x9a, 0x5e,
    0x59, 0x29, 0xa5, 0x93, 0xea, 0x69, 0x69, 0x5b, 0x91, 0x82, 0x6a, 0x2a, 0xa2, 0x3d, 0xc2, 0xa4,
    0xdb, 0x4a, 0x0e, 0x34, 0x5a, 0x50, 0x9a, 0x10, 0x2d, 0xf6, 0x50, 0xd3, 0x02, 0x52, 0x95, 0x7a,
    0x2a, 0xa8, 0x06, 0xa4, 0x6a, 0xd0, 0x00, 0xb6, 0xde, 0x8a, 0xab, 0xae, 0x21, 0x21, 0x90, 0x98,
    0xab, 0x00, 0x04, 0xa0, 0x00, 0x68, 0x97, 0x0e, 0xc4, 0x1a, 0xad, 0x32, 0xf1, 0xea, 0xeb, 0xa9,
    0xb9, 0x36, 0xf4, 0xec, 0xb3, 0xc4, 0x5a, 0x24, 0x40, 0x81, 0xce, 0x15, 0xbb, 0x60, 0xa7, 0x03,
    0x65, 0x56, 0x00, 0x4e, 0xd3, 0xfa, 0x4a, 0x6c, 0xb8, 0xd0, 0x56, 0x6b, 0x11, 0x5a, 0x28, 0x16,
    0x34, 0x80, 0x89, 0x2d, 0x7d, 0x5b, 0x50, 0x01, 0x02, 0xf6, 0x44, 0xae, 0xa9, 0x06, 0x10, 0xeb,
    0xec, 0xbc, 0x88, 0xba, 0x9b, 0x64, 0x81, 0x66, 0xf9, 0xb7, 0x52, 0xbf, 0xfc, 0xfa, 0x74, 0x2f,
    0xbe, 0x91, 0x3a, 0x44, 0x40, 0xaf, 0xd3, 0x46, 0x6a, 0xee, 0x47, 0xf0, 0xee, 0xd4, 0xa2, 0xbf,
    0x60, 0xfd, 0x78, 0x22, 0x51, 0x07, 0x13, 0x5c, 0xc0, 0xc2, 0x07, 0x23, 0x4c, 0x6f, 0xae, 0x0b,
    0x83, 0xb4, 0x2a, 0xab, 0x02, 0x5c, 0x9b, 0x98, 0xac, 0x0c, 0x02, 0xb8, 0x93, 0x02, 0x4c, 0x65,
    0x9c, 0x30, 0xc7, 0x13, 0x0d, 0x00, 0x69, 0xa2, 0x89, 0x2e, 0x3a, 0x28, 0x51, 0xac, 0x35, 0xd0,
    0xc0, 0xb0, 0xa9, 0x45, 0x86, 0x33, 0x53, 0x01, 0xb8, 0x0c, 0x33, 0xcc, 0x32, 0x7f, 0x14, 0x27,
    0x01, 0x44, 0x13, 0xa0, 0xe6, 0x9f, 0x62, 0x91, 0x0c, 0x9d, 0xb2, 0x5f, 0xb5, 0xba, 0xd6, 0xd0,
    0x45, 0x1f, 0xdd, 0x71, 0x96, 0xfb, 0x81, 0xe6, 0xa6, 0x71, 0xdc, 0xbe, 0x49, 0x9a, 0xc8, 0x3b,
    0x2d, 0xd0, 0xa8, 0xb0, 0x48, 0xe9, 0xab, 0xf5, 0x76, 0x19, 0xde, 0xe6, 0x1d, 0x7b, 0x63, 0x5f,
    0xf8, 0x57, 0xb6, 0x04, 0xad, 0x9d, 0x76, 0x8a, 0x4c, 0x02, 0xab, 0x50, 0xdc, 0x60, 0x06, 0x04,
    0x00, 0x21, 0xf9, 0x04, 0x04, 0x08, 0x00, 0x00, 0x00, 0x2c, 0x15, 0x00, 0x19, 0x00, 0x94, 0x00,
    0x2f, 0x00, 0x87, 0x00, 0x00, 0x00, 0x0d, 0x03, 0x03, 0x1a, 0x06, 0x06, 0x26, 0x09, 0x0a, 0x33,
    0x0d, 0x0d, 0x40, 0x10, 0x10, 0x4d, 0x13, 0x13, 0x5a, 0x16, 0x16, 0x66, 0x19, 0x1a, 0x73, 0x1c,
    0x1d, 0x80, 0x1f, 0x20, 0x8d, 0x22, 0x23, 0x9a, 0x26, 0x26, 0xa6, 0x29, 0x2a, 0xb3, 0x2c, 0x2d,
    0xc0, 0x2f, 0x30, 0x00, 0x00, 0x00, 0x00, 0x00, 0x00, 0x00, 0x00, 0x00, 0x00, 0x00, 0x00, 0x00,
    0x00, 0x00, 0x00, 0x00, 0x00, 0x00, 0x00, 0x00, 0x00, 0x00, 0x00, 0x00, 0x00, 0x00, 0x00, 0x00,
    0x00, 0x00, 0x00, 0x00, 0x00, 0x00, 0x00, 0x00, 0x00, 0x00, 0x00, 0x00, 0x00, 0x00, 0x00, 0x00,
    0x00, 0x00, 0x00, 0x00, 0x00, 0x00, 0x00, 0x00, 0x00, 0x00, 0x00, 0x00, 0x00, 0x00, 0x00, 0x00,
    0x00, 0x00, 0x00, 0x00, 0x00, 0x00, 0x00, 0x00, 0x00, 0x00, 0x00, 0x00, 0x00, 0x00, 0x00, 0x00,
    0x00, 0x00, 0x00, 0x00, 0x00, 0x00, 0x00, 0x00, 0x00, 0x00, 0x00, 0x00, 0x00, 0x00, 0x00, 0x00,
    0x00, 0x00, 0x00, 0x00, 0x00, 0x00, 0x00, 0x00, 0x00, 0x00, 0x00, 0x00, 0x00, 0x00, 0x00, 0x00,
    0x00, 0x00, 0x00, 0x00, 0x00, 0x00, 0x00, 0x00, 0x00, 0x00, 0x00, 0x00, 0x00, 0x00, 0x00, 0x00,
    0x00, 0x00, 0x00, 0x00, 0x00, 0x00, 0x00, 0x00, 0x00, 0x00, 0x00, 0x00, 0x00, 0x00, 0x00, 0x00,
    0x00, 0x00, 0x00, 0x00, 0x00, 0x00, 0x00, 0x00, 0x00, 0x00, 0x00, 0x00, 0x00, 0x00, 0x00, 0x00,
    0x00, 0x00, 0x00, 0x00, 0x00, 0x00, 0x00, 0x00, 0x00, 0x00, 0x00, 0x00, 0x00, 0x00, 0x00, 0x00,
    0x00, 0x00, 0x00, 0x00, 0x00, 0x00, 0x00, 0x00, 0x00, 0x00, 0x00, 0x00, 0x00, 0x00, 0x00, 0x00,
    0x00, 0x00, 0x00, 0x00, 0x00, 0x00, 0x00, 0x00, 0x00, 0x00, 0x00, 0x00, 0x00, 0x00, 0x00, 0x00,
    0x00, 0x00, 0x00, 0x00, 0x00, 0x00, 0x00, 0x00, 0x00, 0x00, 0x00, 0x00, 0x00, 0x00, 0x00, 0x00,
    0x00, 0x00, 0x00, 0x00, 0x00, 0x00, 0x00, 0x00, 0x00, 0x00, 0x00, 0x00, 0x00, 0x00, 0x00, 0x00,
    0x00, 0x00, 0x00, 0x00, 0x00, 0x00, 0x00, 0x00, 0x00, 0x00, 0x00, 0x00, 0x00, 0x00, 0x00, 0x00,
    0x00, 0x00, 0x00, 0x00, 0x00, 0x00, 0x00, 0x00, 0x00, 0x00, 0x00, 0x00, 0x00, 0x00, 0x00, 0x00,
    0x00, 0x00, 0x00, 0x00, 0x00, 0x00, 0x00, 0x00, 0x00, 0x00, 0x00, 0x00, 0x00, 0x00, 0x00, 0x00,
    0x00, 0x00, 0x00, 0x00, 0x00, 0x00, 0x00, 0x00, 0x00, 0x00, 0x00, 0x00, 0x00, 0x00, 0x00, 0x00,
    0x00, 0x00, 0x00, 0x00, 0x00, 0x00, 0x00, 0x00, 0x00, 0x00, 0x00, 0x00, 0x00, 0x00, 0x00, 0x00,
    0x00, 0x00, 0x00, 0x00, 0x00, 0x00, 0x00, 0x00, 0x00, 0x00, 0x00, 0x00, 0x00, 0x00, 0x00, 0x00,
    0x00, 0x00, 0x00, 0x00, 0x00, 0x00, 0x00, 0x00, 0x00, 0x00, 0x00, 0x00, 0x00, 0x00, 0x00, 0x00,
    0x00, 0x00, 0x00, 0x00, 0x00, 0x00, 0x00, 0x00, 0x00, 0x00, 0x00, 0x00, 0x00, 0x00, 0x00, 0x00,
    0x00, 0x00, 0x00, 0x00, 0x00, 0x00, 0x00, 0x00, 0x00, 0x00, 0x00, 0x00, 0x00, 0x00, 0x00, 0x00,
    0x00, 0x00, 0x00, 0x00, 0x00, 0x00, 0x00, 0x00, 0x00, 0x00, 0x00, 0x00, 0x00, 0x00, 0x00, 0x00,
    0x00, 0x00, 0x00, 0x00, 0x00, 0x00, 0x00, 0x00, 0x00, 0x00, 0x00, 0x00, 0x00, 0x00, 0x00, 0x00,
    0x00, 0x00, 0x00, 0x00, 0x00, 0x00, 0x00, 0x00, 0x00, 0x00, 0x00, 0x00, 0x00, 0x00, 0x00, 0x00,
    0x00, 0x00, 0x00, 0x00, 0x00, 0x00, 0x00, 0x00, 0x00, 0x00, 0x00, 0x00, 0x00, 0x00, 0x00, 0x00,
    0x00, 0x00, 0x00, 0x00, 0x00, 0x00, 0x00, 0x00, 0x00, 0x00, 0x00, 0x00, 0x00, 0x00, 0x00, 0x00,
    0x00, 0x00, 0x00, 0x00, 0x00, 0x00, 0x00, 0x00, 0x00, 0x00, 0x00, 0x00, 0x00, 0x00, 0x00, 0x00,
    0x00, 0x00, 0x00, 0x00, 0x00, 0x00, 0x00, 0x00, 0x00, 0x00, 0x00, 0x00, 0x00, 0x00, 0x00, 0x00,
    0x00, 0x00, 0x00, 0x00, 0x00, 0x00, 0x00, 0x00, 0x00, 0x00, 0x00, 0x00, 0x00, 0x00, 0x00, 0x00,
    0x00, 0x00, 0x00, 0x00, 0x00, 0x00, 0x00, 0x00, 0x00, 0x00, 0x00, 0x00, 0x00, 0x00, 0x00, 0x00,
    0x00, 0x00, 0x00, 0x00, 0x00, 0x00, 0x00, 0x00, 0x00, 0x00, 0x00, 0x00, 0x00, 0x00, 0x00, 0x00,
    0x00, 0x00, 0x00, 0x00, 0x00, 0x00, 0x00, 0x00, 0x00, 0x00, 0x00, 0x00, 0x00, 0x00, 0x00, 0x00,
    0x00, 0x00, 0x00, 0x00, 0x00, 0x00, 0x00, 0x00, 0x00, 0x00, 0x00, 0x00, 0x00, 0x00, 0x00, 0x00,
    0x00, 0x00, 0x00, 0x00, 0x00, 0x00, 0x00, 0x00, 0x00, 0x00, 0x00, 0x00, 0x00, 0x00, 0x00, 0x00,
    0x00, 0x00, 0x00, 0x00, 0x00, 0x00, 0x00, 0x00, 0x00, 0x00, 0x00, 0x00, 0x00, 0x00, 0x00, 0x00,
    0x00, 0x00, 0x00, 0x00, 0x00, 0x00, 0x00, 0x00, 0x00, 0x00, 0x00, 0x00, 0x00, 0x00, 0x00, 0x00,
    0x00, 0x00, 0x00, 0x00, 0x00, 0x00, 0x00, 0x00, 0x00, 0x00, 0x00, 0x00, 0x00, 0x00, 0x00, 0x00,
    0x00, 0x00, 0x00, 0x00, 0x00, 0x00, 0x00, 0x00, 0x00, 0x00, 0x00, 0x00, 0x00, 0x00, 0x00, 0x00,
    0x00, 0x00, 0x00, 0x00, 0x00, 0x00, 0x00, 0x00, 0x00, 0x00, 0x00, 0x00, 0x00, 0x00, 0x00, 0x00,
    0x00, 0x00, 0x00, 0x00, 0x00, 0x00, 0x00, 0x00, 0x00, 0x00, 0x00, 0x00, 0x00, 0x00, 0x00, 0x00,
    0x00, 0x00, 0x00, 0x00, 0x00, 0x00, 0x00, 0x00, 0x00, 0x00, 0x00, 0x00, 0x00, 0x00, 0x00, 0x00,
    0x00, 0x00, 0x00, 0x00, 0x00, 0x00, 0x00, 0x00, 0x00, 0x00, 0x00, 0x00, 0x00, 0x00, 0x00, 0x00,
    0x00, 0x00, 0x00, 0x08, 0xff, 0x00, 0x01, 0x08, 0x1c, 0x48, 0xb0, 0xa0, 0xc1, 0x83, 0x08, 0x13,
    0x2a, 0x5c, 0xc8, 0xb0, 0xa1, 0xc3, 0x87, 0x10, 0x23, 0x3a, 0x24, 0xa0, 0x60, 0x81, 0x01, 0x89,
    0x18, 0x33, 0x6a, 0xdc, 0x28, 0x90, 0xa2, 0x45, 0x8e, 0x0e, 0x13, 0x3c, 0x18, 0xf9, 0x80, 0x41,
    0x00, 0x90, 0x28, 0x53, 0x82, 0x14, 0x49, 0xd2, 0xa4, 0xca, 0x83, 0x2c, 0x49, 0x96, 0x3c, 0xf9,
    0xb2, 0xa6, 0xcd, 0x84, 0x31, 0x5b, 0xd2, 0xac, 0x19, 0x60, 0x81, 0x4c, 0x99, 0x0d, 0x06, 0xdc,
    0x1c, 0x7a, 0xb3, 0xe7, 0x4f, 0x92, 0x41, 0x79, 0x32, 0x38, 0x2a, 0xd3, 0x81, 0x50, 0xa2, 0x50,
    0x41, 0x06, 0x58, 0xca, 0x74, 0xa4, 0x53, 0x95, 0x53, 0xab, 0x36, 0x7d, 0x1a, 0xb5, 0x6b, 0xc4,
    0xac, 0x5a, 0xad, 0x72, 0xdd, 0x08, 0x36, 0xac, 0x58, 0xaf, 0x68, 0x1b, 0x96, 0x35, 0x7b, 0x75,
    0xe3, 0x80, 0x06, 0x4c, 0x1b, 0x50, 0xfd, 0xe9, 0xe0, 0x62, 0xda, 0xbb, 0x06, 0xdf, 0xc6, 0x9d,
    0xdb, 0xd4, 0x2e, 0xc6, 0x01, 0x0e, 0x98, 0x3a, 0x5d, 0x2b, 0xd3, 0x2f, 0xde, 0xbb, 0x80, 0x05,
    0x0f, 0x20, 0x4c, 0xd2, 0xf0, 0xc3, 0xc4, 0x47, 0xdb, 0x32, 0x1e, 0xe9, 0xf8, 0x70, 0x54, 0xc8,
    0x74, 0x9f, 0x4e, 0x7e, 0x50, 0x79, 0x21, 0xe6, 0xad, 0x04, 0x37, 0x77, 0xb6, 0x6c, 0xf3, 0x33,
    0xc9, 0xb6, 0x02, 0x45, 0x3f, 0x34, 0x10, 0xf8, 0x28, 0x83, 0xb1, 0xa9, 0x15, 0x54, 0x45, 0x40,
    0x1a, 0x2a, 0x6b, 0xa6, 0xaf, 0x0d, 0x06, 0x90, 0xcd, 0x94, 0x36, 0x43, 0x03, 0x55, 0x5d, 0x22,
    0xcc, 0x29, 0x33, 0x41, 0xed, 0x9b, 0xc0, 0x71, 0xef, 0x34, 0x48, 0x9c, 0xa4, 0x71, 0x85, 0xc9,
    0x5d, 0x2f, 0x87, 0x59, 0xf5, 0xf9, 0xf1, 0x94, 0xd1, 0x7f, 0x0a, 0xc7, 0x59, 0x3d, 0x61, 0x76,
    0x99, 0xdb, 0x15, 0x36, 0xff, 0x1f, 0x69, 0xfd, 0xfa, 0xc6, 0xef, 0x3a, 0x1b, 0x8e, 0x7f, 0x50,
    0x7e, 0x20, 0x82, 0xaa, 0x0a, 0xa6, 0x2b, 0x7c, 0xcf, 0x74, 0x81, 0x7c, 0xf3, 0x0f, 0xe9, 0x1f,
    0x8d, 0x9f, 0xbf, 0xaa, 0x7d, 0x82, 0xeb, 0xb5, 0xd7, 0x10, 0x7a, 0x23, 0x85, 0x87, 0x5f, 0x48,
    0xdd, 0x45, 0x44, 0xe0, 0x4c, 0x02, 0x05, 0x98, 0xd1, 0x82, 0x06, 0x1e, 0x28, 0x5e, 0x82, 0x12,
    0x41, 0x18, 0x80, 0x00, 0x14, 0x62, 0xb4, 0xe0, 0x68, 0x12, 0x16, 0x84, 0x21, 0x53, 0x02, 0x42,
    0xb4, 0x21, 0x01, 0xbd, 0x81, 0x54, 0x40, 0x6b, 0x32, 0xf9, 0xd6, 0xa1, 0x42, 0x24, 0x1e, 0xa5,
    0xa2, 0x46, 0x27, 0xba, 0xf8, 0xa1, 0x4c, 0x07, 0xa4, 0x34, 0xc0, 0x51, 0x05, 0xac, 0xb8, 0xd0,
    0x8c, 0x24, 0xd5, 0x88, 0xd2, 0x8d, 0x3f, 0xe5, 0x98, 0x5d, 0x88, 0x1a, 0x0d, 0xa9, 0xe3, 0x6f,
    0xc5, 0xbd, 0x64, 0xa4, 0x40, 0x05, 0x54, 0xe4, 0xe3, 0x4b, 0x4d, 0x2e, 0xf0, 0xe4, 0x91, 0x0a,
    0x45, 0x39, 0x65, 0x4a, 0x56, 0x52, 0xa9, 0xe5, 0x96, 0x5c, 0x76, 0xe9, 0xe5, 0x97, 0x60, 0x86,
    0x29, 0xe6, 0x98, 0x64, 0x96, 0x69, 0xe6, 0x4b, 0x01, 0xa4, 0xa9, 0xe6, 0x99, 0x77, 0xa9, 0xb9,
    0xa6, 0x46, 0x17, 0x12, 0x50, 0x40, 0x01, 0x06, 0xd4, 0x69, 0xc0, 0x9c, 0x04, 0x2c, 0x46, 0xd4,
    0x00, 0x04, 0x0c, 0xc5, 0x27, 0x51, 0x71, 0xce, 0x69, 0xe7, 0x9d, 0x05, 0xe4, 0x79, 0x5f, 0x42,
    0x01, 0xc8, 0x59, 0xe7, 0x9c, 0x8c, 0x32, 0xba, 0x68, 0x01, 0x02, 0xd8, 0xc4, 0xd2, 0x7f, 0x2f,
    0x4d, 0x7a, 0x28, 0x9c, 0x8a, 0x12, 0xda, 0xa8, 0xa0, 0x84, 0x46, 0xca, 0x90, 0x00, 0x74, 0x6e,
    0x2a, 0x6a, 0xa3, 0x06, 0xc0, 0xc6, 0x51, 0x01, 0xe0, 0x39, 0x74, 0x29, 0x41, 0xfa, 0xb1, 0xf7,
    0x12, 0xa8, 0x9a, 0x8e, 0xf2, 0xba, 0x69, 0xa9, 0x3b, 0xc6, 0x2a, 0xab, 0xa8, 0xb4, 0xa6, 0xd4,
    0xaa, 0xab, 0x0a, 0x1d, 0xc0, 0x40, 0x03, 0x08, 0xac, 0xfa, 0x1d, 0x03, 0x2a, 0x09, 0x60, 0xeb,
    0xad, 0xa4, 0x9a, 0x4a, 0x10, 0x01, 0xc7, 0x22, 0xdb, 0xe8, 0xaa, 0x10, 0xb5, 0x48, 0x23, 0x77,
    0xe9, 0x1d, 0x04, 0xe4, 0xb4, 0x29, 0x31, 0xeb, 0xec, 0xad, 0x97, 0x6e, 0x7b, 0xab, 0x01, 0xd0,
    0x8a, 0x78, 0x54, 0x65, 0x01, 0x34, 0xc7, 0x80, 0xa7, 0x04, 0x99, 0x46, 0x64, 0x46, 0xde, 0xca,
    0x0a, 0x6e, 0x42, 0xda, 0xb6, 0xbb, 0x69, 0x4d, 0xdf, 0xa1, 0x06, 0xc0, 0x66, 0xf6, 0x12, 0xb6,
    0x6e, 0x46, 0xf1, 0xca, 0xcb, 0xa8, 0x42, 0x01, 0x84, 0xea, 0xaf, 0x01, 0xe8, 0xaa, 0xb4, 0xab,
    0x03, 0x9e, 0x6e, 0x76, 0x96, 0x40, 0x7c, 0x3d, 0xb0, 0x80, 0x4d, 0x01, 0x37, 0x8b, 0x2c, 0xc1,
    0x0b, 0x45, 0xdc, 0xee, 0x9d, 0x05, 0x57, 0xaa, 0x5d, 0x9a, 0x0d, 0x3f, 0x80, 0xe2, 0x59, 0xc4,
    0x45, 0x88, 0x92, 0xc5, 0xde, 0x62, 0xec, 0xd0, 0x00, 0x9c, 0xda, 0x6a, 0x67, 0x01, 0x7a, 0x0e,
    0x45, 0x58, 0x45, 0x99, 0x11, 0x06, 0x6c, 0x66, 0x50, 0xa1, 0x4c, 0xe7, 0xa3, 0x8e, 0x2e, 0xda,
    0xf2, 0x43, 0x01, 0xf0, 0x29, 0x27, 0xa3, 0x04, 0xe4, 0x99, 0xb1, 0xcb, 0x70, 0x69, 0x25, 0x59,
    0xc7, 0x3f, 0x29, 0x0b, 0xb1, 0xcf, 0x8d, 0x06, 0x3d, 0xc0, 0xd0, 0x61, 0x9a, 0x76, 0xda, 0x58,
    0x0a, 0x73, 0xc8, 0x26, 0x5e, 0xd2, 0x82, 0x56, 0xd0, 0x64, 0x2f, 0x5e, 0x7d, 0xdd, 0xb0, 0x97,
    0x12, 0xb7, 0xaf, 0xd7, 0x87, 0xc5, 0x24, 0x32, 0x80, 0xd5, 0x92, 0x7d, 0xa0, 0x01, 0x0b, 0x04,
    0x3b, 0x60, 0xdb, 0xe1, 0x4a, 0x18, 0x10, 0x00, 0x21, 0xf9, 0x04, 0x04, 0x04, 0x00, 0x00, 0x00,
    0x2c, 0x16, 0x00, 0x1a, 0x00, 0x93, 0x00, 0x2f, 0x00, 0x87, 0x00, 0x00, 0x00, 0x0d, 0x03, 0x03,
    0x1a, 0x06, 0x06, 0x26, 0x09, 0x0a, 0x33, 0x0d, 0x0d, 0x40, 0x10, 0x10, 0x4d, 0x13, 0x13, 0x5a,
    0x16, 0x16, 0x66, 0x19, 0x1a, 0x73, 0x1c, 0x1d, 0x80, 0x1f, 0x20, 0x8d, 0x22, 0x23, 0x9a, 0x26,
    0x26, 0xa6, 0x29, 0x2a, 0xb3, 0x2c, 0x2d, 0xc0, 0x2f, 0x30, 0x00, 0x00, 0x00, 0x00, 0x00, 0x00,
    0x00, 0x00, 0x00, 0x00, 0x00, 0x00, 0x00, 0x00, 0x00, 0x00, 0x00, 0x00, 0x00, 0x00, 0x00, 0x00,
    0x00, 0x00, 0x00, 0x00, 0x00, 0x00, 0x00, 0x00, 0x00, 0x00, 0x00, 0x00, 0x00, 0x00, 0x00, 0x00,
    0x00, 0x00, 0x00, 0x00, 0x00, 0x00, 0x00, 0x00, 0x00, 0x00, 0x00, 0x00, 0x00, 0x00, 0x00, 0x00,
    0x00, 0x00, 0x00, 0x00, 0x00, 0x00, 0x00, 0x00, 0x00, 0x00, 0x00, 0x00, 0x00, 0x00, 0x00, 0x00,
    0x00, 0x00, 0x00, 0x00, 0x00, 0x00, 0x00, 0x00, 0x00, 0x00, 0x00, 0x00, 0x00, 0x00, 0x00, 0x00,
    0x00, 0x00, 0x00, 0x00, 0x00, 0x00, 0x00, 0x00, 0x00, 0x00, 0x00, 0x00, 0x00, 0x00, 0x00, 0x00,
    0x00, 0x00, 0x00, 0x00, 0x00, 0x00, 0x00, 0x00, 0x00, 0x00, 0x00, 0x00, 0x00, 0x00, 0x00, 0x00,
    0x00, 0x00, 0x00, 0x00, 0x00, 0x00, 0x00, 0x00, 0x00, 0x00, 0x00, 0x00, 0x00, 0x00, 0x00, 0x00,
    0x00, 0x00, 0x00, 0x00, 0x00, 0x00, 0x00, 0x00, 0x00, 0x00, 0x00, 0x00, 0x00, 0x00, 0x00, 0x00,
    0x00, 0x00, 0x00, 0x00, 0x00, 0x00, 0x00, 0x00, 0x00, 0x00, 0x00, 0x00, 0x00, 0x00, 0x00, 0x00,
    0x00, 0x00, 0x00, 0x00, 0x00, 0x00, 0x00, 0x00, 0x00, 0x00, 0x00, 0x00, 0x00, 0x00, 0x00, 0x00,
    0x00, 0x00, 0x00, 0x00, 0x00, 0x00, 0x00, 0x00, 0x00, 0x00, 0x00, 0x00, 0x00, 0x00, 0x00, 0x00,
    0x00, 0x00, 0x00, 0x00, 0x00, 0x00, 0x00, 0x00, 0x00, 0x00, 0x00, 0x00, 0x00, 0x00, 0x00, 0x00,
    0x00, 0x00, 0x00, 0x00, 0x00, 0x00, 0x00, 0x00, 0x00, 0x00, 0x00, 0x00, 0x00, 0x00, 0x00, 0x00,
    0x00, 0x00, 0x00, 0x00, 0x00, 0x00, 0x00, 0x00, 0x00, 0x00, 0x00, 0x00, 0x00, 0x00, 0x00, 0x00,
    0x00, 0x00, 0x00, 0x00, 0x00, 0x00, 0x00, 0x00, 0x00, 0x00, 0x00, 0x00, 0x00, 0x00, 0x00, 0x00,
    0x00, 0x00, 0x00, 0x00, 0x00, 0x00, 0x00, 0x00, 0x00, 0x00, 0x00, 0x00, 0x00, 0x00, 0x00, 0x00,
    0x00, 0x00, 0x00, 0x00, 0x00, 0x00, 0x00, 0x00, 0x00, 0x00, 0x00, 0x00, 0x00, 0x00, 0x00, 0x00,
    0x00, 0x00, 0x00, 0x00, 0x00, 0x00, 0x00, 0x00, 0x00, 0x00, 0x00, 0x00, 0x00, 0x00, 0x00, 0x00,
    0x00, 0x00, 0x00, 0x00, 0x00, 0x00, 0x00, 0x00, 0x00, 0x00, 0x00, 0x00, 0x00, 0x00, 0x00, 0x00,
    0x00, 0x00, 0x00, 0x00, 0x00, 0x00, 0x00, 0x00, 0x00, 0x00, 0x00, 0x00, 0x00, 0x00, 0x00, 0x00,
    0x00, 0x00, 0x00, 0x00, 0x00, 0x00, 0x00, 0x00, 0x00, 0x00, 0x00, 0x00, 0x00, 0x00, 0x00, 0x00,
    0x00, 0x00, 0x00, 0x00, 0x00, 0x00, 0x00, 0x00, 0x00, 0x00, 0x00, 0x00, 0x00, 0x00, 0x00, 0x00,
    0x00, 0x00, 0x00, 0x00, 0x00, 0x00, 0x00, 0x00, 0x00, 0x00, 0x00, 0x00, 0x00, 0x00, 0x00, 0x00,
    0x00, 0x00, 0x00, 0x00, 0x00, 0x00, 0x00, 0x00, 0x00, 0x00, 0x00, 0x00, 0x00, 0x00, 0x00, 0x00,
    0x00, 0x00, 0x00, 0x00, 0x00, 0x00, 0x00, 0x00, 0x00, 0x00, 0x00, 0x00, 0x00, 0x00, 0x00, 0x00,
    0x00, 0x00, 0x00, 0x00, 0x00, 0x00, 0x00, 0x00, 0x00, 0x00, 0x00, 0x00, 0x00, 0x00, 0x00, 0x00,
    0x00, 0x00, 0x00, 0x00, 0x00, 0x00, 0x00, 0x00, 0x00, 0x00, 0x00, 0x00, 0x00, 0x00, 0x00, 0x00,
    0x00, 0x00, 0x00, 0x00, 0x00, 0x00, 0x00, 0x00, 0x00, 0x00, 0x00, 0x00, 0x00, 0x00, 0x00, 0x00,
    0x00, 0x00, 0x00, 0x00, 0x00, 0x00, 0x00, 0x00, 0x00, 0x00, 0x00, 0x00, 0x00, 0x00, 0x00, 0x00,
    0x00, 0x00, 0x00, 0x00, 0x00, 0x00, 0x00, 0x00, 0x00, 0x00, 0x00, 0x00, 0x00, 0x00, 0x00, 0x00,
    0x00, 0x00, 0x00, 0x00, 0x00, 0x00, 0x00, 0x00, 0x00, 0x00, 0x00, 0x00, 0x00, 0x00, 0x00, 0x00,
    0x00, 0x00, 0x00, 0x00, 0x00, 0x00, 0x00, 0x00, 0x00, 0x00, 0x00, 0x00, 0x00, 0x00, 0x00, 0x00,
    0x00, 0x00, 0x00, 0x00, 0x00, 0x00, 0x00, 0x00, 0x00, 0x00, 0x00, 0x00, 0x00, 0x00, 0x00, 0x00,
    0x00, 0x00, 0x00, 0x00, 0x00, 0x00, 0x00, 0x00, 0x00, 0x00, 0x00, 0x00, 0x00, 0x00, 0x00, 0x00,
    0x00, 0x00, 0x00, 0x00, 0x00, 0x00, 0x00, 0x00, 0x00, 0x00, 0x00, 0x00, 0x00, 0x00, 0x00, 0x00,
    0x00, 0x00, 0x00, 0x00, 0x00, 0x00, 0x00, 0x00, 0x00, 0x00, 0x00, 0x00, 0x00, 0x00, 0x00, 0x00,
    0x00, 0x00, 0x00, 0x00, 0x00, 0x00, 0x00, 0x00, 0x00, 0x00, 0x00, 0x00, 0x00, 0x00, 0x00, 0x00,
    0x00, 0x00, 0x00, 0x00, 0x00, 0x00, 0x00, 0x00, 0x00, 0x00, 0x00, 0x00, 0x00, 0x00, 0x00, 0x00,
    0x00, 0x00, 0x00, 0x00, 0x00, 0x00, 0x00, 0x00, 0x00, 0x00, 0x00, 0x00, 0x00, 0x00, 0x00, 0x00,
    0x00, 0x00, 0x00, 0x00, 0x00, 0x00, 0x00, 0x00, 0x00, 0x00, 0x00, 0x00, 0x00, 0x00, 0x00, 0x00,
    0x00, 0x00, 0x00, 0x00, 0x00, 0x00, 0x00, 0x00, 0x00, 0x00, 0x00, 0x00, 0x00, 0x00, 0x00, 0x00,
    0x00, 0x00, 0x00, 0x00, 0x00, 0x00, 0x00, 0x00, 0x00, 0x00, 0x00, 0x00, 0x00, 0x00, 0x00, 0x00,
    0x00, 0x00, 0x00, 0x00, 0x00, 0x00, 0x00, 0x00, 0x00, 0x00, 0x00, 0x00, 0x00, 0x00, 0x00, 0x00,
    0x00, 0x00, 0x00, 0x00, 0x00, 0x00, 0x00, 0x00, 0x00, 0x00, 0x08, 0xff, 0x00, 0x01, 0x08, 0x1c,
    0x48, 0xb0, 0xe0, 0xc0, 0x00, 0x07, 0x0e, 0x08, 0x30, 0xc8, 0xb0, 0xa1, 0xc3, 0x87, 0x10, 0x23,
    0x4a, 0x9c, 0x18, 0x11, 0xa1, 0x42, 0x8a, 0x18, 0x0b, 0x1a, 0x70, 0xf0, 0xa0, 0x23, 0x82, 0x8c,
    0x20, 0x43, 0x8a, 0x1c, 0xa9, 0x91, 0xa3, 0x47, 0x92, 0x11, 0x0d, 0x74, 0x5c, 0xf9, 0x20, 0x01,
    0xca, 0x97, 0x30, 0x63, 0xaa, 0x64, 0xd9, 0x32, 0xa6, 0xc1, 0x03, 0x34, 0x57, 0x2a, 0x08, 0x60,
    0xb3, 0xa7, 0x4f, 0x88, 0x38, 0x73, 0x3e, 0xd8, 0xe9, 0x33, 0x81, 0xd0, 0x95, 0x0c, 0x78, 0xfe,
    0x5c, 0xba, 0xd4, 0xe8, 0xd1, 0x07, 0x49, 0x6d, 0x3a, 0x7d, 0x0a, 0x55, 0x29, 0xd3, 0xab, 0x2f,
    0xa7, 0x3e, 0x8d, 0x9a, 0x95, 0x2a, 0x4b, 0xae, 0x58, 0xc3, 0x82, 0xd4, 0x4a, 0x15, 0x6c, 0xc8,
    0x00, 0x0a, 0x8e, 0x9a, 0xa4, 0xc9, 0x60, 0x80, 0xd8, 0xb7, 0x12, 0xd1, 0xaa, 0x15, 0xda, 0x56,
    0x64, 0x00, 0x06, 0x47, 0x0b, 0x0c, 0x58, 0xcb, 0xd2, 0x81, 0x5b, 0xb8, 0x80, 0x0d, 0xde, 0xcd,
    0xbb, 0x57, 0xa8, 0x5f, 0x90, 0x83, 0x85, 0x1a, 0x10, 0x58, 0x38, 0xe7, 0xe1, 0xc0, 0x90, 0x13,
    0xe7, 0x5c, 0x0c, 0xa0, 0x31, 0xcd, 0xc7, 0x13, 0x25, 0xd3, 0xa4, 0xcc, 0x98, 0xef, 0x4a, 0xcc,
    0x90, 0xc5, 0x6a, 0x66, 0xc9, 0xb9, 0xb2, 0xe7, 0x8e, 0xa0, 0x1f, 0x0e, 0xc0, 0xeb, 0xb8, 0x34,
    0xe3, 0x06, 0x86, 0x0b, 0x84, 0x16, 0xbb, 0xda, 0xb0, 0xeb, 0xca, 0xb0, 0x1d, 0xcb, 0x86, 0x68,
    0xb9, 0xef, 0x5f, 0xc1, 0xac, 0x27, 0xcf, 0xbe, 0xda, 0xfb, 0xf3, 0xef, 0x82, 0xa3, 0x57, 0xde,
    0x26, 0x58, 0x1c, 0xf5, 0x71, 0xe0, 0x47, 0x97, 0x0f, 0x47, 0xd9, 0xfc, 0x41, 0x6a, 0xe4, 0xc1,
    0x37, 0x37, 0xac, 0x7e, 0x1d, 0xba, 0xe2, 0xe9, 0x36, 0xb9, 0x3f, 0xff, 0x67, 0x98, 0xbc, 0xe3,
    0xed, 0x02, 0xa7, 0x1f, 0x34, 0x18, 0xdf, 0x30, 0xc0, 0x82, 0xa3, 0x1f, 0xc1, 0xa3, 0x44, 0x2f,
    0x74, 0x7d, 0xe6, 0xf7, 0x42, 0xe3, 0x0b, 0x9c, 0x99, 0xd3, 0xac, 0x44, 0xb2, 0x2b, 0xb9, 0x24,
    0x9f, 0x48, 0xfc, 0xb1, 0x65, 0xd5, 0x44, 0x00, 0x76, 0x24, 0x60, 0x81, 0x5f, 0x1d, 0x48, 0x51,
    0x82, 0x35, 0x0d, 0x98, 0x11, 0x83, 0x48, 0x39, 0x88, 0xe0, 0x51, 0x2e, 0x1d, 0xe5, 0x1f, 0x46,
    0x10, 0xee, 0x26, 0xa1, 0x44, 0x02, 0x68, 0x68, 0xe1, 0x83, 0x79, 0x09, 0xb5, 0xc0, 0x88, 0x18,
    0x21, 0x90, 0xdf, 0x87, 0x13, 0x11, 0x60, 0x22, 0x8a, 0x14, 0xa9, 0x98, 0x93, 0x8c, 0x2c, 0x09,
    0xf8, 0x12, 0x85, 0xd2, 0xb1, 0x58, 0x50, 0x88, 0x34, 0xd9, 0x88, 0x12, 0x8e, 0x5a, 0x6d, 0x38,
    0x52, 0x90, 0x30, 0xea, 0x48, 0x10, 0x91, 0x52, 0x35, 0x08, 0x00, 0x02, 0x0d, 0x38, 0x40, 0x54,
    0x4f, 0x4c, 0x3a, 0x59, 0xa4, 0x91, 0x04, 0x45, 0xf9, 0xa4, 0x4d, 0x56, 0x5a, 0x15, 0xc0, 0x94,
    0x23, 0x6d, 0x49, 0x25, 0x46, 0x5e, 0x2e, 0x15, 0xe6, 0x97, 0x64, 0x96, 0x69, 0xe6, 0x99, 0x68,
    0xa6, 0xa9, 0xe6, 0x9a, 0x6c, 0xb6, 0xe9, 0xe6, 0x9b, 0x70, 0x8a, 0x39, 0x00, 0x01, 0x04, 0x14,
    0x60, 0x67, 0x01, 0x74, 0x0e, 0xb0, 0xd0, 0x55, 0x63, 0xfa, 0xd4, 0xe7, 0x4f, 0x01, 0xcc, 0x59,
    0xe7, 0x9d, 0x79, 0xee, 0x49, 0xd1, 0x00, 0x76, 0x1a, 0xa0, 0xe8, 0x9d, 0x89, 0x2e, 0x3a, 0x00,
    0x97, 0x20, 0x19, 0xd0, 0xa4, 0x7e, 0x36, 0x49, 0xea, 0x00, 0xa5, 0xe1, 0x35, 0x6a, 0x00, 0xa3,
    0x05, 0x28, 0xba, 0xe9, 0xa3, 0x15, 0x75, 0xca, 0xe9, 0xa8, 0x77, 0x6e, 0x6a, 0x28, 0x4c, 0x2e,
    0x06, 0xd8, 0x53, 0x81, 0x07, 0xf4, 0x14, 0x80, 0xa8, 0xa4, 0x8e, 0xff, 0x6a, 0xea, 0x43, 0xaf,
    0x6e, 0x1a, 0x6b, 0xac, 0x06, 0x9c, 0x8a, 0x12, 0x8d, 0xe6, 0xf1, 0x96, 0x80, 0x02, 0x1e, 0x6e,
    0xc7, 0x17, 0x03, 0x36, 0xd5, 0x7a, 0x2b, 0xae, 0xba, 0x12, 0x44, 0x80, 0xad, 0xc7, 0xc6, 0x6a,
    0x53, 0x01, 0x39, 0x11, 0xe0, 0x50, 0x81, 0x3e, 0x22, 0xe7, 0x59, 0xb5, 0x24, 0x2d, 0xdb, 0xec,
    0xad, 0x0e, 0x6d, 0x7b, 0xab, 0x01, 0x90, 0x5e, 0xe8, 0x1b, 0x43, 0x14, 0x62, 0x0b, 0xc0, 0x68,
    0x42, 0x8a, 0xe4, 0x2d, 0xae, 0x28, 0x6a, 0xbb, 0x2e, 0xa7, 0xe1, 0x8a, 0xbb, 0x52, 0x03, 0x0e,
    0x42, 0xe8, 0x5f, 0x5a, 0x4a, 0xda, 0xe4, 0xee, 0xbb, 0x77, 0xa2, 0x28, 0x00, 0xb3, 0xef, 0x1a,
    0xc0, 0x1e, 0x4a, 0xf8, 0x56, 0x38, 0x10, 0x84, 0x1d, 0x81, 0x45, 0x16, 0xbd, 0x3e, 0xfd, 0xcb,
    0x6f, 0xa2, 0x03, 0x0b, 0x24, 0x00, 0xac, 0xde, 0x0a, 0x2c, 0x66, 0x76, 0x11, 0x22, 0x6c, 0x30,
    0x83, 0xdd, 0xbd, 0x34, 0x31, 0xc0, 0xcd, 0x5a, 0x0c, 0x51, 0x00, 0x75, 0x2e, 0x4a, 0xaa, 0xc9,
    0xc9, 0xda, 0x24, 0x80, 0x67, 0x07, 0xf0, 0x6a, 0x1e, 0x01, 0x9e, 0x2d, 0x00, 0x2d, 0x4d, 0xc1,
    0xfa, 0x59, 0x32, 0xc8, 0xa5, 0xda, 0x9a, 0x72, 0x7b, 0x02, 0x0c, 0xea, 0xa9, 0xad, 0x04, 0x80,
    0x1a, 0x56, 0x75, 0xa4, 0x75, 0xe6, 0x55, 0x8e, 0xc5, 0xf6, 0xac, 0x29, 0xd0, 0x42, 0x9f, 0xb5,
    0xe5, 0xd3, 0x90, 0x51, 0x58, 0xf4, 0x40, 0x44, 0x47, 0x08, 0xd8, 0xd3, 0x50, 0xc7, 0x39, 0x50,
    0x50, 0xc2, 0x15, 0x54, 0x9d, 0x02, 0x5a, 0xeb, 0x48, 0x96, 0x03, 0xd2, 0x32, 0x24, 0x00, 0xc6,
    0xe9, 0x86, 0x3d, 0x5c, 0x70, 0x1d, 0x0b, 0x24, 0x99, 0x03, 0x3b, 0xab, 0x3d, 0x5c, 0x00, 0x09,
    0x38, 0xb0, 0x40, 0xc4, 0x07, 0xd5, 0x7d, 0xb7, 0xdc, 0x54, 0xc6, 0x05, 0x7b, 0x6e, 0x9b, 0x01,
    0x01, 0x00, 0x21, 0xf9, 0x04, 0x04, 0x08, 0x00, 0x00, 0x00, 0x2c, 0x15, 0x00, 0x1a, 0x00, 0x94,
    0x00, 0x2f, 0x00, 0x87, 0x00, 0x00, 0x00, 0x0d, 0x03, 0x03, 0x1a, 0x06, 0x06, 0x26, 0x09, 0x0a,
    0x33, 0x0d, 0x0d, 0x40, 0x10, 0x10, 0x4d, 0x13, 0x13, 0x5a, 0x16, 0x16, 0x66, 0x19, 0x1a, 0x73,
    0x1c, 0x1d, 0x80, 0x1f, 0x20, 0x8d, 0x22, 0x23, 0x9a, 0x26, 0x26, 0xa6, 0x29, 0x2a, 0xb3, 0x2c,
    0x2d, 0xc0, 0x2f, 0x30, 0x00, 0x00, 0x00, 0x00, 0x00, 0x00, 0x00, 0x00, 0x00, 0x00, 0x00, 0x00,
    0x00, 0x00, 0x00, 0x00, 0x00, 0x00, 0x00, 0x00, 0x00, 0x00, 0x00, 0x00, 0x00, 0x00, 0x00, 0x00,
    0x00, 0x00, 0x00, 0x00, 0x00, 0x00, 0x00, 0x00, 0x00, 0x00, 0x00, 0x00, 0x00, 0x00, 0x00, 0x00,
    0x00, 0x00, 0x00, 0x00, 0x00, 0x00, 0x00, 0x00, 0x00, 0x00, 0x00, 0x00, 0x00, 0x00, 0x00, 0x00,
    0x00, 0x00, 0x00, 0x00, 0x00, 0x00, 0x00, 0x00, 0x00, 0x00, 0x00, 0x00, 0x00, 0x00, 0x00, 0x00,
    0x00, 0x00, 0x00, 0x00, 0x00, 0x00, 0x00, 0x00, 0x00, 0x00, 0x00, 0x00, 0x00, 0x00, 0x00, 0x00,
    0x00, 0x00, 0x00, 0x00, 0x00, 0x00, 0x00, 0x00, 0x00, 0x00, 0x00, 0x00, 0x00, 0x00, 0x00, 0x00,
    0x00, 0x00, 0x00, 0x00, 0x00, 0x00, 0x00, 0x00, 0x00, 0x00, 0x00, 0x00, 0x00, 0x00, 0x00, 0x00,
    0x00, 0x00, 0x00, 0x00, 0x00, 0x00, 0x00, 0x00, 0x00, 0x00, 0x00, 0x00, 0x00, 0x00, 0x00, 0x00,
    0x00, 0x00, 0x00, 0x00, 0x00, 0x00, 0x00, 0x00, 0x00, 0x00, 0x00, 0x00, 0x00, 0x00, 0x00, 0x00,
    0x00, 0x00, 0x00, 0x00, 0x00, 0x00, 0x00, 0x00, 0x00, 0x00, 0x00, 0x00, 0x00, 0x00, 0x00, 0x00,
    0x00, 0x00, 0x00, 0x00, 0x00, 0x00, 0x00, 0x00, 0x00, 0x00, 0x00, 0x00, 0x00, 0x00, 0x00, 0x00,
    0x00, 0x00, 0x00, 0x00, 0x00, 0x00, 0x00, 0x00, 0x00, 0x00, 0x00, 0x00, 0x00, 0x00, 0x00, 0x00,
    0x00, 0x00, 0x00, 0x00, 0x00, 0x00, 0x00, 0x00, 0x00, 0x00, 0x00, 0x00, 0x00, 0x00, 0x00, 0x00,
    0x00, 0x00, 0x00, 0x00, 0x00, 0x00, 0x00, 0x00, 0x00, 0x00, 0x00, 0x00, 0x00, 0x00, 0x00, 0x00,
    0x00, 0x00, 0x00, 0x00, 0x00, 0x00, 0x00, 0x00, 0x00, 0x00, 0x00, 0x00, 0x00, 0x00, 0x00, 0x00,
    0x00, 0x00, 0x00, 0x00, 0x00, 0x00, 0x00, 0x00, 0x00, 0x00, 0x00, 0x00, 0x00, 0x00, 0x00, 0x00,
    0x00, 0x00, 0x00, 0x00, 0x00, 0x00, 0x00, 0x00, 0x00, 0x00, 0x00, 0x00, 0x00, 0x00, 0x00, 0x00,
    0x00, 0x00, 0x00, 0x00, 0x00, 0x00, 0x00, 0x00, 0x00, 0x00, 0x00, 0x00, 0x00, 0x00, 0x00, 0x00,
    0x00, 0x00, 0x00, 0x00, 0x00, 0x00, 0x00, 0x00, 0x00, 0x00, 0x00, 0x00, 0x00, 0x00, 0x00, 0x00,
    0x00, 0x00, 0x00, 0x00, 0x00, 0x00, 0x00, 0x00, 0x00, 0x00, 0x00, 0x00, 0x00, 0x00, 0x00, 0x00,
    0x00, 0x00, 0x00, 0x00, 0x00, 0x00, 0x00, 0x00, 0x00, 0x00, 0x00, 0x00, 0x00, 0x00, 0x00, 0x00,
    0x00, 0x00, 0x00, 0x00, 0x00, 0x00, 0x00, 0x00, 0x00, 0x00, 0x00, 0x00, 0x00, 0x00, 0x00, 0x00,
    0x00, 0x00, 0x00, 0x00, 0x00, 0x00, 0x00, 0x00, 0x00, 0x00, 0x00, 0x00, 0x00, 0x00, 0x00, 0x00,
    0x00, 0x00, 0x00, 0x00, 0x00, 0x00, 0x00, 0x00, 0x00, 0x00, 0x00, 0x00, 0x00, 0x00, 0x00, 0x00,
    0x00, 0x00, 0x00, 0x00, 0x00, 0x00, 0x00, 0x00, 0x00, 0x00, 0x00, 0x00, 0x00, 0x00, 0x00, 0x00,
    0x00, 0x00, 0x00, 0x00, 0x00, 0x00, 0x00, 0x00, 0x00, 0x00, 0x00, 0x00, 0x00, 0x00, 0x00, 0x00,
    0x00, 0x00, 0x00, 0x00, 0x00, 0x00, 0x00, 0x00, 0x00, 0x00, 0x00, 0x00, 0x00, 0x00, 0x00, 0x00,
    0x00, 0x00, 0x00, 0x00, 0x00, 0x00, 0x00, 0x00, 0x00, 0x00, 0x00, 0x00, 0x00, 0x00, 0x00, 0x00,
    0x00, 0x00, 0x00, 0x00, 0x00, 0x00, 0x00, 0x00, 0x00, 0x00, 0x00, 0x00, 0x00, 0x00, 0x00, 0x00,
    0x00, 0x00, 0x00, 0x00, 0x00, 0x00, 0x00, 0x00, 0x00, 0x00, 0x00, 0x00, 0x00, 0x00, 0x00, 0x00,
    0x00, 0x00, 0x00, 0x00, 0x00, 0x00, 0x00, 0x00, 0x00, 0x00, 0x00, 0x00, 0x00, 0x00, 0x00, 0x00,
    0x00, 0x00, 0x00, 0x00, 0x00, 0x00, 0x00, 0x00, 0x00, 0x00, 0x00, 0x00, 0x00, 0x00, 0x00, 0x00,
    0x00, 0x00, 0x00, 0x00, 0x00, 0x00, 0x00, 0x00, 0x00, 0x00, 0x00, 0x00, 0x00, 0x00, 0x00, 0x00,
    0x00, 0x00, 0x00, 0x00, 0x00, 0x00, 0x00, 0x00, 0x00, 0x00, 0x00, 0x00, 0x00, 0x00, 0x00, 0x00,
    0x00, 0x00, 0x00, 0x00, 0x00, 0x00, 0x00, 0x00, 0x00, 0x00, 0x00, 0x00, 0x00, 0x00, 0x00, 0x00,
    0x00, 0x00, 0x00, 0x00, 0x00, 0x00, 0x00, 0x00, 0x00, 0x00, 0x00, 0x00, 0x00, 0x00, 0x00, 0x00,
    0x00, 0x00, 0x00, 0x00, 0x00, 0x00, 0x00, 0x00, 0x00, 0x00, 0x00, 0x00, 0x00, 0x00, 0x00, 0x00,
    0x00, 0x00, 0x00, 0x00, 0x00, 0x00, 0x00, 0x00, 0x00, 0x00, 0x00, 0x00, 0x00, 0x00, 0x00, 0x00,
    0x00, 0x00, 0x00, 0x00, 0x00, 0x00, 0x00, 0x00, 0x00, 0x00, 0x00, 0x00, 0x00, 0x00, 0x00, 0x00,
    0x00, 0x00, 0x00, 0x00, 0x00, 0x00, 0x00, 0x00, 0x00, 0x00, 0x00, 0x00, 0x00, 0x00, 0x00, 0x00,
    0x00, 0x00, 0x00, 0x00, 0x00, 0x00, 0x00, 0x00, 0x00, 0x00, 0x00, 0x00, 0x00, 0x00, 0x00, 0x00,
    0x00, 0x00, 0x00, 0x00, 0x00, 0x00, 0x00, 0x00, 0x00, 0x00, 0x00, 0x00, 0x00, 0x00, 0x00, 0x00,
    0x00, 0x00, 0x00, 0x00, 0x00, 0x00, 0x00, 0x00, 0x00, 0x00, 0x00, 0x00, 0x00, 0x00, 0x00, 0x00,
    0x00, 0x00, 0x00, 0x00, 0x00, 0x00, 0x00, 0x00, 0x00, 0x00, 0x00, 0x00, 0x00, 0x00, 0x00, 0x00,
    0x00, 0x00, 0x00, 0x00, 0x08, 0xff, 0x00, 0x01, 0x08, 0x1c, 0x48, 0xb0, 0x60, 0xc1, 0x01, 0x04,
    0x0c, 0x2a, 0x5c, 0xc8, 0xb0, 0xa1, 0xc3, 0x87, 0x10, 0x23, 0x46, 0x44, 0x28, 0xb1, 0xa2, 0xc2,
    0x01, 0x0b, 0x1e, 0x3c, 0x60, 0x50, 0xc0, 0xa2, 0xc7, 0x8f, 0x20, 0x43, 0x1e, 0xcc, 0xb8, 0xb1,
    0xa3, 0xc8, 0x87, 0x03, 0x1c, 0x68, 0x5c, 0x69, 0xe0, 0xa4, 0xcb, 0x97, 0x30, 0x53, 0xae, 0xd4,
    0xd8, 0x12, 0xa6, 0x41, 0x02, 0x2a, 0x67, 0x6a, 0x3c, 0x60, 0xb3, 0xa7, 0xcf, 0x87, 0x38, 0x75,
    0xee, 0xfc, 0x09, 0xc0, 0x80, 0xd0, 0x99, 0x09, 0x88, 0x2a, 0x25, 0x6a, 0xf4, 0xa8, 0xc6, 0xa4,
    0x3d, 0x9b, 0x3a, 0x7d, 0xba, 0xb4, 0xea, 0x4b, 0xa9, 0x53, 0xa1, 0x5e, 0x9d, 0xaa, 0x53, 0xab,
    0xd5, 0xaf, 0x15, 0xb1, 0x72, 0xf5, 0x1a, 0xf2, 0x00, 0x57, 0xa1, 0x09, 0x02, 0x80, 0x5d, 0xfb,
    0xd0, 0xec, 0x59, 0xa4, 0x6a, 0x43, 0x26, 0x70, 0x8a, 0x40, 0xec, 0x4a, 0x06, 0x71, 0xd9, 0xea,
    0x25, 0x38, 0xf7, 0x68, 0x5d, 0xa7, 0x78, 0x41, 0xf6, 0x45, 0x2b, 0xd0, 0xae, 0xc6, 0xc0, 0x7b,
    0xf7, 0x0e, 0xee, 0x5a, 0x18, 0x70, 0x5e, 0x89, 0x8b, 0x91, 0x12, 0x34, 0xbc, 0xf1, 0x71, 0x62,
    0xab, 0x91, 0x57, 0x7a, 0xa5, 0x8c, 0x18, 0x62, 0x80, 0xcc, 0x54, 0x0b, 0x72, 0x16, 0x70, 0xd9,
    0xea, 0x67, 0xa7, 0x64, 0x8b, 0x02, 0x26, 0xfd, 0x30, 0x00, 0x03, 0xa7, 0x35, 0x0d, 0xca, 0x14,
    0xea, 0x60, 0x40, 0x69, 0xa5, 0xae, 0x61, 0x2f, 0x9c, 0xad, 0xb3, 0xb6, 0xc3, 0xdc, 0x47, 0x63,
    0x5f, 0xcc, 0xd9, 0xdb, 0xf6, 0xed, 0x9e, 0xc0, 0x85, 0x0a, 0x97, 0x4d, 0x7c, 0xa6, 0xef, 0x85,
    0xc9, 0x75, 0x2e, 0x1f, 0x7e, 0xf4, 0xf9, 0x71, 0x97, 0xd1, 0x67, 0x4e, 0x67, 0x5e, 0xdd, 0x78,
    0x41, 0x01, 0xaf, 0x83, 0x4f, 0xff, 0x6c, 0xbe, 0xd2, 0x41, 0xc2, 0xeb, 0x22, 0xc1, 0xeb, 0x86,
    0xc8, 0xdb, 0xf9, 0xf9, 0x81, 0xed, 0xcb, 0x7b, 0xf7, 0x1c, 0x5e, 0x39, 0x7a, 0x90, 0xf1, 0x35,
    0x5a, 0xa7, 0xbf, 0x1e, 0x40, 0xfe, 0x07, 0xfb, 0x45, 0x94, 0x1d, 0x4b, 0xf7, 0x59, 0xf4, 0x5f,
    0x80, 0xfc, 0x89, 0x17, 0x00, 0x79, 0xfa, 0xcd, 0x57, 0xd1, 0x80, 0x1a, 0x39, 0x58, 0x20, 0x43,
    0x0b, 0x76, 0x07, 0x12, 0x84, 0x0f, 0x20, 0x64, 0x61, 0x48, 0x10, 0x22, 0x30, 0x21, 0x44, 0x04,
    0x6c, 0x78, 0x61, 0x7d, 0x33, 0x21, 0x30, 0x80, 0x50, 0x9d, 0x89, 0x94, 0x19, 0x4f, 0x1f, 0x3a,
    0x74, 0xa2, 0x4e, 0x29, 0xca, 0x25, 0x14, 0x4f, 0x24, 0x3a, 0xc0, 0xda, 0x4b, 0x35, 0xde, 0xd8,
    0x22, 0x43, 0x39, 0xda, 0xd4, 0x63, 0x00, 0x24, 0x35, 0x20, 0xa1, 0x48, 0x40, 0x6a, 0x24, 0xe4,
    0x8e, 0xad, 0x05, 0x39, 0x24, 0x87, 0x4a, 0x12, 0x84, 0x90, 0x65, 0x31, 0x11, 0x00, 0x25, 0x92,
    0xbb, 0x49, 0x49, 0xd4, 0x93, 0x54, 0x66, 0xa9, 0xe5, 0x96, 0x5c, 0x76, 0xe9, 0xe5, 0x97, 0x60,
    0x86, 0x29, 0xe6, 0x98, 0x64, 0x96, 0x09, 0x53, 0x00, 0x02, 0x20, 0x44, 0xc0, 0x9a, 0x03, 0x0c,
    0x20, 0xc0, 0x94, 0x66, 0x22, 0x97, 0xe6, 0x9a, 0x6c, 0xba, 0x09, 0x67, 0x43, 0x01, 0x0c, 0x50,
    0x80, 0x01, 0x7c, 0xf6, 0xe9, 0x67, 0x01, 0x04, 0xe8, 0x68, 0xd3, 0x00, 0x0a, 0x2c, 0x60, 0x52,
    0x4f, 0x84, 0x1a, 0x4a, 0x54, 0x9e, 0x7b, 0xfa, 0xe9, 0x28, 0xa0, 0x82, 0x36, 0x44, 0x00, 0x9f,
    0x05, 0x54, 0x6a, 0xe9, 0xa5, 0x95, 0xf2, 0x69, 0xa5, 0x4d, 0x02, 0x10, 0xb7, 0x5d, 0x48, 0xbc,
    0x1d, 0x0a, 0xd3, 0xa4, 0x06, 0x60, 0x6a, 0x6a, 0xa3, 0x9b, 0x4a, 0x5a, 0xea, 0xa9, 0xac, 0x96,
    0x7a, 0xa7, 0x47, 0x08, 0xe8, 0xfc, 0xb4, 0xe4, 0x40, 0x01, 0x18, 0x70, 0x40, 0xa4, 0x05, 0x05,
    0xd0, 0xc0, 0x4c, 0x0b, 0xf4, 0x34, 0x29, 0xab, 0xad, 0x16, 0xf0, 0xea, 0x00, 0xab, 0x02, 0x7b,
    0x6a, 0xa9, 0x36, 0xb9, 0x55, 0x1e, 0xae, 0x02, 0x0d, 0xb0, 0x2b, 0x80, 0x9f, 0x0a, 0x44, 0xe2,
    0x03, 0xbd, 0xc6, 0x54, 0xac, 0xb1, 0x98, 0x22, 0xcb, 0x10, 0xb6, 0xc6, 0x1a, 0xf0, 0xea, 0x83,
    0xd3, 0xc6, 0xd8, 0x2c, 0x79, 0x9f, 0x46, 0x86, 0x60, 0x48, 0xdc, 0x02, 0xeb, 0xed, 0xb6, 0xe9,
    0xb2, 0xfa, 0x2d, 0xb8, 0x3a, 0x55, 0x3b, 0x19, 0x83, 0x0f, 0x78, 0x58, 0x50, 0xac, 0xce, 0xcd,
    0xfa, 0x51, 0xbb, 0xee, 0x32, 0x44, 0x2c, 0xbf, 0x96, 0x1a, 0xf0, 0xde, 0x99, 0xd3, 0x6e, 0x36,
    0xd6, 0x64, 0xc5, 0xf9, 0xf4, 0x2f, 0xc0, 0x7b, 0x0e, 0x7c, 0xd1, 0xb5, 0xdc, 0x0a, 0x7c, 0x25,
    0x79, 0x2c, 0x52, 0x26, 0x99, 0x7f, 0xf6, 0xfd, 0xb4, 0x70, 0xbb, 0x12, 0x3f, 0x24, 0x40, 0xa3,
    0xdd, 0x96, 0xaa, 0xef, 0x49, 0x21, 0xea, 0x44, 0x40, 0x01, 0x42, 0x29, 0xa0, 0xac, 0x66, 0x9d,
    0xea, 0x64, 0x2f, 0x51, 0x1f, 0x53, 0xaa, 0xae, 0xc8, 0x15, 0x09, 0x70, 0x72, 0xa3, 0x7f, 0x42,
    0xfa, 0xee, 0x49, 0x62, 0x31, 0x08, 0x95, 0x5d, 0xe4, 0xa5, 0xf6, 0x93, 0xcd, 0x99, 0x3e, 0xaa,
    0xf3, 0x85, 0x69, 0xb6, 0x69, 0xa7, 0x5e, 0xf8, 0xa2, 0x86, 0xf0, 0x54, 0x0c, 0xe8, 0x85, 0xa6,
    0xd2, 0x4b, 0xc7, 0x09, 0x00, 0x68, 0x0f, 0xa4, 0xc6, 0xd9, 0xce, 0x56, 0x7f, 0x35, 0x20, 0x8b,
    0x06, 0x15, 0x40, 0xde, 0xb9, 0x5d, 0x5f, 0x56, 0x21, 0x81, 0xfe, 0x36, 0xe7, 0x70, 0xd9, 0xc7,
    0x0d, 0xf0, 0x9a, 0x03, 0xd1, 0xc2, 0xf7, 0x76, 0xdc, 0x6c, 0x5f, 0x96, 0x2a, 0x50, 0x5c, 0x17,
    0x18, 0x10, 0x00, 0x21, 0xf9, 0x04, 0x04, 0x04, 0x00, 0x00, 0x00, 0x2c, 0x15, 0x00, 0x1a, 0x00,
    0x94, 0x00, 0x2f, 0x00, 0x87, 0x00, 0x00, 0x00, 0x0d, 0x03, 0x03, 0x1a, 0x06, 0x06, 0x26, 0x09,
    0x0a, 0x33, 0x0d, 0x0d, 0x40, 0x10, 0x10, 0x4d, 0x13, 0x13, 0x5a, 0x16, 0x16, 0x66, 0x19, 0x1a,
    0x73, 0x1c, 0x1d, 0x80, 0x1f, 0x20, 0x8d, 0x22, 0x23, 0x9a, 0x26, 0x26, 0xa6, 0x29, 0x2a, 0xb3,
    0x2c, 0x2d, 0xc0, 0x2f, 0x30, 0x00, 0x00, 0x00, 0x00, 0x00, 0x00, 0x00, 0x00, 0x00, 0x00, 0x00,
    0x00, 0x00, 0x00, 0x00, 0x00, 0x00, 0x00, 0x00, 0x00, 0x00, 0x00, 0x00, 0x00, 0x00, 0x00, 0x00,
    0x00, 0x00, 0x00, 0x00, 0x00, 0x00, 0x00, 0x00, 0x00, 0x00, 0x00, 0x00, 0x00, 0x00, 0x00, 0x00,
    0x00, 0x00, 0x00, 0x00, 0x00, 0x00, 0x00, 0x00, 0x00, 0x00, 0x00, 0x00, 0x00, 0x00, 0x00, 0x00,
    0x00, 0x00, 0x00, 0x00, 0x00, 0x00, 0x00, 0x00, 0x00, 0x00, 0x00, 0x00, 0x00, 0x00, 0x00, 0x00,
    0x00, 0x00, 0x00, 0x00, 0x00, 0x00, 0x00, 0x00, 0x00, 0x00, 0x00, 0x00, 0x00, 0x00, 0x00, 0x00,
    0x00, 0x00, 0x00, 0x00, 0x00, 0x00, 0x00, 0x00, 0x00, 0x00, 0x00, 0x00, 0x00, 0x00, 0x00, 0x00,
    0x00, 0x00, 0x00, 0x00, 0x00, 0x00, 0x00, 0x00, 0x00, 0x00, 0x00, 0x00, 0x00, 0x00, 0x00, 0x00,
    0x00, 0x00, 0x00, 0x00, 0x00, 0x00, 0x00, 0x00, 0x00, 0x00, 0x00, 0x00, 0x00, 0x00, 0x00, 0x00,
    0x00, 0x00, 0x00, 0x00, 0x00, 0x00, 0x00, 0x00, 0x00, 0x00, 0x00, 0x00, 0x00, 0x00, 0x00, 0x00,
    0x00, 0x00, 0x00, 0x00, 0x00, 0x00, 0x00, 0x00, 0x00, 0x00, 0x00, 0x00, 0x00, 0x00, 0x00, 0x00,
    0x00, 0x00, 0x00, 0x00, 0x00, 0x00, 0x00, 0x00, 0x00, 0x00, 0x00, 0x00, 0x00, 0x00, 0x00, 0x00,
    0x00, 0x00, 0x00, 0x00, 0x00, 0x00, 0x00, 0x00, 0x00, 0x00, 0x00, 0x00, 0x00, 0x00, 0x00, 0x00,
    0x00, 0x00, 0x00, 0x00, 0x00, 0x00, 0x00, 0x00, 0x00, 0x00, 0x00, 0x00, 0x00, 0x00, 0x00, 0x00,
    0x00, 0x00, 0x00, 0x00, 0x00, 0x00, 0x00, 0x00, 0x00, 0x00, 0x00, 0x00, 0x00, 0x00, 0x00, 0x00,
    0x00, 0x00, 0x00, 0x00, 0x00, 0x00, 0x00, 0x00, 0x00, 0x00, 0x00, 0x00, 0x00, 0x00, 0x00, 0x00,
    0x00, 0x00, 0x00, 0x00, 0x00, 0x00, 0x00, 0x00, 0x00, 0x00, 0x00, 0x00, 0x00, 0x00, 0x00, 0x00,
    0x00, 0x00, 0x00, 0x00, 0x00, 0x00, 0x00, 0x00, 0x00, 0x00, 0x00, 0x00, 0x00, 0x00, 0x00, 0x00,
    0x00, 0x00, 0x00, 0x00, 0x00, 0x00, 0x00, 0x00, 0x00, 0x00, 0x00, 0x00, 0x00, 0x00, 0x00, 0x00,
    0x00, 0x00, 0x00, 0x00, 0x00, 0x00, 0x00, 0x00, 0x00, 0x00, 0x00, 0x00, 0x00, 0x00, 0x00, 0x00,
    0x00, 0x00, 0x00, 0x00, 0x00, 0x00, 0x00, 0x00, 0x00, 0x00, 0x00, 0x00, 0x00, 0x00, 0x00, 0x00,
    0x00, 0x00, 0x00, 0x00, 0x00, 0x00, 0x00, 0x00, 0x00, 0x00, 0x00, 0x00, 0x00, 0x00, 0x00, 0x00,
    0x00, 0x00, 0x00, 0x00, 0x00, 0x00, 0x00, 0x00, 0x00, 0x00, 0x00, 0x00, 0x00, 0x00, 0x00, 0x00,
    0x00, 0x00, 0x00, 0x00, 0x00, 0x00, 0x00, 0x00, 0x00, 0x00, 0x00, 0x00, 0x00, 0x00, 0x00, 0x00,
    0x00, 0x00, 0x00, 0x00, 0x00, 0x00, 0x00, 0x00, 0x00, 0x00, 0x00, 0x00, 0x00, 0x00, 0x00, 0x00,
    0x00, 0x00, 0x00, 0x00, 0x00, 0x00, 0x00, 0x00, 0x00, 0x00, 0x00, 0x00, 0x00, 0x00, 0x00, 0x00,
    0x00, 0x00, 0x00, 0x00, 0x00, 0x00, 0x00, 0x00, 0x00, 0x00, 0x00, 0x00, 0x00, 0x00, 0x00, 0x00,
    0x00, 0x00, 0x00, 0x00, 0x00, 0x00, 0x00, 0x00, 0x00, 0x00, 0x00, 0x00, 0x00, 0x00, 0x00, 0x00,
    0x00, 0x00, 0x00, 0x00, 0x00, 0x00, 0x00, 0x00, 0x00, 0x00, 0x00, 0x00, 0x00, 0x00, 0x00, 0x00,
    0x00, 0x00, 0x00, 0x00, 0x00, 0x00, 0x00, 0x00, 0x00, 0x00, 0x00, 0x00, 0x00, 0x00, 0x00, 0x00,
    0x00, 0x00, 0x00, 0x00, 0x00, 0x00, 0x00, 0x00, 0x00, 0x00, 0x00, 0x00, 0x00, 0x00, 0x00, 0x00,
    0x00, 0x00, 0x00, 0x00, 0x00, 0x00, 0x00, 0x00, 0x00, 0x00, 0x00, 0x00, 0x00, 0x00, 0x00, 0x00,
    0x00, 0x00, 0x00, 0x00, 0x00, 0x00, 0x00, 0x00, 0x00, 0x00, 0x00, 0x00, 0x00, 0x00, 0x00, 0x00,
    0x00, 0x00, 0x00, 0x00, 0x00, 0x00, 0x00, 0x00, 0x00, 0x00, 0x00, 0x00, 0x00, 0x00, 0x00, 0x00,
    0x00, 0x00, 0x00, 0x00, 0x00, 0x00, 0x00, 0x00, 0x00, 0x00, 0x00, 0x00, 0x00, 0x00, 0x00, 0x00,
    0x00, 0x00, 0x00, 0x00, 0x00, 0x00, 0x00, 0x00, 0x00, 0x00, 0x00, 0x00, 0x00, 0x00, 0x00, 0x00,
    0x00, 0x00, 0x00, 0x00, 0x00, 0x00, 0x00, 0x00, 0x00, 0x00, 0x00, 0x00, 0x00, 0x00, 0x00, 0x00,
    0x00, 0x00, 0x00, 0x00, 0x00, 0x00, 0x00, 0x00, 0x00, 0x00, 0x00, 0x00, 0x00, 0x00, 0x00, 0x00,
    0x00, 0x00, 0x00, 0x00, 0x00, 0x00, 0x00, 0x00, 0x00, 0x00, 0x00, 0x00, 0x00, 0x00, 0x00, 0x00,
    0x00, 0x00, 0x00, 0x00, 0x00, 0x00, 0x00, 0x00, 0x00, 0x00, 0x00, 0x00, 0x00, 0x00, 0x00, 0x00,
    0x00, 0x00, 0x00, 0x00, 0x00, 0x00, 0x00, 0x00, 0x00, 0x00, 0x00, 0x00, 0x00, 0x00, 0x00, 0x00,
    0x00, 0x00, 0x00, 0x00, 0x00, 0x00, 0x00, 0x00, 0x00, 0x00, 0x00, 0x00, 0x00, 0x00, 0x00, 0x00,
    0x00, 0x00, 0x00, 0x00, 0x00, 0x00, 0x00, 0x00, 0x00, 0x00, 0x00, 0x00, 0x00, 0x00, 0x00, 0x00,
    0x00, 0x00, 0x00, 0x00, 0x00, 0x00, 0x00, 0x00, 0x00, 0x00, 0x00, 0x00, 0x00, 0x00, 0x00, 0x00,
    0x00, 0x00, 0x00, 0x00, 0x00, 0x00, 0x00, 0x00, 0x00, 0x00, 0x00, 0x00, 0x00, 0x00, 0x00, 0x00,
    0x00, 0x00, 0x00, 0x00, 0x00, 0x08, 0xff, 0x00, 0x01, 0x08, 0x1c, 0x48, 0xb0, 0x60, 0xc1, 0x00,
    0x01, 0x0c, 0x2a, 0x5c, 0xc8, 0xb0, 0xa1, 0xc3, 0x87, 0x10, 0x23, 0x46, 0x44, 0x28, 0xb1, 0xa2,
    0xc2, 0x00, 0x08, 0x1a, 0x38, 0x48, 0x20, 0xc0, 0xa2, 0xc7, 0x8f, 0x20, 0x43, 0x1e, 0xcc, 0xb8,
    0xb1, 0xa3, 0xc8, 0x87, 0x01, 0x18, 0x3c, 0x58, 0xf9, 0xc0, 0xc1, 0x80, 0x93, 0x30, 0x63, 0xca,
    0x4c, 0xc9, 0xb2, 0xe5, 0x4b, 0x99, 0x06, 0x69, 0xd6, 0xb4, 0x89, 0xb3, 0xa7, 0x4f, 0x94, 0x2a,
    0x77, 0xba, 0xfc, 0x09, 0x60, 0x80, 0x83, 0x9d, 0x35, 0x0d, 0x10, 0x5d, 0x4a, 0xd4, 0x28, 0x52,
    0x96, 0x4a, 0x7b, 0x3a, 0x7d, 0x0a, 0x95, 0xa9, 0xd5, 0x98, 0x53, 0xa9, 0x3e, 0x88, 0x8a, 0xf5,
    0xa8, 0xd6, 0xaa, 0x57, 0xc3, 0x7a, 0xcc, 0xfa, 0x95, 0xab, 0x48, 0xb2, 0x5f, 0xb7, 0x8a, 0x5d,
    0x0b, 0x11, 0x6d, 0xd9, 0x93, 0x06, 0xa8, 0x2e, 0x48, 0x40, 0x35, 0x01, 0xdb, 0xbb, 0x0a, 0xe3,
    0x3e, 0x9d, 0x5b, 0x37, 0xa4, 0x5e, 0xa4, 0x0c, 0x12, 0xd2, 0x7d, 0x6a, 0x17, 0xaf, 0xe1, 0xbf,
    0x3b, 0x03, 0x03, 0x18, 0x8c, 0xb4, 0xb0, 0x45, 0xc4, 0x35, 0x15, 0x0b, 0x64, 0xbc, 0xd3, 0xb1,
    0x61, 0xb1, 0x90, 0x59, 0x4a, 0x5e, 0xdc, 0xb7, 0x62, 0xe6, 0x95, 0x9b, 0x27, 0x77, 0xbe, 0x7c,
    0xf5, 0xf3, 0x83, 0xd0, 0x9c, 0x09, 0x4b, 0xa4, 0x5c, 0x33, 0x41, 0x42, 0x83, 0x07, 0xa8, 0xa2,
    0x26, 0xdd, 0x93, 0x35, 0x4b, 0xd7, 0x0a, 0x63, 0x3f, 0x9d, 0x6d, 0xd0, 0xf6, 0x4a, 0xcb, 0x06,
    0x4d, 0xf3, 0xa6, 0x7d, 0xd2, 0xf7, 0x03, 0xe0, 0x05, 0x85, 0xbf, 0x5e, 0x68, 0x1c, 0x79, 0x70,
    0xd9, 0xcb, 0x89, 0xc3, 0x6c, 0xfe, 0x50, 0x39, 0xf3, 0xd1, 0x0e, 0xad, 0x4b, 0x2f, 0x8e, 0xbd,
    0xa1, 0xf6, 0x81, 0x3a, 0x91, 0x1e, 0xff, 0xa8, 0x48, 0xc0, 0xab, 0xd0, 0x9b, 0xdb, 0x3d, 0x86,
    0xdf, 0x39, 0x5e, 0x62, 0xf9, 0xa7, 0x43, 0x05, 0xae, 0x4f, 0x3a, 0xd6, 0x7c, 0xcd, 0xf8, 0xe9,
    0x25, 0xce, 0x07, 0x5b, 0xd1, 0x2d, 0x4f, 0x00, 0x41, 0x21, 0x65, 0x56, 0x7f, 0xf6, 0xb1, 0xe4,
    0x80, 0x49, 0xf9, 0x41, 0x14, 0xe0, 0x4e, 0x03, 0x4a, 0xe4, 0xdf, 0x81, 0x03, 0x50, 0xd5, 0x20,
    0x81, 0x4f, 0xb5, 0x97, 0xa0, 0x43, 0x11, 0x3e, 0x35, 0xa1, 0x83, 0x05, 0xae, 0x74, 0x00, 0x01,
    0x48, 0x39, 0x40, 0x00, 0x4c, 0x02, 0x2c, 0xb8, 0x12, 0x02, 0x17, 0x3e, 0x04, 0xa2, 0x50, 0x23,
    0x9e, 0x54, 0x22, 0x52, 0x08, 0x04, 0x50, 0x60, 0x8b, 0x30, 0xc9, 0xb8, 0x13, 0x7a, 0x29, 0x2e,
    0x64, 0x63, 0x4d, 0x34, 0x9e, 0xb4, 0x23, 0x4b, 0x2f, 0x65, 0xb5, 0x21, 0x48, 0x42, 0xe6, 0xf8,
    0x50, 0x91, 0x38, 0x21, 0x09, 0x80, 0x00, 0x07, 0x1c, 0x80, 0xa3, 0x4c, 0x4c, 0x3a, 0x69, 0x24,
    0x44, 0x51, 0x3e, 0x19, 0x53, 0x95, 0x53, 0x66, 0xa9, 0xe5, 0x96, 0x5c, 0x76, 0xe9, 0xe5, 0x97,
    0x60, 0x86, 0x29, 0xe6, 0x98, 0x64, 0x96, 0x89, 0x53, 0x00, 0x02, 0x0c, 0xa0, 0xe6, 0x00, 0x02,
    0x44, 0x67, 0xa6, 0x55, 0x68, 0xae, 0xc9, 0xa6, 0x9b, 0x15, 0x09, 0x40, 0x40, 0x01, 0x05, 0x18,
    0xa0, 0xe7, 0x9e, 0x78, 0x12, 0xd0, 0x26, 0x51, 0x01, 0x34, 0x89, 0xe0, 0x99, 0x82, 0x2e, 0x65,
    0x27, 0x9e, 0x7b, 0xf2, 0x59, 0x80, 0x9f, 0x74, 0x32, 0x24, 0x40, 0x9e, 0x06, 0xe0, 0x29, 0xe9,
    0xa4, 0x90, 0x16, 0x60, 0xa5, 0x8f, 0x41, 0xe1, 0x17, 0x93, 0x4e, 0x9a, 0x5e, 0x59, 0x29, 0xa5,
    0x93, 0xea, 0x69, 0x69, 0x5b, 0x91, 0x82, 0x6a, 0x2a, 0xa2, 0x3d, 0xc2, 0xa4, 0xdb, 0x4a, 0x0e,
    0x34, 0x5a, 0x50, 0x9a, 0x10, 0x2d, 0xf6, 0x50, 0xd3, 0x02, 0x52, 0x95, 0x7a, 0x2a, 0xa8, 0x06,
    0xa4, 0x6a, 0xd0, 0x00, 0xb6, 0xde, 0x8a, 0xab, 0xae, 0x21, 0x21, 0x90, 0x98, 0xab, 0x00, 0x04,
    0xa0, 0x00, 0x68, 0x97, 0x0e, 0xc4, 0x1a, 0xad, 0x32, 0xf1, 0xea, 0xeb, 0xa9, 0xb9, 0x36, 0xf4,
    0xec, 0xb3, 0xc4, 0x5a, 0x24, 0x40, 0x81, 0xce, 0x15, 0xbb, 0x60, 0xa7, 0x03, 0x65, 0x56, 0x00,
    0x4e, 0xd3, 0xfa, 0x4a, 0x6c, 0xb8, 0xd0, 0x56, 0x6b, 0x11, 0x5a, 0x28, 0x16, 0x34, 0x80, 0x89,
    0x2d, 0x7d, 0x5b, 0x50, 0x01, 0x02, 0xf6, 0x44, 0xae, 0xa9, 0x06, 0x10, 0xeb, 0xec, 0xbc, 0x88,
    0xba, 0x9b, 0x64, 0x81, 0x66, 0xf9, 0xb7, 0x52, 0xbf, 0xfc, 0xfa, 0x74, 0x2f, 0xbe, 0x91, 0x3a,
    0x44, 0x40, 0xaf, 0xd3, 0x46, 0x6a, 0xee, 0x47, 0xf0, 0xee, 0xd4, 0xa2, 0xbf, 0x60, 0xfd, 0x78,
    0x22, 0x51, 0x07, 0x13, 0x5c, 0xc0, 0xc2, 0x07, 0x23, 0x4c, 0x6f, 0xae, 0x0b, 0x83, 0xb4, 0x2a,
    0xab, 0x02, 0x5c, 0x9b, 0x98, 0xac, 0x0c, 0x02, 0xb8, 0x93, 0x02, 0x4c, 0x65, 0x9c, 0x30, 0xc7,
    0x13, 0x0d, 0x00, 0x69, 0xa2, 0x89, 0x2e, 0x3a, 0x28, 0x51, 0xac, 0x35, 0xd0, 0xc0, 0xb0, 0xa9,
    0x45, 0x86, 0x33, 0x53, 0x01, 0xb8, 0x0c, 0x33, 0xcc, 0x32, 0x7f, 0x14, 0x27, 0x01, 0x44, 0x13,
    0xa0, 0xe6, 0x9f, 0x62, 0x91, 0x0c, 0x9d, 0xb2, 0x5f, 0xb5, 0xba, 0xd6, 0xd0, 0x45, 0x1f, 0xdd,
    0x71, 0x96, 0xfb, 0x81, 0xe6, 0xa6, 0x71, 0xdc, 0xbe, 0x49, 0x9a, 0xc8, 0x3b, 0x2d, 0xd0, 0xa8,
    0xb0, 0x48, 0xe9, 0xab, 0xf5, 0x76, 0x19, 0xde, 0xe6, 0x1d, 0x7b, 0x63, 0x5f, 0xf8, 0x57, 0xb6,
    0x04, 0xad, 0x9d, 0x76, 0x8a, 0x4c, 0x02, 0xab, 0x50, 0xdc, 0x60, 0x06, 0x04, 0x00, 0x21, 0xf9,
    0x04, 0x04, 0x04, 0x00, 0x00, 0x00, 0x2c, 0x15, 0x00, 0x1a, 0x00, 0x94, 0x00, 0x30, 0x00, 0x87,
    0x00, 0x00, 0x00, 0x0d, 0x03, 0x03, 0x1a, 0x06, 0x06, 0x26, 0x09, 0x0a, 0x33, 0x0d, 0x0d, 0x40,
    0x10, 0x10, 0x4d, 0x13, 0x13, 0x5a, 0x16, 0x16, 0x66, 0x19, 0x1a, 0x73, 0x1c, 0x1d, 0x80, 0x1f,
    0x20, 0x8d, 0x22, 0x23, 0x9a, 0x26, 0x26, 0xa6, 0x29, 0x2a, 0xb3, 0x2c, 0x2d, 0xc0, 0x2f, 0x30,
    0x00, 0x00, 0x00, 0x00, 0x00, 0x00, 0x00, 0x00, 0x00, 0x00, 0x00, 0x00, 0x00, 0x00, 0x00, 0x00,
    0x00, 0x00, 0x00, 0x00, 0x00, 0x00, 0x00, 0x00, 0x00, 0x00, 0x00, 0x00, 0x00, 0x00, 0x00, 0x00,
    0x00, 0x00, 0x00, 0x00, 0x00, 0x00, 0x00, 0x00, 0x00, 0x00, 0x00, 0x00, 0x00, 0x00, 0x00, 0x00,
    0x00, 0x00, 0x00, 0x00, 0x00, 0x00, 0x00, 0x00, 0x00, 0x00, 0x00, 0x00, 0x00, 0x00, 0x00, 0x00,
    0x00, 0x00, 0x00, 0x00, 0x00, 0x00, 0x00, 0x00, 0x00, 0x00, 0x00, 0x00, 0x00, 0x00, 0x00, 0x00,
    0x00, 0x00, 0x00, 0x00, 0x00, 0x00, 0x00, 0x00, 0x00, 0x00, 0x00, 0x00, 0x00, 0x00, 0x00, 0x00,
    0x00, 0x00, 0x00, 0x00, 0x00, 0x00, 0x00, 0x00, 0x00, 0x00, 0x00, 0x00, 0x00, 0x00, 0x00, 0x00,
    0x00, 0x00, 0x00, 0x00, 0x00, 0x00, 0x00, 0x00, 0x00, 0x00, 0x00, 0x00, 0x00, 0x00, 0x00, 0x00,
    0x00, 0x00, 0x00, 0x00, 0x00, 0x00, 0x00, 0x00, 0x00, 0x00, 0x00, 0x00, 0x00, 0x00, 0x00, 0x00,
    0x00, 0x00, 0x00, 0x00, 0x00, 0x00, 0x00, 0x00, 0x00, 0x00, 0x00, 0x00, 0x00, 0x00, 0x00, 0x00,
    0x00, 0x00, 0x00, 0x00, 0x00, 0x00, 0x00, 0x00, 0x00, 0x00, 0x00, 0x00, 0x00, 0x00, 0x00, 0x00,
    0x00, 0x00, 0x00, 0x00, 0x00, 0x00, 0x00, 0x00, 0x00, 0x00, 0x00, 0x00, 0x00, 0x00, 0x00, 0x00,
    0x00, 0x00, 0x00, 0x00, 0x00, 0x00, 0x00, 0x00, 0x00, 0x00, 0x00, 0x00, 0x00, 0x00, 0x00, 0x00,
    0x00, 0x00, 0x00, 0x00, 0x00, 0x00, 0x00, 0x00, 0x00, 0x00, 0x00, 0x00, 0x00, 0x00, 0x00, 0x00,
    0x00, 0x00, 0x00, 0x00, 0x00, 0x00, 0x00, 0x00, 0x00, 0x00, 0x00, 0x00, 0x00, 0x00, 0x00, 0x00,
    0x00, 0x00, 0x00, 0x00, 0x00, 0x00, 0x00, 0x00, 0x00, 0x00, 0x00, 0x00, 0x00, 0x00, 0x00, 0x00,
    0x00, 0x00, 0x00, 0x00, 0x00, 0x00, 0x00, 0x00, 0x00, 0x00, 0x00, 0x00, 0x00, 0x00, 0x00, 0x00,
    0x00, 0x00, 0x00, 0x00, 0x00, 0x00, 0x00, 0x00, 0x00, 0x00, 0x00, 0x00, 0x00, 0x00, 0x00, 0x00,
    0x00, 0x00, 0x00, 0x00, 0x00, 0x00, 0x00, 0x00, 0x00, 0x00, 0x00, 0x00, 0x00, 0x00, 0x00, 0x00,
    0x00, 0x00, 0x00, 0x00, 0x00, 0x00, 0x00, 0x00, 0x00, 0x00, 0x00, 0x00, 0x00, 0x00, 0x00, 0x00,
    0x00, 0x00, 0x00, 0x00, 0x00, 0x00, 0x00, 0x00, 0x00, 0x00, 0x00, 0x00, 0x00, 0x00, 0x00, 0x00,
    0x00, 0x00, 0x00, 0x00, 0x00, 0x00, 0x00, 0x00, 0x00, 0x00, 0x00, 0x00, 0x00, 0x00, 0x00, 0x00,
    0x00, 0x00, 0x00, 0x00, 0x00, 0x00, 0x00, 0x00, 0x00, 0x00, 0x00, 0x00, 0x00, 0x00, 0x00, 0x00,
    0x00, 0x00, 0x00, 0x00, 0x00, 0x00, 0x00, 0x00, 0x00, 0x00, 0x00, 0x00, 0x00, 0x00, 0x00, 0x00,
    0x00, 0x00, 0x00, 0x00, 0x00, 0x00, 0x00, 0x00, 0x00, 0x00, 0x00, 0x00, 0x00, 0x00, 0x00, 0x00,
    0x00, 0x00, 0x00, 0x00, 0x00, 0x00, 0x00, 0x00, 0x00, 0x00, 0x00, 0x00, 0x00, 0x00, 0x00, 0x00,
    0x00, 0x00, 0x00, 0x00, 0x00, 0x00, 0x00, 0x00, 0x00, 0x00, 0x00, 0x00, 0x00, 0x00, 0x00, 0x00,
    0x00, 0x00, 0x00, 0x00, 0x00, 0x00, 0x00, 0x00, 0x00, 0x00, 0x00, 0x00, 0x00, 0x00, 0x00, 0x00,
    0x00, 0x00, 0x00, 0x00, 0x00, 0x00, 0x00, 0x00, 0x00, 0x00, 0x00, 0x00, 0x00, 0x00, 0x00, 0x00,
    0x00, 0x00, 0x00, 0x00, 0x00, 0x00, 0x00, 0x00, 0x00, 0x00, 0x00, 0x00, 0x00, 0x00, 0x00, 0x00,
    0x00, 0x00, 0x00, 0x00, 0x00, 0x00, 0x00, 0x00, 0x00, 0x00, 0x00, 0x00, 0x00, 0x00, 0x00, 0x00,
    0x00, 0x00, 0x00, 0x00, 0x00, 0x00, 0x00, 0x00, 0x00, 0x00, 0x00, 0x00, 0x00, 0x00, 0x00, 0x00,
    0x00, 0x00, 0x00, 0x00, 0x00, 0x00, 0x00, 0x00, 0x00, 0x00, 0x00, 0x00, 0x00, 0x00, 0x00, 0x00,
    0x00, 0x00, 0x00, 0x00, 0x00, 0x00, 0x00, 0x00, 0x00, 0x00, 0x00, 0x00, 0x00, 0x00, 0x00, 0x00,
    0x00, 0x00, 0x00, 0x00, 0x00, 0x00, 0x00, 0x00, 0x00, 0x00, 0x00, 0x00, 0x00, 0x00, 0x00, 0x00,
    0x00, 0x00, 0x00, 0x00, 0x00, 0x00, 0x00, 0x00, 0x00, 0x00, 0x00, 0x00, 0x00, 0x00, 0x00, 0x00,
    0x00, 0x00, 0x00, 0x00, 0x00, 0x00, 0x00, 0x00, 0x00, 0x00, 0x00, 0x00, 0x00, 0x00, 0x00, 0x00,
    0x00, 0x00, 0x00, 0x00, 0x00, 0x00, 0x00, 0x00, 0x00, 0x00, 0x00, 0x00, 0x00, 0x00, 0x00, 0x00,
    0x00, 0x00, 0x00, 0x00, 0x00, 0x00, 0x00, 0x00, 0x00, 0x00, 0x00, 0x00, 0x00, 0x00, 0x00, 0x00,
    0x00, 0x00, 0x00, 0x00, 0x00, 0x00, 0x00, 0x00, 0x00, 0x00, 0x00, 0x00, 0x00, 0x00, 0x00, 0x00,
    0x00, 0x00, 0x00, 0x00, 0x00, 0x00, 0x00, 0x00, 0x00, 0x00, 0x00, 0x00, 0x00, 0x00, 0x00, 0x00,
    0x00, 0x00, 0x00, 0x00, 0x00, 0x00, 0x00, 0x00, 0x00, 0x00, 0x00, 0x00, 0x00, 0x00, 0x00, 0x00,
    0x00, 0x00, 0x00, 0x00, 0x00, 0x00, 0x00, 0x00, 0x00, 0x00, 0x00, 0x00, 0x00, 0x00, 0x00, 0x00,
    0x00, 0x00, 0x00, 0x00, 0x00, 0x00, 0x00, 0x00, 0x00, 0x00, 0x00, 0x00, 0x00, 0x00, 0x00, 0x00,
    0x00, 0x00, 0x00, 0x00, 0x00, 0x00, 0x00, 0x00, 0x00, 0x00, 0x00, 0x00, 0x00, 0x00, 0x00, 0x00,
    0x08, 0xff, 0x00, 0x01, 0x08, 0x1c, 0x48, 0xb0, 0xa0, 0xc1, 0x83, 0x08, 0x13, 0x2a, 0x5c, 0xc8,
    0xb0, 0xa1, 0xc3, 0x87, 0x10, 0x23, 0x3a, 0x0c, 0x70, 0xe0, 0x80, 0x00, 0x89, 0x18, 0x33, 0x6a,
    0xdc, 0x28, 0x90, 0xa2, 0x45, 0x8e, 0x0e, 0x0d, 0x38, 0x78, 0x40, 0x12, 0x01, 0xc8, 0x93, 0x28,
    0x4f, 0x8a, 0x24, 0xf9, 0xc0, 0x64, 0xca, 0x83, 0x06, 0x58, 0xb2, 0x4c, 0xf0, 0xb2, 0xa6, 0xcd,
    0x85, 0x31, 0x65, 0x3e, 0xa0, 0x79, 0x13, 0xc0, 0x01, 0x9d, 0x2c, 0x15, 0x04, 0xe8, 0x49, 0xd4,
    0xe6, 0x4f, 0xa0, 0x0f, 0x84, 0xda, 0x4c, 0x80, 0x94, 0x25, 0x83, 0xa1, 0x45, 0xa3, 0x72, 0x64,
    0xda, 0xf4, 0xc1, 0xd3, 0x97, 0x54, 0xab, 0x5a, 0x85, 0x2a, 0xb5, 0x2b, 0xc4, 0xac, 0x55, 0xaf,
    0x9e, 0x04, 0xab, 0x55, 0xac, 0xd7, 0xb3, 0x0a, 0xc9, 0x86, 0xe5, 0x9a, 0x31, 0x80, 0x82, 0xa6,
    0x23, 0x81, 0x32, 0x18, 0x80, 0xb6, 0x6e, 0x41, 0xb7, 0x70, 0x91, 0xce, 0xd5, 0x18, 0x80, 0x41,
    0xd3, 0x02, 0x03, 0xe2, 0xea, 0x74, 0x40, 0xd7, 0x6e, 0xdd, 0xbe, 0x7f, 0x03, 0x23, 0x25, 0x8c,
    0x11, 0x31, 0x52, 0x03, 0x02, 0x15, 0x03, 0x65, 0x6c, 0xd8, 0xab, 0x63, 0xa0, 0x90, 0x01, 0x48,
    0x1e, 0x5c, 0xf8, 0xe1, 0x65, 0x9d, 0x99, 0x23, 0x0b, 0x96, 0x49, 0xb9, 0x72, 0xd1, 0xcf, 0x32,
    0x43, 0x6b, 0x1e, 0xcd, 0xb2, 0x34, 0xc3, 0x01, 0x7e, 0x27, 0xab, 0x8e, 0xdc, 0x60, 0x71, 0x01,
    0xd3, 0x44, 0x61, 0x2f, 0x9e, 0xad, 0xb9, 0xf6, 0xe4, 0xdb, 0xaf, 0x59, 0x93, 0x74, 0x4d, 0x10,
    0x35, 0x4b, 0xde, 0xb8, 0x41, 0x6e, 0x26, 0xdd, 0xf9, 0x6e, 0x6c, 0xcc, 0x0b, 0x97, 0xb7, 0x6e,
    0x6e, 0xd0, 0x38, 0x49, 0xe4, 0xc9, 0x33, 0x4a, 0x1f, 0x4e, 0xdd, 0x79, 0x53, 0xec, 0xab, 0x17,
    0x77, 0xff, 0xaf, 0xfe, 0x1c, 0x74, 0x76, 0xe5, 0xc2, 0x1f, 0x10, 0x3f, 0x68, 0xfd, 0x01, 0xf2,
    0x02, 0xe9, 0x1b, 0x8c, 0x67, 0xbf, 0xa0, 0xa9, 0xcb, 0xf3, 0x18, 0xe1, 0x23, 0x95, 0x3f, 0xb1,
    0x3e, 0xd2, 0xfb, 0x02, 0xe5, 0x24, 0x17, 0x5b, 0x0d, 0xa9, 0x45, 0x12, 0x4f, 0xf8, 0x41, 0x24,
    0xa0, 0x4e, 0x66, 0x39, 0x64, 0xe0, 0x4e, 0x03, 0x2d, 0x28, 0x53, 0x83, 0x0f, 0x3d, 0x88, 0x60,
    0x82, 0x0c, 0x49, 0xe8, 0x14, 0x81, 0x0e, 0x36, 0x45, 0x93, 0x00, 0x4d, 0x51, 0xf8, 0xd5, 0x5f,
    0x18, 0x32, 0x04, 0xa2, 0x5e, 0x1c, 0x56, 0xf8, 0x17, 0x01, 0x48, 0x2d, 0x90, 0x22, 0x44, 0x08,
    0xfc, 0x57, 0xe2, 0x42, 0x2c, 0x02, 0xe5, 0x22, 0x47, 0x31, 0x02, 0x85, 0xc0, 0x89, 0x32, 0x5d,
    0xb8, 0x91, 0x86, 0xe0, 0xcd, 0x08, 0x00, 0x8f, 0x33, 0xa1, 0x04, 0x24, 0x00, 0x60, 0x89, 0xa8,
    0x51, 0x92, 0x2f, 0x0a, 0x29, 0x10, 0x93, 0x29, 0x41, 0x09, 0x00, 0x02, 0x0d, 0x38, 0xa0, 0xd4,
    0x4b, 0x54, 0x5a, 0xd9, 0xa4, 0x93, 0x02, 0x65, 0x79, 0x65, 0x4a, 0x5e, 0xb2, 0x15, 0xc0, 0x96,
    0x1b, 0x8d, 0xc9, 0x65, 0x43, 0x66, 0xde, 0x94, 0xe6, 0x99, 0x6c, 0xb6, 0xe9, 0xe6, 0x9b, 0x70,
    0xc6, 0x29, 0xe7, 0x9c, 0x74, 0xd6, 0x69, 0xe7, 0x9d, 0x74, 0x06, 0x30, 0x00, 0x01, 0x04, 0x14,
    0xe0, 0x67, 0x01, 0x7c, 0x0e, 0x70, 0x11, 0x51, 0x6b, 0xd6, 0x54, 0xa8, 0x4d, 0x7a, 0xf2, 0xf9,
    0x27, 0xa0, 0x04, 0x08, 0x2a, 0xd1, 0x00, 0x7e, 0x1a, 0x20, 0xe9, 0xa2, 0x05, 0x48, 0x6a, 0x00,
    0x60, 0x64, 0x62, 0x64, 0x40, 0x95, 0x00, 0x1a, 0xc9, 0xe9, 0x4d, 0x90, 0x56, 0x3a, 0xe9, 0xa2,
    0x96, 0x62, 0x8a, 0x66, 0xa5, 0x94, 0xa6, 0xfa, 0xe7, 0xa5, 0x83, 0xa2, 0x54, 0xe3, 0x81, 0x2f,
    0x2d, 0xff, 0x78, 0xc0, 0x4b, 0x01, 0xa0, 0xaa, 0x6a, 0xaa, 0xac, 0x2e, 0x54, 0xeb, 0xa5, 0xb7,
    0xde, 0x6a, 0x40, 0xab, 0x20, 0xe5, 0x78, 0x5c, 0x74, 0x09, 0x28, 0x00, 0x5c, 0x42, 0xcb, 0x31,
    0x90, 0xd2, 0xae, 0xbd, 0xfa, 0x0a, 0xac, 0x41, 0x04, 0xf0, 0xda, 0xec, 0xad, 0x29, 0x15, 0x00,
    0x14, 0x01, 0x09, 0x2d, 0xe8, 0x63, 0x71, 0xac, 0x6d, 0xab, 0x51, 0xb4, 0xd3, 0xf6, 0xaa, 0x50,
    0xb8, 0xbd, 0x1a, 0x90, 0xa9, 0x8a, 0xcc, 0xc1, 0x04, 0x94, 0xb7, 0xa8, 0x29, 0x99, 0x11, 0xb9,
    0xbe, 0x36, 0x09, 0x2e, 0xbc, 0x94, 0x9e, 0x8b, 0x2e, 0x4b, 0x0d, 0x10, 0xf8, 0x20, 0x85, 0x6f,
    0x4d, 0x68, 0xaf, 0x43, 0xf3, 0xd2, 0xfb, 0x67, 0x93, 0x02, 0x48, 0x4b, 0xaf, 0x01, 0xf3, 0x6d,
    0xd4, 0xef, 0x86, 0x03, 0x3d, 0x48, 0x92, 0x59, 0x64, 0xe5, 0x5b, 0x53, 0xc1, 0x02, 0x47, 0x9a,
    0xb0, 0x40, 0x02, 0xd8, 0x4a, 0x2e, 0xc2, 0x6a, 0x96, 0x07, 0x21, 0x92, 0x5a, 0x3d, 0x3c, 0x94,
    0x84, 0xeb, 0x9d, 0x94, 0xb1, 0xc1, 0xd3, 0x72, 0xcc, 0x50, 0x00, 0x7d, 0x8e, 0x8a, 0x2b, 0xaf,
    0xcf, 0xbe, 0x24, 0x00, 0x6b, 0x07, 0x08, 0x7b, 0x1c, 0x01, 0xac, 0x2d, 0x60, 0xad, 0x4e, 0xc7,
    0x22, 0xda, 0x32, 0xca, 0xab, 0xc2, 0x0c, 0x51, 0x00, 0x02, 0xf4, 0x29, 0xea, 0xa8, 0x8d, 0xfe,
    0xab, 0xd1, 0x76, 0xe6, 0x85, 0xa7, 0x55, 0x90, 0x28, 0x11, 0x6d, 0xb4, 0xa5, 0xbc, 0x26, 0x5d,
    0xe6, 0x98, 0x58, 0xd7, 0xa5, 0x61, 0x6a, 0x04, 0x31, 0x0d, 0x2b, 0x5a, 0x58, 0x67, 0x8d, 0xa7,
    0x40, 0x47, 0x41, 0x57, 0x10, 0xd3, 0x0a, 0x8c, 0x9d, 0x20, 0x59, 0x0e, 0x60, 0x7b, 0x90, 0x00,
    0x1e, 0xbb, 0xab, 0xb6, 0x61, 0xcf, 0x95, 0x3c, 0xd0, 0x65, 0x0e, 0xc4, 0x3c, 0xb7, 0x69, 0x01,
    0x24, 0x10, 0xe0, 0xc0, 0x02, 0x17, 0x77, 0xe4, 0x37, 0xe0, 0x7b, 0x97, 0xa8, 0xb4, 0xd2, 0xe7,
    0x05, 0x04, 0x00, 0x21, 0xf9, 0x04, 0x04, 0x04, 0x00, 0x00, 0x00, 0x2c, 0x15, 0x00, 0x1b, 0x00,
    0x94, 0x00, 0x2f, 0x00, 0x87, 0x00, 0x00, 0x00, 0x0d, 0x03, 0x03, 0x1a, 0x06, 0x06, 0x26, 0x09,
    0x0a, 0x33, 0x0d, 0x0d, 0x40, 0x10, 0x10, 0x4d, 0x13, 0x13, 0x5a, 0x16, 0x16, 0x66, 0x19, 0x1a,
    0x73, 0x1c, 0x1d, 0x80, 0x1f, 0x20, 0x8d, 0x22, 0x23, 0x9a, 0x26, 0x26, 0xa6, 0x29, 0x2a, 0xb3,
    0x2c, 0x2d, 0xc0, 0x2f, 0x30, 0x00, 0x00, 0x00, 0x00, 0x00, 0x00, 0x00, 0x00, 0x00, 0x00, 0x00,
    0x00, 0x00, 0x00, 0x00, 0x00, 0x00, 0x00, 0x00, 0x00, 0x00, 0x00, 0x00, 0x00, 0x00, 0x00, 0x00,
    0x00, 0x00, 0x00, 0x00, 0x00, 0x00, 0x00, 0x00, 0x00, 0x00, 0x00, 0x00, 0x00, 0x00, 0x00, 0x00,
    0x00, 0x00, 0x00, 0x00, 0x00, 0x00, 0x00, 0x00, 0x00, 0x00, 0x00, 0x00, 0x00, 0x00, 0x00, 0x00,
    0x00, 0x00, 0x00, 0x00, 0x00, 0x00, 0x00, 0x00, 0x00, 0x00, 0x00, 0x00, 0x00, 0x00, 0x00, 0x00,
    0x00, 0x00, 0x00, 0x00, 0x00, 0x00, 0x00, 0x00, 0x00, 0x00, 0x00, 0x00, 0x00, 0x00, 0x00, 0x00,
    0x00, 0x00, 0x00, 0x00, 0x00, 0x00, 0x00, 0x00, 0x00, 0x00, 0x00, 0x00, 0x00, 0x00, 0x00, 0x00,
    0x00, 0x00, 0x00, 0x00, 0x00, 0x00, 0x00, 0x00, 0x00, 0x00, 0x00, 0x00, 0x00, 0x00, 0x00, 0x00,
    0x00, 0x00, 0x00, 0x00, 0x00, 0x00, 0x00, 0x00, 0x00, 0x00, 0x00, 0x00, 0x00, 0x00, 0x00, 0x00,
    0x00, 0x00, 0x00, 0x00, 0x00, 0x00, 0x00, 0x00, 0x00, 0x00, 0x00, 0x00, 0x00, 0x00, 0x00, 0x00,
    0x00, 0x00, 0x00, 0x00, 0x00, 0x00, 0x00, 0x00, 0x00, 0x00, 0x00, 0x00, 0x00, 0x00, 0x00, 0x00,
    0x00, 0x00, 0x00, 0x00, 0x00, 0x00, 0x00, 0x00, 0x00, 0x00, 0x00, 0x00, 0x00, 0x00, 0x00, 0x00,
    0x00, 0x00, 0x00, 0x00, 0x00, 0x00, 0x00, 0x00, 0x00, 0x00, 0x00, 0x00, 0x00, 0x00, 0x00, 0x00,
    0x00, 0x00, 0x00, 0x00, 0x00, 0x00, 0x00, 0x00, 0x00, 0x00, 0x00, 0x00, 0x00, 0x00, 0x00, 0x00,
    0x00, 0x00, 0x00, 0x00, 0x00, 0x00, 0x00, 0x00, 0x00, 0x00, 0x00, 0x00, 0x00, 0x00, 0x00, 0x00,
    0x00, 0x00, 0x00, 0x00, 0x00, 0x00, 0x00, 0x00, 0x00, 0x00, 0x00, 0x00, 0x00, 0x00, 0x00, 0x00,
    0x00, 0x00, 0x00, 0x00, 0x00, 0x00, 0x00, 0x00, 0x00, 0x00, 0x00, 0x00, 0x00, 0x00, 0x00, 0x00,
    0x00, 0x00, 0x00, 0x00, 0x00, 0x00, 0x00, 0x00, 0x00, 0x00, 0x00, 0x00, 0x00, 0x00, 0x00, 0x00,
    0x00, 0x00, 0x00, 0x00, 0x00, 0x00, 0x00, 0x00, 0x00, 0x00, 0x00, 0x00, 0x00, 0x00, 0x00, 0x00,
    0x00, 0x00, 0x00, 0x00, 0x00, 0x00, 0x00, 0x00, 0x00, 0x00, 0x00, 0x00, 0x00, 0x00, 0x00, 0x00,
    0x00, 0x00, 0x00, 0x00, 0x00, 0x00, 0x00, 0x00, 0x00, 0x00, 0x00, 0x00, 0x00, 0x00, 0x00, 0x00,
    0x00, 0x00, 0x00, 0x00, 0x00, 0x00, 0x00, 0x00, 0x00, 0x00, 0x00, 0x00, 0x00, 0x00, 0x00, 0x00,
    0x00, 0x00, 0x00, 0x00, 0x00, 0x00, 0x00, 0x00, 0x00, 0x00, 0x00, 0x00, 0x00, 0x00, 0x00, 0x00,
    0x00, 0x00, 0x00, 0x00, 0x00, 0x00, 0x00, 0x00, 0x00, 0x00, 0x00, 0x00, 0x00, 0x00, 0x00, 0x00,
    0x00, 0x00, 0x00, 0x00, 0x00, 0x00, 0x00, 0x00, 0x00, 0x00, 0x00, 0x00, 0x00, 0x00, 0x00, 0x00,
    0x00, 0x00, 0x00, 0x00, 0x00, 0x00, 0x00, 0x00, 0x00, 0x00, 0x00, 0x00, 0x00, 0x00, 0x00, 0x00,
    0x00, 0x00, 0x00, 0x00, 0x00, 0x00, 0x00, 0x00, 0x00, 0x00, 0x00, 0x00, 0x00, 0x00, 0x00, 0x00,
    0x00, 0x00, 0x00, 0x00, 0x00, 0x00, 0x00, 0x00, 0x00, 0x00, 0x00, 0x00, 0x00, 0x00, 0x00, 0x00,
    0x00, 0x00, 0x00, 0x00, 0x00, 0x00, 0x00, 0x00, 0x00, 0x00, 0x00, 0x00, 0x00, 0x00, 0x00, 0x00,
    0x00, 0x00, 0x00, 0x00, 0x00, 0x00, 0x00, 0x00, 0x00, 0x00, 0x00, 0x00, 0x00, 0x00, 0x00, 0x00,
    0x00, 0x00, 0x00, 0x00, 0x00, 0x00, 0x00, 0x00, 0x00, 0x00, 0x00, 0x00, 0x00, 0x00, 0x00, 0x00,
    0x00, 0x00, 0x00, 0x00, 0x00, 0x00, 0x00, 0x00, 0x00, 0x00, 0x00, 0x00, 0x00, 0x00, 0x00, 0x00,
    0x00, 0x00, 0x00, 0x00, 0x00, 0x00, 0x00, 0x00, 0x00, 0x00, 0x00, 0x00, 0x00, 0x00, 0x00, 0x00,
    0x00, 0x00, 0x00, 0x00, 0x00, 0x00, 0x00, 0x00, 0x00, 0x00, 0x00, 0x00, 0x00, 0x00, 0x00, 0x00,
    0x00, 0x00, 0x00, 0x00, 0x00, 0x00, 0x00, 0x00, 0x00, 0x00, 0x00, 0x00, 0x00, 0x00, 0x00, 0x00,
    0x00, 0x00, 0x00, 0x00, 0x00, 0x00, 0x00, 0x00, 0x00, 0x00, 0x00, 0x00, 0x00, 0x00, 0x00, 0x00,
    0x00, 0x00, 0x00, 0x00, 0x00, 0x00, 0x00, 0x00, 0x00, 0x00, 0x00, 0x00, 0x00, 0x00, 0x00, 0x00,
    0x00, 0x00, 0x00, 0x00, 0x00, 0x00, 0x00, 0x00, 0x00, 0x00, 0x00, 0x00, 0x00, 0x00, 0x00, 0x00,
    0x00, 0x00, 0x00, 0x00, 0x00, 0x00, 0x00, 0x00, 0x00, 0x00, 0x00, 0x00, 0x00, 0x00, 0x00, 0x00,
    0x00, 0x00, 0x00, 0x00, 0x00, 0x00, 0x00, 0x00, 0x00, 0x00, 0x00, 0x00, 0x00, 0x00, 0x00, 0x00,
    0x00, 0x00, 0x00, 0x00, 0x00, 0x00, 0x00, 0x00, 0x00, 0x00, 0x00, 0x00, 0x00, 0x00, 0x00, 0x00,
    0x00, 0x00, 0x00, 0x00, 0x00, 0x00, 0x00, 0x00, 0x00, 0x00, 0x00, 0x00, 0x00, 0x00, 0x00, 0x00,
    0x00, 0x00, 0x00, 0x00, 0x00, 0x00, 0x00, 0x00, 0x00, 0x00, 0x00, 0x00, 0x00, 0x00, 0x00, 0x00,
    0x00, 0x00, 0x00, 0x00, 0x00, 0x00, 0x00, 0x00, 0x00, 0x00, 0x00, 0x00, 0x00, 0x00, 0x00, 0x00,
    0x00, 0x00, 0x00, 0x00, 0x00, 0x00, 0x00, 0x00, 0x00, 0x00, 0x00, 0x00, 0x00, 0x00, 0x00, 0x00,
    0x00, 0x00, 0x00, 0x00, 0x00, 0x08, 0xff, 0x00, 0x01, 0x08, 0x1c, 0x48, 0xb0, 0x60, 0xc1, 0x01,
    0x04, 0x0c, 0x2a, 0x5c, 0xc8, 0xb0, 0xa1, 0xc3, 0x87, 0x10, 0x23, 0x46, 0x44, 0x28, 0xb1, 0xa2,
    0xc2, 0x01, 0x0b, 0x1e, 0x3c, 0x60, 0x50, 0xc0, 0xa2, 0xc7, 0x8f, 0x20, 0x43, 0x1e, 0xcc, 0xb8,
    0xb1, 0xa3, 0xc8, 0x87, 0x03, 0x1c, 0x68, 0x5c, 0x69, 0xe0, 0xa4, 0xcb, 0x97, 0x30, 0x53, 0xae,
    0xd4, 0xd8, 0x12, 0xa6, 0x41, 0x02, 0x2a, 0x67, 0x6a, 0x3c, 0x60, 0xb3, 0xa7, 0xcf, 0x87, 0x38,
    0x75, 0xee, 0xfc, 0x09, 0xc0, 0x80, 0xd0, 0x99, 0x09, 0x88, 0x2a, 0x25, 0x6a, 0xf4, 0xa8, 0xc6,
    0xa4, 0x3d, 0x9b, 0x3a, 0x7d, 0xba, 0xb4, 0xea, 0x4b, 0xa9, 0x53, 0xa1, 0x5e, 0x9d, 0xaa, 0x53,
    0xab, 0xd5, 0xaf, 0x15, 0xb1, 0x72, 0xf5, 0x1a, 0xf2, 0x00, 0x57, 0xa1, 0x09, 0x02, 0x80, 0x5d,
    0xfb, 0xd0, 0xec, 0x59, 0xa4, 0x6a, 0x43, 0x26, 0x70, 0x8a, 0x40, 0xec, 0x4a, 0x06, 0x71, 0xd9,
    0xea, 0x25, 0x38, 0xf7, 0x68, 0x5d, 0xa7, 0x78, 0x41, 0xf6, 0x45, 0x2b, 0xd0, 0xae, 0xc6, 0xc0,
    0x7b, 0xf7, 0x0e, 0xee, 0x5a, 0x18, 0x70, 0x5e, 0x89, 0x8b, 0x91, 0x12, 0x34, 0xbc, 0xf1, 0x71,
    0x62, 0xab, 0x91, 0x57, 0x7a, 0xa5, 0x8c, 0x18, 0x62, 0x80, 0xcc, 0x54, 0x0b, 0x72, 0x16, 0x70,
    0xd9, 0xea, 0x67, 0xa7, 0x64, 0x8b, 0x02, 0x26, 0xfd, 0x30, 0x00, 0x03, 0xa7, 0x35, 0x0d, 0xca,
    0x14, 0xea, 0x60, 0x40, 0x69, 0xa5, 0xae, 0x61, 0x2f, 0x9c, 0xad, 0xb3, 0xb6, 0xc3, 0xdc, 0x47,
    0x63, 0x5f, 0xcc, 0xd9, 0xdb, 0xf6, 0xed, 0x9e, 0xc0, 0x85, 0x0a, 0x97, 0x4d, 0x7c, 0xa6, 0xef,
    0x85, 0xc9, 0x75, 0x2e, 0x1f, 0x7e, 0xf4, 0xf9, 0x71, 0x97, 0xd1, 0x67, 0x4e, 0x67, 0x5e, 0xdd,
    0x78, 0x41, 0x01, 0xaf, 0x83, 0x4f, 0xff, 0x6c, 0xbe, 0xd2, 0x41, 0xc2, 0xeb, 0x22, 0xc1, 0xeb,
    0x86, 0xc8, 0xdb, 0xf9, 0xf9, 0x81, 0xed, 0xcb, 0x7b, 0xf7, 0x1c, 0x5e, 0x39, 0x7a, 0x90, 0xf1,
    0x35, 0x5a, 0xa7, 0xbf, 0x1e, 0x40, 0xfe, 0x07, 0xfb, 0x45, 0x94, 0x1d, 0x4b, 0xf7, 0x59, 0xf4,
    0x5f, 0x80, 0xfc, 0x89, 0x17, 0x00, 0x79, 0xfa, 0xcd, 0x57, 0xd1, 0x80, 0x1a, 0x39, 0x58, 0x20,
    0x43, 0x0b, 0x76, 0x07, 0x12, 0x84, 0x0f, 0x20, 0x64, 0x61, 0x48, 0x10, 0x22, 0x30, 0x21, 0x44,
    0x04, 0x6c, 0x78, 0x61, 0x7d, 0x33, 0x21, 0x30, 0x80, 0x50, 0x9d, 0x89, 0x94, 0x19, 0x4f, 0x1f,
    0x3a, 0x74, 0xa2, 0x4e, 0x29, 0xca, 0x25, 0x14, 0x4f, 0x24, 0x3a, 0xc0, 0xda, 0x4b, 0x35, 0xde,
    0xd8, 0x22, 0x43, 0x39, 0xda, 0xd4, 0x63, 0x00, 0x24, 0x35, 0x20, 0xa1, 0x48, 0x40, 0x6a, 0x24,
    0xe4, 0x8e, 0xad, 0x05, 0x39, 0x24, 0x87, 0x4a, 0x12, 0x84, 0x90, 0x65, 0x31, 0x11, 0x00, 0x25,
    0x92, 0xbb, 0x49, 0x49, 0xd4, 0x93, 0x54, 0x66, 0xa9, 0xe5, 0x96, 0x5c, 0x76, 0xe9, 0xe5, 0x97,
    0x60, 0x86, 0x29, 0xe6, 0x98, 0x64, 0x96, 0x09, 0x53, 0x00, 0x02, 0x20, 0x44, 0xc0, 0x9a, 0x03,
    0x0c, 0x20, 0xc0, 0x94, 0x66, 0x22, 0x97, 0xe6, 0x9a, 0x6c, 0xba, 0x09, 0x67, 0x43, 0x01, 0x0c,
    0x50, 0x80, 0x01, 0x7c, 0xf6, 0xe9, 0x67, 0x01, 0x04, 0xe8, 0x68, 0xd3, 0x00, 0x0a, 0x2c, 0x60,
    0x52, 0x4f, 0x84, 0x1a, 0x4a, 0x54, 0x9e, 0x7b, 0xfa, 0xe9, 0x28, 0xa0, 0x82, 0x36, 0x44, 0x00,
    0x9f, 0x05, 0x54, 0x6a, 0xe9, 0xa5, 0x95, 0xf2, 0x69, 0xa5, 0x4d, 0x02, 0x10, 0xb7, 0x5d, 0x48,
    0xbc, 0x1d, 0x0a, 0xd3, 0xa4, 0x06, 0x60, 0x6a, 0x6a, 0xa3, 0x9b, 0x4a, 0x5a, 0xea, 0xa9, 0xac,
    0x96, 0x7a, 0xa7, 0x47, 0x08, 0xe8, 0xfc, 0xb4, 0xe4, 0x40, 0x01, 0x18, 0x70, 0x40, 0xa4, 0x05,
    0x05, 0xd0, 0xc0, 0x4c, 0x0b, 0xf4, 0x34, 0x29, 0xab, 0xad, 0x16, 0xf0, 0xea, 0x00, 0xab, 0x02,
    0x7b, 0x6a, 0xa9, 0x36, 0xb9, 0x55, 0x1e, 0xae, 0x02, 0x0d, 0xb0, 0x2b, 0x80, 0x9f, 0x0a, 0x44,
    0xe2, 0x03, 0xbd, 0xc6, 0x54, 0xac, 0xb1, 0x98, 0x22, 0xcb, 0x10, 0xb6, 0xc6, 0x1a, 0xf0, 0xea,
    0x83, 0xd3, 0xc6, 0xd8, 0x2c, 0x79, 0x9f, 0x46, 0x86, 0x60, 0x48, 0xdc, 0x02, 0xeb, 0xed, 0xb6,
    0xe9, 0xb2, 0xfa, 0x2d, 0xb8, 0x3a, 0x55, 0x3b, 0x19, 0x83, 0x0f, 0x78, 0x58, 0x50, 0xac, 0xce,
    0xcd, 0xfa, 0x51, 0xbb, 0xee, 0x32, 0x44, 0x2c, 0xbf, 0x96, 0x1a, 0xf0, 0xde, 0x99, 0xd3, 0x6e,
    0x36, 0xd6, 0x64, 0xc5, 0xf9, 0xf4, 0x2f, 0xc0, 0x7b, 0x0e, 0x7c, 0xd1, 0xb5, 0xdc, 0x0a, 0x7c,
    0x25, 0x79, 0x2c, 0x52, 0x26, 0x99, 0x7f, 0xf6, 0xfd, 0xb4, 0x70, 0xbb, 0x12, 0x3f, 0x24, 0x40,
    0xa3, 0xdd, 0x96, 0xaa, 0xef, 0x49, 0x21, 0xea, 0x44, 0x40, 0x01, 0x42, 0x29, 0xa0, 0xac, 0x66,
    0x9d, 0xea, 0x64, 0x2f, 0x51, 0x1f, 0x53, 0xaa, 0xae, 0xc8, 0x15, 0x09, 0x70, 0x72, 0xa3, 0x7f,
    0x42, 0xfa, 0xee, 0x49, 0x62, 0x31, 0x08, 0x95, 0x5d, 0xe4, 0xa5, 0xf6, 0x93, 0xcd, 0x99, 0x3e,
    0xaa, 0xf3, 0x85, 0x69, 0xb6, 0x69, 0xa7, 0x5e, 0xf8, 0xa2, 0x86, 0xf0, 0x54, 0x0c, 0xe8, 0x85,
    0xa6, 0xd2, 0x4b, 0xc7, 0x09, 0x00, 0x68, 0x0f, 0xa4, 0xc6, 0xd9, 0xce, 0x56, 0x7f, 0x35, 0x20,
    0x8b, 0x06, 0x15, 0x40, 0xde, 0xb9, 0x5d, 0x5f, 0x56, 0x21, 0x81, 0xfe, 0x36, 0xe7, 0x70, 0xd9,
    0xc7, 0x0d, 0xf0, 0x9a, 0x03, 0xd1, 0xc2, 0xf7, 0x76, 0xdc, 0x6c, 0x5f, 0x96, 0x2a, 0x50, 0x5c,
    0x17, 0x18, 0x10, 0x00, 0x21, 0xf9, 0x04, 0x04, 0x04, 0x00, 0x00, 0x00, 0x2c, 0x15, 0x00, 0x1b,
    0x00, 0x94, 0x00, 0x2f, 0x00, 0x87, 0x00, 0x00, 0x00, 0x0d, 0x03, 0x03, 0x1a, 0x06, 0x06, 0x26,
    0x09, 0x0a, 0x33, 0x0d, 0x0d, 0x40, 0x10, 0x10, 0x4d, 0x13, 0x13, 0x5a, 0x16, 0x16, 0x66, 0x19,
    0x1a, 0x73, 0x1c, 0x1d, 0x80, 0x1f, 0x20, 0x8d, 0x22, 0x23, 0x9a, 0x26, 0x26, 0xa6, 0x29, 0x2a,
    0xb3, 0x2c, 0x2d, 0xc0, 0x2f, 0x30, 0x00, 0x00, 0x00, 0x00, 0x00, 0x00, 0x00, 0x00, 0x00, 0x00,
    0x00, 0x00, 0x00, 0x00, 0x00, 0x00, 0x00, 0x00, 0x00, 0x00, 0x00, 0x00, 0x00, 0x00, 0x00, 0x00,
    0x00, 0x00, 0x00, 0x00, 0x00, 0x00, 0x00, 0x00, 0x00, 0x00, 0x00, 0x00, 0x00, 0x00, 0x00, 0x00,
    0x00, 0x00, 0x00, 0x00, 0x00, 0x00, 0x00, 0x00, 0x00, 0x00, 0x00, 0x00, 0x00, 0x00, 0x00, 0x00,
    0x00, 0x00, 0x00, 0x00, 0x00, 0x00, 0x00, 0x00, 0x00, 0x00, 0x00, 0x00, 0x00, 0x00, 0x00, 0x00,
    0x00, 0x00, 0x00, 0x00, 0x00, 0x00, 0x00, 0x00, 0x00, 0x00, 0x00, 0x00, 0x00, 0x00, 0x00, 0x00,
    0x00, 0x00, 0x00, 0x00, 0x00, 0x00, 0x00, 0x00, 0x00, 0x00, 0x00, 0x00, 0x00, 0x00, 0x00, 0x00,
    0x00, 0x00, 0x00, 0x00, 0x00, 0x00, 0x00, 0x00, 0x00, 0x00, 0x00, 0x00, 0x00, 0x00, 0x00, 0x00,
    0x00, 0x00, 0x00, 0x00, 0x00, 0x00, 0x00, 0x00, 0x00, 0x00, 0x00, 0x00, 0x00, 0x00, 0x00, 0x00,
    0x00, 0x00, 0x00, 0x00, 0x00, 0x00, 0x00, 0x00, 0x00, 0x00, 0x00, 0x00, 0x00, 0x00, 0x00, 0x00,
    0x00, 0x00, 0x00, 0x00, 0x00, 0x00, 0x00, 0x00, 0x00, 0x00, 0x00, 0x00, 0x00, 0x00, 0x00, 0x00,
    0x00, 0x00, 0x00, 0x00, 0x00, 0x00, 0x00, 0x00, 0x00, 0x00, 0x00, 0x00, 0x00, 0x00, 0x00, 0x00,
    0x00, 0x00, 0x00, 0x00, 0x00, 0x00, 0x00, 0x00, 0x00, 0x00, 0x00, 0x00, 0x00, 0x00, 0x00, 0x00,
    0x00, 0x00, 0x00, 0x00, 0x00, 0x00, 0x00, 0x00, 0x00, 0x00, 0x00, 0x00, 0x00, 0x00, 0x00, 0x00,
    0x00, 0x00, 0x00, 0x00, 0x00, 0x00, 0x00, 0x00, 0x00, 0x00, 0x00, 0x00, 0x00, 0x00, 0x00, 0x00,
    0x00, 0x00, 0x00, 0x00, 0x00, 0x00, 0x00, 0x00, 0x00, 0x00, 0x00, 0x00, 0x00, 0x00, 0x00, 0x00,
    0x00, 0x00, 0x00, 0x00, 0x00, 0x00, 0x00, 0x00, 0x00, 0x00, 0x00, 0x00, 0x00, 0x00, 0x00, 0x00,
    0x00, 0x00, 0x00, 0x00, 0x00, 0x00, 0x00, 0x00, 0x00, 0x00, 0x00, 0x00, 0x00, 0x00, 0x00, 0x00,
    0x00, 0x00, 0x00, 0x00, 0x00, 0x00, 0x00, 0x00, 0x00, 0x00, 0x00, 0x00, 0x00, 0x00, 0x00, 0x00,
    0x00, 0x00, 0x00, 0x00, 0x00, 0x00, 0x00, 0x00, 0x00, 0x00, 0x00, 0x00, 0x00, 0x00, 0x00, 0x00,
    0x00, 0x00, 0x00, 0x00, 0x00, 0x00, 0x00, 0x00, 0x00, 0x00, 0x00, 0x00, 0x00, 0x00, 0x00, 0x00,
    0x00, 0x00, 0x00, 0x00, 0x00, 0x00, 0x00, 0x00, 0x00, 0x00, 0x00, 0x00, 0x00, 0x00, 0x00, 0x00,
    0x00, 0x00, 0x00, 0x00, 0x00, 0x00, 0x00, 0x00, 0x00, 0x00, 0x00, 0x00, 0x00, 0x00, 0x00, 0x00,
    0x00, 0x00, 0x00, 0x00, 0x00, 0x00, 0x00, 0x00, 0x00, 0x00, 0x00, 0x00, 0x00, 0x00, 0x00, 0x00,
    0x00, 0x00, 0x00, 0x00, 0x00, 0x00, 0x00, 0x00, 0x00, 0x00, 0x00, 0x00, 0x00, 0x00, 0x00, 0x00,
    0x00, 0x00, 0x00, 0x00, 0x00, 0x00, 0x00, 0x00, 0x00, 0x00, 0x00, 0x00, 0x00, 0x00, 0x00, 0x00,
    0x00, 0x00, 0x00, 0x00, 0x00, 0x00, 0x00, 0x00, 0x00, 0x00, 0x00, 0x00, 0x00, 0x00, 0x00, 0x00,
    0x00, 0x00, 0x00, 0x00, 0x00, 0x00, 0x00, 0x00, 0x00, 0x00, 0x00, 0x00, 0x00, 0x00, 0x00, 0x00,
    0x00, 0x00, 0x00, 0x00, 0x00, 0x00, 0x00, 0x00, 0x00, 0x00, 0x00, 0x00, 0x00, 0x00, 0x00, 0x00,
    0x00, 0x00, 0x00, 0x00, 0x00, 0x00, 0x00, 0x00, 0x00, 0x00, 0x00, 0x00, 0x00, 0x00, 0x00, 0x00,
    0x00, 0x00, 0x00, 0x00, 0x00, 0x00, 0x00, 0x00, 0x00, 0x00, 0x00, 0x00, 0x00, 0x00, 0x00, 0x00,
    0x00, 0x00, 0x00, 0x00, 0x00, 0x00, 0x00, 0x00, 0x00, 0x00, 0x00, 0x00, 0x00, 0x00, 0x00, 0x00,
    0x00, 0x00, 0x00, 0x00, 0x00, 0x00, 0x00, 0x00, 0x00, 0x00, 0x00, 0x00, 0x00, 0x00, 0x00, 0x00,
    0x00, 0x00, 0x00, 0x00, 0x00, 0x00, 0x00, 0x00, 0x00, 0x00, 0x00, 0x00, 0x00, 0x00, 0x00, 0x00,
    0x00, 0x00, 0x00, 0x00, 0x00, 0x00, 0x00, 0x00, 0x00, 0x00, 0x00, 0x00, 0x00, 0x00, 0x00, 0x00,
    0x00, 0x00, 0x00, 0x00, 0x00, 0x00, 0x00, 0x00, 0x00, 0x00, 0x00, 0x00, 0x00, 0x00, 0x00, 0x00,
    0x00, 0x00, 0x00, 0x00, 0x00, 0x00, 0x00, 0x00, 0x00, 0x00, 0x00, 0x00, 0x00, 0x00, 0x00, 0x00,
    0x00, 0x00, 0x00, 0x00, 0x00, 0x00, 0x00, 0x00, 0x00, 0x00, 0x00, 0x00, 0x00, 0x00, 0x00, 0x00,
    0x00, 0x00, 0x00, 0x00, 0x00, 0x00, 0x00, 0x00, 0x00, 0x00, 0x00, 0x00, 0x00, 0x00, 0x00, 0x00,
    0x00, 0x00, 0x00, 0x00, 0x00, 0x00, 0x00, 0x00, 0x00, 0x00, 0x00, 0x00, 0x00, 0x00, 0x00, 0x00,
    0x00, 0x00, 0x00, 0x00, 0x00, 0x00, 0x00, 0x00, 0x00, 0x00, 0x00, 0x00, 0x00, 0x00, 0x00, 0x00,
    0x00, 0x00, 0x00, 0x00, 0x00, 0x00, 0x00, 0x00, 0x00, 0x00, 0x00, 0x00, 0x00, 0x00, 0x00, 0x00,
    0x00, 0x00, 0x00, 0x00, 0x00, 0x00, 0x00, 0x00, 0x00, 0x00, 0x00, 0x00, 0x00, 0x00, 0x00, 0x00,
    0x00, 0x00, 0x00, 0x00, 0x00, 0x00, 0x00, 0x00, 0x00, 0x00, 0x00, 0x00, 0x00, 0x00, 0x00, 0x00,
    0x00, 0x00, 0x00, 0x00, 0x00, 0x00, 0x00, 0x00, 0x00, 0x00, 0x00, 0x00, 0x00, 0x00, 0x00, 0x00,
    0x00, 0x00, 0x00, 0x00, 0x00, 0x00, 0x08, 0xff, 0x00, 0x01, 0x08, 0x1c, 0x48, 0xb0, 0x60, 0xc1,
    0x00, 0x01, 0x0c, 0x2a, 0x5c, 0xc8, 0xb0, 0xa1, 0xc3, 0x87, 0x10, 0x23, 0x46, 0x44, 0x28, 0xb1,
    0xa2, 0xc2, 0x00, 0x08, 0x1a, 0x38, 0x48, 0x20, 0xc0, 0xa2, 0xc7, 0x8f, 0x20, 0x43, 0x1e, 0xcc,
    0xb8, 0xb1, 0xa3, 0xc8, 0x87, 0x01, 0x18, 0x3c, 0x58, 0xf9, 0xc0, 0xc1, 0x80, 0x93, 0x30, 0x63,
    0xca, 0x4c, 0xc9, 0xb2, 0xe5, 0x4b, 0x99, 0x06, 0x69, 0xd6, 0xb4, 0x89, 0xb3, 0xa7, 0x4f, 0x94,
    0x2a, 0x77, 0xba, 0xfc, 0x09, 0x60, 0x80, 0x83, 0x9d, 0x35, 0x0d, 0x10, 0x5d, 0x4a, 0xd4, 0x28,
    0x52, 0x96, 0x4a, 0x7b, 0x3a, 0x7d, 0x0a, 0x95, 0xa9, 0xd5, 0x98, 0x53, 0xa9, 0x3e, 0x88, 0x8a,
    0xf5, 0xa8, 0xd6, 0xaa, 0x57, 0xc3, 0x7a, 0xcc, 0xfa, 0x95, 0xab, 0x48, 0xb2, 0x5f, 0xb7, 0x8a,
    0x5d, 0x0b, 0x11, 0x6d, 0xd9, 0x93, 0x06, 0xa8, 0x2e, 0x48, 0x40, 0x35, 0x01, 0xdb, 0xbb, 0x0a,
    0xe3, 0x3e, 0x9d, 0x5b, 0x37, 0xa4, 0x5e, 0xa4, 0x0c, 0x12, 0xd2, 0x7d, 0x6a, 0x17, 0xaf, 0xe1,
    0xbf, 0x3b, 0x03, 0x03, 0x18, 0x8c, 0xb4, 0xb0, 0x45, 0xc4, 0x35, 0x15, 0x0b, 0x64, 0xbc, 0xd3,
    0xb1, 0x61, 0xb1, 0x90, 0x59, 0x4a, 0x5e, 0xdc, 0xb7, 0x62, 0xe6, 0x95, 0x9b, 0x27, 0x77, 0xbe,
    0x7c, 0xf5, 0xf3, 0x83, 0xd0, 0x9c, 0x09, 0x4b, 0xa4, 0x5c, 0x33, 0x41, 0x42, 0x83, 0x07, 0xa8,
    0xa2, 0x26, 0xdd, 0x93, 0x35, 0x4b, 0xd7, 0x0a, 0x63, 0x3f, 0x9d, 0x6d, 0xd0, 0xf6, 0x4a, 0xcb,
    0x06, 0x4d, 0xf3, 0xa6, 0x7d, 0xd2, 0xf7, 0x03, 0xe0, 0x05, 0x85, 0xbf, 0x5e, 0x68, 0x1c, 0x79,
    0x70, 0xd9, 0xcb, 0x89, 0xc3, 0x6c, 0xfe, 0x50, 0x39, 0xf3, 0xd1, 0x0e, 0xad, 0x4b, 0x2f, 0x8e,
    0xbd, 0xa1, 0xf6, 0x81, 0x3a, 0x91, 0x1e, 0xff, 0xa8, 0x48, 0xc0, 0xab, 0xd0, 0x9b, 0xdb, 0x3d,
    0x86, 0xdf, 0x39, 0x5e, 0x62, 0xf9, 0xa7, 0x43, 0x05, 0xae, 0x4f, 0x3a, 0xd6, 0x7c, 0xcd, 0xf8,
    0xe9, 0x25, 0xce, 0x07, 0x5b, 0xd1, 0x2d, 0x4f, 0x00, 0x41, 0x21, 0x65, 0x56, 0x7f, 0xf6, 0xb1,
    0xe4, 0x80, 0x49, 0xf9, 0x41, 0x14, 0xe0, 0x4e, 0x03, 0x4a, 0xe4, 0xdf, 0x81, 0x03, 0x50, 0xd5,
    0x20, 0x81, 0x4f, 0xb5, 0x97, 0xa0, 0x43, 0x11, 0x3e, 0x35, 0xa1, 0x83, 0x05, 0xae, 0x74, 0x00,
    0x01, 0x48, 0x39, 0x40, 0x00, 0x4c, 0x02, 0x2c, 0xb8, 0x12, 0x02, 0x17, 0x3e, 0x04, 0xa2, 0x50,
    0x23, 0x9e, 0x54, 0x22, 0x52, 0x08, 0x04, 0x50, 0x60, 0x8b, 0x30, 0xc9, 0xb8, 0x13, 0x7a, 0x29,
    0x2e, 0x64, 0x63, 0x4d, 0x34, 0x9e, 0xb4, 0x23, 0x4b, 0x2f, 0x65, 0xb5, 0x21, 0x48, 0x42, 0xe6,
    0xf8, 0x50, 0x91, 0x38, 0x21, 0x09, 0x80, 0x00, 0x07, 0x1c, 0x80, 0xa3, 0x4c, 0x4c, 0x3a, 0x69,
    0x24, 0x44, 0x51, 0x3e, 0x19, 0x53, 0x95, 0x53, 0x66, 0xa9, 0xe5, 0x96, 0x5c, 0x76, 0xe9, 0xe5,
    0x97, 0x60, 0x86, 0x29, 0xe6, 0x98, 0x64, 0x96, 0x89, 0x53, 0x00, 0x02, 0x0c, 0xa0, 0xe6, 0x00,
    0x02, 0x44, 0x67, 0xa6, 0x55, 0x68, 0xae, 0xc9, 0xa6, 0x9b, 0x15, 0x09, 0x40, 0x40, 0x01, 0x05,
    0x18, 0xa0, 0xe7, 0x9e, 0x78, 0x12, 0xd0, 0x26, 0x51, 0x01, 0x34, 0x89, 0xe0, 0x99, 0x82, 0x2e,
    0x65, 0x27, 0x9e, 0x7b, 0xf2, 0x59, 0x80, 0x9f, 0x74, 0x32, 0x24, 0x40, 0x9e, 0x06, 0xe0, 0x29,
    0xe9, 0xa4, 0x90, 0x16, 0x60, 0xa5, 0x8f, 0x41, 0xe1, 0x17, 0x93, 0x4e, 0x9a, 0x5e, 0x59, 0x29,
    0xa5, 0x93, 0xea, 0x69, 0x69, 0x5b, 0x91, 0x82, 0x6a, 0x2a, 0xa2, 0x3d, 0xc2, 0xa4, 0xdb, 0x4a,
    0x0e, 0x34, 0x5a, 0x50, 0x9a, 0x10, 0x2d, 0xf6, 0x50, 0xd3, 0x02, 0x52, 0x95, 0x7a, 0x2a, 0xa8,
    0x06, 0xa4, 0x6a, 0xd0, 0x00, 0xb6, 0xde, 0x8a, 0xab, 0xae, 0x21, 0x21, 0x90, 0x98, 0xab, 0x00,
    0x04, 0xa0, 0x00, 0x68, 0x97, 0x0e, 0xc4, 0x1a, 0xad, 0x32, 0xf1, 0xea, 0xeb, 0xa9, 0xb9, 0x36,
    0xf4, 0xec, 0xb3, 0xc4, 0x5a, 0x24, 0x40, 0x81, 0xce, 0x15, 0xbb, 0x60, 0xa7, 0x03, 0x65, 0x56,
    0x00, 0x4e, 0xd3, 0xfa, 0x4a, 0x6c, 0xb8, 0xd0, 0x56, 0x6b, 0x11, 0x5a, 0x28, 0x16, 0x34, 0x80,
    0x89, 0x2d, 0x7d, 0x5b, 0x50, 0x01, 0x02, 0xf6, 0x44, 0xae, 0xa9, 0x06, 0x10, 0xeb, 0xec, 0xbc,
    0x88, 0xba, 0x9b, 0x64, 0x81, 0x66, 0xf9, 0xb7, 0x52, 0xbf, 0xfc, 0xfa, 0x74, 0x2f, 0xbe, 0x91,
    0x3a, 0x44, 0x40, 0xaf, 0xd3, 0x46, 0x6a, 0xee, 0x47, 0xf0, 0xee, 0xd4, 0xa2, 0xbf, 0x60, 0xfd,
    0x78, 0x22, 0x51, 0x07, 0x13, 0x5c, 0xc0, 0xc2, 0x07, 0x23, 0x4c, 0x6f, 0xae, 0x0b, 0x83, 0xb4,
    0x2a, 0xab, 0x02, 0x5c, 0x9b, 0x98, 0xac, 0x0c, 0x02, 0xb8, 0x93, 0x02, 0x4c, 0x65, 0x9c, 0x30,
    0xc7, 0x13, 0x0d, 0x00, 0x69, 0xa2, 0x89, 0x2e, 0x3a, 0x28, 0x51, 0xac, 0x35, 0xd0, 0xc0, 0xb0,
    0xa9, 0x45, 0x86, 0x33, 0x53, 0x01, 0xb8, 0x0c, 0x33, 0xcc, 0x32, 0x7f, 0x14, 0x27, 0x01, 0x44,
    0x13, 0xa0, 0xe6, 0x9f, 0x62, 0x91, 0x0c, 0x9d, 0xb2, 0x5f, 0xb5, 0xba, 0xd6, 0xd0, 0x45, 0x1f,
    0xdd, 0x71, 0x96, 0xfb, 0x81, 0xe6, 0xa6, 0x71, 0xdc, 0xbe, 0x49, 0x9a, 0xc8, 0x3b, 0x2d, 0xd0,
    0xa8, 0xb0, 0x48, 0xe9, 0xab, 0xf5, 0x76, 0x19, 0xde, 0xe6, 0x1d, 0x7b, 0x63, 0x5f, 0xf8, 0x57,
    0xb6, 0x04, 0xad, 0x9d, 0x76, 0x8a, 0x4c, 0x02, 0xab, 0x50, 0xdc, 0x60, 0x06, 0x04, 0x00, 0x21,
    0xf9, 0x04, 0x04, 0x04, 0x00, 0x00, 0x00, 0x2c, 0x15, 0x00, 0x1b, 0x00, 0x94, 0x00, 0x2f, 0x00,
    0x87, 0x00, 0x00, 0x00, 0x0d, 0x03, 0x03, 0x1a, 0x06, 0x06, 0x26, 0x09, 0x0a, 0x33, 0x0d, 0x0d,
    0x40, 0x10, 0x10, 0x4d, 0x13, 0x13, 0x5a, 0x16, 0x16, 0x66, 0x19, 0x1a, 0x73, 0x1c, 0x1d, 0x80,
    0x1f, 0x20, 0x8d, 0x22, 0x23, 0x9a, 0x26, 0x26, 0xa6, 0x29, 0x2a, 0xb3, 0x2c, 0x2d, 0xc0, 0x2f,
    0x30, 0x00, 0x00, 0x00, 0x00, 0x00, 0x00, 0x00, 0x00, 0x00, 0x00, 0x00, 0x00, 0x00, 0x00, 0x00,
    0x00, 0x00, 0x00, 0x00, 0x00, 0x00, 0x00, 0x00, 0x00, 0x00, 0x00, 0x00, 0x00, 0x00, 0x00, 0x00,
    0x00, 0x00, 0x00, 0x00, 0x00, 0x00, 0x00, 0x00, 0x00, 0x00, 0x00, 0x00, 0x00, 0x00, 0x00, 0x00,
    0x00, 0x00, 0x00, 0x00, 0x00, 0x00, 0x00, 0x00, 0x00, 0x00, 0x00, 0x00, 0x00, 0x00, 0x00, 0x00,
    0x00, 0x00, 0x00, 0x00, 0x00, 0x00, 0x00, 0x00, 0x00, 0x00, 0x00, 0x00, 0x00, 0x00, 0x00, 0x00,
    0x00, 0x00, 0x00, 0x00, 0x00, 0x00, 0x00, 0x00, 0x00, 0x00, 0x00, 0x00, 0x00, 0x00, 0x00, 0x00,
    0x00, 0x00, 0x00, 0x00, 0x00, 0x00, 0x00, 0x00, 0x00, 0x00, 0x00, 0x00, 0x00, 0x00, 0x00, 0x00,
    0x00, 0x00, 0x00, 0x00, 0x00, 0x00, 0x00, 0x00, 0x00, 0x00, 0x00, 0x00, 0x00, 0x00, 0x00, 0x00,
    0x00, 0x00, 0x00, 0x00, 0x00, 0x00, 0x00, 0x00, 0x00, 0x00, 0x00, 0x00, 0x00, 0x00, 0x00, 0x00,
    0x00, 0x00, 0x00, 0x00, 0x00, 0x00, 0x00, 0x00, 0x00, 0x00, 0x00, 0x00, 0x00, 0x00, 0x00, 0x00,
    0x00, 0x00, 0x00, 0x00, 0x00, 0x00, 0x00, 0x00, 0x00, 0x00, 0x00, 0x00, 0x00, 0x00, 0x00, 0x00,
    0x00, 0x00, 0x00, 0x00, 0x00, 0x00, 0x00, 0x00, 0x00, 0x00, 0x00, 0x00, 0x00, 0x00, 0x00, 0x00,
    0x00, 0x00, 0x00, 0x00, 0x00, 0x00, 0x00, 0x00, 0x00, 0x00, 0x00, 0x00, 0x00, 0x00, 0x00, 0x00,
    0x00, 0x00, 0x00, 0x00, 0x00, 0x00, 0x00, 0x00, 0x00, 0x00, 0x00, 0x00, 0x00, 0x00, 0x00, 0x00,
    0x00, 0x00, 0x00, 0x00, 0x00, 0x00, 0x00, 0x00, 0x00, 0x00, 0x00, 0x00, 0x00, 0x00, 0x00, 0x00,
    0x00, 0x00, 0x00, 0x00, 0x00, 0x00, 0x00, 0x00, 0x00, 0x00, 0x00, 0x00, 0x00, 0x00, 0x00, 0x00,
    0x00, 0x00, 0x00, 0x00, 0x00, 0x00, 0x00, 0x00, 0x00, 0x00, 0x00, 0x00, 0x00, 0x00, 0x00, 0x00,
    0x00, 0x00, 0x00, 0x00, 0x00, 0x00, 0x00, 0x00, 0x00, 0x00, 0x00, 0x00, 0x00, 0x00, 0x00, 0x00,
    0x00, 0x00, 0x00, 0x00, 0x00, 0x00, 0x00, 0x00, 0x00, 0x00, 0x00, 0x00, 0x00, 0x00, 0x00, 0x00,
    0x00, 0x00, 0x00, 0x00, 0x00, 0x00, 0x00, 0x00, 0x00, 0x00, 0x00, 0x00, 0x00, 0x00, 0x00, 0x00,
    0x00, 0x00, 0x00, 0x00, 0x00, 0x00, 0x00, 0x00, 0x00, 0x00, 0x00, 0x00, 0x00, 0x00, 0x00, 0x00,
    0x00, 0x00, 0x00, 0x00, 0x00, 0x00, 0x00, 0x00, 0x00, 0x00, 0x00, 0x00, 0x00, 0x00, 0x00, 0x00,
    0x00, 0x00, 0x00, 0x00, 0x00, 0x00, 0x00, 0x00, 0x00, 0x00, 0x00, 0x00, 0x00, 0x00, 0x00, 0x00,
    0x00, 0x00, 0x00, 0x00, 0x00, 0x00, 0x00, 0x00, 0x00, 0x00, 0x00, 0x00, 0x00, 0x00, 0x00, 0x00,
    0x00, 0x00, 0x00, 0x00, 0x00, 0x00, 0x00, 0x00, 0x00, 0x00, 0x00, 0x00, 0x00, 0x00, 0x00, 0x00,
    0x00, 0x00, 0x00, 0x00, 0x00, 0x00, 0x00, 0x00, 0x00, 0x00, 0x00, 0x00, 0x00, 0x00, 0x00, 0x00,
    0x00, 0x00, 0x00, 0x00, 0x00, 0x00, 0x00, 0x00, 0x00, 0x00, 0x00, 0x00, 0x00, 0x00, 0x00, 0x00,
    0x00, 0x00, 0x00, 0x00, 0x00, 0x00, 0x00, 0x00, 0x00, 0x00, 0x00, 0x00, 0x00, 0x00, 0x00, 0x00,
    0x00, 0x00, 0x00, 0x00, 0x00, 0x00, 0x00, 0x00, 0x00, 0x00, 0x00, 0x00, 0x00, 0x00, 0x00, 0x00,
    0x00, 0x00, 0x00, 0x00, 0x00, 0x00, 0x00, 0x00, 0x00, 0x00, 0x00, 0x00, 0x00, 0x00, 0x00, 0x00,
    0x00, 0x00, 0x00, 0x00, 0x00, 0x00, 0x00, 0x00, 0x00, 0x00, 0x00, 0x00, 0x00, 0x00, 0x00, 0x00,
    0x00, 0x00, 0x00, 0x00, 0x00, 0x00, 0x00, 0x00, 0x00, 0x00, 0x00, 0x00, 0x00, 0x00, 0x00, 0x00,
    0x00, 0x00, 0x00, 0x00, 0x00, 0x00, 0x00, 0x00, 0x00, 0x00, 0x00, 0x00, 0x00, 0x00, 0x00, 0x00,
    0x00, 0x00, 0x00, 0x00, 0x00, 0x00, 0x00, 0x00, 0x00, 0x00, 0x00, 0x00, 0x00, 0x00, 0x00, 0x00,
    0x00, 0x00, 0x00, 0x00, 0x00, 0x00, 0x00, 0x00, 0x00, 0x00, 0x00, 0x00, 0x00, 0x00, 0x00, 0x00,
    0x00, 0x00, 0x00, 0x00, 0x00, 0x00, 0x00, 0x00, 0x00, 0x00, 0x00, 0x00, 0x00, 0x00, 0x00, 0x00,
    0x00, 0x00, 0x00, 0x00, 0x00, 0x00, 0x00, 0x00, 0x00, 0x00, 0x00, 0x00, 0x00, 0x00, 0x00, 0x00,
    0x00, 0x00, 0x00, 0x00, 0x00, 0x00, 0x00, 0x00, 0x00, 0x00, 0x00, 0x00, 0x00, 0x00, 0x00, 0x00,
    0x00, 0x00, 0x00, 0x00, 0x00, 0x00, 0x00, 0x00, 0x00, 0x00, 0x00, 0x00, 0x00, 0x00, 0x00, 0x00,
    0x00, 0x00, 0x00, 0x00, 0x00, 0x00, 0x00, 0x00, 0x00, 0x00, 0x00, 0x00, 0x00, 0x00, 0x00, 0x00,
    0x00, 0x00, 0x00, 0x00, 0x00, 0x00, 0x00, 0x00, 0x00, 0x00, 0x00, 0x00, 0x00, 0x00, 0x00, 0x00,
    0x00, 0x00, 0x00, 0x00, 0x00, 0x00, 0x00, 0x00, 0x00, 0x00, 0x00, 0x00, 0x00, 0x00, 0x00, 0x00,
    0x00, 0x00, 0x00, 0x00, 0x00, 0x00, 0x00, 0x00, 0x00, 0x00, 0x00, 0x00, 0x00, 0x00, 0x00, 0x00,
    0x00, 0x00, 0x00, 0x00, 0x00, 0x00, 0x00, 0x00, 0x00, 0x00, 0x00, 0x00, 0x00, 0x00, 0x00, 0x00,
    0x00, 0x00, 0x00, 0x00, 0x00, 0x00, 0x00, 0x00, 0x00, 0x00, 0x00, 0x00, 0x00, 0x00, 0x00, 0x00,
    0x00, 0x08, 0xff, 0x00, 0x01, 0x08, 0x1c, 0x48, 0xb0, 0xa0, 0xc1, 0x83, 0x08, 0x13, 0x2a, 0x5c,
    0xc8, 0xb0, 0xa1, 0xc3, 0x87, 0x10, 0x23, 0x3a, 0x24, 0xa0, 0x60, 0x81, 0x01, 0x89, 0x18, 0x33,
    0x6a, 0xdc, 0x28, 0x90, 0xa2, 0x45, 0x8e, 0x0e, 0x13, 0x3c, 0x18, 0xf9, 0x80, 0x41, 0x00, 0x90,
    0x28, 0x53, 0x82, 0x14, 0x49, 0xd2, 0xa4, 0xca, 0x83, 0x2c, 0x49, 0x96, 0x3c, 0xf9, 0xb2, 0xa6,
    0xcd, 0x84, 0x31, 0x5b, 0xd2, 0xac, 0x19, 0x60, 0x81, 0x4c, 0x99, 0x0d, 0x06, 0xdc, 0x1c, 0x7a,
    0xb3, 0xe7, 0x4f, 0x92, 0x41, 0x79, 0x32, 0x38, 0x2a, 0xd3, 0x81, 0x50, 0xa2, 0x50, 0x41, 0x06,
    0x58, 0xca, 0x74, 0xa4, 0x53, 0x95, 0x53, 0xab, 0x36, 0x7d, 0x1a, 0xb5, 0x6b, 0xc4, 0xac, 0x5a,
    0xad, 0x72, 0xdd, 0x08, 0x36, 0xac, 0x58, 0xaf, 0x68, 0x1b, 0x96, 0x35, 0x7b, 0x75, 0xe3, 0x80,
    0x06, 0x4c, 0x1b, 0x50, 0xfd, 0xe9, 0xe0, 0x62, 0xda, 0xbb, 0x06, 0xdf, 0xc6, 0x9d, 0xdb, 0xd4,
    0x2e, 0xc6, 0x01, 0x0e, 0x98, 0x3a, 0x5d, 0x2b, 0xd3, 0x2f, 0xde, 0xbb, 0x80, 0x05, 0x0f, 0x20,
    0x4c, 0xd2, 0xf0, 0xc3, 0xc4, 0x47, 0xdb, 0x32, 0x1e, 0xe9, 0xf8, 0x70, 0x54, 0xc8, 0x74, 0x9f,
    0x4e, 0x7e, 0x50, 0x79, 0x21, 0xe6, 0xad, 0x04, 0x37, 0x77, 0xb6, 0x6c, 0xf3, 0x33, 0xc9, 0xb6,
    0x02, 0x45, 0x3f, 0x34, 0x10, 0xf8, 0x28, 0x83, 0xb1, 0xa9, 0x15, 0x54, 0x45, 0x40, 0x1a, 0x2a,
    0x6b, 0xa6, 0xaf, 0x0d, 0x06, 0x90, 0xcd, 0x94, 0x36, 0x43, 0x03, 0x55, 0x5d, 0x22, 0xcc, 0x29,
    0x33, 0x41, 0xed, 0x9b, 0xc0, 0x71, 0xef, 0x34, 0x48, 0x9c, 0xa4, 0x71, 0x85, 0xc9, 0x5d, 0x2f,
    0x87, 0x59, 0xf5, 0xf9, 0xf1, 0x94, 0xd1, 0x7f, 0x0a, 0xc7, 0x59, 0x3d, 0x61, 0x76, 0x99, 0xdb,
    0x15, 0x36, 0xff, 0x1f, 0x69, 0xfd, 0xfa, 0xc6, 0xef, 0x3a, 0x1b, 0x8e, 0x7f, 0x50, 0x7e, 0x20,
    0x82, 0xaa, 0x0a, 0xa6, 0x2b, 0x7c, 0xcf, 0x74, 0x81, 0x7c, 0xf3, 0x0f, 0xe9, 0x1f, 0x8d, 0x9f,
    0xbf, 0xaa, 0x7d, 0x82, 0xeb, 0xb5, 0xd7, 0x10, 0x7a, 0x23, 0x85, 0x87, 0x5f, 0x48, 0xdd, 0x45,
    0x44, 0xe0, 0x4c, 0x02, 0x05, 0x98, 0xd1, 0x82, 0x06, 0x1e, 0x28, 0x5e, 0x82, 0x12, 0x41, 0x18,
    0x80, 0x00, 0x14, 0x62, 0xb4, 0xe0, 0x68, 0x12, 0x16, 0x84, 0x21, 0x53, 0x02, 0x42, 0xb4, 0x21,
    0x01, 0xbd, 0x81, 0x54, 0x40, 0x6b, 0x32, 0xf9, 0xd6, 0xa1, 0x42, 0x24, 0x1e, 0xa5, 0xa2, 0x46,
    0x27, 0xba, 0xf8, 0xa1, 0x4c, 0x07, 0xa4, 0x34, 0xc0, 0x51, 0x05, 0xac, 0xb8, 0xd0, 0x8c, 0x24,
    0xd5, 0x88, 0xd2, 0x8d, 0x3f, 0xe5, 0x98, 0x5d, 0x88, 0x1a, 0x0d, 0xa9, 0xe3, 0x6f, 0xc5, 0xbd,
    0x64, 0xa4, 0x40, 0x05, 0x54, 0xe4, 0xe3, 0x4b, 0x4d, 0x2e, 0xf0, 0xe4, 0x91, 0x0a, 0x45, 0x39,
    0x65, 0x4a, 0x56, 0x52, 0xa9, 0xe5, 0x96, 0x5c, 0x76, 0xe9, 0xe5, 0x97, 0x60, 0x86, 0x29, 0xe6,
    0x98, 0x64, 0x96, 0x69, 0xe6, 0x4b, 0x01, 0xa4, 0xa9, 0xe6, 0x99, 0x77, 0xa9, 0xb9, 0xa6, 0x46,
    0x17, 0x12, 0x50, 0x40, 0x01, 0x06, 0xd4, 0x69, 0xc0, 0x9c, 0x04, 0x2c, 0x46, 0xd4, 0x00, 0x04,
    0x0c, 0xc5, 0x27, 0x51, 0x71, 0xce, 0x69, 0xe7, 0x9d, 0x05, 0xe4, 0x79, 0x5f, 0x42, 0x01, 0xc8,
    0x59, 0xe7, 0x9c, 0x8c, 0x32, 0xba, 0x68, 0x01, 0x02, 0xd8, 0xc4, 0xd2, 0x7f, 0x2f, 0x4d, 0x7a,
    0x28, 0x9c, 0x8a, 0x12, 0xda, 0xa8, 0xa0, 0x84, 0x46, 0xca, 0x90, 0x00, 0x74, 0x6e, 0x2a, 0x6a,
    0xa3, 0x06, 0xc0, 0xc6, 0x51, 0x01, 0xe0, 0x39, 0x74, 0x29, 0x41, 0xfa, 0xb1, 0xf7, 0x12, 0xa8,
    0x9a, 0x8e, 0xf2, 0xba, 0x69, 0xa9, 0x3b, 0xc6, 0x2a, 0xab, 0xa8, 0xb4, 0xa6, 0xd4, 0xaa, 0xab,
    0x0a, 0x1d, 0xc0, 0x40, 0x03, 0x08, 0xac, 0xfa, 0x1d, 0x03, 0x2a, 0x09, 0x60, 0xeb, 0xad, 0xa4,
    0x9a, 0x4a, 0x10, 0x01, 0xc7, 0x22, 0xdb, 0xe8, 0xaa, 0x10, 0xb5, 0x48, 0x23, 0x77, 0xe9, 0x1d,
    0x04, 0xe4, 0xb4, 0x29, 0x31, 0xeb, 0xec, 0xad, 0x97, 0x6e, 0x7b, 0xab, 0x01, 0xd0, 0x8a, 0x78,
    0x54, 0x65, 0x01, 0x34, 0xc7, 0x80, 0xa7, 0x04, 0x99, 0x46, 0x64, 0x46, 0xde, 0xca, 0x0a, 0x6e,
    0x42, 0xda, 0xb6, 0xbb, 0x69, 0x4d, 0xdf, 0xa1, 0x06, 0xc0, 0x66, 0xf6, 0x12, 0xb6, 0x6e, 0x46,
    0xf1, 0xca, 0xcb, 0xa8, 0x42, 0x01, 0x84, 0xea, 0xaf, 0x01, 0xe8, 0xaa, 0xb4, 0xab, 0x03, 0x9e,
    0x6e, 0x76, 0x96, 0x40, 0x7c, 0x3d, 0xb0, 0x80, 0x4d, 0x01, 0x37, 0x8b, 0x2c, 0xc1, 0x0b, 0x45,
    0xdc, 0xee, 0x9d, 0x05, 0x57, 0xaa, 0x5d, 0x9a, 0x0d, 0x3f, 0x80, 0xe2, 0x59, 0xc4, 0x45, 0x88,
    0x92, 0xc5, 0xde, 0x62, 0xec, 0xd0, 0x00, 0x9c, 0xda, 0x6a, 0x67, 0x01, 0x7a, 0x0e, 0x45, 0x58,
    0x45, 0x99, 0x11, 0x06, 0x6c, 0x66, 0x50, 0xa1, 0x4c, 0xe7, 0xa3, 0x8e, 0x2e, 0xda, 0xf2, 0x43,
    0x01, 0xf0, 0x29, 0x27, 0xa3, 0x04, 0xe4, 0x99, 0xb1, 0xcb, 0x70, 0x69, 0x25, 0x59, 0xc7, 0x3f,
    0x29, 0x0b, 0xb1, 0xcf, 0x8d, 0x06, 0x3d, 0xc0, 0xd0, 0x61, 0x9a, 0x76, 0xda, 0x58, 0x0a, 0x73,
    0xc8, 0x26, 0x5e, 0xd2, 0x82, 0x56, 0xd0, 0x64, 0x2f, 0x5e, 0x7d, 0xdd, 0xb0, 0x97, 0x12, 0xb7,
    0xaf, 0xd7, 0x87, 0xc5, 0x24, 0x32, 0x80, 0xd5, 0x92, 0x7d, 0xa0, 0x01, 0x0b, 0x04, 0x3b, 0x60,
    0xdb, 0xe1, 0x4a, 0x18, 0x10, 0x00, 0x21, 0xf9, 0x04, 0x04, 0x04, 0x00, 0x00, 0x00, 0x2c, 0x16,
    0x00, 0x1c, 0x00, 0x93, 0x00, 0x2f, 0x00, 0x87, 0x00, 0x00, 0x00, 0x0d, 0x03, 0x03, 0x1a, 0x06,
    0x06, 0x26, 0x09, 0x0a, 0x33, 0x0d, 0x0d, 0x40, 0x10, 0x10, 0x4d, 0x13, 0x13, 0x5a, 0x16, 0x16,
    0x66, 0x19, 0x1a, 0x73, 0x1c, 0x1d, 0x80, 0x1f, 0x20, 0x8d, 0x22, 0x23, 0x9a, 0x26, 0x26, 0xa6,
    0x29, 0x2a, 0xb3, 0x2c, 0x2d, 0xc0, 0x2f, 0x30, 0x00, 0x00, 0x00, 0x00, 0x00, 0x00, 0x00, 0x00,
    0x00, 0x00, 0x00, 0x00, 0x00, 0x00, 0x00, 0x00, 0x00, 0x00, 0x00, 0x00, 0x00, 0x00, 0x00, 0x00,
    0x00, 0x00, 0x00, 0x00, 0x00, 0x00, 0x00, 0x00, 0x00, 0x00, 0x00, 0x00, 0x00, 0x00, 0x00, 0x00,
    0x00, 0x00, 0x00, 0x00, 0x00, 0x00, 0x00, 0x00, 0x00, 0x00, 0x00, 0x00, 0x00, 0x00, 0x00, 0x00,
    0x00, 0x00, 0x00, 0x00, 0x00, 0x00, 0x00, 0x00, 0x00, 0x00, 0x00, 0x00, 0x00, 0x00, 0x00, 0x00,
    0x00, 0x00, 0x00, 0x00, 0x00, 0x00, 0x00, 0x00, 0x00, 0x00, 0x00, 0x00, 0x00, 0x00, 0x00, 0x00,
    0x00, 0x00, 0x00, 0x00, 0x00, 0x00, 0x00, 0x00, 0x00, 0x00, 0x00, 0x00, 0x00, 0x00, 0x00, 0x00,
    0x00, 0x00, 0x00, 0x00, 0x00, 0x00, 0x00, 0x00, 0x00, 0x00, 0x00, 0x00, 0x00, 0x00, 0x00, 0x00,
    0x00, 0x00, 0x00, 0x00, 0x00, 0x00, 0x00, 0x00, 0x00, 0x00, 0x00, 0x00, 0x00, 0x00, 0x00, 0x00,
    0x00, 0x00, 0x00, 0x00, 0x00, 0x00, 0x00, 0x00, 0x00, 0x00, 0x00, 0x00, 0x00, 0x00, 0x00, 0x00,
    0x00, 0x00, 0x00, 0x00, 0x00, 0x00, 0x00, 0x00, 0x00, 0x00, 0x00, 0x00, 0x00, 0x00, 0x00, 0x00,
    0x00, 0x00, 0x00, 0x00, 0x00, 0x00, 0x00, 0x00, 0x00, 0x00, 0x00, 0x00, 0x00, 0x00, 0x00, 0x00,
    0x00, 0x00, 0x00, 0x00, 0x00, 0x00, 0x00, 0x00, 0x00, 0x00, 0x00, 0x00, 0x00, 0x00, 0x00, 0x00,
    0x00, 0x00, 0x00, 0x00, 0x00, 0x00, 0x00, 0x00, 0x00, 0x00, 0x00, 0x00, 0x00, 0x00, 0x00, 0x00,
    0x00, 0x00, 0x00, 0x00, 0x00, 0x00, 0x00, 0x00, 0x00, 0x00, 0x00, 0x00, 0x00, 0x00, 0x00, 0x00,
    0x00, 0x00, 0x00, 0x00, 0x00, 0x00, 0x00, 0x00, 0x00, 0x00, 0x00, 0x00, 0x00, 0x00, 0x00, 0x00,
    0x00, 0x00, 0x00, 0x00, 0x00, 0x00, 0x00, 0x00, 0x00, 0x00, 0x00, 0x00, 0x00, 0x00, 0x00, 0x00,
    0x00, 0x00, 0x00, 0x00, 0x00, 0x00, 0x00, 0x00, 0x00, 0x00, 0x00, 0x00, 0x00, 0x00, 0x00, 0x00,
    0x00, 0x00, 0x00, 0x00, 0x00, 0x00, 0x00, 0x00, 0x00, 0x00, 0x00, 0x00, 0x00, 0x00, 0x00, 0x00,
    0x00, 0x00, 0x00, 0x00, 0x00, 0x00, 0x00, 0x00, 0x00, 0x00, 0x00, 0x00, 0x00, 0x00, 0x00, 0x00,
    0x00, 0x00, 0x00, 0x00, 0x00, 0x00, 0x00, 0x00, 0x00, 0x00, 0x00, 0x00, 0x00, 0x00, 0x00, 0x00,
    0x00, 0x00, 0x00, 0x00, 0x00, 0x00, 0x00, 0x00, 0x00, 0x00, 0x00, 0x00, 0x00, 0x00, 0x00, 0x00,
    0x00, 0x00, 0x00, 0x00, 0x00, 0x00, 0x00, 0x00, 0x00, 0x00, 0x00, 0x00, 0x00, 0x00, 0x00, 0x00,
    0x00, 0x00, 0x00, 0x00, 0x00, 0x00, 0x00, 0x00, 0x00, 0x00, 0x00, 0x00, 0x00, 0x00, 0x00, 0x00,
    0x00, 0x00, 0x00, 0x00, 0x00, 0x00, 0x00, 0x00, 0x00, 0x00, 0x00, 0x00, 0x00, 0x00, 0x00, 0x00,
    0x00, 0x00, 0x00, 0x00, 0x00, 0x00, 0x00, 0x00, 0x00, 0x00, 0x00, 0x00, 0x00, 0x00, 0x00, 0x00,
    0x00, 0x00, 0x00, 0x00, 0x00, 0x00, 0x00, 0x00, 0x00, 0x00, 0x00, 0x00, 0x00, 0x00, 0x00, 0x00,
    0x00, 0x00, 0x00, 0x00, 0x00, 0x00, 0x00, 0x00, 0x00, 0x00, 0x00, 0x00, 0x00, 0x00, 0x00, 0x00,
    0x00, 0x00, 0x00, 0x00, 0x00, 0x00, 0x00, 0x00, 0x00, 0x00, 0x00, 0x00, 0x00, 0x00, 0x00, 0x00,
    0x00, 0x00, 0x00, 0x00, 0x00, 0x00, 0x00, 0x00, 0x00, 0x00, 0x00, 0x00, 0x00, 0x00, 0x00, 0x00,
    0x00, 0x00, 0x00, 0x00, 0x00, 0x00, 0x00, 0x00, 0x00, 0x00, 0x00, 0x00, 0x00, 0x00, 0x00, 0x00,
    0x00, 0x00, 0x00, 0x00, 0x00, 0x00, 0x00, 0x00, 0x00, 0x00, 0x00, 0x00, 0x00, 0x00, 0x00, 0x00,
    0x00, 0x00, 0x00, 0x00, 0x00, 0x00, 0x00, 0x00, 0x00, 0x00, 0x00, 0x00, 0x00, 0x00, 0x00, 0x00,
    0x00, 0x00, 0x00, 0x00, 0x00, 0x00, 0x00, 0x00, 0x00, 0x00, 0x00, 0x00, 0x00, 0x00, 0x00, 0x00,
    0x00, 0x00, 0x00, 0x00, 0x00, 0x00, 0x00, 0x00, 0x00, 0x00, 0x00, 0x00, 0x00, 0x00, 0x00, 0x00,
    0x00, 0x00, 0x00, 0x00, 0x00, 0x00, 0x00, 0x00, 0x00, 0x00, 0x00, 0x00, 0x00, 0x00, 0x00, 0x00,
    0x00, 0x00, 0x00, 0x00, 0x00, 0x00, 0x00, 0x00, 0x00, 0x00, 0x00, 0x00, 0x00, 0x00, 0x00, 0x00,
    0x00, 0x00, 0x00, 0x00, 0x00, 0x00, 0x00, 0x00, 0x00, 0x00, 0x00, 0x00, 0x00, 0x00, 0x00, 0x00,
    0x00, 0x00, 0x00, 0x00, 0x00, 0x00, 0x00, 0x00, 0x00, 0x00, 0x00, 0x00, 0x00, 0x00, 0x00, 0x00,
    0x00, 0x00, 0x00, 0x00, 0x00, 0x00, 0x00, 0x00, 0x00, 0x00, 0x00, 0x00, 0x00, 0x00, 0x00, 0x00,
    0x00, 0x00, 0x00, 0x00, 0x00, 0x00, 0x00, 0x00, 0x00, 0x00, 0x00, 0x00, 0x00, 0x00, 0x00, 0x00,
    0x00, 0x00, 0x00, 0x00, 0x00, 0x00, 0x00, 0x00, 0x00, 0x00, 0x00, 0x00, 0x00, 0x00, 0x00, 0x00,
    0x00, 0x00, 0x00, 0x00, 0x00, 0x00, 0x00, 0x00, 0x00, 0x00, 0x00, 0x00, 0x00, 0x00, 0x00, 0x00,
    0x00, 0x00, 0x00, 0x00, 0x00, 0x00, 0x00, 0x00, 0x00, 0x00, 0x00, 0x00, 0x00, 0x00, 0x00, 0x00,
    0x00, 0x00, 0x00, 0x00, 0x00, 0x00, 0x00, 0x00, 0x00, 0x00, 0x00, 0x00, 0x00, 0x00, 0x00, 0x00,
    0x00, 0x00, 0x00, 0x00, 0x00, 0x00, 0x00, 0x00, 0x08, 0xff, 0x00, 0x01, 0x08, 0x1c, 0x48, 0xb0,
    0xe0, 0xc0, 0x00, 0x07, 0x0e, 0x08, 0x30, 0xc8, 0xb0, 0xa1, 0xc3, 0x87, 0x10, 0x23, 0x4a, 0x9c,
    0x18, 0x11, 0xa1, 0x42, 0x8a, 0x18, 0x0b, 0x1a, 0x70, 0xf0, 0xa0, 0x23, 0x82, 0x8c, 0x20, 0x43,
    0x8a, 0x1c, 0xa9, 0x91, 0xa3, 0x47, 0x92, 0x11, 0x0d, 0x74, 0x5c, 0xf9, 0x20, 0x01, 0xca, 0x97,
    0x30, 0x63, 0xaa, 0x64, 0xd9, 0x32, 0xa6, 0xc1, 0x03, 0x34, 0x57, 0x2a, 0x08, 0x60, 0xb3, 0xa7,
    0x4f, 0x88, 0x38, 0x73, 0x3e, 0xd8, 0xe9, 0x33, 0x81, 0xd0, 0x95, 0x0c, 0x78, 0xfe, 0x5c, 0xba,
    0xd4, 0xe8, 0xd1, 0x07, 0x49, 0x6d, 0x3a, 0x7d, 0x0a, 0x55, 0x29, 0xd3, 0xab, 0x2f, 0xa7, 0x3e,
    0x8d, 0x9a, 0x95, 0x2a, 0x4b, 0xae, 0x58, 0xc3, 0x82, 0xd4, 0x4a, 0x15, 0x6c, 0xc8, 0x00, 0x0a,
    0x8e, 0x9a, 0xa4, 0xc9, 0x60, 0x80, 0xd8, 0xb7, 0x12, 0xd1, 0xaa, 0x15, 0xda, 0x56, 0x64, 0x00,
    0x06, 0x47, 0x0b, 0x0c, 0x58, 0xcb, 0xd2, 0x81, 0x5b, 0xb8, 0x80, 0x0d, 0xde, 0xcd, 0xbb, 0x57,
    0xa8, 0x5f, 0x90, 0x83, 0x85, 0x1a, 0x10, 0x58, 0x38, 0xe7, 0xe1, 0xc0, 0x90, 0x13, 0xe7, 0x5c,
    0x0c, 0xa0, 0x31, 0xcd, 0xc7, 0x13, 0x25, 0xd3, 0xa4, 0xcc, 0x98, 0xef, 0x4a, 0xcc, 0x90, 0xc5,
    0x6a, 0x66, 0xc9, 0xb9, 0xb2, 0xe7, 0x8e, 0xa0, 0x1f, 0x0e, 0xc0, 0xeb, 0xb8, 0x34, 0xe3, 0x06,
    0x86, 0x0b, 0x84, 0x16, 0xbb, 0xda, 0xb0, 0xeb, 0xca, 0xb0, 0x1d, 0xcb, 0x86, 0x68, 0xb9, 0xef,
    0x5f, 0xc1, 0xac, 0x27, 0xcf, 0xbe, 0xda, 0xfb, 0xf3, 0xef, 0x82, 0xa3, 0x57, 0xde, 0x26, 0x58,
    0x1c, 0xf5, 0x71, 0xe0, 0x47, 0x97, 0x0f, 0x47, 0xd9, 0xfc, 0x41, 0x6a, 0xe4, 0xc1, 0x37, 0x37,
    0xac, 0x7e, 0x1d, 0xba, 0xe2, 0xe9, 0x36, 0xb9, 0x3f, 0xff, 0x67, 0x98, 0xbc, 0xe3, 0xed, 0x02,
    0xa7, 0x1f, 0x34, 0x18, 0xdf, 0x30, 0xc0, 0x82, 0xa3, 0x1f, 0xc1, 0xa3, 0x44, 0x2f, 0x74, 0x7d,
    0xe6, 0xf7, 0x42, 0xe3, 0x0b, 0x9c, 0x99, 0xd3, 0xac, 0x44, 0xb2, 0x2b, 0xb9, 0x24, 0x9f, 0x48,
    0xfc, 0xb1, 0x65, 0xd5, 0x44, 0x00, 0x76, 0x24, 0x60, 0x81, 0x5f, 0x1d, 0x48, 0x51, 0x82, 0x35,
    0x0d, 0x98, 0x11, 0x83, 0x48, 0x39, 0x88, 0xe0, 0x51, 0x2e, 0x1d, 0xe5, 0x1f, 0x46, 0x10, 0xee,
    0x26, 0xa1, 0x44, 0x02, 0x68, 0x68, 0xe1, 0x83, 0x79, 0x09, 0xb5, 0xc0, 0x88, 0x18, 0x21, 0x90,
    0xdf, 0x87, 0x13, 0x11, 0x60, 0x22, 0x8a, 0x14, 0xa9, 0x98, 0x93, 0x8c, 0x2c, 0x09, 0xf8, 0x12,
    0x85, 0xd2, 0xb1, 0x58, 0x50, 0x88, 0x34, 0xd9, 0x88, 0x12, 0x8e, 0x5a, 0x6d, 0x38, 0x52, 0x90,
    0x30, 0xea, 0x48, 0x10, 0x91, 0x52, 0x35, 0x08, 0x00, 0x02, 0x0d, 0x38, 0x40, 0x54, 0x4f, 0x4c,
    0x3a, 0x59, 0xa4, 0x91, 0x04, 0x45, 0xf9, 0xa4, 0x4d, 0x56, 0x5a, 0x15, 0xc0, 0x94, 0x23, 0x6d,
    0x49, 0x25, 0x46, 0x5e, 0x2e, 0x15, 0xe6, 0x97, 0x64, 0x96, 0x69, 0xe6, 0x99, 0x68, 0xa6, 0xa9,
    0xe6, 0x9a, 0x6c, 0xb6, 0xe9, 0xe6, 0x9b, 0x70, 0x8a, 0x39, 0x00, 0x01, 0x04, 0x14, 0x60, 0x67,
    0x01, 0x74, 0x0e, 0xb0, 0xd0, 0x55, 0x63, 0xfa, 0xd4, 0xe7, 0x4f, 0x01, 0xcc, 0x59, 0xe7, 0x9d,
    0x79, 0xee, 0x49, 0xd1, 0x00, 0x76, 0x1a, 0xa0, 0xe8, 0x9d, 0x89, 0x2e, 0x3a, 0x00, 0x97, 0x20,
    0x19, 0xd0, 0xa4, 0x7e, 0x36, 0x49, 0xea, 0x00, 0xa5, 0xe1, 0x35, 0x6a, 0x00, 0xa3, 0x05, 0x28,
    0xba, 0xe9, 0xa3, 0x15, 0x75, 0xca, 0xe9, 0xa8, 0x77, 0x6e, 0x6a, 0x28, 0x4c, 0x2e, 0x06, 0xd8,
    0x53, 0x81, 0x07, 0xf4, 0x14, 0x80, 0xa8, 0xa4, 0x8e, 0xff, 0x6a, 0xea, 0x43, 0xaf, 0x6e, 0x1a,
    0x6b, 0xac, 0x06, 0x9c, 0x8a, 0x12, 0x8d, 0xe6, 0xf1, 0x96, 0x80, 0x02, 0x1e, 0x6e, 0xc7, 0x17,
    0x03, 0x36, 0xd5, 0x7a, 0x2b, 0xae, 0xba, 0x12, 0x44, 0x80, 0xad, 0xc7, 0xc6, 0x6a, 0x53, 0x01,
    0x39, 0x11, 0xe0, 0x50, 0x81, 0x3e, 0x22, 0xe7, 0x59, 0xb5, 0x24, 0x2d, 0xdb, 0xec, 0xad, 0x0e,
    0x6d, 0x7b, 0xab, 0x01, 0x90, 0x5e, 0xe8, 0x1b, 0x43, 0x14, 0x62, 0x0b, 0xc0, 0x68, 0x42, 0x8a,
    0xe4, 0x2d, 0xae, 0x28, 0x6a, 0xbb, 0x2e, 0xa7, 0xe1, 0x8a, 0xbb, 0x52, 0x03, 0x0e, 0x42, 0xe8,
    0x5f, 0x5a, 0x4a, 0xda, 0xe4, 0xee, 0xbb, 0x77, 0xa2, 0x28, 0x00, 0xb3, 0xef, 0x1a, 0xc0, 0x1e,
    0x4a, 0xf8, 0x56, 0x38, 0x10, 0x84, 0x1d, 0x81, 0x45, 0x16, 0xbd, 0x3e, 0xfd, 0xcb, 0x6f, 0xa2,
    0x03, 0x0b, 0x24, 0x00, 0xac, 0xde, 0x0a, 0x2c, 0x66, 0x76, 0x11, 0x22, 0x6c, 0x30, 0x83, 0xdd,
    0xbd, 0x34, 0x31, 0xc0, 0xcd, 0x5a, 0x0c, 0x51, 0x00, 0x75, 0x2e, 0x4a, 0xaa, 0xc9, 0xc9, 0xda,
    0x24, 0x80, 0x67, 0x07, 0xf0, 0x6a, 0x1e, 0x01, 0x9e, 0x2d, 0x00, 0x2d, 0x4d, 0xc1, 0xfa, 0x59,
    0x32, 0xc8, 0xa5, 0xda, 0x9a, 0x72, 0x7b, 0x02, 0x0c, 0xea, 0xa9, 0xad, 0x04, 0x80, 0x1a, 0x56,
    0x75, 0xa4, 0x75, 0xe6, 0x55, 0x8e, 0xc5, 0xf6, 0xac, 0x29, 0xd0, 0x42, 0x9f, 0xb5, 0xe5, 0xd3,
    0x90, 0x51, 0x58, 0xf4, 0x40, 0x44, 0x47, 0x08, 0xd8, 0xd3, 0x50, 0xc7, 0x39, 0x50, 0x50, 0xc2,
    0x15, 0x54, 0x9d, 0x02, 0x5a, 0xeb, 0x48, 0x96, 0x03, 0xd2, 0x32, 0x24, 0x00, 0xc6, 0xe9, 0x86,
    0x3d, 0x5c, 0x70, 0x1d, 0x0b, 0x24, 0x99, 0x03, 0x3b, 0xab, 0x3d, 0x5c, 0x00, 0x09, 0x38, 0xb0,
    0x40, 0xc4, 0x07, 0xd5, 0x7d, 0xb7, 0xdc, 0x54, 0xc6, 0x05, 0x7b, 0x6e, 0x9b, 0x01, 0x01, 0x00,
    0x21, 0xf9, 0x04, 0x04, 0x04, 0x00, 0x00, 0x00, 0x2c, 0x15, 0x00, 0x1c, 0x00, 0x94, 0x00, 0x2f,
    0x00, 0x87, 0x00, 0x00, 0x00, 0x0d, 0x03, 0x03, 0x1a, 0x06, 0x06, 0x26, 0x09, 0x0a, 0x33, 0x0d,
    0x0d, 0x40, 0x10, 0x10, 0x4d, 0x13, 0x13, 0x5a, 0x16, 0x16, 0x66, 0x19, 0x1a, 0x73, 0x1c, 0x1d,
    0x80, 0x1f, 0x20, 0x8d, 0x22, 0x23, 0x9a, 0x26, 0x26, 0xa6, 0x29, 0x2a, 0xb3, 0x2c, 0x2d, 0xc0,
    0x2f, 0x30, 0x00, 0x00, 0x00, 0x00, 0x00, 0x00, 0x00, 0x00, 0x00, 0x00, 0x00, 0x00, 0x00, 0x00,
    0x00, 0x00, 0x00, 0x00, 0x00, 0x00, 0x00, 0x00, 0x00, 0x00, 0x00, 0x00, 0x00, 0x00, 0x00, 0x00,
    0x00, 0x00, 0x00, 0x00, 0x00, 0x00, 0x00, 0x00, 0x00, 0x00, 0x00, 0x00, 0x00, 0x00, 0x00, 0x00,
    0x00, 0x00, 0x00, 0x00, 0x00, 0x00, 0x00, 0x00, 0x00, 0x00, 0x00, 0x00, 0x00, 0x00, 0x00, 0x00,
    0x00, 0x00, 0x00, 0x00, 0x00, 0x00, 0x00, 0x00, 0x00, 0x00, 0x00, 0x00, 0x00, 0x00, 0x00, 0x00,
    0x00, 0x00, 0x00, 0x00, 0x00, 0x00, 0x00, 0x00, 0x00, 0x00, 0x00, 0x00, 0x00, 0x00, 0x00, 0x00,
    0x00, 0x00, 0x00, 0x00, 0x00, 0x00, 0x00, 0x00, 0x00, 0x00, 0x00, 0x00, 0x00, 0x00, 0x00, 0x00,
    0x00, 0x00, 0x00, 0x00, 0x00, 0x00, 0x00, 0x00, 0x00, 0x00, 0x00, 0x00, 0x00, 0x00, 0x00, 0x00,
    0x00, 0x00, 0x00, 0x00, 0x00, 0x00, 0x00, 0x00, 0x00, 0x00, 0x00, 0x00, 0x00, 0x00, 0x00, 0x00,
    0x00, 0x00, 0x00, 0x00, 0x00, 0x00, 0x00, 0x00, 0x00, 0x00, 0x00, 0x00, 0x00, 0x00, 0x00, 0x00,
    0x00, 0x00, 0x00, 0x00, 0x00, 0x00, 0x00, 0x00, 0x00, 0x00, 0x00, 0x00, 0x00, 0x00, 0x00, 0x00,
    0x00, 0x00, 0x00, 0x00, 0x00, 0x00, 0x00, 0x00, 0x00, 0x00, 0x00, 0x00, 0x00, 0x00, 0x00, 0x00,
    0x00, 0x00, 0x00, 0x00, 0x00, 0x00, 0x00, 0x00, 0x00, 0x00, 0x00, 0x00, 0x00, 0x00, 0x00, 0x00,
    0x00, 0x00, 0x00, 0x00, 0x00, 0x00, 0x00, 0x00, 0x00, 0x00, 0x00, 0x00, 0x00, 0x00, 0x00, 0x00,
    0x00, 0x00, 0x00, 0x00, 0x00, 0x00, 0x00, 0x00, 0x00, 0x00, 0x00, 0x00, 0x00, 0x00, 0x00, 0x00,
    0x00, 0x00, 0x00, 0x00, 0x00, 0x00, 0x00, 0x00, 0x00, 0x00, 0x00, 0x00, 0x00, 0x00, 0x00, 0x00,
    0x00, 0x00, 0x00, 0x00, 0x00, 0x00, 0x00, 0x00, 0x00, 0x00, 0x00, 0x00, 0x00, 0x00, 0x00, 0x00,
    0x00, 0x00, 0x00, 0x00, 0x00, 0x00, 0x00, 0x00, 0x00, 0x00, 0x00, 0x00, 0x00, 0x00, 0x00, 0x00,
    0x00, 0x00, 0x00, 0x00, 0x00, 0x00, 0x00, 0x00, 0x00, 0x00, 0x00, 0x00, 0x00, 0x00, 0x00, 0x00,
    0x00, 0x00, 0x00, 0x00, 0x00, 0x00, 0x00, 0x00, 0x00, 0x00, 0x00, 0x00, 0x00, 0x00, 0x00, 0x00,
    0x00, 0x00, 0x00, 0x00, 0x00, 0x00, 0x00, 0x00, 0x00, 0x00, 0x00, 0x00, 0x00, 0x00, 0x00, 0x00,
    0x00, 0x00, 0x00, 0x00, 0x00, 0x00, 0x00, 0x00, 0x00, 0x00, 0x00, 0x00, 0x00, 0x00, 0x00, 0x00,
    0x00, 0x00, 0x00, 0x00, 0x00, 0x00, 0x00, 0x00, 0x00, 0x00, 0x00, 0x00, 0x00, 0x00, 0x00, 0x00,
    0x00, 0x00, 0x00, 0x00, 0x00, 0x00, 0x00, 0x00, 0x00, 0x00, 0x00, 0x00, 0x00, 0x00, 0x00, 0x00,
    0x00, 0x00, 0x00, 0x00, 0x00, 0x00, 0x00, 0x00, 0x00, 0x00, 0x00, 0x00, 0x00, 0x00, 0x00, 0x00,
    0x00, 0x00, 0x00, 0x00, 0x00, 0x00, 0x00, 0x00, 0x00, 0x00, 0x00, 0x00, 0x00, 0x00, 0x00, 0x00,
    0x00, 0x00, 0x00, 0x00, 0x00, 0x00, 0x00, 0x00, 0x00, 0x00, 0x00, 0x00, 0x00, 0x00, 0x00, 0x00,
    0x00, 0x00, 0x00, 0x00, 0x00, 0x00, 0x00, 0x00, 0x00, 0x00, 0x00, 0x00, 0x00, 0x00, 0x00, 0x00,
    0x00, 0x00, 0x00, 0x00, 0x00, 0x00, 0x00, 0x00, 0x00, 0x00, 0x00, 0x00, 0x00, 0x00, 0x00, 0x00,
    0x00, 0x00, 0x00, 0x00, 0x00, 0x00, 0x00, 0x00, 0x00, 0x00, 0x00, 0x00, 0x00, 0x00, 0x00, 0x00,
    0x00, 0x00, 0x00, 0x00, 0x00, 0x00, 0x00, 0x00, 0x00, 0x00, 0x00, 0x00, 0x00, 0x00, 0x00, 0x00,
    0x00, 0x00, 0x00, 0x00, 0x00, 0x00, 0x00, 0x00, 0x00, 0x00, 0x00, 0x00, 0x00, 0x00, 0x00, 0x00,
    0x00, 0x00, 0x00, 0x00, 0x00, 0x00, 0x00, 0x00, 0x00, 0x00, 0x00, 0x00, 0x00, 0x00, 0x00, 0x00,
    0x00, 0x00, 0x00, 0x00, 0x00, 0x00, 0x00, 0x00, 0x00, 0x00, 0x00, 0x00, 0x00, 0x00, 0x00, 0x00,
    0x00, 0x00, 0x00, 0x00, 0x00, 0x00, 0x00, 0x00, 0x00, 0x00, 0x00, 0x00, 0x00, 0x00, 0x00, 0x00,
    0x00, 0x00, 0x00, 0x00, 0x00, 0x00, 0x00, 0x00, 0x00, 0x00, 0x00, 0x00, 0x00, 0x00, 0x00, 0x00,
    0x00, 0x00, 0x00, 0x00, 0x00, 0x00, 0x00, 0x00, 0x00, 0x00, 0x00, 0x00, 0x00, 0x00, 0x00, 0x00,
    0x00, 0x00, 0x00, 0x00, 0x00, 0x00, 0x00, 0x00, 0x00, 0x00, 0x00, 0x00, 0x00, 0x00, 0x00, 0x00,
    0x00, 0x00, 0x00, 0x00, 0x00, 0x00, 0x00, 0x00, 0x00, 0x00, 0x00, 0x00, 0x00, 0x00, 0x00, 0x00,
    0x00, 0x00, 0x00, 0x00, 0x00, 0x00, 0x00, 0x00, 0x00, 0x00, 0x00, 0x00, 0x00, 0x00, 0x00, 0x00,
    0x00, 0x00, 0x00, 0x00, 0x00, 0x00, 0x00, 0x00, 0x00, 0x00, 0x00, 0x00, 0x00, 0x00, 0x00, 0x00,
    0x00, 0x00, 0x00, 0x00, 0x00, 0x00, 0x00, 0x00, 0x00, 0x00, 0x00, 0x00, 0x00, 0x00, 0x00, 0x00,
    0x00, 0x00, 0x00, 0x00, 0x00, 0x00, 0x00, 0x00, 0x00, 0x00, 0x00, 0x00, 0x00, 0x00, 0x00, 0x00,
    0x00, 0x00, 0x00, 0x00, 0x00, 0x00, 0x00, 0x00, 0x00, 0x00, 0x00, 0x00, 0x00, 0x00, 0x00, 0x00,
    0x00, 0x00, 0x00, 0x00, 0x00, 0x00, 0x00, 0x00, 0x00, 0x00, 0x00, 0x00, 0x00, 0x00, 0x00, 0x00,
    0x00, 0x00, 0x08, 0xff, 0x00, 0x01, 0x08, 0x1c, 0x48, 0xb0, 0x60, 0xc1, 0x00, 0x01, 0x0c, 0x2a,
    0x5c, 0xc8, 0xb0, 0xa1, 0xc3, 0x87, 0x10, 0x23, 0x46, 0x44, 0x28, 0xb1, 0xa2, 0xc2, 0x00, 0x08,
    0x1a, 0x38, 0x48, 0x20, 0xc0, 0xa2, 0xc7, 0x8f, 0x20, 0x43, 0x1e, 0xcc, 0xb8, 0xb1, 0xa3, 0xc8,
    0x87, 0x01, 0x18, 0x3c, 0x58, 0xf9, 0xc0, 0xc1, 0x80, 0x93, 0x30, 0x63, 0xca, 0x4c, 0xc9, 0xb2,
    0xe5, 0x4b, 0x99, 0x06, 0x69, 0xd6, 0xb4, 0x89, 0xb3, 0xa7, 0x4f, 0x94, 0x2a, 0x77, 0xba, 0xfc,
    0x09, 0x60, 0x80, 0x83, 0x9d, 0x35, 0x0d, 0x10, 0x5d, 0x4a, 0xd4, 0x28, 0x52, 0x96, 0x4a, 0x7b,
    0x3a, 0x7d, 0x0a, 0x95, 0xa9, 0xd5, 0x98, 0x53, 0xa9, 0x3e, 0x88, 0x8a, 0xf5, 0xa8, 0xd6, 0xaa,
    0x57, 0xc3, 0x7a, 0xcc, 0xfa, 0x95, 0xab, 0x48, 0xb2, 0x5f, 0xb7, 0x8a, 0x5d, 0x0b, 0x11, 0x6d,
    0xd9, 0x93, 0x06, 0xa8, 0x2e, 0x48, 0x40, 0x35, 0x01, 0xdb, 0xbb, 0x0a, 0xe3, 0x3e, 0x9d, 0x5b,
    0x37, 0xa4, 0x5e, 0xa4, 0x0c, 0x12, 0xd2, 0x7d, 0x6a, 0x17, 0xaf, 0xe1, 0xbf, 0x3b, 0x03, 0x03,
    0x18, 0x8c, 0xb4, 0xb0, 0x45, 0xc4, 0x35, 0x15, 0x0b, 0x64, 0xbc, 0xd3, 0xb1, 0x61, 0xb1, 0x90,
    0x59, 0x4a, 0x5e, 0xdc, 0xb7, 0x62, 0xe6, 0x95, 0x9b, 0x27, 0x77, 0xbe, 0x7c, 0xf5, 0xf3, 0x83,
    0xd0, 0x9c, 0x09, 0x4b, 0xa4, 0x5c, 0x33, 0x41, 0x42, 0x83, 0x07, 0xa8, 0xa2, 0x26, 0xdd, 0x93,
    0x35, 0x4b, 0xd7, 0x0a, 0x63, 0x3f, 0x9d, 0x6d, 0xd0, 0xf6, 0x4a, 0xcb, 0x06, 0x4d, 0xf3, 0xa6,
    0x7d, 0xd2, 0xf7, 0x03, 0xe0, 0x05, 0x85, 0xbf, 0x5e, 0x68, 0x1c, 0x79, 0x70, 0xd9, 0xcb, 0x89,
    0xc3, 0x6c, 0xfe, 0x50, 0x39, 0xf3, 0xd1, 0x0e, 0xad, 0x4b, 0x2f, 0x8e, 0xbd, 0xa1, 0xf6, 0x81,
    0x3a, 0x91, 0x1e, 0xff, 0xa8, 0x48, 0xc0, 0xab, 0xd0, 0x9b, 0xdb, 0x3d, 0x86, 0xdf, 0x39, 0x5e,
    0x62, 0xf9, 0xa7, 0x43, 0x05, 0xae, 0x4f, 0x3a, 0xd6, 0x7c, 0xcd, 0xf8, 0xe9, 0x25, 0xce, 0x07,
    0x5b, 0xd1, 0x2d, 0x4f, 0x00, 0x41, 0x21, 0x65, 0x56, 0x7f, 0xf6, 0xb1, 0xe4, 0x80, 0x49, 0xf9,
    0x41, 0x14, 0xe0, 0x4e, 0x03, 0x4a, 0xe4, 0xdf, 0x81, 0x03, 0x50, 0xd5, 0x20, 0x81, 0x4f, 0xb5,
    0x97, 0xa0, 0x43, 0x11, 0x3e, 0x35, 0xa1, 0x83, 0x05, 0xae, 0x74, 0x00, 0x01, 0x48, 0x39, 0x40,
    0x00, 0x4c, 0x02, 0x2c, 0xb8, 0x12, 0x02, 0x17, 0x3e, 0x04, 0xa2, 0x50, 0x23, 0x9e, 0x54, 0x22,
    0x52, 0x08, 0x04, 0x50, 0x60, 0x8b, 0x30, 0xc9, 0xb8, 0x13, 0x7a, 0x29, 0x2e, 0x64, 0x63, 0x4d,
    0x34, 0x9e, 0xb4, 0x23, 0x4b, 0x2f, 0x65, 0xb5, 0x21, 0x48, 0x42, 0xe6, 0xf8, 0x50, 0x91, 0x38,
    0x21, 0x09, 0x80, 0x00, 0x07, 0x1c, 0x80, 0xa3, 0x4c, 0x4c, 0x3a, 0x69, 0x24, 0x44, 0x51, 0x3e,
    0x19, 0x53, 0x95, 0x53, 0x66, 0xa9, 0xe5, 0x96, 0x5c, 0x76, 0xe9, 0xe5, 0x97, 0x60, 0x86, 0x29,
    0xe6, 0x98, 0x64, 0x96, 0x89, 0x53, 0x00, 0x02, 0x0c, 0xa0, 0xe6, 0x00, 0x02, 0x44, 0x67, 0xa6,
    0x55, 0x68, 0xae, 0xc9, 0xa6, 0x9b, 0x15, 0x09, 0x40, 0x40, 0x01, 0x05, 0x18, 0xa0, 0xe7, 0x9e,
    0x78, 0x12, 0xd0, 0x26, 0x51, 0x01, 0x34, 0x89, 0xe0, 0x99, 0x82, 0x2e, 0x65, 0x27, 0x9e, 0x7b,
    0xf2, 0x59, 0x80, 0x9f, 0x74, 0x32, 0x24, 0x40, 0x9e, 0x06, 0xe0, 0x29, 0xe9, 0xa4, 0x90, 0x16,
    0x60, 0xa5, 0x8f, 0x41, 0xe1, 0x17, 0x93, 0x4e, 0x9a, 0x5e, 0x59, 0x29, 0xa5, 0x93, 0xea, 0x69,
    0x69, 0x5b, 0x91, 0x82, 0x6a, 0x2a, 0xa2, 0x3d, 0xc2, 0xa4, 0xdb, 0x4a, 0x0e, 0x34, 0x5a, 0x50,
    0x9a, 0x10, 0x2d, 0xf6, 0x50, 0xd3, 0x02, 0x52, 0x95, 0x7a, 0x2a, 0xa8, 0x06, 0xa4, 0x6a, 0xd0,
    0x00, 0xb6, 0xde, 0x8a, 0xab, 0xae, 0x21, 0x21, 0x90, 0x98, 0xab, 0x00, 0x04, 0xa0, 0x00, 0x68,
    0x97, 0x0e, 0xc4, 0x1a, 0xad, 0x32, 0xf1, 0xea, 0xeb, 0xa9, 0xb9, 0x36, 0xf4, 0xec, 0xb3, 0xc4,
    0x5a, 0x24, 0x40, 0x81, 0xce, 0x15, 0xbb, 0x60, 0xa7, 0x03, 0x65, 0x56, 0x00, 0x4e, 0xd3, 0xfa,
    0x4a, 0x6c, 0xb8, 0xd0, 0x56, 0x6b, 0x11, 0x5a, 0x28, 0x16, 0x34, 0x80, 0x89, 0x2d, 0x7d, 0x5b,
    0x50, 0x01, 0x02, 0xf6, 0x44, 0xae, 0xa9, 0x06, 0x10, 0xeb, 0xec, 0xbc, 0x88, 0xba, 0x9b, 0x64,
    0x81, 0x66, 0xf9, 0xb7, 0x52, 0xbf, 0xfc, 0xfa, 0x74, 0x2f, 0xbe, 0x91, 0x3a, 0x44, 0x40, 0xaf,
    0xd3, 0x46, 0x6a, 0xee, 0x47, 0xf0, 0xee, 0xd4, 0xa2, 0xbf, 0x60, 0xfd, 0x78, 0x22, 0x51, 0x07,
    0x13, 0x5c, 0xc0, 0xc2, 0x07, 0x23, 0x4c, 0x6f, 0xae, 0x0b, 0x83, 0xb4, 0x2a, 0xab, 0x02, 0x5c,
    0x9b, 0x98, 0xac, 0x0c, 0x02, 0xb8, 0x93, 0x02, 0x4c, 0x65, 0x9c, 0x30, 0xc7, 0x13, 0x0d, 0x00,
    0x69, 0xa2, 0x89, 0x2e, 0x3a, 0x28, 0x51, 0xac, 0x35, 0xd0, 0xc0, 0xb0, 0xa9, 0x45, 0x86, 0x33,
    0x53, 0x01, 0xb8, 0x0c, 0x33, 0xcc, 0x32, 0x7f, 0x14, 0x27, 0x01, 0x44, 0x13, 0xa0, 0xe6, 0x9f,
    0x62, 0x91, 0x0c, 0x9d, 0xb2, 0x5f, 0xb5, 0xba, 0xd6, 0xd0, 0x45, 0x1f, 0xdd, 0x71, 0x96, 0xfb,
    0x81, 0xe6, 0xa6, 0x71, 0xdc, 0xbe, 0x49, 0x9a, 0xc8, 0x3b, 0x2d, 0xd0, 0xa8, 0xb0, 0x48, 0xe9,
    0xab, 0xf5, 0x76, 0x19, 0xde, 0xe6, 0x1d, 0x7b, 0x63, 0x5f, 0xf8, 0x57, 0xb6, 0x04, 0xad, 0x9d,
    0x76, 0x8a, 0x4c, 0x02, 0xab, 0x50, 0xdc, 0x60, 0x06, 0x04, 0x00, 0x21, 0xf9, 0x04, 0x04, 0x04,
    0x00, 0x00, 0x00, 0x2c, 0x15, 0x00, 0x1c, 0x00, 0x94, 0x00, 0x2f, 0x00, 0x87, 0x00, 0x00, 0x00,
    0x0d, 0x03, 0x03, 0x1a, 0x06, 0x06, 0x26, 0x09, 0x0a, 0x33, 0x0d, 0x0d, 0x40, 0x10, 0x10, 0x4d,
    0x13, 0x13, 0x5a, 0x16, 0x16, 0x66, 0x19, 0x1a, 0x73, 0x1c, 0x1d, 0x80, 0x1f, 0x20, 0x8d, 0x22,
    0x23, 0x9a, 0x26, 0x26, 0xa6, 0x29, 0x2a, 0xb3, 0x2c, 0x2d, 0xc0, 0x2f, 0x30, 0x00, 0x00, 0x00,
    0x00, 0x00, 0x00, 0x00, 0x00, 0x00, 0x00, 0x00, 0x00, 0x00, 0x00, 0x00, 0x00, 0x00, 0x00, 0x00,
    0x00, 0x00, 0x00, 0x00, 0x00, 0x00, 0x00, 0x00, 0x00, 0x00, 0x00, 0x00, 0x00, 0x00, 0x00, 0x00,
    0x00, 0x00, 0x00, 0x00, 0x00, 0x00, 0x00, 0x00, 0x00, 0x00, 0x00, 0x00, 0x00, 0x00, 0x00, 0x00,
    0x00, 0x00, 0x00, 0x00, 0x00, 0x00, 0x00, 0x00, 0x00, 0x00, 0x00, 0x00, 0x00, 0x00, 0x00, 0x00,
    0x00, 0x00, 0x00, 0x00, 0x00, 0x00, 0x00, 0x00, 0x00, 0x00, 0x00, 0x00, 0x00, 0x00, 0x00, 0x00,
    0x00, 0x00, 0x00, 0x00, 0x00, 0x00, 0x00, 0x00, 0x00, 0x00, 0x00, 0x00, 0x00, 0x00, 0x00, 0x00,
    0x00, 0x00, 0x00, 0x00, 0x00, 0x00, 0x00, 0x00, 0x00, 0x00, 0x00, 0x00, 0x00, 0x00, 0x00, 0x00,
    0x00, 0x00, 0x00, 0x00, 0x00, 0x00, 0x00, 0x00, 0x00, 0x00, 0x00, 0x00, 0x00, 0x00, 0x00, 0x00,
    0x00, 0x00, 0x00, 0x00, 0x00, 0x00, 0x00, 0x00, 0x00, 0x00, 0x00, 0x00, 0x00, 0x00, 0x00, 0x00,
    0x00, 0x00, 0x00, 0x00, 0x00, 0x00, 0x00, 0x00, 0x00, 0x00, 0x00, 0x00, 0x00, 0x00, 0x00, 0x00,
    0x00, 0x00, 0x00, 0x00, 0x00, 0x00, 0x00, 0x00, 0x00, 0x00, 0x00, 0x00, 0x00, 0x00, 0x00, 0x00,
    0x00, 0x00, 0x00, 0x00, 0x00, 0x00, 0x00, 0x00, 0x00, 0x00, 0x00, 0x00, 0x00, 0x00, 0x00, 0x00,
    0x00, 0x00, 0x00, 0x00, 0x00, 0x00, 0x00, 0x00, 0x00, 0x00, 0x00, 0x00, 0x00, 0x00, 0x00, 0x00,
    0x00, 0x00, 0x00, 0x00, 0x00, 0x00, 0x00, 0x00, 0x00, 0x00, 0x00, 0x00, 0x00, 0x00, 0x00, 0x00,
    0x00, 0x00, 0x00, 0x00, 0x00, 0x00, 0x00, 0x00, 0x00, 0x00, 0x00, 0x00, 0x00, 0x00, 0x00, 0x00,
    0x00, 0x00, 0x00, 0x00, 0x00, 0x00, 0x00, 0x00, 0x00, 0x00, 0x00, 0x00, 0x00, 0x00, 0x00, 0x00,
    0x00, 0x00, 0x00, 0x00, 0x00, 0x00, 0x00, 0x00, 0x00, 0x00, 0x00, 0x00, 0x00, 0x00, 0x00, 0x00,
    0x00, 0x00, 0x00, 0x00, 0x00, 0x00, 0x00, 0x00, 0x00, 0x00, 0x00, 0x00, 0x00, 0x00, 0x00, 0x00,
    0x00, 0x00, 0x00, 0x00, 0x00, 0x00, 0x00, 0x00, 0x00, 0x00, 0x00, 0x00, 0x00, 0x00, 0x00, 0x00,
    0x00, 0x00, 0x00, 0x00, 0x00, 0x00, 0x00, 0x00, 0x00, 0x00, 0x00, 0x00, 0x00, 0x00, 0x00, 0x00,
    0x00, 0x00, 0x00, 0x00, 0x00, 0x00, 0x00, 0x00, 0x00, 0x00, 0x00, 0x00, 0x00, 0x00, 0x00, 0x00,
    0x00, 0x00, 0x00, 0x00, 0x00, 0x00, 0x00, 0x00, 0x00, 0x00, 0x00, 0x00, 0x00, 0x00, 0x00, 0x00,
    0x00, 0x00, 0x00, 0x00, 0x00, 0x00, 0x00, 0x00, 0x00, 0x00, 0x00, 0x00, 0x00, 0x00, 0x00, 0x00,
    0x00, 0x00, 0x00, 0x00, 0x00, 0x00, 0x00, 0x00, 0x00, 0x00, 0x00, 0x00, 0x00, 0x00, 0x00, 0x00,
    0x00, 0x00, 0x00, 0x00, 0x00, 0x00, 0x00, 0x00, 0x00, 0x00, 0x00, 0x00, 0x00, 0x00, 0x00, 0x00,
    0x00, 0x00, 0x00, 0x00, 0x00, 0x00, 0x00, 0x00, 0x00, 0x00, 0x00, 0x00, 0x00, 0x00, 0x00, 0x00,
    0x00, 0x00, 0x00, 0x00, 0x00, 0x00, 0x00, 0x00, 0x00, 0x00, 0x00, 0x00, 0x00, 0x00, 0x00, 0x00,
    0x00, 0x00, 0x00, 0x00, 0x00, 0x00, 0x00, 0x00, 0x00, 0x00, 0x00, 0x00, 0x00, 0x00, 0x00, 0x00,
    0x00, 0x00, 0x00, 0x00, 0x00, 0x00, 0x00, 0x00, 0x00, 0x00, 0x00, 0x00, 0x00, 0x00, 0x00, 0x00,
    0x00, 0x00, 0x00, 0x00, 0x00, 0x00, 0x00, 0x00, 0x00, 0x00, 0x00, 0x00, 0x00, 0x00, 0x00, 0x00,
    0x00, 0x00, 0x00, 0x00, 0x00, 0x00, 0x00, 0x00, 0x00, 0x00, 0x00, 0x00, 0x00, 0x00, 0x00, 0x00,
    0x00, 0x00, 0x00, 0x00, 0x00, 0x00, 0x00, 0x00, 0x00, 0x00, 0x00, 0x00, 0x00, 0x00, 0x00, 0x00,
    0x00, 0x00, 0x00, 0x00, 0x00, 0x00, 0x00, 0x00, 0x00, 0x00, 0x00, 0x00, 0x00, 0x00, 0x00, 0x00,
    0x00, 0x00, 0x00, 0x00, 0x00, 0x00, 0x00, 0x00, 0x00, 0x00, 0x00, 0x00, 0x00, 0x00, 0x00, 0x00,
    0x00, 0x00, 0x00, 0x00, 0x00, 0x00, 0x00, 0x00, 0x00, 0x00, 0x00, 0x00, 0x00, 0x00, 0x00, 0x00,
    0x00, 0x00, 0x00, 0x00, 0x00, 0x00, 0x00, 0x00, 0x00, 0x00, 0x00, 0x00, 0x00, 0x00, 0x00, 0x00,
    0x00, 0x00, 0x00, 0x00, 0x00, 0x00, 0x00, 0x00, 0x00, 0x00, 0x00, 0x00, 0x00, 0x00, 0x00, 0x00,
    0x00, 0x00, 0x00, 0x00, 0x00, 0x00, 0x00, 0x00, 0x00, 0x00, 0x00, 0x00, 0x00, 0x00, 0x00, 0x00,
    0x00, 0x00, 0x00, 0x00, 0x00, 0x00, 0x00, 0x00, 0x00, 0x00, 0x00, 0x00, 0x00, 0x00, 0x00, 0x00,
    0x00, 0x00, 0x00, 0x00, 0x00, 0x00, 0x00, 0x00, 0x00, 0x00, 0x00, 0x00, 0x00, 0x00, 0x00, 0x00,
    0x00, 0x00, 0x00, 0x00, 0x00, 0x00, 0x00, 0x00, 0x00, 0x00, 0x00, 0x00, 0x00, 0x00, 0x00, 0x00,
    0x00, 0x00, 0x00, 0x00, 0x00, 0x00, 0x00, 0x00, 0x00, 0x00, 0x00, 0x00, 0x00, 0x00, 0x00, 0x00,
    0x00, 0x00, 0x00, 0x00, 0x00, 0x00, 0x00, 0x00, 0x00, 0x00, 0x00, 0x00, 0x00, 0x00, 0x00, 0x00,
    0x00, 0x00, 0x00, 0x00, 0x00, 0x00, 0x00, 0x00, 0x00, 0x00, 0x00, 0x00, 0x00, 0x00, 0x00, 0x00,
    0x00, 0x00, 0x00, 0x00, 0x00, 0x00, 0x00, 0x00, 0x00, 0x00, 0x00, 0x00, 0x00, 0x08, 0xff, 0x00,
    0x01, 0x08, 0x1c, 0x48, 0xb0, 0xa0, 0xc1, 0x83, 0x08, 0x13, 0x2a, 0x5c, 0xc8, 0xb0, 0xa1, 0xc3,
    0x87, 0x10, 0x23, 0x3a, 0x24, 0xa0, 0x60, 0x81, 0x01, 0x89, 0x18, 0x33, 0x6a, 0xdc, 0x28, 0x90,
    0xa2, 0x45, 0x8e, 0x0e, 0x13, 0x3c, 0x18, 0xf9, 0x80, 0x41, 0x00, 0x90, 0x28, 0x53, 0x82, 0x14,
    0x49, 0xd2, 0xa4, 0xca, 0x83, 0x2c, 0x49, 0x96, 0x3c, 0xf9, 0xb2, 0xa6, 0xcd, 0x84, 0x31, 0x5b,
    0xd2, 0xac, 0x19, 0x60, 0x81, 0x4c, 0x99, 0x0d, 0x06, 0xdc, 0x1c, 0x7a, 0xb3, 0xe7, 0x4f, 0x92,
    0x41, 0x79, 0x32, 0x38, 0x2a, 0xd3, 0x81, 0x50, 0xa2, 0x50, 0x41, 0x06, 0x58, 0xca, 0x74, 0xa4,
    0x53, 0x95, 0x53, 0xab, 0x36, 0x7d, 0x1a, 0xb5, 0x6b, 0xc4, 0xac, 0x5a, 0xad, 0x72, 0xdd, 0x08,
    0x36, 0xac, 0x58, 0xaf, 0x68, 0x1b, 0x96, 0x35, 0x7b, 0x75, 0xe3, 0x80, 0x06, 0x4c, 0x1b, 0x50,
    0xfd, 0xe9, 0xe0, 0x62, 0xda, 0xbb, 0x06, 0xdf, 0xc6, 0x9d, 0xdb, 0xd4, 0x2e, 0xc6, 0x01, 0x0e,
    0x98, 0x3a, 0x5d, 0x2b, 0xd3, 0x2f, 0xde, 0xbb, 0x80, 0x05, 0x0f, 0x20, 0x4c, 0xd2, 0xf0, 0xc3,
    0xc4, 0x47, 0xdb, 0x32, 0x1e, 0xe9, 0xf8, 0x70, 0x54, 0xc8, 0x74, 0x9f, 0x4e, 0x7e, 0x50, 0x79,
    0x21, 0xe6, 0xad, 0x04, 0x37, 0x77, 0xb6, 0x6c, 0xf3, 0x33, 0xc9, 0xb6, 0x02, 0x45, 0x3f, 0x34,
    0x10, 0xf8, 0x28, 0x83, 0xb1, 0xa9, 0x15, 0x54, 0x45, 0x40, 0x1a, 0x2a, 0x6b, 0xa6, 0xaf, 0x0d,
    0x06, 0x90, 0xcd, 0x94, 0x36, 0x43, 0x03, 0x55, 0x5d, 0x22, 0xcc, 0x29, 0x33, 0x41, 0xed, 0x9b,
    0xc0, 0x71, 0xef, 0x34, 0x48, 0x9c, 0xa4, 0x71, 0x85, 0xc9, 0x5d, 0x2f, 0x87, 0x59, 0xf5, 0xf9,
    0xf1, 0x94, 0xd1, 0x7f, 0x0a, 0xc7, 0x59, 0x3d, 0x61, 0x76, 0x99, 0xdb, 0x15, 0x36, 0xff, 0x1f,
    0x69, 0xfd, 0xfa, 0xc6, 0xef, 0x3a, 0x1b, 0x8e, 0x7f, 0x50, 0x7e, 0x20, 0x82, 0xaa, 0x0a, 0xa6,
    0x2b, 0x7c, 0xcf, 0x74, 0x81, 0x7c, 0xf3, 0x0f, 0xe9, 0x1f, 0x8d, 0x9f, 0xbf, 0xaa, 0x7d, 0x82,
    0xeb, 0xb5, 0xd7, 0x10, 0x7a, 0x23, 0x85, 0x87, 0x5f, 0x48, 0xdd, 0x45, 0x44, 0xe0, 0x4c, 0x02,
    0x05, 0x98, 0xd1, 0x82, 0x06, 0x1e, 0x28, 0x5e, 0x82, 0x12, 0x41, 0x18, 0x80, 0x00, 0x14, 0x62,
    0xb4, 0xe0, 0x68, 0x12, 0x16, 0x84, 0x21, 0x53, 0x02, 0x42, 0xb4, 0x21, 0x01, 0xbd, 0x81, 0x54,
    0x40, 0x6b, 0x32, 0xf9, 0xd6, 0xa1, 0x42, 0x24, 0x1e, 0xa5, 0xa2, 0x46, 0x27, 0xba, 0xf8, 0xa1,
    0x4c, 0x07, 0xa4, 0x34, 0xc0, 0x51, 0x05, 0xac, 0xb8, 0xd0, 0x8c, 0x24, 0xd5, 0x88, 0xd2, 0x8d,
    0x3f, 0xe5, 0x98, 0x5d, 0x88, 0x1a, 0x0d, 0xa9, 0xe3, 0x6f, 0xc5, 0xbd, 0x64, 0xa4, 0x40, 0x05,
    0x54, 0xe4, 0xe3, 0x4b, 0x4d, 0x2e, 0xf0, 0xe4, 0x91, 0x0a, 0x45, 0x39, 0x65, 0x4a, 0x56, 0x52,
    0xa9, 0xe5, 0x96, 0x5c, 0x76, 0xe9, 0xe5, 0x97, 0x60, 0x86, 0x29, 0xe6, 0x98, 0x64, 0x96, 0x69,
    0xe6, 0x4b, 0x01, 0xa4, 0xa9, 0xe6, 0x99, 0x77, 0xa9, 0xb9, 0xa6, 0x46, 0x17, 0x12, 0x50, 0x40,
    0x01, 0x06, 0xd4, 0x69, 0xc0, 0x9c, 0x04, 0x2c, 0x46, 0xd4, 0x00, 0x04, 0x0c, 0xc5, 0x27, 0x51,
    0x71, 0xce, 0x69, 0xe7, 0x9d, 0x05, 0xe4, 0x79, 0x5f, 0x42, 0x01, 0xc8, 0x59, 0xe7, 0x9c, 0x8c,
    0x32, 0xba, 0x68, 0x01, 0x02, 0xd8, 0xc4, 0xd2, 0x7f, 0x2f, 0x4d, 0x7a, 0x28, 0x9c, 0x8a, 0x12,
    0xda, 0xa8, 0xa0, 0x84, 0x46, 0xca, 0x90, 0x00, 0x74, 0x6e, 0x2a, 0x6a, 0xa3, 0x06, 0xc0, 0xc6,
    0x51, 0x01, 0xe0, 0x39, 0x74, 0x29, 0x41, 0xfa, 0xb1, 0xf7, 0x12, 0xa8, 0x9a, 0x8e, 0xf2, 0xba,
    0x69, 0xa9, 0x3b, 0xc6, 0x2a, 0xab, 0xa8, 0xb4, 0xa6, 0xd4, 0xaa, 0xab, 0x0a, 0x1d, 0xc0, 0x40,
    0x03, 0x08, 0xac, 0xfa, 0x1d, 0x03, 0x2a, 0x09, 0x60, 0xeb, 0xad, 0xa4, 0x9a, 0x4a, 0x10, 0x01,
    0xc7, 0x22, 0xdb, 0xe8, 0xaa, 0x10, 0xb5, 0x48, 0x23, 0x77, 0xe9, 0x1d, 0x04, 0xe4, 0xb4, 0x29,
    0x31, 0xeb, 0xec, 0xad, 0x97, 0x6e, 0x7b, 0xab, 0x01, 0xd0, 0x8a, 0x78, 0x54, 0x65, 0x01, 0x34,
    0xc7, 0x80, 0xa7, 0x04, 0x99, 0x46, 0x64, 0x46, 0xde, 0xca, 0x0a, 0x6e, 0x42, 0xda, 0xb6, 0xbb,
    0x69, 0x4d, 0xdf, 0xa1, 0x06, 0xc0, 0x66, 0xf6, 0x12, 0xb6, 0x6e, 0x46, 0xf1, 0xca, 0xcb, 0xa8,
    0x42, 0x01, 0x84, 0xea, 0xaf, 0x01, 0xe8, 0xaa, 0xb4, 0xab, 0x03, 0x9e, 0x6e, 0x76, 0x96, 0x40,
    0x7c, 0x3d, 0xb0, 0x80, 0x4d, 0x01, 0x37, 0x8b, 0x2c, 0xc1, 0x0b, 0x45, 0xdc, 0xee, 0x9d, 0x05,
    0x57, 0xaa, 0x5d, 0x9a, 0x0d, 0x3f, 0x80, 0xe2, 0x59, 0xc4, 0x45, 0x88, 0x92, 0xc5, 0xde, 0x62,
    0xec, 0xd0, 0x00, 0x9c, 0xda, 0x6a, 0x67, 0x01, 0x7a, 0x0e, 0x45, 0x58, 0x45, 0x99, 0x11, 0x06,
    0x6c, 0x66, 0x50, 0xa1, 0x4c, 0xe7, 0xa3, 0x8e, 0x2e, 0xda, 0xf2, 0x43, 0x01, 0xf0, 0x29, 0x27,
    0xa3, 0x04, 0xe4, 0x99, 0xb1, 0xcb, 0x70, 0x69, 0x25, 0x59, 0xc7, 0x3f, 0x29, 0x0b, 0xb1, 0xcf,
    0x8d, 0x06, 0x3d, 0xc0, 0xd0, 0x61, 0x9a, 0x76, 0xda, 0x58, 0x0a, 0x73, 0xc8, 0x26, 0x5e, 0xd2,
    0x82, 0x56, 0xd0, 0x64, 0x2f, 0x5e, 0x7d, 0xdd, 0xb0, 0x97, 0x12, 0xb7, 0xaf, 0xd7, 0x87, 0xc5,
    0x24, 0x32, 0x80, 0xd5, 0x92, 0x7d, 0xa0, 0x01, 0x0b, 0x04, 0x3b, 0x60, 0xdb, 0xe1, 0x4a, 0x18,
    0x10, 0x00, 0x21, 0xf9, 0x04, 0x04, 0x04, 0x00, 0x00, 0x00, 0x2c, 0x16, 0x00, 0x1d, 0x00, 0x93,
    0x00, 0x2f, 0x00, 0x87, 0x00, 0x00, 0x00, 0x0d, 0x03, 0x03, 0x1a, 0x06, 0x06, 0x26, 0x09, 0x0a,
    0x33, 0x0d, 0x0d, 0x40, 0x10, 0x10, 0x4d, 0x13, 0x13, 0x5a, 0x16, 0x16, 0x66, 0x19, 0x1a, 0x73,
    0x1c, 0x1d, 0x80, 0x1f, 0x20, 0x8d, 0x22, 0x23, 0x9a, 0x26, 0x26, 0xa6, 0x29, 0x2a, 0xb3, 0x2c,
    0x2d, 0xc0, 0x2f, 0x30, 0x00, 0x00, 0x00, 0x00, 0x00, 0x00, 0x00, 0x00, 0x00, 0x00, 0x00, 0x00,
    0x00, 0x00, 0x00, 0x00, 0x00, 0x00, 0x00, 0x00, 0x00, 0x00, 0x00, 0x00, 0x00, 0x00, 0x00, 0x00,
    0x00, 0x00, 0x00, 0x00, 0x00, 0x00, 0x00, 0x00, 0x00, 0x00, 0x00, 0x00, 0x00, 0x00, 0x00, 0x00,
    0x00, 0x00, 0x00, 0x00, 0x00, 0x00, 0x00, 0x00, 0x00, 0x00, 0x00, 0x00, 0x00, 0x00, 0x00, 0x00,
    0x00, 0x00, 0x00, 0x00, 0x00, 0x00, 0x00, 0x00, 0x00, 0x00, 0x00, 0x00, 0x00, 0x00, 0x00, 0x00,
    0x00, 0x00, 0x00, 0x00, 0x00, 0x00, 0x00, 0x00, 0x00, 0x00, 0x00, 0x00, 0x00, 0x00, 0x00, 0x00,
    0x00, 0x00, 0x00, 0x00, 0x00, 0x00, 0x00, 0x00, 0x00, 0x00, 0x00, 0x00, 0x00, 0x00, 0x00, 0x00,
    0x00, 0x00, 0x00, 0x00, 0x00, 0x00, 0x00, 0x00, 0x00, 0x00, 0x00, 0x00, 0x00, 0x00, 0x00, 0x00,
    0x00, 0x00, 0x00, 0x00, 0x00, 0x00, 0x00, 0x00, 0x00, 0x00, 0x00, 0x00, 0x00, 0x00, 0x00, 0x00,
    0x00, 0x00, 0x00, 0x00, 0x00, 0x00, 0x00, 0x00, 0x00, 0x00, 0x00, 0x00, 0x00, 0x00, 0x00, 0x00,
    0x00, 0x00, 0x00, 0x00, 0x00, 0x00, 0x00, 0x00, 0x00, 0x00, 0x00, 0x00, 0x00, 0x00, 0x00, 0x00,
    0x00, 0x00, 0x00, 0x00, 0x00, 0x00, 0x00, 0x00, 0x00, 0x00, 0x00, 0x00, 0x00, 0x00, 0x00, 0x00,
    0x00, 0x00, 0x00, 0x00, 0x00, 0x00, 0x00, 0x00, 0x00, 0x00, 0x00, 0x00, 0x00, 0x00, 0x00, 0x00,
    0x00, 0x00, 0x00, 0x00, 0x00, 0x00, 0x00, 0x00, 0x00, 0x00, 0x00, 0x00, 0x00, 0x00, 0x00, 0x00,
    0x00, 0x00, 0x00, 0x00, 0x00, 0x00, 0x00, 0x00, 0x00, 0x00, 0x00, 0x00, 0x00, 0x00, 0x00, 0x00,
    0x00, 0x00, 0x00, 0x00, 0x00, 0x00, 0x00, 0x00, 0x00, 0x00, 0x00, 0x00, 0x00, 0x00, 0x00, 0x00,
    0x00, 0x00, 0x00, 0x00, 0x00, 0x00, 0x00, 0x00, 0x00, 0x00, 0x00, 0x00, 0x00, 0x00, 0x00, 0x00,
    0x00, 0x00, 0x00, 0x00, 0x00, 0x00, 0x00, 0x00, 0x00, 0x00, 0x00, 0x00, 0x00, 0x00, 0x00, 0x00,
    0x00, 0x00, 0x00, 0x00, 0x00, 0x00, 0x00, 0x00, 0x00, 0x00, 0x00, 0x00, 0x00, 0x00, 0x00, 0x00,
    0x00, 0x00, 0x00, 0x00, 0x00, 0x00, 0x00, 0x00, 0x00, 0x00, 0x00, 0x00, 0x00, 0x00, 0x00, 0x00,
    0x00, 0x00, 0x00, 0x00, 0x00, 0x00, 0x00, 0x00, 0x00, 0x00, 0x00, 0x00, 0x00, 0x00, 0x00, 0x00,
    0x00, 0x00, 0x00, 0x00, 0x00, 0x00, 0x00, 0x00, 0x00, 0x00, 0x00, 0x00, 0x00, 0x00, 0x00, 0x00,
    0x00, 0x00, 0x00, 0x00, 0x00, 0x00, 0x00, 0x00, 0x00, 0x00, 0x00, 0x00, 0x00, 0x00, 0x00, 0x00,
    0x00, 0x00, 0x00, 0x00, 0x00, 0x00, 0x00, 0x00, 0x00, 0x00, 0x00, 0x00, 0x00, 0x00, 0x00, 0x00,
    0x00, 0x00, 0x00, 0x00, 0x00, 0x00, 0x00, 0x00, 0x00, 0x00, 0x00, 0x00, 0x00, 0x00, 0x00, 0x00,
    0x00, 0x00, 0x00, 0x00, 0x00, 0x00, 0x00, 0x00, 0x00, 0x00, 0x00, 0x00, 0x00, 0x00, 0x00, 0x00,
    0x00, 0x00, 0x00, 0x00, 0x00, 0x00, 0x00, 0x00, 0x00, 0x00, 0x00, 0x00, 0x00, 0x00, 0x00, 0x00,
    0x00, 0x00, 0x00, 0x00, 0x00, 0x00, 0x00, 0x00, 0x00, 0x00, 0x00, 0x00, 0x00, 0x00, 0x00, 0x00,
    0x00, 0x00, 0x00, 0x00, 0x00, 0x00, 0x00, 0x00, 0x00, 0x00, 0x00, 0x00, 0x00, 0x00, 0x00, 0x00,
    0x00, 0x00, 0x00, 0x00, 0x00, 0x00, 0x00, 0x00, 0x00, 0x00, 0x00, 0x00, 0x00, 0x00, 0x00, 0x00,
    0x00, 0x00, 0x00, 0x00, 0x00, 0x00, 0x00, 0x00, 0x00, 0x00, 0x00, 0x00, 0x00, 0x00, 0x00, 0x00,
    0x00, 0x00, 0x00, 0x00, 0x00, 0x00, 0x00, 0x00, 0x00, 0x00, 0x00, 0x00, 0x00, 0x00, 0x00, 0x00,
    0x00, 0x00, 0x00, 0x00, 0x00, 0x00, 0x00, 0x00, 0x00, 0x00, 0x00, 0x00, 0x00, 0x00, 0x00, 0x00,
    0x00, 0x00, 0x00, 0x00, 0x00, 0x00, 0x00, 0x00, 0x00, 0x00, 0x00, 0x00, 0x00, 0x00, 0x00, 0x00,
    0x00, 0x00, 0x00, 0x00, 0x00, 0x00, 0x00, 0x00, 0x00, 0x00, 0x00, 0x00, 0x00, 0x00, 0x00, 0x00,
    0x00, 0x00, 0x00, 0x00, 0x00, 0x00, 0x00, 0x00, 0x00, 0x00, 0x00, 0x00, 0x00, 0x00, 0x00, 0x00,
    0x00, 0x00, 0x00, 0x00, 0x00, 0x00, 0x00, 0x00, 0x00, 0x00, 0x00, 0x00, 0x00, 0x00, 0x00, 0x00,
    0x00, 0x00, 0x00, 0x00, 0x00, 0x00, 0x00, 0x00, 0x00, 0x00, 0x00, 0x00, 0x00, 0x00, 0x00, 0x00,
    0x00, 0x00, 0x00, 0x00, 0x00, 0x00, 0x00, 0x00, 0x00, 0x00, 0x00, 0x00, 0x00, 0x00, 0x00, 0x00,
    0x00, 0x00, 0x00, 0x00, 0x00, 0x00, 0x00, 0x00, 0x00, 0x00, 0x00, 0x00, 0x00, 0x00, 0x00, 0x00,
    0x00, 0x00, 0x00, 0x00, 0x00, 0x00, 0x00, 0x00, 0x00, 0x00, 0x00, 0x00, 0x00, 0x00, 0x00, 0x00,
    0x00, 0x00, 0x00, 0x00, 0x00, 0x00, 0x00, 0x00, 0x00, 0x00, 0x00, 0x00, 0x00, 0x00, 0x00, 0x00,
    0x00, 0x00, 0x00, 0x00, 0x00, 0x00, 0x00, 0x00, 0x00, 0x00, 0x00, 0x00, 0x00, 0x00, 0x00, 0x00,
    0x00, 0x00, 0x00, 0x00, 0x00, 0x00, 0x00, 0x00, 0x00, 0x00, 0x00, 0x00, 0x00, 0x00, 0x00, 0x00,
    0x00, 0x00, 0x00, 0x00, 0x00, 0x00, 0x00, 0x00, 0x00, 0x00, 0x00, 0x00, 0x00, 0x00, 0x00, 0x00,
    0x00, 0x00, 0x00, 0x00, 0x08, 0xff, 0x00, 0x01, 0x08, 0x1c, 0x48, 0xb0, 0xe0, 0xc0, 0x00, 0x07,
    0x0e, 0x08, 0x30, 0xc8, 0xb0, 0xa1, 0xc3, 0x87, 0x10, 0x23, 0x4a, 0x9c, 0x18, 0x11, 0xa1, 0x42,
    0x8a, 0x18, 0x0b, 0x1a, 0x70, 0xf0, 0xa0, 0x23, 0x82, 0x8c, 0x20, 0x43, 0x8a, 0x1c, 0xa9, 0x91,
    0xa3, 0x47, 0x92, 0x11, 0x0d, 0x74, 0x5c, 0xf9, 0x20, 0x01, 0xca, 0x97, 0x30, 0x63, 0xaa, 0x64,
    0xd9, 0x32, 0xa6, 0xc1, 0x03, 0x34, 0x57, 0x2a, 0x08, 0x60, 0xb3, 0xa7, 0x4f, 0x88, 0x38, 0x73,
    0x3e, 0xd8, 0xe9, 0x33, 0x81, 0xd0, 0x95, 0x0c, 0x78, 0xfe, 0x5c, 0xba, 0xd4, 0xe8, 0xd1, 0x07,
    0x49, 0x6d, 0x3a, 0x7d, 0x0a, 0x55, 0x29, 0xd3, 0xab, 0x2f, 0xa7, 0x3e, 0x8d, 0x9a, 0x95, 0x2a,
    0x4b, 0xae, 0x58, 0xc3, 0x82, 0xd4, 0x4a, 0x15, 0x6c, 0xc8, 0x00, 0x0a, 0x8e, 0x9a, 0xa4, 0xc9,
    0x60, 0x80, 0xd8, 0xb7, 0x12, 0xd1, 0xaa, 0x15, 0xda, 0x56, 0x64, 0x00, 0x06, 0x47, 0x0b, 0x0c,
    0x58, 0xcb, 0xd2, 0x81, 0x5b, 0xb8, 0x80, 0x0d, 0xde, 0xcd, 0xbb, 0x57, 0xa8, 0x5f, 0x90, 0x83,
    0x85, 0x1a, 0x10, 0x58, 0x38, 0xe7, 0xe1, 0xc0, 0x90, 0x13, 0xe7, 0x5c, 0x0c, 0xa0, 0x31, 0xcd,
    0xc7, 0x13, 0x25, 0xd3, 0xa4, 0xcc, 0x98, 0xef, 0x4a, 0xcc, 0x90, 0xc5, 0x6a, 0x66, 0xc9, 0xb9,
    0xb2, 0xe7, 0x8e, 0xa0, 0x1f, 0x0e, 0xc0, 0xeb, 0xb8, 0x34, 0xe3, 0x06, 0x86, 0x0b, 0x84, 0x16,
    0xbb, 0xda, 0xb0, 0xeb, 0xca, 0xb0, 0x1d, 0xcb, 0x86, 0x68, 0xb9, 0xef, 0x5f, 0xc1, 0xac, 0x27,
    0xcf, 0xbe, 0xda, 0xfb, 0xf3, 0xef, 0x82, 0xa3, 0x57, 0xde, 0x26, 0x58, 0x1c, 0xf5, 0x71, 0xe0,
    0x47, 0x97, 0x0f, 0x47, 0xd9, 0xfc, 0x41, 0x6a, 0xe4, 0xc1, 0x37, 0x37, 0xac, 0x7e, 0x1d, 0xba,
    0xe2, 0xe9, 0x36, 0xb9, 0x3f, 0xff, 0x67, 0x98, 0xbc, 0xe3, 0xed, 0x02, 0xa7, 0x1f, 0x34, 0x18,
    0xdf, 0x30, 0xc0, 0x82, 0xa3, 0x1f, 0xc1, 0xa3, 0x44, 0x2f, 0x74, 0x7d, 0xe6, 0xf7, 0x42, 0xe3,
    0x0b, 0x9c, 0x99, 0xd3, 0xac, 0x44, 0xb2, 0x2b, 0xb9, 0x24, 0x9f, 0x48, 0xfc, 0xb1, 0x65, 0xd5,
    0x44, 0x00, 0x76, 0x24, 0x60, 0x81, 0x5f, 0x1d, 0x48, 0x51, 0x82, 0x35, 0x0d, 0x98, 0x11, 0x83,
    0x48, 0x39, 0x88, 0xe0, 0x51, 0x2e, 0x1d, 0xe5, 0x1f, 0x46, 0x10, 0xee, 0x26, 0xa1, 0x44, 0x02,
    0x68, 0x68, 0xe1, 0x83, 0x79, 0x09, 0xb5, 0xc0, 0x88, 0x18, 0x21, 0x90, 0xdf, 0x87, 0x13, 0x11,
    0x60, 0x22, 0x8a, 0x14, 0xa9, 0x98, 0x93, 0x8c, 0x2c, 0x09, 0xf8, 0x12, 0x85, 0xd2, 0xb1, 0x58,
    0x50, 0x88, 0x34, 0xd9, 0x88, 0x12, 0x8e, 0x5a, 0x6d, 0x38, 0x52, 0x90, 0x30, 0xea, 0x48, 0x10,
    0x91, 0x52, 0x35, 0x08, 0x00, 0x02, 0x0d, 0x38, 0x40, 0x54, 0x4f, 0x4c, 0x3a, 0x59, 0xa4, 0x91,
    0x04, 0x45, 0xf9, 0xa4, 0x4d, 0x56, 0x5a, 0x15, 0xc0, 0x94, 0x23, 0x6d, 0x49, 0x25, 0x46, 0x5e,
    0x2e, 0x15, 0xe6, 0x97, 0x64, 0x96, 0x69, 0xe6, 0x99, 0x68, 0xa6, 0xa9, 0xe6, 0x9a, 0x6c, 0xb6,
    0xe9, 0xe6, 0x9b, 0x70, 0x8a, 0x39, 0x00, 0x01, 0x04, 0x14, 0x60, 0x67, 0x01, 0x74, 0x0e, 0xb0,
    0xd0, 0x55, 0x63, 0xfa, 0xd4, 0xe7, 0x4f, 0x01, 0xcc, 0x59, 0xe7, 0x9d, 0x79, 0xee, 0x49, 0xd1,
    0x00, 0x76, 0x1a, 0xa0, 0xe8, 0x9d, 0x89, 0x2e, 0x3a, 0x00, 0x97, 0x20, 0x19, 0xd0, 0xa4, 0x7e,
    0x36, 0x49, 0xea, 0x00, 0xa5, 0xe1, 0x35, 0x6a, 0x00, 0xa3, 0x05, 0x28, 0xba, 0xe9, 0xa3, 0x15,
    0x75, 0xca, 0xe9, 0xa8, 0x77, 0x6e, 0x6a, 0x28, 0x4c, 0x2e, 0x06, 0xd8, 0x53, 0x81, 0x07, 0xf4,
    0x14, 0x80, 0xa8, 0xa4, 0x8e, 0xff, 0x6a, 0xea, 0x43, 0xaf, 0x6e, 0x1a, 0x6b, 0xac, 0x06, 0x9c,
    0x8a, 0x12, 0x8d, 0xe6, 0xf1, 0x96, 0x80, 0x02, 0x1e, 0x6e, 0xc7, 0x17, 0x03, 0x36, 0xd5, 0x7a,
    0x2b, 0xae, 0xba, 0x12, 0x44, 0x80, 0xad, 0xc7, 0xc6, 0x6a, 0x53, 0x01, 0x39, 0x11, 0xe0, 0x50,
    0x81, 0x3e, 0x22, 0xe7, 0x59, 0xb5, 0x24, 0x2d, 0xdb, 0xec, 0xad, 0x0e, 0x6d, 0x7b, 0xab, 0x01,
    0x90, 0x5e, 0xe8, 0x1b, 0x43, 0x14, 0x62, 0x0b, 0xc0, 0x68, 0x42, 0x8a, 0xe4, 0x2d, 0xae, 0x28,
    0x6a, 0xbb, 0x2e, 0xa7, 0xe1, 0x8a, 0xbb, 0x52, 0x03, 0x0e, 0x42, 0xe8, 0x5f, 0x5a, 0x4a, 0xda,
    0xe4, 0xee, 0xbb, 0x77, 0xa2, 0x28, 0x00, 0xb3, 0xef, 0x1a, 0xc0, 0x1e, 0x4a, 0xf8, 0x56, 0x38,
    0x10, 0x84, 0x1d, 0x81, 0x45, 0x16, 0xbd, 0x3e, 0xfd, 0xcb, 0x6f, 0xa2, 0x03, 0x0b, 0x24, 0x00,
    0xac, 0xde, 0x0a, 0x2c, 0x66, 0x76, 0x11, 0x22, 0x6c, 0x30, 0x83, 0xdd, 0xbd, 0x34, 0x31, 0xc0,
    0xcd, 0x5a, 0x0c, 0x51, 0x00, 0x75, 0x2e, 0x4a, 0xaa, 0xc9, 0xc9, 0xda, 0x24, 0x80, 0x67, 0x07,
    0xf0, 0x6a, 0x1e, 0x01, 0x9e, 0x2d, 0x00, 0x2d, 0x4d, 0xc1, 0xfa, 0x59, 0x32, 0xc8, 0xa5, 0xda,
    0x9a, 0x72, 0x7b, 0x02, 0x0c, 0xea, 0xa9, 0xad, 0x04, 0x80, 0x1a, 0x56, 0x75, 0xa4, 0x75, 0xe6,
    0x55, 0x8e, 0xc5, 0xf6, 0xac, 0x29, 0xd0, 0x42, 0x9f, 0xb5, 0xe5, 0xd3, 0x90, 0x51, 0x58, 0xf4,
    0x40, 0x44, 0x47, 0x08, 0xd8, 0xd3, 0x50, 0xc7, 0x39, 0x50, 0x50, 0xc2, 0x15, 0x54, 0x9d, 0x02,
    0x5a, 0xeb, 0x48, 0x96, 0x03, 0xd2, 0x32, 0x24, 0x00, 0xc6, 0xe9, 0x86, 0x3d, 0x5c, 0x70, 0x1d,
    0x0b, 0x24, 0x99, 0x03, 0x3b, 0xab, 0x3d, 0x5c, 0x00, 0x09, 0x38, 0xb0, 0x40, 0xc4, 0x07, 0xd5,
    0x7d, 0xb7, 0xdc, 0x54, 0xc6, 0x05, 0x7b, 0x6e, 0x9b, 0x01, 0x01, 0x00, 0x21, 0xf9, 0x04, 0x04,
    0x04, 0x00, 0x00, 0x00, 0x2c, 0x15, 0x00, 0x1d, 0x00, 0x94, 0x00, 0x2f, 0x00, 0x87, 0x00, 0x00,
    0x00, 0x0d, 0x03, 0x03, 0x1a, 0x06, 0x06, 0x26, 0x09, 0x0a, 0x33, 0x0d, 0x0d, 0x40, 0x10, 0x10,
    0x4d, 0x13, 0x13, 0x5a, 0x16, 0x16, 0x66, 0x19, 0x1a, 0x73, 0x1c, 0x1d, 0x80, 0x1f, 0x20, 0x8d,
    0x22, 0x23, 0x9a, 0x26, 0x26, 0xa6, 0x29, 0x2a, 0xb3, 0x2c, 0x2d, 0xc0, 0x2f, 0x30, 0x00, 0x00,
    0x00, 0x00, 0x00, 0x00, 0x00, 0x00, 0x00, 0x00, 0x00, 0x00, 0x00, 0x00, 0x00, 0x00, 0x00, 0x00,
    0x00, 0x00, 0x00, 0x00, 0x00, 0x00, 0x00, 0x00, 0x00, 0x00, 0x00, 0x00, 0x00, 0x00, 0x00, 0x00,
    0x00, 0x00, 0x00, 0x00, 0x00, 0x00, 0x00, 0x00, 0x00, 0x00, 0x00, 0x00, 0x00, 0x00, 0x00, 0x00,
    0x00, 0x00, 0x00, 0x00, 0x00, 0x00, 0x00, 0x00, 0x00, 0x00, 0x00, 0x00, 0x00, 0x00, 0x00, 0x00,
    0x00, 0x00, 0x00, 0x00, 0x00, 0x00, 0x00, 0x00, 0x00, 0x00, 0x00, 0x00, 0x00, 0x00, 0x00, 0x00,
    0x00, 0x00, 0x00, 0x00, 0x00, 0x00, 0x00, 0x00, 0x00, 0x00, 0x00, 0x00, 0x00, 0x00, 0x00, 0x00,
    0x00, 0x00, 0x00, 0x00, 0x00, 0x00, 0x00, 0x00, 0x00, 0x00, 0x00, 0x00, 0x00, 0x00, 0x00, 0x00,
    0x00, 0x00, 0x00, 0x00, 0x00, 0x00, 0x00, 0x00, 0x00, 0x00, 0x00, 0x00, 0x00, 0x00, 0x00, 0x00,
    0x00, 0x00, 0x00, 0x00, 0x00, 0x00, 0x00, 0x00, 0x00, 0x00, 0x00, 0x00, 0x00, 0x00, 0x00, 0x00,
    0x00, 0x00, 0x00, 0x00, 0x00, 0x00, 0x00, 0x00, 0x00, 0x00, 0x00, 0x00, 0x00, 0x00, 0x00, 0x00,
    0x00, 0x00, 0x00, 0x00, 0x00, 0x00, 0x00, 0x00, 0x00, 0x00, 0x00, 0x00, 0x00, 0x00, 0x00, 0x00,
    0x00, 0x00, 0x00, 0x00, 0x00, 0x00, 0x00, 0x00, 0x00, 0x00, 0x00, 0x00, 0x00, 0x00, 0x00, 0x00,
    0x00, 0x00, 0x00, 0x00, 0x00, 0x00, 0x00, 0x00, 0x00, 0x00, 0x00, 0x00, 0x00, 0x00, 0x00, 0x00,
    0x00, 0x00, 0x00, 0x00, 0x00, 0x00, 0x00, 0x00, 0x00, 0x00, 0x00, 0x00, 0x00, 0x00, 0x00, 0x00,
    0x00, 0x00, 0x00, 0x00, 0x00, 0x00, 0x00, 0x00, 0x00, 0x00, 0x00, 0x00, 0x00, 0x00, 0x00, 0x00,
    0x00, 0x00, 0x00, 0x00, 0x00, 0x00, 0x00, 0x00, 0x00, 0x00, 0x00, 0x00, 0x00, 0x00, 0x00, 0x00,
    0x00, 0x00, 0x00, 0x00, 0x00, 0x00, 0x00, 0x00, 0x00, 0x00, 0x00, 0x00, 0x00, 0x00, 0x00, 0x00,
    0x00, 0x00, 0x00, 0x00, 0x00, 0x00, 0x00, 0x00, 0x00, 0x00, 0x00, 0x00, 0x00, 0x00, 0x00, 0x00,
    0x00, 0x00, 0x00, 0x00, 0x00, 0x00, 0x00, 0x00, 0x00, 0x00, 0x00, 0x00, 0x00, 0x00, 0x00, 0x00,
    0x00, 0x00, 0x00, 0x00, 0x00, 0x00, 0x00, 0x00, 0x00, 0x00, 0x00, 0x00, 0x00, 0x00, 0x00, 0x00,
    0x00, 0x00, 0x00, 0x00, 0x00, 0x00, 0x00, 0x00, 0x00, 0x00, 0x00, 0x00, 0x00, 0x00, 0x00, 0x00,
    0x00, 0x00, 0x00, 0x00, 0x00, 0x00, 0x00, 0x00, 0x00, 0x00, 0x00, 0x00, 0x00, 0x00, 0x00, 0x00,
    0x00, 0x00, 0x00, 0x00, 0x00, 0x00, 0x00, 0x00, 0x00, 0x00, 0x00, 0x00, 0x00, 0x00, 0x00, 0x00,
    0x00, 0x00, 0x00, 0x00, 0x00, 0x00, 0x00, 0x00, 0x00, 0x00, 0x00, 0x00, 0x00, 0x00, 0x00, 0x00,
    0x00, 0x00, 0x00, 0x00, 0x00, 0x00, 0x00, 0x00, 0x00, 0x00, 0x00, 0x00, 0x00, 0x00, 0x00, 0x00,
    0x00, 0x00, 0x00, 0x00, 0x00, 0x00, 0x00, 0x00, 0x00, 0x00, 0x00, 0x00, 0x00, 0x00, 0x00, 0x00,
    0x00, 0x00, 0x00, 0x00, 0x00, 0x00, 0x00, 0x00, 0x00, 0x00, 0x00, 0x00, 0x00, 0x00, 0x00, 0x00,
    0x00, 0x00, 0x00, 0x00, 0x00, 0x00, 0x00, 0x00, 0x00, 0x00, 0x00, 0x00, 0x00, 0x00, 0x00, 0x00,
    0x00, 0x00, 0x00, 0x00, 0x00, 0x00, 0x00, 0x00, 0x00, 0x00, 0x00, 0x00, 0x00, 0x00, 0x00, 0x00,
    0x00, 0x00, 0x00, 0x00, 0x00, 0x00, 0x00, 0x00, 0x00, 0x00, 0x00, 0x00, 0x00, 0x00, 0x00, 0x00,
    0x00, 0x00, 0x00, 0x00, 0x00, 0x00, 0x00, 0x00, 0x00, 0x00, 0x00, 0x00, 0x00, 0x00, 0x00, 0x00,
    0x00, 0x00, 0x00, 0x00, 0x00, 0x00, 0x00, 0x00, 0x00, 0x00, 0x00, 0x00, 0x00, 0x00, 0x00, 0x00,
    0x00, 0x00, 0x00, 0x00, 0x00, 0x00, 0x00, 0x00, 0x00, 0x00, 0x00, 0x00, 0x00, 0x00, 0x00, 0x00,
    0x00, 0x00, 0x00, 0x00, 0x00, 0x00, 0x00, 0x00, 0x00, 0x00, 0x00, 0x00, 0x00, 0x00, 0x00, 0x00,
    0x00, 0x00, 0x00, 0x00, 0x00, 0x00, 0x00, 0x00, 0x00, 0x00, 0x00, 0x00, 0x00, 0x00, 0x00, 0x00,
    0x00, 0x00, 0x00, 0x00, 0x00, 0x00, 0x00, 0x00, 0x00, 0x00, 0x00, 0x00, 0x00, 0x00, 0x00, 0x00,
    0x00, 0x00, 0x00, 0x00, 0x00, 0x00, 0x00, 0x00, 0x00, 0x00, 0x00, 0x00, 0x00, 0x00, 0x00, 0x00,
    0x00, 0x00, 0x00, 0x00, 0x00, 0x00, 0x00, 0x00, 0x00, 0x00, 0x00, 0x00, 0x00, 0x00, 0x00, 0x00,
    0x00, 0x00, 0x00, 0x00, 0x00, 0x00, 0x00, 0x00, 0x00, 0x00, 0x00, 0x00, 0x00, 0x00, 0x00, 0x00,
    0x00, 0x00, 0x00, 0x00, 0x00, 0x00, 0x00, 0x00, 0x00, 0x00, 0x00, 0x00, 0x00, 0x00, 0x00, 0x00,
    0x00, 0x00, 0x00, 0x00, 0x00, 0x00, 0x00, 0x00, 0x00, 0x00, 0x00, 0x00, 0x00, 0x00, 0x00, 0x00,
    0x00, 0x00, 0x00, 0x00, 0x00, 0x00, 0x00, 0x00, 0x00, 0x00, 0x00, 0x00, 0x00, 0x00, 0x00, 0x00,
    0x00, 0x00, 0x00, 0x00, 0x00, 0x00, 0x00, 0x00, 0x00, 0x00, 0x00, 0x00, 0x00, 0x00, 0x00, 0x00,
    0x00, 0x00, 0x00, 0x00, 0x00, 0x00, 0x00, 0x00, 0x00, 0x00, 0x00, 0x00, 0x00, 0x00, 0x00, 0x00,
    0x00, 0x00, 0x00, 0x00, 0x00, 0x00, 0x00, 0x00, 0x00, 0x00, 0x00, 0x00, 0x00, 0x00, 0x08, 0xff,
    0x00, 0x01, 0x08, 0x1c, 0x48, 0xb0, 0x60, 0xc1, 0x01, 0x04, 0x0c, 0x2a, 0x5c, 0xc8, 0xb0, 0xa1,
    0xc3, 0x87, 0x10, 0x23, 0x46, 0x44, 0x28, 0xb1, 0xa2, 0xc2, 0x01, 0x0b, 0x1e, 0x3c, 0x60, 0x50,
    0xc0, 0xa2, 0xc7, 0x8f, 0x20, 0x43, 0x1e, 0xcc, 0xb8, 0xb1, 0xa3, 0xc8, 0x87, 0x03, 0x1c, 0x68,
    0x5c, 0x69, 0xe0, 0xa4, 0xcb, 0x97, 0x30, 0x53, 0xae, 0xd4, 0xd8, 0x12, 0xa6, 0x41, 0x02, 0x2a,
    0x67, 0x6a, 0x3c, 0x60, 0xb3, 0xa7, 0xcf, 0x87, 0x38, 0x75, 0xee, 0xfc, 0x09, 0xc0, 0x80, 0xd0,
    0x99, 0x09, 0x88, 0x2a, 0x25, 0x6a, 0xf4, 0xa8, 0xc6, 0xa4, 0x3d, 0x9b, 0x3a, 0x7d, 0xba, 0xb4,
    0xea, 0x4b, 0xa9, 0x53, 0xa1, 0x5e, 0x9d, 0xaa, 0x53, 0xab, 0xd5, 0xaf, 0x15, 0xb1, 0x72, 0xf5,
    0x1a, 0xf2, 0x00, 0x57, 0xa1, 0x09, 0x02, 0x80, 0x5d, 0xfb, 0xd0, 0xec, 0x59, 0xa4, 0x6a, 0x43,
    0x26, 0x70, 0x8a, 0x40, 0xec, 0x4a, 0x06, 0x71, 0xd9, 0xea, 0x25, 0x38, 0xf7, 0x68, 0x5d, 0xa7,
    0x78, 0x41, 0xf6, 0x45, 0x2b, 0xd0, 0xae, 0xc6, 0xc0, 0x7b, 0xf7, 0x0e, 0xee, 0x5a, 0x18, 0x70,
    0x5e, 0x89, 0x8b, 0x91, 0x12, 0x34, 0xbc, 0xf1, 0x71, 0x62, 0xab, 0x91, 0x57, 0x7a, 0xa5, 0x8c,
    0x18, 0x62, 0x80, 0xcc, 0x54, 0x0b, 0x72, 0x16, 0x70, 0xd9, 0xea, 0x67, 0xa7, 0x64, 0x8b, 0x02,
    0x26, 0xfd, 0x30, 0x00, 0x03, 0xa7, 0x35, 0x0d, 0xca, 0x14, 0xea, 0x60, 0x40, 0x69, 0xa5, 0xae,
    0x61, 0x2f, 0x9c, 0xad, 0xb3, 0xb6, 0xc3, 0xdc, 0x47, 0x63, 0x5f, 0xcc, 0xd9, 0xdb, 0xf6, 0xed,
    0x9e, 0xc0, 0x85, 0x0a, 0x97, 0x4d, 0x7c, 0xa6, 0xef, 0x85, 0xc9, 0x75, 0x2e, 0x1f, 0x7e, 0xf4,
    0xf9, 0x71, 0x97, 0xd1, 0x67, 0x4e, 0x67, 0x5e, 0xdd, 0x78, 0x41, 0x01, 0xaf, 0x83, 0x4f, 0xff,
    0x6c, 0xbe, 0xd2, 0x41, 0xc2, 0xeb, 0x22, 0xc1, 0xeb, 0x86, 0xc8, 0xdb, 0xf9, 0xf9, 0x81, 0xed,
    0xcb, 0x7b, 0xf7, 0x1c, 0x5e, 0x39, 0x7a, 0x90, 0xf1, 0x35, 0x5a, 0xa7, 0xbf, 0x1e, 0x40, 0xfe,
    0x07, 0xfb, 0x45, 0x94, 0x1d, 0x4b, 0xf7, 0x59, 0xf4, 0x5f, 0x80, 0xfc, 0x89, 0x17, 0x00, 0x79,
    0xfa, 0xcd, 0x57, 0xd1, 0x80, 0x1a, 0x39, 0x58, 0x20, 0x43, 0x0b, 0x76, 0x07, 0x12, 0x84, 0x0f,
    0x20, 0x64, 0x61, 0x48, 0x10, 0x22, 0x30, 0x21, 0x44, 0x04, 0x6c, 0x78, 0x61, 0x7d, 0x33, 0x21,
    0x30, 0x80, 0x50, 0x9d, 0x89, 0x94, 0x19, 0x4f, 0x1f, 0x3a, 0x74, 0xa2, 0x4e, 0x29, 0xca, 0x25,
    0x14, 0x4f, 0x24, 0x3a, 0xc0, 0xda, 0x4b, 0x35, 0xde, 0xd8, 0x22, 0x43, 0x39, 0xda, 0xd4, 0x63,
    0x00, 0x24, 0x35, 0x20, 0xa1, 0x48, 0x40, 0x6a, 0x24, 0xe4, 0x8e, 0xad, 0x05, 0x39, 0x24, 0x87,
    0x4a, 0x12, 0x84, 0x90, 0x65, 0x31, 0x11, 0x00, 0x25, 0x92, 0xbb, 0x49, 0x49, 0xd4, 0x93, 0x54,
    0x66, 0xa9, 0xe5, 0x96, 0x5c, 0x76, 0xe9, 0xe5, 0x97, 0x60, 0x86, 0x29, 0xe6, 0x98, 0x64, 0x96,
    0x09, 0x53, 0x00, 0x02, 0x20, 0x44, 0xc0, 0x9a, 0x03, 0x0c, 0x20, 0xc0, 0x94, 0x66, 0x22, 0x97,
    0xe6, 0x9a, 0x6c, 0xba, 0x09, 0x67, 0x43, 0x01, 0x0c, 0x50, 0x80, 0x01, 0x7c, 0xf6, 0xe9, 0x67,
    0x01, 0x04, 0xe8, 0x68, 0xd3, 0x00, 0x0a, 0x2c, 0x60, 0x52, 0x4f, 0x84, 0x1a, 0x4a, 0x54, 0x9e,
    0x7b, 0xfa, 0xe9, 0x28, 0xa0, 0x82, 0x36, 0x44, 0x00, 0x9f, 0x05, 0x54, 0x6a, 0xe9, 0xa5, 0x95,
    0xf2, 0x69, 0xa5, 0x4d, 0x02, 0x10, 0xb7, 0x5d, 0x48, 0xbc, 0x1d, 0x0a, 0xd3, 0xa4, 0x06, 0x60,
    0x6a, 0x6a, 0xa3, 0x9b, 0x4a, 0x5a, 0xea, 0xa9, 0xac, 0x96, 0x7a, 0xa7, 0x47, 0x08, 0xe8, 0xfc,
    0xb4, 0xe4, 0x40, 0x01, 0x18, 0x70, 0x40, 0xa4, 0x05, 0x05, 0xd0, 0xc0, 0x4c, 0x0b, 0xf4, 0x34,
    0x29, 0xab, 0xad, 0x16, 0xf0, 0xea, 0x00, 0xab, 0x02, 0x7b, 0x6a, 0xa9, 0x36, 0xb9, 0x55, 0x1e,
    0xae, 0x02, 0x0d, 0xb0, 0x2b, 0x80, 0x9f, 0x0a, 0x44, 0xe2, 0x03, 0xbd, 0xc6, 0x54, 0xac, 0xb1,
    0x98, 0x22, 0xcb, 0x10, 0xb6, 0xc6, 0x1a, 0xf0, 0xea, 0x83, 0xd3, 0xc6, 0xd8, 0x2c, 0x79, 0x9f,
    0x46, 0x86, 0x60, 0x48, 0xdc, 0x02, 0xeb, 0xed, 0xb6, 0xe9, 0xb2, 0xfa, 0x2d, 0xb8, 0x3a, 0x55,
    0x3b, 0x19, 0x83, 0x0f, 0x78, 0x58, 0x50, 0xac, 0xce, 0xcd, 0xfa, 0x51, 0xbb, 0xee, 0x32, 0x44,
    0x2c, 0xbf, 0x96, 0x1a, 0xf0, 0xde, 0x99, 0xd3, 0x6e, 0x36, 0xd6, 0x64, 0xc5, 0xf9, 0xf4, 0x2f,
    0xc0, 0x7b, 0x0e, 0x7c, 0xd1, 0xb5, 0xdc, 0x0a, 0x7c, 0x25, 0x79, 0x2c, 0x52, 0x26, 0x99, 0x7f,
    0xf6, 0xfd, 0xb4, 0x70, 0xbb, 0x12, 0x3f, 0x24, 0x40, 0xa3, 0xdd, 0x96, 0xaa, 0xef, 0x49, 0x21,
    0xea, 0x44, 0x40, 0x01, 0x42, 0x29, 0xa0, 0xac, 0x66, 0x9d, 0xea, 0x64, 0x2f, 0x51, 0x1f, 0x53,
    0xaa, 0xae, 0xc8, 0x15, 0x09, 0x70, 0x72, 0xa3, 0x7f, 0x42, 0xfa, 0xee, 0x49, 0x62, 0x31, 0x08,
    0x95, 0x5d, 0xe4, 0xa5, 0xf6, 0x93, 0xcd, 0x99, 0x3e, 0xaa, 0xf3, 0x85, 0x69, 0xb6, 0x69, 0xa7,
    0x5e, 0xf8, 0xa2, 0x86, 0xf0, 0x54, 0x0c, 0xe8, 0x85, 0xa6, 0xd2, 0x4b, 0xc7, 0x09, 0x00, 0x68,
    0x0f, 0xa4, 0xc6, 0xd9, 0xce, 0x56, 0x7f, 0x35, 0x20, 0x8b, 0x06, 0x15, 0x40, 0xde, 0xb9, 0x5d,
    0x5f, 0x56, 0x21, 0x81, 0xfe, 0x36, 0xe7, 0x70, 0xd9, 0xc7, 0x0d, 0xf0, 0x9a, 0x03, 0xd1, 0xc2,
    0xf7, 0x76, 0xdc, 0x6c, 0x5f, 0x96, 0x2a, 0x50, 0x5c, 0x17, 0x18, 0x10, 0x00, 0x21, 0xf9, 0x04,
    0x04, 0x04, 0x00, 0x00, 0x00, 0x2c, 0x15, 0x00, 0x1d, 0x00, 0x94, 0x00, 0x2f, 0x00, 0x87, 0x00,
    0x00, 0x00, 0x0d, 0x03, 0x03, 0x1a, 0x06, 0x06, 0x26, 0x09, 0x0a, 0x33, 0x0d, 0x0d, 0x40, 0x10,
    0x10, 0x4d, 0x13, 0x13, 0x5a, 0x16, 0x16, 0x66, 0x19, 0x1a, 0x73, 0x1c, 0x1d, 0x80, 0x1f, 0x20,
    0x8d, 0x22, 0x23, 0x9a, 0x26, 0x26, 0xa6, 0x29, 0x2a, 0xb3, 0x2c, 0x2d, 0xc0, 0x2f, 0x30, 0x00,
    0x00, 0x00, 0x00, 0x00, 0x00, 0x00, 0x00, 0x00, 0x00, 0x00, 0x00, 0x00, 0x00, 0x00, 0x00, 0x00,
    0x00, 0x00, 0x00, 0x00, 0x00, 0x00, 0x00, 0x00, 0x00, 0x00, 0x00, 0x00, 0x00, 0x00, 0x00, 0x00,
    0x00, 0x00, 0x00, 0x00, 0x00, 0x00, 0x00, 0x00, 0x00, 0x00, 0x00, 0x00, 0x00, 0x00, 0x00, 0x00,
    0x00, 0x00, 0x00, 0x00, 0x00, 0x00, 0x00, 0x00, 0x00, 0x00, 0x00, 0x00, 0x00, 0x00, 0x00, 0x00,
    0x00, 0x00, 0x00, 0x00, 0x00, 0x00, 0x00, 0x00, 0x00, 0x00, 0x00, 0x00, 0x00, 0x00, 0x00, 0x00,
    0x00, 0x00, 0x00, 0x00, 0x00, 0x00, 0x00, 0x00, 0x00, 0x00, 0x00, 0x00, 0x00, 0x00, 0x00, 0x00,
    0x00, 0x00, 0x00, 0x00, 0x00, 0x00, 0x00, 0x00, 0x00, 0x00, 0x00, 0x00, 0x00, 0x00, 0x00, 0x00,
    0x00, 0x00, 0x00, 0x00, 0x00, 0x00, 0x00, 0x00, 0x00, 0x00, 0x00, 0x00, 0x00, 0x00, 0x00, 0x00,
    0x00, 0x00, 0x00, 0x00, 0x00, 0x00, 0x00, 0x00, 0x00, 0x00, 0x00, 0x00, 0x00, 0x00, 0x00, 0x00,
    0x00, 0x00, 0x00, 0x00, 0x00, 0x00, 0x00, 0x00, 0x00, 0x00, 0x00, 0x00, 0x00, 0x00, 0x00, 0x00,
    0x00, 0x00, 0x00, 0x00, 0x00, 0x00, 0x00, 0x00, 0x00, 0x00, 0x00, 0x00, 0x00, 0x00, 0x00, 0x00,
    0x00, 0x00, 0x00, 0x00, 0x00, 0x00, 0x00, 0x00, 0x00, 0x00, 0x00, 0x00, 0x00, 0x00, 0x00, 0x00,
    0x00, 0x00, 0x00, 0x00, 0x00, 0x00, 0x00, 0x00, 0x00, 0x00, 0x00, 0x00, 0x00, 0x00, 0x00, 0x00,
    0x00, 0x00, 0x00, 0x00, 0x00, 0x00, 0x00, 0x00, 0x00, 0x00, 0x00, 0x00, 0x00, 0x00, 0x00, 0x00,
    0x00, 0x00, 0x00, 0x00, 0x00, 0x00, 0x00, 0x00, 0x00, 0x00, 0x00, 0x00, 0x00, 0x00, 0x00, 0x00,
    0x00, 0x00, 0x00, 0x00, 0x00, 0x00, 0x00, 0x00, 0x00, 0x00, 0x00, 0x00, 0x00, 0x00, 0x00, 0x00,
    0x00, 0x00, 0x00, 0x00, 0x00, 0x00, 0x00, 0x00, 0x00, 0x00, 0x00, 0x00, 0x00, 0x00, 0x00, 0x00,
    0x00, 0x00, 0x00, 0x00, 0x00, 0x00, 0x00, 0x00, 0x00, 0x00, 0x00, 0x00, 0x00, 0x00, 0x00, 0x00,
    0x00, 0x00, 0x00, 0x00, 0x00, 0x00, 0x00, 0x00, 0x00, 0x00, 0x00, 0x00, 0x00, 0x00, 0x00, 0x00,
    0x00, 0x00, 0x00, 0x00, 0x00, 0x00, 0x00, 0x00, 0x00, 0x00, 0x00, 0x00, 0x00, 0x00, 0x00, 0x00,
    0x00, 0x00, 0x00, 0x00, 0x00, 0x00, 0x00, 0x00, 0x00, 0x00, 0x00, 0x00, 0x00, 0x00, 0x00, 0x00,
    0x00, 0x00, 0x00, 0x00, 0x00, 0x00, 0x00, 0x00, 0x00, 0x00, 0x00, 0x00, 0x00, 0x00, 0x00, 0x00,
    0x00, 0x00, 0x00, 0x00, 0x00, 0x00, 0x00, 0x00, 0x00, 0x00, 0x00, 0x00, 0x00, 0x00, 0x00, 0x00,
    0x00, 0x00, 0x00, 0x00, 0x00, 0x00, 0x00, 0x00, 0x00, 0x00, 0x00, 0x00, 0x00, 0x00, 0x00, 0x00,
    0x00, 0x00, 0x00, 0x00, 0x00, 0x00, 0x00, 0x00, 0x00, 0x00, 0x00, 0x00, 0x00, 0x00, 0x00, 0x00,
    0x00, 0x00, 0x00, 0x00, 0x00, 0x00, 0x00, 0x00, 0x00, 0x00, 0x00, 0x00, 0x00, 0x00, 0x00, 0x00,
    0x00, 0x00, 0x00, 0x00, 0x00, 0x00, 0x00, 0x00, 0x00, 0x00, 0x00, 0x00, 0x00, 0x00, 0x00, 0x00,
    0x00, 0x00, 0x00, 0x00, 0x00, 0x00, 0x00, 0x00, 0x00, 0x00, 0x00, 0x00, 0x00, 0x00, 0x00, 0x00,
    0x00, 0x00, 0x00, 0x00, 0x00, 0x00, 0x00, 0x00, 0x00, 0x00, 0x00, 0x00, 0x00, 0x00, 0x00, 0x00,
    0x00, 0x00, 0x00, 0x00, 0x00, 0x00, 0x00, 0x00, 0x00, 0x00, 0x00, 0x00, 0x00, 0x00, 0x00, 0x00,
    0x00, 0x00, 0x00, 0x00, 0x00, 0x00, 0x00, 0x00, 0x00, 0x00, 0x00, 0x00, 0x00, 0x00, 0x00, 0x00,
    0x00, 0x00, 0x00, 0x00, 0x00, 0x00, 0x00, 0x00, 0x00, 0x00, 0x00, 0x00, 0x00, 0x00, 0x00, 0x00,
    0x00, 0x00, 0x00, 0x00, 0x00, 0x00, 0x00, 0x00, 0x00, 0x00, 0x00, 0x00, 0x00, 0x00, 0x00, 0x00,
    0x00, 0x00, 0x00, 0x00, 0x00, 0x00, 0x00, 0x00, 0x00, 0x00, 0x00, 0x00, 0x00, 0x00, 0x00, 0x00,
    0x00, 0x00, 0x00, 0x00, 0x00, 0x00, 0x00, 0x00, 0x00, 0x00, 0x00, 0x00, 0x00, 0x00, 0x00, 0x00,
    0x00, 0x00, 0x00, 0x00, 0x00, 0x00, 0x00, 0x00, 0x00, 0x00, 0x00, 0x00, 0x00, 0x00, 0x00, 0x00,
    0x00, 0x00, 0x00, 0x00, 0x00, 0x00, 0x00, 0x00, 0x00, 0x00, 0x00, 0x00, 0x00, 0x00, 0x00, 0x00,
    0x00, 0x00, 0x00, 0x00, 0x00, 0x00, 0x00, 0x00, 0x00, 0x00, 0x00, 0x00, 0x00, 0x00, 0x00, 0x00,
    0x00, 0x00, 0x00, 0x00, 0x00, 0x00, 0x00, 0x00, 0x00, 0x00, 0x00, 0x00, 0x00, 0x00, 0x00, 0x00,
    0x00, 0x00, 0x00, 0x00, 0x00, 0x00, 0x00, 0x00, 0x00, 0x00, 0x00, 0x00, 0x00, 0x00, 0x00, 0x00,
    0x00, 0x00, 0x00, 0x00, 0x00, 0x00, 0x00, 0x00, 0x00, 0x00, 0x00, 0x00, 0x00, 0x00, 0x00, 0x00,
    0x00, 0x00, 0x00, 0x00, 0x00, 0x00, 0x00, 0x00, 0x00, 0x00, 0x00, 0x00, 0x00, 0x00, 0x00, 0x00,
    0x00, 0x00, 0x00, 0x00, 0x00, 0x00, 0x00, 0x00, 0x00, 0x00, 0x00, 0x00, 0x00, 0x00, 0x00, 0x00,
    0x00, 0x00, 0x00, 0x00, 0x00, 0x00, 0x00, 0x00, 0x00, 0x00, 0x00, 0x00, 0x00, 0x00, 0x00, 0x00,
    0x00, 0x00, 0x00, 0x00, 0x00, 0x00, 0x00, 0x00, 0x00, 0x00, 0x00, 0x00, 0x00, 0x00, 0x00, 0x08,
    0xff, 0x00, 0x01, 0x08, 0x1c, 0x48, 0xb0, 0x60, 0xc1, 0x00, 0x01, 0x0c, 0x2a, 0x5c, 0xc8, 0xb0,
    0xa1, 0xc3, 0x87, 0x10, 0x23, 0x46, 0x44, 0x28, 0xb1, 0xa2, 0xc2, 0x00, 0x08, 0x1a, 0x38, 0x48,
    0x20, 0xc0, 0xa2, 0xc7, 0x8f, 0x20, 0x43, 0x1e, 0xcc, 0xb8, 0xb1, 0xa3, 0xc8, 0x87, 0x01, 0x18,
    0x3c, 0x58, 0xf9, 0xc0, 0xc1, 0x80, 0x93, 0x30, 0x63, 0xca, 0x4c, 0xc9, 0xb2, 0xe5, 0x4b, 0x99,
    0x06, 0x69, 0xd6, 0xb4, 0x89, 0xb3, 0xa7, 0x4f, 0x94, 0x2a, 0x77, 0xba, 0xfc, 0x09, 0x60, 0x80,
    0x83, 0x9d, 0x35, 0x0d, 0x10, 0x5d, 0x4a, 0xd4, 0x28, 0x52, 0x96, 0x4a, 0x7b, 0x3a, 0x7d, 0x0a,
    0x95, 0xa9, 0xd5, 0x98, 0x53, 0xa9, 0x3e, 0x88, 0x8a, 0xf5, 0xa8, 0xd6, 0xaa, 0x57, 0xc3, 0x7a,
    0xcc, 0xfa, 0x95, 0xab, 0x48, 0xb2, 0x5f, 0xb7, 0x8a, 0x5d, 0x0b, 0x11, 0x6d, 0xd9, 0x93, 0x06,
    0xa8, 0x2e, 0x48, 0x40, 0x35, 0x01, 0xdb, 0xbb, 0x0a, 0xe3, 0x3e, 0x9d, 0x5b, 0x37, 0xa4, 0x5e,
    0xa4, 0x0c, 0x12, 0xd2, 0x7d, 0x6a, 0x17, 0xaf, 0xe1, 0xbf, 0x3b, 0x03, 0x03, 0x18, 0x8c, 0xb4,
    0xb0, 0x45, 0xc4, 0x35, 0x15, 0x0b, 0x64, 0xbc, 0xd3, 0xb1, 0x61, 0xb1, 0x90, 0x59, 0x4a, 0x5e,
    0xdc, 0xb7, 0x62, 0xe6, 0x95, 0x9b, 0x27, 0x77, 0xbe, 0x7c, 0xf5, 0xf3, 0x83, 0xd0, 0x9c, 0x09,
    0x4b, 0xa4, 0x5c, 0x33, 0x41, 0x42, 0x83, 0x07, 0xa8, 0xa2, 0x26, 0xdd, 0x93, 0x35, 0x4b, 0xd7,
    0x0a, 0x63, 0x3f, 0x9d, 0x6d, 0xd0, 0xf6, 0x4a, 0xcb, 0x06, 0x4d, 0xf3, 0xa6, 0x7d, 0xd2, 0xf7,
    0x03, 0xe0, 0x05, 0x85, 0xbf, 0x5e, 0x68, 0x1c, 0x79, 0x70, 0xd9, 0xcb, 0x89, 0xc3, 0x6c, 0xfe,
    0x50, 0x39, 0xf3, 0xd1, 0x0e, 0xad, 0x4b, 0x2f, 0x8e, 0xbd, 0xa1, 0xf6, 0x81, 0x3a, 0x91, 0x1e,
    0xff, 0xa8, 0x48, 0xc0, 0xab, 0xd0, 0x9b, 0xdb, 0x3d, 0x86, 0xdf, 0x39, 0x5e, 0x62, 0xf9, 0xa7,
    0x43, 0x05, 0xae, 0x4f, 0x3a, 0xd6, 0x7c, 0xcd, 0xf8, 0xe9, 0x25, 0xce, 0x07, 0x5b, 0xd1, 0x2d,
    0x4f, 0x00, 0x41, 0x21, 0x65, 0x56, 0x7f, 0xf6, 0xb1, 0xe4, 0x80, 0x49, 0xf9, 0x41, 0x14, 0xe0,
    0x4e, 0x03, 0x4a, 0xe4, 0xdf, 0x81, 0x03, 0x50, 0xd5, 0x20, 0x81, 0x4f, 0xb5, 0x97, 0xa0, 0x43,
    0x11, 0x3e, 0x35, 0xa1, 0x83, 0x05, 0xae, 0x74, 0x00, 0x01, 0x48, 0x39, 0x40, 0x00, 0x4c, 0x02,
    0x2c, 0xb8, 0x12, 0x02, 0x17, 0x3e, 0x04, 0xa2, 0x50, 0x23, 0x9e, 0x54, 0x22, 0x52, 0x08, 0x04,
    0x50, 0x60, 0x8b, 0x30, 0xc9, 0xb8, 0x13, 0x7a, 0x29, 0x2e, 0x64, 0x63, 0x4d, 0x34, 0x9e, 0xb4,
    0x23, 0x4b, 0x2f, 0x65, 0xb5, 0x21, 0x48, 0x42, 0xe6, 0xf8, 0x50, 0x91, 0x38, 0x21, 0x09, 0x80,
    0x00, 0x07, 0x1c, 0x80, 0xa3, 0x4c, 0x4c, 0x3a, 0x69, 0x24, 0x44, 0x51, 0x3e, 0x19, 0x53, 0x95,
    0x53, 0x66, 0xa9, 0xe5, 0x96, 0x5c, 0x76, 0xe9, 0xe5, 0x97, 0x60, 0x86, 0x29, 0xe6, 0x98, 0x64,
    0x96, 0x89, 0x53, 0x00, 0x02, 0x0c, 0xa0, 0xe6, 0x00, 0x02, 0x44, 0x67, 0xa6, 0x55, 0x68, 0xae,
    0xc9, 0xa6, 0x9b, 0x15, 0x09, 0x40, 0x40, 0x01, 0x05, 0x18, 0xa0, 0xe7, 0x9e, 0x78, 0x12, 0xd0,
    0x26, 0x51, 0x01, 0x34, 0x89, 0xe0, 0x99, 0x82, 0x2e, 0x65, 0x27, 0x9e, 0x7b, 0xf2, 0x59, 0x80,
    0x9f, 0x74, 0x32, 0x24, 0x40, 0x9e, 0x06, 0xe0, 0x29, 0xe9, 0xa4, 0x90, 0x16, 0x60, 0xa5, 0x8f,
    0x41, 0xe1, 0x17, 0x93, 0x4e, 0x9a, 0x5e, 0x59, 0x29, 0xa5, 0x93, 0xea, 0x69, 0x69, 0x5b, 0x91,
    0x82, 0x6a, 0x2a, 0xa2, 0x3d, 0xc2, 0xa4, 0xdb, 0x4a, 0x0e, 0x34, 0x5a, 0x50, 0x9a, 0x10, 0x2d,
    0xf6, 0x50, 0xd3, 0x02, 0x52, 0x95, 0x7a, 0x2a, 0xa8, 0x06, 0xa4, 0x6a, 0xd0, 0x00, 0xb6, 0xde,
    0x8a, 0xab, 0xae, 0x21, 0x21, 0x90, 0x98, 0xab, 0x00, 0x04, 0xa0, 0x00, 0x68, 0x97, 0x0e, 0xc4,
    0x1a, 0xad, 0x32, 0xf1, 0xea, 0xeb, 0xa9, 0xb9, 0x36, 0xf4, 0xec, 0xb3, 0xc4, 0x5a, 0x24, 0x40,
    0x81, 0xce, 0x15, 0xbb, 0x60, 0xa7, 0x03, 0x65, 0x56, 0x00, 0x4e, 0xd3, 0xfa, 0x4a, 0x6c, 0xb8,
    0xd0, 0x56, 0x6b, 0x11, 0x5a, 0x28, 0x16, 0x34, 0x80, 0x89, 0x2d, 0x7d, 0x5b, 0x50, 0x01, 0x02,
    0xf6, 0x44, 0xae, 0xa9, 0x06, 0x10, 0xeb, 0xec, 0xbc, 0x88, 0xba, 0x9b, 0x64, 0x81, 0x66, 0xf9,
    0xb7, 0x52, 0xbf, 0xfc, 0xfa, 0x74, 0x2f, 0xbe, 0x91, 0x3a, 0x44, 0x40, 0xaf, 0xd3, 0x46, 0x6a,
    0xee, 0x47, 0xf0, 0xee, 0xd4, 0xa2, 0xbf, 0x60, 0xfd, 0x78, 0x22, 0x51, 0x07, 0x13, 0x5c, 0xc0,
    0xc2, 0x07, 0x23, 0x4c, 0x6f, 0xae, 0x0b, 0x83, 0xb4, 0x2a, 0xab, 0x02, 0x5c, 0x9b, 0x98, 0xac,
    0x0c, 0x02, 0xb8, 0x93, 0x02, 0x4c, 0x65, 0x9c, 0x30, 0xc7, 0x13, 0x0d, 0x00, 0x69, 0xa2, 0x89,
    0x2e, 0x3a, 0x28, 0x51, 0xac, 0x35, 0xd0, 0xc0, 0xb0, 0xa9, 0x45, 0x86, 0x33, 0x53, 0x01, 0xb8,
    0x0c, 0x33, 0xcc, 0x32, 0x7f, 0x14, 0x27, 0x01, 0x44, 0x13, 0xa0, 0xe6, 0x9f, 0x62, 0x91, 0x0c,
    0x9d, 0xb2, 0x5f, 0xb5, 0xba, 0xd6, 0xd0, 0x45, 0x1f, 0xdd, 0x71, 0x96, 0xfb, 0x81, 0xe6, 0xa6,
    0x71, 0xdc, 0xbe, 0x49, 0x9a, 0xc8, 0x3b, 0x2d, 0xd0, 0xa8, 0xb0, 0x48, 0xe9, 0xab, 0xf5, 0x76,
    0x19, 0xde, 0xe6, 0x1d, 0x7b, 0x63, 0x5f, 0xf8, 0x57, 0xb6, 0x04, 0xad, 0x9d, 0x76, 0x8a, 0x4c,
    0x02, 0xab, 0x50, 0xdc, 0x60, 0x06, 0x04, 0x00, 0x21, 0xf9, 0x04, 0x04, 0x04, 0x00, 0x00, 0x00,
    0x2c, 0x15, 0x00, 0x1d, 0x00, 0x94, 0x00, 0x30, 0x00, 0x87, 0x00, 0x00, 0x00, 0x0d, 0x03, 0x03,
    0x1a, 0x06, 0x06, 0x26, 0x09, 0x0a, 0x33, 0x0d, 0x0d, 0x40, 0x10, 0x10, 0x4d, 0x13, 0x13, 0x5a,
    0x16, 0x16, 0x66, 0x19, 0x1a, 0x73, 0x1c, 0x1d, 0x80, 0x1f, 0x20, 0x8d, 0x22, 0x23, 0x9a, 0x26,
    0x26, 0xa6, 0x29, 0x2a, 0xb3, 0x2c, 0x2d, 0xc0, 0x2f, 0x30, 0x00, 0x00, 0x00, 0x00, 0x00, 0x00,
    0x00, 0x00, 0x00, 0x00, 0x00, 0x00, 0x00, 0x00, 0x00, 0x00, 0x00, 0x00, 0x00, 0x00, 0x00, 0x00,
    0x00, 0x00, 0x00, 0x00, 0x00, 0x00, 0x00, 0x00, 0x00, 0x00, 0x00, 0x00, 0x00, 0x00, 0x00, 0x00,
    0x00, 0x00, 0x00, 0x00, 0x00, 0x00, 0x00, 0x00, 0x00, 0x00, 0x00, 0x00, 0x00, 0x00, 0x00, 0x00,
    0x00, 0x00, 0x00, 0x00, 0x00, 0x00, 0x00, 0x00, 0x00, 0x00, 0x00, 0x00, 0x00, 0x00, 0x00, 0x00,
    0x00, 0x00, 0x00, 0x00, 0x00, 0x00, 0x00, 0x00, 0x00, 0x00, 0x00, 0x00, 0x00, 0x00, 0x00, 0x00,
    0x00, 0x00, 0x00, 0x00, 0x00, 0x00, 0x00, 0x00, 0x00, 0x00, 0x00, 0x00, 0x00, 0x00, 0x00, 0x00,
    0x00, 0x00, 0x00, 0x00, 0x00, 0x00, 0x00, 0x00, 0x00, 0x00, 0x00, 0x00, 0x00, 0x00, 0x00, 0x00,
    0x00, 0x00, 0x00, 0x00, 0x00, 0x00, 0x00, 0x00, 0x00, 0x00, 0x00, 0x00, 0x00, 0x00, 0x00, 0x00,
    0x00, 0x00, 0x00, 0x00, 0x00, 0x00, 0x00, 0x00, 0x00, 0x00, 0x00, 0x00, 0x00, 0x00, 0x00, 0x00,
    0x00, 0x00, 0x00, 0x00, 0x00, 0x00, 0x00, 0x00, 0x00, 0x00, 0x00, 0x00, 0x00, 0x00, 0x00, 0x00,
    0x00, 0x00, 0x00, 0x00, 0x00, 0x00, 0x00, 0x00, 0x00, 0x00, 0x00, 0x00, 0x00, 0x00, 0x00, 0x00,
    0x00, 0x00, 0x00, 0x00, 0x00, 0x00, 0x00, 0x00, 0x00, 0x00, 0x00, 0x00, 0x00, 0x00, 0x00, 0x00,
    0x00, 0x00, 0x00, 0x00, 0x00, 0x00, 0x00, 0x00, 0x00, 0x00, 0x00, 0x00, 0x00, 0x00, 0x00, 0x00,
    0x00, 0x00, 0x00, 0x00, 0x00, 0x00, 0x00, 0x00, 0x00, 0x00, 0x00, 0x00, 0x00, 0x00, 0x00, 0x00,
    0x00, 0x00, 0x00, 0x00, 0x00, 0x00, 0x00, 0x00, 0x00, 0x00, 0x00, 0x00, 0x00, 0x00, 0x00, 0x00,
    0x00, 0x00, 0x00, 0x00, 0x00, 0x00, 0x00, 0x00, 0x00, 0x00, 0x00, 0x00, 0x00, 0x00, 0x00, 0x00,
    0x00, 0x00, 0x00, 0x00, 0x00, 0x00, 0x00, 0x00, 0x00, 0x00, 0x00, 0x00, 0x00, 0x00, 0x00, 0x00,
    0x00, 0x00, 0x00, 0x00, 0x00, 0x00, 0x00, 0x00, 0x00, 0x00, 0x00, 0x00, 0x00, 0x00, 0x00, 0x00,
    0x00, 0x00, 0x00, 0x00, 0x00, 0x00, 0x00, 0x00, 0x00, 0x00, 0x00, 0x00, 0x00, 0x00, 0x00, 0x00,
    0x00, 0x00, 0x00, 0x00, 0x00, 0x00, 0x00, 0x00, 0x00, 0x00, 0x00, 0x00, 0x00, 0x00, 0x00, 0x00,
    0x00, 0x00, 0x00, 0x00, 0x00, 0x00, 0x00, 0x00, 0x00, 0x00, 0x00, 0x00, 0x00, 0x00, 0x00, 0x00,
    0x00, 0x00, 0x00, 0x00, 0x00, 0x00, 0x00, 0x00, 0x00, 0x00, 0x00, 0x00, 0x00, 0x00, 0x00, 0x00,
    0x00, 0x00, 0x00, 0x00, 0x00, 0x00, 0x00, 0x00, 0x00, 0x00, 0x00, 0x00, 0x00, 0x00, 0x00, 0x00,
    0x00, 0x00, 0x00, 0x00, 0x00, 0x00, 0x00, 0x00, 0x00, 0x00, 0x00, 0x00, 0x00, 0x00, 0x00, 0x00,
    0x00, 0x00, 0x00, 0x00, 0x00, 0x00, 0x00, 0x00, 0x00, 0x00, 0x00, 0x00, 0x00, 0x00, 0x00, 0x00,
    0x00, 0x00, 0x00, 0x00, 0x00, 0x00, 0x00, 0x00, 0x00, 0x00, 0x00, 0x00, 0x00, 0x00, 0x00, 0x00,
    0x00, 0x00, 0x00, 0x00, 0x00, 0x00, 0x00, 0x00, 0x00, 0x00, 0x00, 0x00, 0x00, 0x00, 0x00, 0x00,
    0x00, 0x00, 0x00, 0x00, 0x00, 0x00, 0x00, 0x00, 0x00, 0x00, 0x00, 0x00, 0x00, 0x00, 0x00, 0x00,
    0x00, 0x00, 0x00, 0x00, 0x00, 0x00, 0x00, 0x00, 0x00, 0x00, 0x00, 0x00, 0x00, 0x00, 0x00, 0x00,
    0x00, 0x00, 0x00, 0x00, 0x00, 0x00, 0x00, 0x00, 0x00, 0x00, 0x00, 0x00, 0x00, 0x00, 0x00, 0x00,
    0x00, 0x00, 0x00, 0x00, 0x00, 0x00, 0x00, 0x00, 0x00, 0x00, 0x00, 0x00, 0x00, 0x00, 0x00, 0x00,
    0x00, 0x00, 0x00, 0x00, 0x00, 0x00, 0x00, 0x00, 0x00, 0x00, 0x00, 0x00, 0x00, 0x00, 0x00, 0x00,
    0x00, 0x00, 0x00, 0x00, 0x00, 0x00, 0x00, 0x00, 0x00, 0x00, 0x00, 0x00, 0x00, 0x00, 0x00, 0x00,
    0x00, 0x00, 0x00, 0x00, 0x00, 0x00, 0x00, 0x00, 0x00, 0x00, 0x00, 0x00, 0x00, 0x00, 0x00, 0x00,
    0x00, 0x00, 0x00, 0x00, 0x00, 0x00, 0x00, 0x00, 0x00, 0x00, 0x00, 0x00, 0x00, 0x00, 0x00, 0x00,
    0x00, 0x00, 0x00, 0x00, 0x00, 0x00, 0x00, 0x00, 0x00, 0x00, 0x00, 0x00, 0x00, 0x00, 0x00, 0x00,
    0x00, 0x00, 0x00, 0x00, 0x00, 0x00, 0x00, 0x00, 0x00, 0x00, 0x00, 0x00, 0x00, 0x00, 0x00, 0x00,
    0x00, 0x00, 0x00, 0x00, 0x00, 0x00, 0x00, 0x00, 0x00, 0x00, 0x00, 0x00, 0x00, 0x00, 0x00, 0x00,
    0x00, 0x00, 0x00, 0x00, 0x00, 0x00, 0x00, 0x00, 0x00, 0x00, 0x00, 0x00, 0x00, 0x00, 0x00, 0x00,
    0x00, 0x00, 0x00, 0x00, 0x00, 0x00, 0x00, 0x00, 0x00, 0x00, 0x00, 0x00, 0x00, 0x00, 0x00, 0x00,
    0x00, 0x00, 0x00, 0x00, 0x00, 0x00, 0x00, 0x00, 0x00, 0x00, 0x00, 0x00, 0x00, 0x00, 0x00, 0x00,
    0x00, 0x00, 0x00, 0x00, 0x00, 0x00, 0x00, 0x00, 0x00, 0x00, 0x00, 0x00, 0x00, 0x00, 0x00, 0x00,
    0x00, 0x00, 0x00, 0x00, 0x00, 0x00, 0x00, 0x00, 0x00, 0x00, 0x00, 0x00, 0x00, 0x00, 0x00, 0x00,
    0x00, 0x00, 0x00, 0x00, 0x00, 0x00, 0x00, 0x00, 0x00, 0x00, 0x00, 0x00, 0x00, 0x00, 0x00, 0x00,
    0x00, 0x00, 0x00, 0x00, 0x00, 0x00, 0x00, 0x00, 0x00, 0x00, 0x08, 0xff, 0x00, 0x01, 0x08, 0x1c,
    0x48, 0xb0, 0xa0, 0xc1, 0x83, 0x08, 0x13, 0x2a, 0x5c, 0xc8, 0xb0, 0xa1, 0xc3, 0x87, 0x10, 0x23,
    0x3a, 0x0c, 0x70, 0xe0, 0x80, 0x00, 0x89, 0x18, 0x33, 0x6a, 0xdc, 0x28, 0x90, 0xa2, 0x45, 0x8e,
    0x0e, 0x0d, 0x38, 0x78, 0x40, 0x12, 0x01, 0xc8, 0x93, 0x28, 0x4f, 0x8a, 0x24, 0xf9, 0xc0, 0x64,
    0xca, 0x83, 0x06, 0x58, 0xb2, 0x4c, 0xf0, 0xb2, 0xa6, 0xcd, 0x85, 0x31, 0x65, 0x3e, 0xa0, 0x79,
    0x13, 0xc0, 0x01, 0x9d, 0x2c, 0x15, 0x04, 0xe8, 0x49, 0xd4, 0xe6, 0x4f, 0xa0, 0x0f, 0x84, 0xda,
    0x4c, 0x80, 0x94, 0x25, 0x83, 0xa1, 0x45, 0xa3, 0x72, 0x64, 0xda, 0xf4, 0xc1, 0xd3, 0x97, 0x54,
    0xab, 0x5a, 0x85, 0x2a, 0xb5, 0x2b, 0xc4, 0xac, 0x55, 0xaf, 0x9e, 0x04, 0xab, 0x55, 0xac, 0xd7,
    0xb3, 0x0a, 0xc9, 0x86, 0xe5, 0x9a, 0x31, 0x80, 0x82, 0xa6, 0x23, 0x81, 0x32, 0x18, 0x80, 0xb6,
    0x6e, 0x41, 0xb7, 0x70, 0x91, 0xce, 0xd5, 0x18, 0x80, 0x41, 0xd3, 0x02, 0x03, 0xe2, 0xea, 0x74,
    0x40, 0xd7, 0x6e, 0xdd, 0xbe, 0x7f, 0x03, 0x23, 0x25, 0x8c, 0x11, 0x31, 0x52, 0x03, 0x02, 0x15,
    0x03, 0x65, 0x6c, 0xd8, 0xab, 0x63, 0xa0, 0x90, 0x01, 0x48, 0x1e, 0x5c, 0xf8, 0xe1, 0x65, 0x9d,
    0x99, 0x23, 0x0b, 0x96, 0x49, 0xb9, 0x72, 0xd1, 0xcf, 0x32, 0x43, 0x6b, 0x1e, 0xcd, 0xb2, 0x34,
    0xc3, 0x01, 0x7e, 0x27, 0xab, 0x8e, 0xdc, 0x60, 0x71, 0x01, 0xd3, 0x44, 0x61, 0x2f, 0x9e, 0xad,
    0xb9, 0xf6, 0xe4, 0xdb, 0xaf, 0x59, 0x93, 0x74, 0x4d, 0x10, 0x35, 0x4b, 0xde, 0xb8, 0x41, 0x6e,
    0x26, 0xdd, 0xf9, 0x6e, 0x6c, 0xcc, 0x0b, 0x97, 0xb7, 0x6e, 0x6e, 0xd0, 0x38, 0x49, 0xe4, 0xc9,
    0x33, 0x4a, 0x1f, 0x4e, 0xdd, 0x79, 0x53, 0xec, 0xab, 0x17, 0x77, 0xff, 0xaf, 0xfe, 0x1c, 0x74,
    0x76, 0xe5, 0xc2, 0x1f, 0x10, 0x3f, 0x68, 0xfd, 0x01, 0xf2, 0x02, 0xe9, 0x1b, 0x8c, 0x67, 0xbf,
    0xa0, 0xa9, 0xcb, 0xf3, 0x18, 0xe1, 0x23, 0x95, 0x3f, 0xb1, 0x3e, 0xd2, 0xfb, 0x02, 0xe5, 0x24,
    0x17, 0x5b, 0x0d, 0xa9, 0x45, 0x12, 0x4f, 0xf8, 0x41, 0x24, 0xa0, 0x4e, 0x66, 0x39, 0x64, 0xe0,
    0x4e, 0x03, 0x2d, 0x28, 0x53, 0x83, 0x0f, 0x3d, 0x88, 0x60, 0x82, 0x0c, 0x49, 0xe8, 0x14, 0x81,
    0x0e, 0x36, 0x45, 0x93, 0x00, 0x4d, 0x51, 0xf8, 0xd5, 0x5f, 0x18, 0x32, 0x04, 0xa2, 0x5e, 0x1c,
    0x56, 0xf8, 0x17, 0x01, 0x48, 0x2d, 0x90, 0x22, 0x44, 0x08, 0xfc, 0x57, 0xe2, 0x42, 0x2c, 0x02,
    0xe5, 0x22, 0x47, 0x31, 0x02, 0x85, 0xc0, 0x89, 0x32, 0x5d, 0xb8, 0x91, 0x86, 0xe0, 0xcd, 0x08,
    0x00, 0x8f, 0x33, 0xa1, 0x04, 0x24, 0x00, 0x60, 0x89, 0xa8, 0x51, 0x92, 0x2f, 0x0a, 0x29, 0x10,
    0x93, 0x29, 0x41, 0x09, 0x00, 0x02, 0x0d, 0x38, 0xa0, 0xd4, 0x4b, 0x54, 0x5a, 0xd9, 0xa4, 0x93,
    0x02, 0x65, 0x79, 0x65, 0x4a, 0x5e, 0xb2, 0x15, 0xc0, 0x96, 0x1b, 0x8d, 0xc9, 0x65, 0x43, 0x66,
    0xde, 0x94, 0xe6, 0x99, 0x6c, 0xb6, 0xe9, 0xe6, 0x9b, 0x70, 0xc6, 0x29, 0xe7, 0x9c, 0x74, 0xd6,
    0x69, 0xe7, 0x9d, 0x74, 0x06, 0x30, 0x00, 0x01, 0x04, 0x14, 0xe0, 0x67, 0x01, 0x7c, 0x0e, 0x70,
    0x11, 0x51, 0x6b, 0xd6, 0x54, 0xa8, 0x4d, 0x7a, 0xf2, 0xf9, 0x27, 0xa0, 0x04, 0x08, 0x2a, 0xd1,
    0x00, 0x7e, 0x1a, 0x20, 0xe9, 0xa2, 0x05, 0x48, 0x6a, 0x00, 0x60, 0x64, 0x62, 0x64, 0x40, 0x95,
    0x00, 0x1a, 0xc9, 0xe9, 0x4d, 0x90, 0x56, 0x3a, 0xe9, 0xa2, 0x96, 0x62, 0x8a, 0x66, 0xa5, 0x94,
    0xa6, 0xfa, 0xe7, 0xa5, 0x83, 0xa2, 0x54, 0xe3, 0x81, 0x2f, 0x2d, 0xff, 0x78, 0xc0, 0x4b, 0x01,
    0xa0, 0xaa, 0x6a, 0xaa, 0xac, 0x2e, 0x54, 0xeb, 0xa5, 0xb7, 0xde, 0x6a, 0x40, 0xab, 0x20, 0xe5,
    0x78, 0x5c, 0x74, 0x09, 0x28, 0x00, 0x5c, 0x42, 0xcb, 0x31, 0x90, 0xd2, 0xae, 0xbd, 0xfa, 0x0a,
    0xac, 0x41, 0x04, 0xf0, 0xda, 0xec, 0xad, 0x29, 0x15, 0x00, 0x14, 0x01, 0x09, 0x2d, 0xe8, 0x63,
    0x71, 0xac, 0x6d, 0xab, 0x51, 0xb4, 0xd3, 0xf6, 0xaa, 0x50, 0xb8, 0xbd, 0x1a, 0x90, 0xa9, 0x8a,
    0xcc, 0xc1, 0x04, 0x94, 0xb7, 0xa8, 0x29, 0x99, 0x11, 0xb9, 0xbe, 0x36, 0x09, 0x2e, 0xbc, 0x94,
    0x9e, 0x8b, 0x2e, 0x4b, 0x0d, 0x10, 0xf8, 0x20, 0x85, 0x6f, 0x4d, 0x68, 0xaf, 0x43, 0xf3, 0xd2,
    0xfb, 0x67, 0x93, 0x02, 0x48, 0x4b, 0xaf, 0x01, 0xf3, 0x6d, 0xd4, 0xef, 0x86, 0x03, 0x3d, 0x48,
    0x92, 0x59, 0x64, 0xe5, 0x5b, 0x53, 0xc1, 0x02, 0x47, 0x9a, 0xb0, 0x40, 0x02, 0xd8, 0x4a, 0x2e,
    0xc2, 0x6a, 0x96, 0x07, 0x21, 0x92, 0x5a, 0x3d, 0x3c, 0x94, 0x84, 0xeb, 0x9d, 0x94, 0xb1, 0xc1,
    0xd3, 0x72, 0xcc, 0x50, 0x00, 0x7d, 0x8e, 0x8a, 0x2b, 0xaf, 0xcf, 0xbe, 0x24, 0x00, 0x6b, 0x07,
    0x08, 0x7b, 0x1c, 0x01, 0xac, 0x2d, 0x60, 0xad, 0x4e, 0xc7, 0x22, 0xda, 0x32, 0xca, 0xab, 0xc2,
    0x0c, 0x51, 0x00, 0x02, 0xf4, 0x29, 0xea, 0xa8, 0x8d, 0xfe, 0xab, 0xd1, 0x76, 0xe6, 0x85, 0xa7,
    0x55, 0x90, 0x28, 0x11, 0x6d, 0xb4, 0xa5, 0xbc, 0x26, 0x5d, 0xe6, 0x98, 0x58, 0xd7, 0xa5, 0x61,
    0x6a, 0x04, 0x31, 0x0d, 0x2b, 0x5a, 0x58, 0x67, 0x8d, 0xa7, 0x40, 0x47, 0x41, 0x57, 0x10, 0xd3,
    0x0a, 0x8c, 0x9d, 0x20, 0x59, 0x0e, 0x60, 0x7b, 0x90, 0x00, 0x1e, 0xbb, 0xab, 0xb6, 0x61, 0xcf,
    0x95, 0x3c, 0xd0, 0x65, 0x0e, 0xc4, 0x3c, 0xb7, 0x69, 0x01, 0x24, 0x10, 0xe0, 0xc0, 0x02, 0x17,
    0x77, 0xe4, 0x37, 0xe0, 0x7b, 0x97, 0xa8, 0xb4, 0xd2, 0xe7, 0x05, 0x04, 0x00, 0x21, 0xf9, 0x04,
    0x04, 0x04, 0x00, 0x00, 0x00, 0x2c, 0x15, 0x00, 0x1e, 0x00, 0x94, 0x00, 0x2f, 0x00, 0x87, 0x00,
    0x00, 0x00, 0x0d, 0x03, 0x03, 0x1a, 0x06, 0x06, 0x26, 0x09, 0x0a, 0x33, 0x0d, 0x0d, 0x40, 0x10,
    0x10, 0x4d, 0x13, 0x13, 0x5a, 0x16, 0x16, 0x66, 0x19, 0x1a, 0x73, 0x1c, 0x1d, 0x80, 0x1f, 0x20,
    0x8d, 0x22, 0x23, 0x9a, 0x26, 0x26, 0xa6, 0x29, 0x2a, 0xb3, 0x2c, 0x2d, 0xc0, 0x2f, 0x30, 0x00,
    0x00, 0x00, 0x00, 0x00, 0x00, 0x00, 0x00, 0x00, 0x00, 0x00, 0x00, 0x00, 0x00, 0x00, 0x00, 0x00,
    0x00, 0x00, 0x00, 0x00, 0x00, 0x00, 0x00, 0x00, 0x00, 0x00, 0x00, 0x00, 0x00, 0x00, 0x00, 0x00,
    0x00, 0x00, 0x00, 0x00, 0x00, 0x00, 0x00, 0x00, 0x00, 0x00, 0x00, 0x00, 0x00, 0x00, 0x00, 0x00,
    0x00, 0x00, 0x00, 0x00, 0x00, 0x00, 0x00, 0x00, 0x00, 0x00, 0x00, 0x00, 0x00, 0x00, 0x00, 0x00,
    0x00, 0x00, 0x00, 0x00, 0x00, 0x00, 0x00, 0x00, 0x00, 0x00, 0x00, 0x00, 0x00, 0x00, 0x00, 0x00,
    0x00, 0x00, 0x00, 0x00, 0x00, 0x00, 0x00, 0x00, 0x00, 0x00, 0x00, 0x00, 0x00, 0x00, 0x00, 0x00,
    0x00, 0x00, 0x00, 0x00, 0x00, 0x00, 0x00, 0x00, 0x00, 0x00, 0x00, 0x00, 0x00, 0x00, 0x00, 0x00,
    0x00, 0x00, 0x00, 0x00, 0x00, 0x00, 0x00, 0x00, 0x00, 0x00, 0x00, 0x00, 0x00, 0x00, 0x00, 0x00,
    0x00, 0x00, 0x00, 0x00, 0x00, 0x00, 0x00, 0x00, 0x00, 0x00, 0x00, 0x00, 0x00, 0x00, 0x00, 0x00,
    0x00, 0x00, 0x00, 0x00, 0x00, 0x00, 0x00, 0x00, 0x00, 0x00, 0x00, 0x00, 0x00, 0x00, 0x00, 0x00,
    0x00, 0x00, 0x00, 0x00, 0x00, 0x00, 0x00, 0x00, 0x00, 0x00, 0x00, 0x00, 0x00, 0x00, 0x00, 0x00,
    0x00, 0x00, 0x00, 0x00, 0x00, 0x00, 0x00, 0x00, 0x00, 0x00, 0x00, 0x00, 0x00, 0x00, 0x00, 0x00,
    0x00, 0x00, 0x00, 0x00, 0x00, 0x00, 0x00, 0x00, 0x00, 0x00, 0x00, 0x00, 0x00, 0x00, 0x00, 0x00,
    0x00, 0x00, 0x00, 0x00, 0x00, 0x00, 0x00, 0x00, 0x00, 0x00, 0x00, 0x00, 0x00, 0x00, 0x00, 0x00,
    0x00, 0x00, 0x00, 0x00, 0x00, 0x00, 0x00, 0x00, 0x00, 0x00, 0x00, 0x00, 0x00, 0x00, 0x00, 0x00,
    0x00, 0x00, 0x00, 0x00, 0x00, 0x00, 0x00, 0x00, 0x00, 0x00, 0x00, 0x00, 0x00, 0x00, 0x00, 0x00,
    0x00, 0x00, 0x00, 0x00, 0x00, 0x00, 0x00, 0x00, 0x00, 0x00, 0x00, 0x00, 0x00, 0x00, 0x00, 0x00,
    0x00, 0x00, 0x00, 0x00, 0x00, 0x00, 0x00, 0x00, 0x00, 0x00, 0x00, 0x00, 0x00, 0x00, 0x00, 0x00,
    0x00, 0x00, 0x00, 0x00, 0x00, 0x00, 0x00, 0x00, 0x00, 0x00, 0x00, 0x00, 0x00, 0x00, 0x00, 0x00,
    0x00, 0x00, 0x00, 0x00, 0x00, 0x00, 0x00, 0x00, 0x00, 0x00, 0x00, 0x00, 0x00, 0x00, 0x00, 0x00,
    0x00, 0x00, 0x00, 0x00, 0x00, 0x00, 0x00, 0x00, 0x00, 0x00, 0x00, 0x00, 0x00, 0x00, 0x00, 0x00,
    0x00, 0x00, 0x00, 0x00, 0x00, 0x00, 0x00, 0x00, 0x00, 0x00, 0x00, 0x00, 0x00, 0x00, 0x00, 0x00,
    0x00, 0x00, 0x00, 0x00, 0x00, 0x00, 0x00, 0x00, 0x00, 0x00, 0x00, 0x00, 0x00, 0x00, 0x00, 0x00,
    0x00, 0x00, 0x00, 0x00, 0x00, 0x00, 0x00, 0x00, 0x00, 0x00, 0x00, 0x00, 0x00, 0x00, 0x00, 0x00,
    0x00, 0x00, 0x00, 0x00, 0x00, 0x00, 0x00, 0x00, 0x00, 0x00, 0x00, 0x00, 0x00, 0x00, 0x00, 0x00,
    0x00, 0x00, 0x00, 0x00, 0x00, 0x00, 0x00, 0x00, 0x00, 0x00, 0x00, 0x00, 0x00, 0x00, 0x00, 0x00,
    0x00, 0x00, 0x00, 0x00, 0x00, 0x00, 0x00, 0x00, 0x00, 0x00, 0x00, 0x00, 0x00, 0x00, 0x00, 0x00,
    0x00, 0x00, 0x00, 0x00, 0x00, 0x00, 0x00, 0x00, 0x00, 0x00, 0x00, 0x00, 0x00, 0x00, 0x00, 0x00,
    0x00, 0x00, 0x00, 0x00, 0x00, 0x00, 0x00, 0x00, 0x00, 0x00, 0x00, 0x00, 0x00, 0x00, 0x00, 0x00,
    0x00, 0x00, 0x00, 0x00, 0x00, 0x00, 0x00, 0x00, 0x00, 0x00, 0x00, 0x00, 0x00, 0x00, 0x00, 0x00,
    0x00, 0x00, 0x00, 0x00, 0x00, 0x00, 0x00, 0x00, 0x00, 0x00, 0x00, 0x00, 0x00, 0x00, 0x00, 0x00,
    0x00, 0x00, 0x00, 0x00, 0x00, 0x00, 0x00, 0x00, 0x00, 0x00, 0x00, 0x00, 0x00, 0x00, 0x00, 0x00,
    0x00, 0x00, 0x00, 0x00, 0x00, 0x00, 0x00, 0x00, 0x00, 0x00, 0x00, 0x00, 0x00, 0x00, 0x00, 0x00,
    0x00, 0x00, 0x00, 0x00, 0x00, 0x00, 0x00, 0x00, 0x00, 0x00, 0x00, 0x00, 0x00, 0x00, 0x00, 0x00,
    0x00, 0x00, 0x00, 0x00, 0x00, 0x00, 0x00, 0x00, 0x00, 0x00, 0x00, 0x00, 0x00, 0x00, 0x00, 0x00,
    0x00, 0x00, 0x00, 0x00, 0x00, 0x00, 0x00, 0x00, 0x00, 0x00, 0x00, 0x00, 0x00, 0x00, 0x00, 0x00,
    0x00, 0x00, 0x00, 0x00, 0x00, 0x00, 0x00, 0x00, 0x00, 0x00, 0x00, 0x00, 0x00, 0x00, 0x00, 0x00,
    0x00, 0x00, 0x00, 0x00, 0x00, 0x00, 0x00, 0x00, 0x00, 0x00, 0x00, 0x00, 0x00, 0x00, 0x00, 0x00,
    0x00, 0x00, 0x00, 0x00, 0x00, 0x00, 0x00, 0x00, 0x00, 0x00, 0x00, 0x00, 0x00, 0x00, 0x00, 0x00,
    0x00, 0x00, 0x00, 0x00, 0x00, 0x00, 0x00, 0x00, 0x00, 0x00, 0x00, 0x00, 0x00, 0x00, 0x00, 0x00,
    0x00, 0x00, 0x00, 0x00, 0x00, 0x00, 0x00, 0x00, 0x00, 0x00, 0x00, 0x00, 0x00, 0x00, 0x00, 0x00,
    0x00, 0x00, 0x00, 0x00, 0x00, 0x00, 0x00, 0x00, 0x00, 0x00, 0x00, 0x00, 0x00, 0x00, 0x00, 0x00,
    0x00, 0x00, 0x00, 0x00, 0x00, 0x00, 0x00, 0x00, 0x00, 0x00, 0x00, 0x00, 0x00, 0x00, 0x00, 0x00,
    0x00, 0x00, 0x00, 0x00, 0x00, 0x00, 0x00, 0x00, 0x00, 0x00, 0x00, 0x00, 0x00, 0x00, 0x00, 0x00,
    0x00, 0x00, 0x00, 0x00, 0x00, 0x00, 0x00, 0x00, 0x00, 0x00, 0x00, 0x00, 0x00, 0x00, 0x00, 0x08,
    0xff, 0x00, 0x01, 0x08, 0x1c, 0x48, 0xb0, 0x60, 0xc1, 0x01, 0x04, 0x0c, 0x2a, 0x5c, 0xc8, 0xb0,
    0xa1, 0xc3, 0x87, 0x10, 0x23, 0x46, 0x44, 0x28, 0xb1, 0xa2, 0xc2, 0x01, 0x0b, 0x1e, 0x3c, 0x60,
    0x50, 0xc0, 0xa2, 0xc7, 0x8f, 0x20, 0x43, 0x1e, 0xcc, 0xb8, 0xb1, 0xa3, 0xc8, 0x87, 0x03, 0x1c,
    0x68, 0x5c, 0x69, 0xe0, 0xa4, 0xcb, 0x97, 0x30, 0x53, 0xae, 0xd4, 0xd8, 0x12, 0xa6, 0x41, 0x02,
    0x2a, 0x67, 0x6a, 0x3c, 0x60, 0xb3, 0xa7, 0xcf, 0x87, 0x38, 0x75, 0xee, 0xfc, 0x09, 0xc0, 0x80,
    0xd0, 0x99, 0x09, 0x88, 0x2a, 0x25, 0x6a, 0xf4, 0xa8, 0xc6, 0xa4, 0x3d, 0x9b, 0x3a, 0x7d, 0xba,
    0xb4, 0xea, 0x4b, 0xa9, 0x53, 0xa1, 0x5e, 0x9d, 0xaa, 0x53, 0xab, 0xd5, 0xaf, 0x15, 0xb1, 0x72,
    0xf5, 0x1a, 0xf2, 0x00, 0x57, 0xa1, 0x09, 0x02, 0x80, 0x5d, 0xfb, 0xd0, 0xec, 0x59, 0xa4, 0x6a,
    0x43, 0x26, 0x70, 0x8a, 0x40, 0xec, 0x4a, 0x06, 0x71, 0xd9, 0xea, 0x25, 0x38, 0xf7, 0x68, 0x5d,
    0xa7, 0x78, 0x41, 0xf6, 0x45, 0x2b, 0xd0, 0xae, 0xc6, 0xc0, 0x7b, 0xf7, 0x0e, 0xee, 0x5a, 0x18,
    0x70, 0x5e, 0x89, 0x8b, 0x91, 0x12, 0x34, 0xbc, 0xf1, 0x71, 0x62, 0xab, 0x91, 0x57, 0x7a, 0xa5,
    0x8c, 0x18, 0x62, 0x80, 0xcc, 0x54, 0x0b, 0x72, 0x16, 0x70, 0xd9, 0xea, 0x67, 0xa7, 0x64, 0x8b,
    0x02, 0x26, 0xfd, 0x30, 0x00, 0x03, 0xa7, 0x35, 0x0d, 0xca, 0x14, 0xea, 0x60, 0x40, 0x69, 0xa5,
    0xae, 0x61, 0x2f, 0x9c, 0xad, 0xb3, 0xb6, 0xc3, 0xdc, 0x47, 0x63, 0x5f, 0xcc, 0xd9, 0xdb, 0xf6,
    0xed, 0x9e, 0xc0, 0x85, 0x0a, 0x97, 0x4d, 0x7c, 0xa6, 0xef, 0x85, 0xc9, 0x75, 0x2e, 0x1f, 0x7e,
    0xf4, 0xf9, 0x71, 0x97, 0xd1, 0x67, 0x4e, 0x67, 0x5e, 0xdd, 0x78, 0x41, 0x01, 0xaf, 0x83, 0x4f,
    0xff, 0x6c, 0xbe, 0xd2, 0x41, 0xc2, 0xeb, 0x22, 0xc1, 0xeb, 0x86, 0xc8, 0xdb, 0xf9, 0xf9, 0x81,
    0xed, 0xcb, 0x7b, 0xf7, 0x1c, 0x5e, 0x39, 0x7a, 0x90, 0xf1, 0x35, 0x5a, 0xa7, 0xbf, 0x1e, 0x40,
    0xfe, 0x07, 0xfb, 0x45, 0x94, 0x1d, 0x4b, 0xf7, 0x59, 0xf4, 0x5f, 0x80, 0xfc, 0x89, 0x17, 0x00,
    0x79, 0xfa, 0xcd, 0x57, 0xd1, 0x80, 0x1a, 0x39, 0x58, 0x20, 0x43, 0x0b, 0x76, 0x07, 0x12, 0x84,
    0x0f, 0x20, 0x64, 0x61, 0x48, 0x10, 0x22, 0x30, 0x21, 0x44, 0x04, 0x6c, 0x78, 0x61, 0x7d, 0x33,
    0x21, 0x30, 0x80, 0x50, 0x9d, 0x89, 0x94, 0x19, 0x4f, 0x1f, 0x3a, 0x74, 0xa2, 0x4e, 0x29, 0xca,
    0x25, 0x14, 0x4f, 0x24, 0x3a, 0xc0, 0xda, 0x4b, 0x35, 0xde, 0xd8, 0x22, 0x43, 0x39, 0xda, 0xd4,
    0x63, 0x00, 0x24, 0x35, 0x20, 0xa1, 0x48, 0x40, 0x6a, 0x24, 0xe4, 0x8e, 0xad, 0x05, 0x39, 0x24,
    0x87, 0x4a, 0x12, 0x84, 0x90, 0x65, 0x31, 0x11, 0x00, 0x25, 0x92, 0xbb, 0x49, 0x49, 0xd4, 0x93,
    0x54, 0x66, 0xa9, 0xe5, 0x96, 0x5c, 0x76, 0xe9, 0xe5, 0x97, 0x60, 0x86, 0x29, 0xe6, 0x98, 0x64,
    0x96, 0x09, 0x53, 0x00, 0x02, 0x20, 0x44, 0xc0, 0x9a, 0x03, 0x0c, 0x20, 0xc0, 0x94, 0x66, 0x22,
    0x97, 0xe6, 0x9a, 0x6c, 0xba, 0x09, 0x67, 0x43, 0x01, 0x0c, 0x50, 0x80, 0x01, 0x7c, 0xf6, 0xe9,
    0x67, 0x01, 0x04, 0xe8, 0x68, 0xd3, 0x00, 0x0a, 0x2c, 0x60, 0x52, 0x4f, 0x84, 0x1a, 0x4a, 0x54,
    0x9e, 0x7b, 0xfa, 0xe9, 0x28, 0xa0, 0x82, 0x36, 0x44, 0x00, 0x9f, 0x05, 0x54, 0x6a, 0xe9, 0xa5,
    0x95, 0xf2, 0x69, 0xa5, 0x4d, 0x02, 0x10, 0xb7, 0x5d, 0x48, 0xbc, 0x1d, 0x0a, 0xd3, 0xa4, 0x06,
    0x60, 0x6a, 0x6a, 0xa3, 0x9b, 0x4a, 0x5a, 0xea, 0xa9, 0xac, 0x96, 0x7a, 0xa7, 0x47, 0x08, 0xe8,
    0xfc, 0xb4, 0xe4, 0x40, 0x01, 0x18, 0x70, 0x40, 0xa4, 0x05, 0x05, 0xd0, 0xc0, 0x4c, 0x0b, 0xf4,
    0x34, 0x29, 0xab, 0xad, 0x16, 0xf0, 0xea, 0x00, 0xab, 0x02, 0x7b, 0x6a, 0xa9, 0x36, 0xb9, 0x55,
    0x1e, 0xae, 0x02, 0x0d, 0xb0, 0x2b, 0x80, 0x9f, 0x0a, 0x44, 0xe2, 0x03, 0xbd, 0xc6, 0x54, 0xac,
    0xb1, 0x98, 0x22, 0xcb, 0x10, 0xb6, 0xc6, 0x1a, 0xf0, 0xea, 0x83, 0xd3, 0xc6, 0xd8, 0x2c, 0x79,
    0x9f, 0x46, 0x86, 0x60, 0x48, 0xdc, 0x02, 0xeb, 0xed, 0xb6, 0xe9, 0xb2, 0xfa, 0x2d, 0xb8, 0x3a,
    0x55, 0x3b, 0x19, 0x83, 0x0f, 0x78, 0x58, 0x50, 0xac, 0xce, 0xcd, 0xfa, 0x51, 0xbb, 0xee, 0x32,
    0x44, 0x2c, 0xbf, 0x96, 0x1a, 0xf0, 0xde, 0x99, 0xd3, 0x6e, 0x36, 0xd6, 0x64, 0xc5, 0xf9, 0xf4,
    0x2f, 0xc0, 0x7b, 0x0e, 0x7c, 0xd1, 0xb5, 0xdc, 0x0a, 0x7c, 0x25, 0x79, 0x2c, 0x52, 0x26, 0x99,
    0x7f, 0xf6, 0xfd, 0xb4, 0x70, 0xbb, 0x12, 0x3f, 0x24, 0x40, 0xa3, 0xdd, 0x96, 0xaa, 0xef, 0x49,
    0x21, 0xea, 0x44, 0x40, 0x01, 0x42, 0x29, 0xa0, 0xac, 0x66, 0x9d, 0xea, 0x64, 0x2f, 0x51, 0x1f,
    0x53, 0xaa, 0xae, 0xc8, 0x15, 0x09, 0x70, 0x72, 0xa3, 0x7f, 0x42, 0xfa, 0xee, 0x49, 0x62, 0x31,
    0x08, 0x95, 0x5d, 0xe4, 0xa5, 0xf6, 0x93, 0xcd, 0x99, 0x3e, 0xaa, 0xf3, 0x85, 0x69, 0xb6, 0x69,
    0xa7, 0x5e, 0xf8, 0xa2, 0x86, 0xf0, 0x54, 0x0c, 0xe8, 0x85, 0xa6, 0xd2, 0x4b, 0xc7, 0x09, 0x00,
    0x68, 0x0f, 0xa4, 0xc6, 0xd9, 0xce, 0x56, 0x7f, 0x35, 0x20, 0x8b, 0x06, 0x15, 0x40, 0xde, 0xb9,
    0x5d, 0x5f, 0x56, 0x21, 0x81, 0xfe, 0x36, 0xe7, 0x70, 0xd9, 0xc7, 0x0d, 0xf0, 0x9a, 0x03, 0xd1,
    0xc2, 0xf7, 0x76, 0xdc, 0x6c, 0x5f, 0x96, 0x2a, 0x50, 0x5c, 0x17, 0x18, 0x10, 0x00, 0x21, 0xf9,
    0x04, 0x04, 0x08, 0x00, 0x00, 0x00, 0x2c, 0x15, 0x00, 0x1e, 0x00, 0x94, 0x00, 0x2f, 0x00, 0x87,
    0x00, 0x00, 0x00, 0x0d, 0x03, 0x03, 0x1a, 0x06, 0x06, 0x26, 0x09, 0x0a, 0x33, 0x0d, 0x0d, 0x40,
    0x10, 0x10, 0x4d, 0x13, 0x13, 0x5a, 0x16, 0x16, 0x66, 0x19, 0x1a, 0x73, 0x1c, 0x1d, 0x80, 0x1f,
    0x20, 0x8d, 0x22, 0x23, 0x9a, 0x26, 0x26, 0xa6, 0x29, 0x2a, 0xb3, 0x2c, 0x2d, 0xc0, 0x2f, 0x30,
    0x00, 0x00, 0x00, 0x00, 0x00, 0x00, 0x00, 0x00, 0x00, 0x00, 0x00, 0x00, 0x00, 0x00, 0x00, 0x00,
    0x00, 0x00, 0x00, 0x00, 0x00, 0x00, 0x00, 0x00, 0x00, 0x00, 0x00, 0x00, 0x00, 0x00, 0x00, 0x00,
    0x00, 0x00, 0x00, 0x00, 0x00, 0x00, 0x00, 0x00, 0x00, 0x00, 0x00, 0x00, 0x00, 0x00, 0x00, 0x00,
    0x00, 0x00, 0x00, 0x00, 0x00, 0x00, 0x00, 0x00, 0x00, 0x00, 0x00, 0x00, 0x00, 0x00, 0x00, 0x00,
    0x00, 0x00, 0x00, 0x00, 0x00, 0x00, 0x00, 0x00, 0x00, 0x00, 0x00, 0x00, 0x00, 0x00, 0x00, 0x00,
    0x00, 0x00, 0x00, 0x00, 0x00, 0x00, 0x00, 0x00, 0x00, 0x00, 0x00, 0x00, 0x00, 0x00, 0x00, 0x00,
    0x00, 0x00, 0x00, 0x00, 0x00, 0x00, 0x00, 0x00, 0x00, 0x00, 0x00, 0x00, 0x00, 0x00, 0x00, 0x00,
    0x00, 0x00, 0x00, 0x00, 0x00, 0x00, 0x00, 0x00, 0x00, 0x00, 0x00, 0x00, 0x00, 0x00, 0x00, 0x00,
    0x00, 0x00, 0x00, 0x00, 0x00, 0x00, 0x00, 0x00, 0x00, 0x00, 0x00, 0x00, 0x00, 0x00, 0x00, 0x00,
    0x00, 0x00, 0x00, 0x00, 0x00, 0x00, 0x00, 0x00, 0x00, 0x00, 0x00, 0x00, 0x00, 0x00, 0x00, 0x00,
    0x00, 0x00, 0x00, 0x00, 0x00, 0x00, 0x00, 0x00, 0x00, 0x00, 0x00, 0x00, 0x00, 0x00, 0x00, 0x00,
    0x00, 0x00, 0x00, 0x00, 0x00, 0x00, 0x00, 0x00, 0x00, 0x00, 0x00, 0x00, 0x00, 0x00, 0x00, 0x00,
    0x00, 0x00, 0x00, 0x00, 0x00, 0x00, 0x00, 0x00, 0x00, 0x00, 0x00, 0x00, 0x00, 0x00, 0x00, 0x00,
    0x00, 0x00, 0x00, 0x00, 0x00, 0x00, 0x00, 0x00, 0x00, 0x00, 0x00, 0x00, 0x00, 0x00, 0x00, 0x00,
    0x00, 0x00, 0x00, 0x00, 0x00, 0x00, 0x00, 0x00, 0x00, 0x00, 0x00, 0x00, 0x00, 0x00, 0x00, 0x00,
    0x00, 0x00, 0x00, 0x00, 0x00, 0x00, 0x00, 0x00, 0x00, 0x00, 0x00, 0x00, 0x00, 0x00, 0x00, 0x00,
    0x00, 0x00, 0x00, 0x00, 0x00, 0x00, 0x00, 0x00, 0x00, 0x00, 0x00, 0x00, 0x00, 0x00, 0x00, 0x00,
    0x00, 0x00, 0x00, 0x00, 0x00, 0x00, 0x00, 0x00, 0x00, 0x00, 0x00, 0x00, 0x00, 0x00, 0x00, 0x00,
    0x00, 0x00, 0x00, 0x00, 0x00, 0x00, 0x00, 0x00, 0x00, 0x00, 0x00, 0x00, 0x00, 0x00, 0x00, 0x00,
    0x00, 0x00, 0x00, 0x00, 0x00, 0x00, 0x00, 0x00, 0x00, 0x00, 0x00, 0x00, 0x00, 0x00, 0x00, 0x00,
    0x00, 0x00, 0x00, 0x00, 0x00, 0x00, 0x00, 0x00, 0x00, 0x00, 0x00, 0x00, 0x00, 0x00, 0x00, 0x00,
    0x00, 0x00, 0x00, 0x00, 0x00, 0x00, 0x00, 0x00, 0x00, 0x00, 0x00, 0x00, 0x00, 0x00, 0x00, 0x00,
    0x00, 0x00, 0x00, 0x00, 0x00, 0x00, 0x00, 0x00, 0x00, 0x00, 0x00, 0x00, 0x00, 0x00, 0x00, 0x00,
    0x00, 0x00, 0x00, 0x00, 0x00, 0x00, 0x00, 0x00, 0x00, 0x00, 0x00, 0x00, 0x00, 0x00, 0x00, 0x00,
    0x00, 0x00, 0x00, 0x00, 0x00, 0x00, 0x00, 0x00, 0x00, 0x00, 0x00, 0x00, 0x00, 0x00, 0x00, 0x00,
    0x00, 0x00, 0x00, 0x00, 0x00, 0x00, 0x00, 0x00, 0x00, 0x00, 0x00, 0x00, 0x00, 0x00, 0x00, 0x00,
    0x00, 0x00, 0x00, 0x00, 0x00, 0x00, 0x00, 0x00, 0x00, 0x00, 0x00, 0x00, 0x00, 0x00, 0x00, 0x00,
    0x00, 0x00, 0x00, 0x00, 0x00, 0x00, 0x00, 0x00, 0x00, 0x00, 0x00, 0x00, 0x00, 0x00, 0x00, 0x00,
    0x00, 0x00, 0x00, 0x00, 0x00, 0x00, 0x00, 0x00, 0x00, 0x00, 0x00, 0x00, 0x00, 0x00, 0x00, 0x00,
    0x00, 0x00, 0x00, 0x00, 0x00, 0x00, 0x00, 0x00, 0x00, 0x00, 0x00, 0x00, 0x00, 0x00, 0x00, 0x00,
    0x00, 0x00, 0x00, 0x00, 0x00, 0x00, 0x00, 0x00, 0x00, 0x00, 0x00, 0x00, 0x00, 0x00, 0x00, 0x00,
    0x00, 0x00, 0x00, 0x00, 0x00, 0x00, 0x00, 0x00, 0x00, 0x00, 0x00, 0x00, 0x00, 0x00, 0x00, 0x00,
    0x00, 0x00, 0x00, 0x00, 0x00, 0x00, 0x00, 0x00, 0x00, 0x00, 0x00, 0x00, 0x00, 0x00, 0x00, 0x00,
    0x00, 0x00, 0x00, 0x00, 0x00, 0x00, 0x00, 0x00, 0x00, 0x00, 0x00, 0x00, 0x00, 0x00, 0x00, 0x00,
    0x00, 0x00, 0x00, 0x00, 0x00, 0x00, 0x00, 0x00, 0x00, 0x00, 0x00, 0x00, 0x00, 0x00, 0x00, 0x00,
    0x00, 0x00, 0x00, 0x00, 0x00, 0x00, 0x00, 0x00, 0x00, 0x00, 0x00, 0x00, 0x00, 0x00, 0x00, 0x00,
    0x00, 0x00, 0x00, 0x00, 0x00, 0x00, 0x00, 0x00, 0x00, 0x00, 0x00, 0x00, 0x00, 0x00, 0x00, 0x00,
    0x00, 0x00, 0x00, 0x00, 0x00, 0x00, 0x00, 0x00, 0x00, 0x00, 0x00, 0x00, 0x00, 0x00, 0x00, 0x00,
    0x00, 0x00, 0x00, 0x00, 0x00, 0x00, 0x00, 0x00, 0x00, 0x00, 0x00, 0x00, 0x00, 0x00, 0x00, 0x00,
    0x00, 0x00, 0x00, 0x00, 0x00, 0x00, 0x00, 0x00, 0x00, 0x00, 0x00, 0x00, 0x00, 0x00, 0x00, 0x00,
    0x00, 0x00, 0x00, 0x00, 0x00, 0x00, 0x00, 0x00, 0x00, 0x00, 0x00, 0x00, 0x00, 0x00, 0x00, 0x00,
    0x00, 0x00, 0x00, 0x00, 0x00, 0x00, 0x00, 0x00, 0x00, 0x00, 0x00, 0x00, 0x00, 0x00, 0x00, 0x00,
    0x00, 0x00, 0x00, 0x00, 0x00, 0x00, 0x00, 0x00, 0x00, 0x00, 0x00, 0x00, 0x00, 0x00, 0x00, 0x00,
    0x00, 0x00, 0x00, 0x00, 0x00, 0x00, 0x00, 0x00, 0x00, 0x00, 0x00, 0x00, 0x00, 0x00, 0x00, 0x00,
    0x00, 0x00, 0x00, 0x00, 0x00, 0x00, 0x00, 0x00, 0x00, 0x00, 0x00, 0x00, 0x00, 0x00, 0x00, 0x00,
    0x08, 0xff, 0x00, 0x01, 0x08, 0x1c, 0x48, 0xb0, 0x60, 0xc1, 0x00, 0x01, 0x0c, 0x2a, 0x5c, 0xc8,
    0xb0, 0xa1, 0xc3, 0x87, 0x10, 0x23, 0x4a, 0x9c, 0x48, 0xd1, 0x60, 0x00, 0x04, 0x0d, 0x1c, 0x24,
    0x10, 0x50, 0xb1, 0xa3, 0xc7, 0x8f, 0x20, 0x43, 0x56, 0x0c, 0xc0, 0xe0, 0x81, 0xc9, 0x07, 0x0e,
    0x06, 0x88, 0x5c, 0xc9, 0xb2, 0xa5, 0x4b, 0x86, 0x24, 0x4f, 0x9e, 0x4c, 0xf9, 0xb2, 0xa6, 0xcd,
    0x9b, 0x12, 0x07, 0x38, 0x90, 0xc9, 0xd3, 0x00, 0xce, 0x9f, 0x40, 0x71, 0xea, 0xe4, 0x49, 0xd4,
    0x67, 0xd0, 0xa3, 0x48, 0x3f, 0x0e, 0x25, 0x5a, 0x34, 0xa9, 0xd3, 0xa7, 0x0e, 0x97, 0x32, 0x6d,
    0x0a, 0xb5, 0x6a, 0x55, 0x03, 0x53, 0x17, 0x24, 0x98, 0x9a, 0xc0, 0xaa, 0x57, 0xa4, 0x58, 0x99,
    0x32, 0x48, 0xb8, 0x95, 0x69, 0xd7, 0xaf, 0x68, 0x6d, 0x86, 0x25, 0x3a, 0x76, 0x60, 0x59, 0xa2,
    0x67, 0xd3, 0xca, 0x15, 0xb9, 0x96, 0x67, 0x5b, 0x82, 0x6f, 0x79, 0xc6, 0x9d, 0x0b, 0x72, 0x00,
    0x01, 0x84, 0x80, 0x03, 0x0b, 0x1e, 0x4c, 0x58, 0xb0, 0xdf, 0x84, 0x0b, 0xf3, 0xca, 0x4c, 0x80,
    0xb8, 0xe0, 0x81, 0xa9, 0x77, 0xf9, 0x8e, 0x5c, 0x60, 0xd2, 0x81, 0xe5, 0xcb, 0x98, 0x33, 0x6b,
    0xde, 0x8c, 0xd9, 0x64, 0x03, 0x95, 0x06, 0x15, 0x9f, 0xdc, 0x6b, 0xb0, 0xae, 0xcc, 0xc8, 0x92,
    0x25, 0x96, 0x9c, 0xca, 0xba, 0x75, 0x6b, 0x07, 0x1c, 0xf1, 0x72, 0x7d, 0x68, 0xfa, 0x24, 0xea,
    0xd4, 0x51, 0x5d, 0xeb, 0xde, 0x2d, 0xf3, 0x80, 0x6c, 0xb3, 0x11, 0x6b, 0x9b, 0xbc, 0x8d, 0x7b,
    0x21, 0x01, 0xde, 0xc8, 0x5d, 0x23, 0x10, 0x18, 0x93, 0xa9, 0x6f, 0x89, 0x04, 0x76, 0x12, 0xa5,
    0x59, 0xbc, 0x61, 0x00, 0xe9, 0xc9, 0xb3, 0xcb, 0x54, 0xd9, 0x9c, 0xea, 0x44, 0xa9, 0x32, 0xa9,
    0x57, 0xff, 0x5f, 0x08, 0x5e, 0x3b, 0x72, 0xa3, 0xab, 0xbd, 0x53, 0x2c, 0x5f, 0x39, 0xf6, 0x78,
    0x85, 0x02, 0x0e, 0xc8, 0x47, 0x40, 0xbf, 0xbe, 0xfd, 0xfb, 0xf8, 0xf3, 0xd3, 0x97, 0x7f, 0x00,
    0xf4, 0x80, 0xa9, 0x46, 0x79, 0xc4, 0xde, 0x03, 0xcf, 0xbd, 0xf7, 0xd5, 0x71, 0x3c, 0x39, 0x40,
    0x80, 0x48, 0x02, 0xa4, 0x77, 0xd2, 0x72, 0x06, 0x7e, 0x75, 0x1d, 0x4f, 0x0b, 0xae, 0x34, 0xe1,
    0x76, 0x11, 0xa2, 0x25, 0x55, 0x80, 0x2b, 0x6d, 0x98, 0x61, 0x5a, 0xf1, 0xf5, 0x57, 0x53, 0x88,
    0xa0, 0x7d, 0x68, 0xe2, 0x89, 0x28, 0xa6, 0xa8, 0xe2, 0x8a, 0x2c, 0xb6, 0xe8, 0xe2, 0x8b, 0x30,
    0xc6, 0x28, 0x23, 0x5a, 0x01, 0x08, 0x30, 0xc0, 0x8d, 0x03, 0x08, 0xd0, 0xd8, 0x8c, 0x2f, 0xd5,
    0x88, 0x63, 0x8e, 0x3b, 0x52, 0x24, 0x00, 0x01, 0x05, 0x14, 0x60, 0xc0, 0x91, 0x48, 0x16, 0x49,
    0x80, 0x8e, 0x36, 0x05, 0x20, 0x9f, 0x7b, 0x2d, 0x39, 0x79, 0x00, 0x94, 0x2e, 0x0d, 0x59, 0x24,
    0x92, 0x49, 0x16, 0xb0, 0x64, 0x90, 0x0d, 0x09, 0x60, 0xa4, 0x01, 0x45, 0x86, 0x29, 0xe6, 0x97,
    0x05, 0x94, 0xc8, 0x52, 0x73, 0xe2, 0x59, 0xb8, 0x5a, 0x9a, 0x2b, 0x79, 0x79, 0xe4, 0x98, 0x63,
    0xbe, 0x69, 0x26, 0x43, 0x03, 0x80, 0x09, 0xe7, 0x9d, 0x57, 0x56, 0xc8, 0xd2, 0x63, 0x33, 0x71,
    0x69, 0x90, 0x8d, 0x10, 0x51, 0x76, 0xd2, 0x02, 0x2e, 0xd5, 0x89, 0x27, 0x9e, 0x06, 0xe8, 0x49,
    0x9e, 0x9d, 0x87, 0xde, 0x99, 0x68, 0x4b, 0x08, 0xd8, 0xe5, 0x27, 0x73, 0x0a, 0x0c, 0x37, 0x67,
    0x41, 0x8a, 0x11, 0xca, 0x92, 0xa1, 0x8d, 0x3a, 0xaa, 0xa8, 0x41, 0x9d, 0x76, 0x3a, 0x69, 0x45,
    0x02, 0x60, 0x67, 0x12, 0x69, 0x03, 0x75, 0x87, 0xd2, 0xa5, 0x02, 0xd5, 0x56, 0x40, 0x4b, 0xa1,
    0x36, 0xc0, 0x3a, 0x6a, 0xac, 0x88, 0x8e, 0x5a, 0x51, 0x79, 0x10, 0x12, 0x34, 0x80, 0x83, 0x95,
    0xbd, 0x5a, 0x50, 0x01, 0xea, 0x89, 0x44, 0xab, 0xa3, 0xa3, 0x72, 0x3a, 0xac, 0x91, 0xbe, 0xb6,
    0x54, 0x1e, 0x87, 0x03, 0x9a, 0xc4, 0xac, 0xa9, 0x0f, 0x70, 0xd8, 0x21, 0xa3, 0xc3, 0x82, 0xe9,
    0x10, 0x01, 0xd4, 0x86, 0x0a, 0xa6, 0xad, 0x1e, 0x01, 0x4b, 0xa1, 0x40, 0xcd, 0x9e, 0x64, 0xd4,
    0x85, 0x0f, 0xda, 0x84, 0xed, 0xb1, 0xdb, 0x3e, 0x84, 0x6d, 0xb6, 0x8e, 0x26, 0xca, 0xed, 0x47,
    0x7c, 0xce, 0x24, 0x40, 0xa9, 0x76, 0x09, 0x2a, 0x93, 0x4f, 0xbc, 0x2a, 0x80, 0xd3, 0xba, 0xda,
    0xba, 0x1b, 0x51, 0x00, 0x03, 0x7c, 0x89, 0x25, 0x96, 0x5a, 0x52, 0x59, 0x93, 0x62, 0x0d, 0x34,
    0x20, 0x29, 0x00, 0xa2, 0xf1, 0x4a, 0x9c, 0x4b, 0x00, 0x0b, 0x3c, 0xf0, 0x9b, 0x4b, 0x76, 0xe4,
    0x23, 0x01, 0x18, 0x13, 0x70, 0x23, 0x93, 0x47, 0xd9, 0x2b, 0x56, 0x63, 0xa2, 0x85, 0xf7, 0xee,
    0x99, 0x36, 0x66, 0xac, 0x31, 0x90, 0x2d, 0xaa, 0x7a, 0x5a, 0x90, 0x21, 0xaf, 0xca, 0xa3, 0x55,
    0xf4, 0xf2, 0xb4, 0x80, 0x9f, 0x91, 0x12, 0x95, 0xec, 0xcb, 0x50, 0xfd, 0xb7, 0x58, 0x43, 0xa6,
    0x15, 0x88, 0xf3, 0x55, 0xa3, 0xd1, 0x16, 0xf4, 0xcf, 0x5f, 0xc5, 0xf7, 0x29, 0x43, 0x46, 0x9f,
    0x18, 0x10, 0x00, 0x21, 0xf9, 0x04, 0x04, 0x04, 0x00, 0x00, 0x00, 0x2c, 0x15, 0x00, 0x1e, 0x00,
    0x94, 0x00, 0x2f, 0x00, 0x87, 0x00, 0x00, 0x00, 0x0d, 0x03, 0x03, 0x1a, 0x06, 0x06, 0x26, 0x09,
    0x0a, 0x33, 0x0d, 0x0d, 0x40, 0x10, 0x10, 0x4d, 0x13, 0x13, 0x5a, 0x16, 0x16, 0x66, 0x19, 0x1a,
    0x73, 0x1c, 0x1d, 0x80, 0x1f, 0x20, 0x8d, 0x22, 0x23, 0x9a, 0x26, 0x26, 0xa6, 0x29, 0x2a, 0xb3,
    0x2c, 0x2d, 0xc0, 0x2f, 0x30, 0x00, 0x00, 0x00, 0x00, 0x00, 0x00, 0x00, 0x00, 0x00, 0x00, 0x00,
    0x00, 0x00, 0x00, 0x00, 0x00, 0x00, 0x00, 0x00, 0x00, 0x00, 0x00, 0x00, 0x00, 0x00, 0x00, 0x00,
    0x00, 0x00, 0x00, 0x00, 0x00, 0x00, 0x00, 0x00, 0x00, 0x00, 0x00, 0x00, 0x00, 0x00, 0x00, 0x00,
    0x00, 0x00, 0x00, 0x00, 0x00, 0x00, 0x00, 0x00, 0x00, 0x00, 0x00, 0x00, 0x00, 0x00, 0x00, 0x00,
    0x00, 0x00, 0x00, 0x00, 0x00, 0x00, 0x00, 0x00, 0x00, 0x00, 0x00, 0x00, 0x00, 0x00, 0x00, 0x00,
    0x00, 0x00, 0x00, 0x00, 0x00, 0x00, 0x00, 0x00, 0x00, 0x00, 0x00, 0x00, 0x00, 0x00, 0x00, 0x00,
    0x00, 0x00, 0x00, 0x00, 0x00, 0x00, 0x00, 0x00, 0x00, 0x00, 0x00, 0x00, 0x00, 0x00, 0x00, 0x00,
    0x00, 0x00, 0x00, 0x00, 0x00, 0x00, 0x00, 0x00, 0x00, 0x00, 0x00, 0x00, 0x00, 0x00, 0x00, 0x00,
    0x00, 0x00, 0x00, 0x00, 0x00, 0x00, 0x00, 0x00, 0x00, 0x00, 0x00, 0x00, 0x00, 0x00, 0x00, 0x00,
    0x00, 0x00, 0x00, 0x00, 0x00, 0x00, 0x00, 0x00, 0x00, 0x00, 0x00, 0x00, 0x00, 0x00, 0x00, 0x00,
    0x00, 0x00, 0x00, 0x00, 0x00, 0x00, 0x00, 0x00, 0x00, 0x00, 0x00, 0x00, 0x00, 0x00, 0x00, 0x00,
    0x00, 0x00, 0x00, 0x00, 0x00, 0x00, 0x00, 0x00, 0x00, 0x00, 0x00, 0x00, 0x00, 0x00, 0x00, 0x00,
    0x00, 0x00, 0x00, 0x00, 0x00, 0x00, 0x00, 0x00, 0x00, 0x00, 0x00, 0x00, 0x00, 0x00, 0x00, 0x00,
    0x00, 0x00, 0x00, 0x00, 0x00, 0x00, 0x00, 0x00, 0x00, 0x00, 0x00, 0x00, 0x00, 0x00, 0x00, 0x00,
    0x00, 0x00, 0x00, 0x00, 0x00, 0x00, 0x00, 0x00, 0x00, 0x00, 0x00, 0x00, 0x00, 0x00, 0x00, 0x00,
    0x00, 0x00, 0x00, 0x00, 0x00, 0x00, 0x00, 0x00, 0x00, 0x00, 0x00, 0x00, 0x00, 0x00, 0x00, 0x00,
    0x00, 0x00, 0x00, 0x00, 0x00, 0x00, 0x00, 0x00, 0x00, 0x00, 0x00, 0x00, 0x00, 0x00, 0x00, 0x00,
    0x00, 0x00, 0x00, 0x00, 0x00, 0x00, 0x00, 0x00, 0x00, 0x00, 0x00, 0x00, 0x00, 0x00, 0x00, 0x00,
    0x00, 0x00, 0x00, 0x00, 0x00, 0x00, 0x00, 0x00, 0x00, 0x00, 0x00, 0x00, 0x00, 0x00, 0x00, 0x00,
    0x00, 0x00, 0x00, 0x00, 0x00, 0x00, 0x00, 0x00, 0x00, 0x00, 0x00, 0x00, 0x00, 0x00, 0x00, 0x00,
    0x00, 0x00, 0x00, 0x00, 0x00, 0x00, 0x00, 0x00, 0x00, 0x00, 0x00, 0x00, 0x00, 0x00, 0x00, 0x00,
    0x00, 0x00, 0x00, 0x00, 0x00, 0x00, 0x00, 0x00, 0x00, 0x00, 0x00, 0x00, 0x00, 0x00, 0x00, 0x00,
    0x00, 0x00, 0x00, 0x00, 0x00, 0x00, 0x00, 0x00, 0x00, 0x00, 0x00, 0x00, 0x00, 0x00, 0x00, 0x00,
    0x00, 0x00, 0x00, 0x00, 0x00, 0x00, 0x00, 0x00, 0x00, 0x00, 0x00, 0x00, 0x00, 0x00, 0x00, 0x00,
    0x00, 0x00, 0x00, 0x00, 0x00, 0x00, 0x00, 0x00, 0x00, 0x00, 0x00, 0x00, 0x00, 0x00, 0x00, 0x00,
    0x00, 0x00, 0x00, 0x00, 0x00, 0x00, 0x00, 0x00, 0x00, 0x00, 0x00, 0x00, 0x00, 0x00, 0x00, 0x00,
    0x00, 0x00, 0x00, 0x00, 0x00, 0x00, 0x00, 0x00, 0x00, 0x00, 0x00, 0x00, 0x00, 0x00, 0x00, 0x00,
    0x00, 0x00, 0x00, 0x00, 0x00, 0x00, 0x00, 0x00, 0x00, 0x00, 0x00, 0x00, 0x00, 0x00, 0x00, 0x00,
    0x00, 0x00, 0x00, 0x00, 0x00, 0x00, 0x00, 0x00, 0x00, 0x00, 0x00, 0x00, 0x00, 0x00, 0x00, 0x00,
    0x00, 0x00, 0x00, 0x00, 0x00, 0x00, 0x00, 0x00, 0x00, 0x00, 0x00, 0x00, 0x00, 0x00, 0x00, 0x00,
    0x00, 0x00, 0x00, 0x00, 0x00, 0x00, 0x00, 0x00, 0x00, 0x00, 0x00, 0x00, 0x00, 0x00, 0x00, 0x00,
    0x00, 0x00, 0x00, 0x00, 0x00, 0x00, 0x00, 0x00, 0x00, 0x00, 0x00, 0x00, 0x00, 0x00, 0x00, 0x00,
    0x00, 0x00, 0x00, 0x00, 0x00, 0x00, 0x00, 0x00, 0x00, 0x00, 0x00, 0x00, 0x00, 0x00, 0x00, 0x00,
    0x00, 0x00, 0x00, 0x00, 0x00, 0x00, 0x00, 0x00, 0x00, 0x00, 0x00, 0x00, 0x00, 0x00, 0x00, 0x00,
    0x00, 0x00, 0x00, 0x00, 0x00, 0x00, 0x00, 0x00, 0x00, 0x00, 0x00, 0x00, 0x00, 0x00, 0x00, 0x00,
    0x00, 0x00, 0x00, 0x00, 0x00, 0x00, 0x00, 0x00, 0x00, 0x00, 0x00, 0x00, 0x00, 0x00, 0x00, 0x00,
    0x00, 0x00, 0x00, 0x00, 0x00, 0x00, 0x00, 0x00, 0x00, 0x00, 0x00, 0x00, 0x00, 0x00, 0x00, 0x00,
    0x00, 0x00, 0x00, 0x00, 0x00, 0x00, 0x00, 0x00, 0x00, 0x00, 0x00, 0x00, 0x00, 0x00, 0x00, 0x00,
    0x00, 0x00, 0x00, 0x00, 0x00, 0x00, 0x00, 0x00, 0x00, 0x00, 0x00, 0x00, 0x00, 0x00, 0x00, 0x00,
    0x00, 0x00, 0x00, 0x00, 0x00, 0x00, 0x00, 0x00, 0x00, 0x00, 0x00, 0x00, 0x00, 0x00, 0x00, 0x00,
    0x00, 0x00, 0x00, 0x00, 0x00, 0x00, 0x00, 0x00, 0x00, 0x00, 0x00, 0x00, 0x00, 0x00, 0x00, 0x00,
    0x00, 0x00, 0x00, 0x00, 0x00, 0x00, 0x00, 0x00, 0x00, 0x00, 0x00, 0x00, 0x00, 0x00, 0x00, 0x00,
    0x00, 0x00, 0x00, 0x00, 0x00, 0x00, 0x00, 0x00, 0x00, 0x00, 0x00, 0x00, 0x00, 0x00, 0x00, 0x00,
    0x00, 0x00, 0x00, 0x00, 0x00, 0x00, 0x00, 0x00, 0x00, 0x00, 0x00, 0x00, 0x00, 0x00, 0x00, 0x00,
    0x00, 0x00, 0x00, 0x00, 0x00, 0x00, 0x00, 0x00, 0x00, 0x00, 0x00, 0x00, 0x00, 0x00, 0x00, 0x00,
    0x00, 0x00, 0x00, 0x00, 0x00, 0x08, 0xff, 0x00, 0x01, 0x08, 0x1c, 0x48, 0xb0, 0xa0, 0xc1, 0x83,
    0x08, 0x13, 0x2a, 0x5c, 0xc8, 0xb0, 0xa1, 0xc3, 0x87, 0x10, 0x23, 0x3a, 0x24, 0xa0, 0x60, 0x81,
    0x01, 0x89, 0x18, 0x33, 0x6a, 0xdc, 0xc8, 0x31, 0x63, 0x82, 0x07, 0x20, 0x1f, 0x30, 0x08, 0xd0,
    0xb1, 0xa4, 0xc9, 0x93, 0x28, 0x15, 0x7e, 0x0c, 0x09, 0x72, 0x64, 0xca, 0x97, 0x30, 0x63, 0x3e,
    0x0c, 0xb0, 0x80, 0x25, 0xcb, 0x06, 0x03, 0x64, 0xea, 0xdc, 0x29, 0x33, 0x00, 0x03, 0x9b, 0x36,
    0x1d, 0xe4, 0xe4, 0x49, 0xb4, 0xa8, 0x46, 0x9f, 0x40, 0x81, 0x0a, 0x35, 0xca, 0xb4, 0xe9, 0x42,
    0xa4, 0x49, 0x95, 0x0e, 0x75, 0x4a, 0xd5, 0xe9, 0x80, 0x06, 0x49, 0x1b, 0xfc, 0x54, 0x7a, 0xb1,
    0xaa, 0x57, 0xa2, 0x03, 0x1c, 0x24, 0x15, 0x0a, 0x15, 0x68, 0xd7, 0xaf, 0x68, 0x5f, 0x86, 0x1d,
    0x3b, 0xb4, 0xac, 0xcd, 0xb3, 0x69, 0xe3, 0x72, 0x5c, 0x2b, 0x95, 0xa0, 0x5b, 0x96, 0x70, 0xe5,
    0x1e, 0x25, 0x09, 0x33, 0x00, 0x5f, 0x84, 0x06, 0xc4, 0x02, 0x65, 0x30, 0x75, 0x60, 0x00, 0x05,
    0x51, 0x11, 0xe8, 0xdd, 0x88, 0xa0, 0x81, 0x83, 0x05, 0x90, 0x23, 0x4b, 0x9e, 0x4c, 0xb9, 0xb2,
    0x64, 0xc7, 0x0a, 0xfe, 0x12, 0x34, 0x10, 0xd5, 0x25, 0xc2, 0x95, 0x40, 0x13, 0x2c, 0xc6, 0x08,
    0x3a, 0xaa, 0xe9, 0xd3, 0x9d, 0x35, 0x03, 0xe0, 0x9c, 0xd4, 0x73, 0xc2, 0xd2, 0x2c, 0x45, 0x8f,
    0x7e, 0x28, 0x00, 0xb5, 0xed, 0xdb, 0x78, 0x37, 0xa7, 0x6e, 0x08, 0x3b, 0xa4, 0xec, 0xd9, 0x0c,
    0x09, 0xe0, 0x1e, 0x8e, 0x5a, 0xb1, 0x40, 0x04, 0x51, 0x33, 0x3f, 0x44, 0x9e, 0x74, 0x81, 0x6a,
    0xe0, 0x06, 0x6b, 0x13, 0x9f, 0x0e, 0xb4, 0x80, 0xc0, 0xde, 0x20, 0x7f, 0x3f, 0x64, 0x3d, 0xf8,
    0x39, 0x74, 0xdd, 0xd4, 0xc3, 0xcb, 0xff, 0xc6, 0xfe, 0x40, 0x3b, 0x44, 0xee, 0x36, 0x5d, 0x7f,
    0x37, 0x58, 0xa0, 0xa2, 0xe5, 0xf7, 0xf0, 0x2b, 0x1f, 0x10, 0x28, 0x3d, 0xf4, 0x46, 0xf4, 0xb9,
    0xd7, 0xa3, 0x15, 0x0e, 0xd4, 0xf8, 0xc6, 0x02, 0x82, 0xb1, 0xe4, 0x9f, 0x7e, 0x55, 0xd5, 0x17,
    0xd2, 0x7c, 0x25, 0x0d, 0x50, 0x1d, 0x81, 0x68, 0xa1, 0x67, 0x1e, 0x47, 0x0e, 0x32, 0x98, 0x56,
    0x7b, 0x0b, 0x20, 0x88, 0x12, 0x85, 0x16, 0x4a, 0xa8, 0xe1, 0x86, 0x1c, 0x76, 0xe8, 0xe1, 0x87,
    0x20, 0x86, 0x28, 0xe2, 0x88, 0x24, 0x96, 0x68, 0x22, 0x5a, 0x7e, 0xa5, 0xe8, 0xdd, 0x89, 0x27,
    0xa9, 0xe8, 0xd7, 0x46, 0x01, 0x08, 0x40, 0x40, 0x01, 0x05, 0x18, 0x60, 0xa3, 0x01, 0x34, 0x12,
    0x30, 0xc0, 0x8a, 0x09, 0x12, 0x10, 0xd3, 0x00, 0x3e, 0xc6, 0x14, 0xe3, 0x8c, 0x35, 0xde, 0x98,
    0xe3, 0x8e, 0x10, 0x05, 0x30, 0xa3, 0x8d, 0x34, 0x36, 0xd9, 0x24, 0x93, 0x05, 0x08, 0xf0, 0xd2,
    0x4a, 0xce, 0xa5, 0x44, 0x25, 0x8f, 0x19, 0x29, 0x59, 0xa4, 0x93, 0x4e, 0x42, 0x29, 0x25, 0x43,
    0x02, 0xd4, 0xc8, 0xe5, 0x98, 0x5d, 0x16, 0xd6, 0x51, 0x01, 0x2c, 0x31, 0xe0, 0x10, 0x96, 0x03,
    0x31, 0x97, 0x1d, 0x4a, 0x61, 0xe2, 0x48, 0x26, 0x99, 0x06, 0x98, 0x19, 0x9d, 0x9c, 0x73, 0xce,
    0x59, 0xe7, 0x49, 0x6e, 0xbe, 0xa9, 0xd0, 0x01, 0x0c, 0x34, 0x80, 0x00, 0x96, 0xf8, 0xa9, 0x69,
    0x92, 0x00, 0x78, 0xe6, 0x39, 0xe6, 0x9e, 0x09, 0x11, 0x90, 0xa8, 0xa2, 0x63, 0xb2, 0xf9, 0x10,
    0x7f, 0x2c, 0x65, 0x58, 0x50, 0x69, 0xea, 0x11, 0xa4, 0xa0, 0x4d, 0x96, 0x6e, 0xe4, 0x28, 0xa4,
    0x79, 0xf2, 0x08, 0x6a, 0x9e, 0x06, 0x48, 0xba, 0x9d, 0x59, 0x06, 0x05, 0xd0, 0x1b, 0x03, 0x5f,
    0x6a, 0x1a, 0xa0, 0x9f, 0x26, 0x8d, 0xa8, 0xaa, 0x27, 0x8f, 0x9f, 0xca, 0xca, 0x65, 0x4a, 0xf8,
    0x2d, 0x65, 0xd8, 0x56, 0x75, 0xed, 0x6a, 0xd3, 0x83, 0x1c, 0xd5, 0x6a, 0x6b, 0x93, 0x0a, 0x05,
    0x20, 0xe6, 0xb0, 0x06, 0xb4, 0xca, 0x67, 0x50, 0x5f, 0xde, 0x15, 0xd4, 0x54, 0xbc, 0x82, 0xb4,
    0xc0, 0x4b, 0xc6, 0x3e, 0x0a, 0x6a, 0xb2, 0x4f, 0x1d, 0x7b, 0x6d, 0x94, 0x31, 0xc1, 0x36, 0x92,
    0xb3, 0xaf, 0x3e, 0xb0, 0x94, 0xb7, 0xa6, 0x4a, 0x54, 0xad, 0xac, 0x38, 0x2a, 0xab, 0xd0, 0x00,
    0x34, 0x1a, 0xd9, 0x25, 0x93, 0x48, 0x0a, 0x19, 0xed, 0x03, 0x15, 0x3d, 0x7b, 0x97, 0xa0, 0xcf,
    0xea, 0xc4, 0x6e, 0x91, 0x8f, 0x1a, 0x19, 0xef, 0x4c, 0x40, 0x12, 0x99, 0xa3, 0x8e, 0xea, 0x0a,
    0x89, 0x95, 0x69, 0xba, 0x3a, 0x6b, 0x93, 0x9d, 0x7d, 0x05, 0xec, 0x24, 0x01, 0x04, 0x87, 0x48,
    0x57, 0xaf, 0x02, 0x29, 0x0c, 0x52, 0x5e, 0x2c, 0x1a, 0x45, 0x29, 0x4b, 0xba, 0xda, 0x35, 0x2f,
    0x48, 0x03, 0x66, 0xdc, 0x54, 0xa1, 0x3c, 0xc2, 0x06, 0xac, 0xc8, 0x46, 0x81, 0x96, 0xa9, 0x41,
    0x2a, 0x97, 0x8b, 0x72, 0x4c, 0x06, 0x2c, 0x30, 0x68, 0x43, 0x31, 0xcf, 0x2c, 0x61, 0x40, 0x00,
    0x21, 0xf9, 0x04, 0x04, 0x08, 0x00, 0x00, 0x00, 0x2c, 0x16, 0x00, 0x1f, 0x00, 0x93, 0x00, 0x2f,
    0x00, 0x87, 0x00, 0x00, 0x00, 0x0d, 0x03, 0x03, 0x1a, 0x06, 0x06, 0x26, 0x09, 0x0a, 0x33, 0x0d,
    0x0d, 0x40, 0x10, 0x10, 0x4d, 0x13, 0x13, 0x5a, 0x16, 0x16, 0x66, 0x19, 0x1a, 0x73, 0x1c, 0x1d,
    0x80, 0x1f, 0x20, 0x8d, 0x22, 0x23, 0x9a, 0x26, 0x26, 0xa6, 0x29, 0x2a, 0xb3, 0x2c, 0x2d, 0xc0,
    0x2f, 0x30, 0x00, 0x00, 0x00, 0x00, 0x00, 0x00, 0x00, 0x00, 0x00, 0x00, 0x00, 0x00, 0x00, 0x00,
    0x00, 0x00, 0x00, 0x00, 0x00, 0x00, 0x00, 0x00, 0x00, 0x00, 0x00, 0x00, 0x00, 0x00, 0x00, 0x00,
    0x00, 0x00, 0x00, 0x00, 0x00, 0x00, 0x00, 0x00, 0x00, 0x00, 0x00, 0x00, 0x00, 0x00, 0x00, 0x00,
    0x00, 0x00, 0x00, 0x00, 0x00, 0x00, 0x00, 0x00, 0x00, 0x00, 0x00, 0x00, 0x00, 0x00, 0x00, 0x00,
    0x00, 0x00, 0x00, 0x00, 0x00, 0x00, 0x00, 0x00, 0x00, 0x00, 0x00, 0x00, 0x00, 0x00, 0x00, 0x00,
    0x00, 0x00, 0x00, 0x00, 0x00, 0x00, 0x00, 0x00, 0x00, 0x00, 0x00, 0x00, 0x00, 0x00, 0x00, 0x00,
    0x00, 0x00, 0x00, 0x00, 0x00, 0x00, 0x00, 0x00, 0x00, 0x00, 0x00, 0x00, 0x00, 0x00, 0x00, 0x00,
    0x00, 0x00, 0x00, 0x00, 0x00, 0x00, 0x00, 0x00, 0x00, 0x00, 0x00, 0x00, 0x00, 0x00, 0x00, 0x00,
    0x00, 0x00, 0x00, 0x00, 0x00, 0x00, 0x00, 0x00, 0x00, 0x00, 0x00, 0x00, 0x00, 0x00, 0x00, 0x00,
    0x00, 0x00, 0x00, 0x00, 0x00, 0x00, 0x00, 0x00, 0x00, 0x00, 0x00, 0x00, 0x00, 0x00, 0x00, 0x00,
    0x00, 0x00, 0x00, 0x00, 0x00, 0x00, 0x00, 0x00, 0x00, 0x00, 0x00, 0x00, 0x00, 0x00, 0x00, 0x00,
    0x00, 0x00, 0x00, 0x00, 0x00, 0x00, 0x00, 0x00, 0x00, 0x00, 0x00, 0x00, 0x00, 0x00, 0x00, 0x00,
    0x00, 0x00, 0x00, 0x00, 0x00, 0x00, 0x00, 0x00, 0x00, 0x00, 0x00, 0x00, 0x00, 0x00, 0x00, 0x00,
    0x00, 0x00, 0x00, 0x00, 0x00, 0x00, 0x00, 0x00, 0x00, 0x00, 0x00, 0x00, 0x00, 0x00, 0x00, 0x00,
    0x00, 0x00, 0x00, 0x00, 0x00, 0x00, 0x00, 0x00, 0x00, 0x00, 0x00, 0x00, 0x00, 0x00, 0x00, 0x00,
    0x00, 0x00, 0x00, 0x00, 0x00, 0x00, 0x00, 0x00, 0x00, 0x00, 0x00, 0x00, 0x00, 0x00, 0x00, 0x00,
    0x00, 0x00, 0x00, 0x00, 0x00, 0x00, 0x00, 0x00, 0x00, 0x00, 0x00, 0x00, 0x00, 0x00, 0x00, 0x00,
    0x00, 0x00, 0x00, 0x00, 0x00, 0x00, 0x00, 0x00, 0x00, 0x00, 0x00, 0x00, 0x00, 0x00, 0x00, 0x00,
    0x00, 0x00, 0x00, 0x00, 0x00, 0x00, 0x00, 0x00, 0x00, 0x00, 0x00, 0x00, 0x00, 0x00, 0x00, 0x00,
    0x00, 0x00, 0x00, 0x00, 0x00, 0x00, 0x00, 0x00, 0x00, 0x00, 0x00, 0x00, 0x00, 0x00, 0x00, 0x00,
    0x00, 0x00, 0x00, 0x00, 0x00, 0x00, 0x00, 0x00, 0x00, 0x00, 0x00, 0x00, 0x00, 0x00, 0x00, 0x00,
    0x00, 0x00, 0x00, 0x00, 0x00, 0x00, 0x00, 0x00, 0x00, 0x00, 0x00, 0x00, 0x00, 0x00, 0x00, 0x00,
    0x00, 0x00, 0x00, 0x00, 0x00, 0x00, 0x00, 0x00, 0x00, 0x00, 0x00, 0x00, 0x00, 0x00, 0x00, 0x00,
    0x00, 0x00, 0x00, 0x00, 0x00, 0x00, 0x00, 0x00, 0x00, 0x00, 0x00, 0x00, 0x00, 0x00, 0x00, 0x00,
    0x00, 0x00, 0x00, 0x00, 0x00, 0x00, 0x00, 0x00, 0x00, 0x00, 0x00, 0x00, 0x00, 0x00, 0x00, 0x00,
    0x00, 0x00, 0x00, 0x00, 0x00, 0x00, 0x00, 0x00, 0x00, 0x00, 0x00, 0x00, 0x00, 0x00, 0x00, 0x00,
    0x00, 0x00, 0x00, 0x00, 0x00, 0x00, 0x00, 0x00, 0x00, 0x00, 0x00, 0x00, 0x00, 0x00, 0x00, 0x00,
    0x00, 0x00, 0x00, 0x00, 0x00, 0x00, 0x00, 0x00, 0x00, 0x00, 0x00, 0x00, 0x00, 0x00, 0x00, 0x00,
    0x00, 0x00, 0x00, 0x00, 0x00, 0x00, 0x00, 0x00, 0x00, 0x00, 0x00, 0x00, 0x00, 0x00, 0x00, 0x00,
    0x00, 0x00, 0x00, 0x00, 0x00, 0x00, 0x00, 0x00, 0x00, 0x00, 0x00, 0x00, 0x00, 0x00, 0x00, 0x00,
    0x00, 0x00, 0x00, 0x00, 0x00, 0x00, 0x00, 0x00, 0x00, 0x00, 0x00, 0x00, 0x00, 0x00, 0x00, 0x00,
    0x00, 0x00, 0x00, 0x00, 0x00, 0x00, 0x00, 0x00, 0x00, 0x00, 0x00, 0x00, 0x00, 0x00, 0x00, 0x00,
    0x00, 0x00, 0x00, 0x00, 0x00, 0x00, 0x00, 0x00, 0x00, 0x00, 0x00, 0x00, 0x00, 0x00, 0x00, 0x00,
    0x00, 0x00, 0x00, 0x00, 0x00, 0x00, 0x00, 0x00, 0x00, 0x00, 0x00, 0x00, 0x00, 0x00, 0x00, 0x00,
    0x00, 0x00, 0x00, 0x00, 0x00, 0x00, 0x00, 0x00, 0x00, 0x00, 0x00, 0x00, 0x00, 0x00, 0x00, 0x00,
    0x00, 0x00, 0x00, 0x00, 0x00, 0x00, 0x00, 0x00, 0x00, 0x00, 0x00, 0x00, 0x00, 0x00, 0x00, 0x00,
    0x00, 0x00, 0x00, 0x00, 0x00, 0x00, 0x00, 0x00, 0x00, 0x00, 0x00, 0x00, 0x00, 0x00, 0x00, 0x00,
    0x00, 0x00, 0x00, 0x00, 0x00, 0x00, 0x00, 0x00, 0x00, 0x00, 0x00, 0x00, 0x00, 0x00, 0x00, 0x00,
    0x00, 0x00, 0x00, 0x00, 0x00, 0x00, 0x00, 0x00, 0x00, 0x00, 0x00, 0x00, 0x00, 0x00, 0x00, 0x00,
    0x00, 0x00, 0x00, 0x00, 0x00, 0x00, 0x00, 0x00, 0x00, 0x00, 0x00, 0x00, 0x00, 0x00, 0x00, 0x00,
    0x00, 0x00, 0x00, 0x00, 0x00, 0x00, 0x00, 0x00, 0x00, 0x00, 0x00, 0x00, 0x00, 0x00, 0x00, 0x00,
    0x00, 0x00, 0x00, 0x00, 0x00, 0x00, 0x00, 0x00, 0x00, 0x00, 0x00, 0x00, 0x00, 0x00, 0x00, 0x00,
    0x00, 0x00, 0x00, 0x00, 0x00, 0x00, 0x00, 0x00, 0x00, 0x00, 0x00, 0x00, 0x00, 0x00, 0x00, 0x00,
    0x00, 0x00, 0x00, 0x00, 0x00, 0x00, 0x00, 0x00, 0x00, 0x00, 0x00, 0x00, 0x00, 0x00, 0x00, 0x00,
    0x00, 0x00, 0x00, 0x00, 0x00, 0x00, 0x00, 0x00, 0x00, 0x00, 0x00, 0x00, 0x00, 0x00, 0x00, 0x00,
    0x00, 0x00, 0x08, 0xff, 0x00, 0x01, 0x08, 0x1c, 0x48, 0xb0, 0xe0, 0xc0, 0x00, 0x07, 0x0e, 0x08,
    0x30, 0xc8, 0xb0, 0xa1, 0xc3, 0x87, 0x10, 0x23, 0x4a, 0x9c, 0x48, 0xb1, 0xa2, 0x45, 0x82, 0x06,
    0x1c, 0x3c, 0xd8, 0x88, 0xe0, 0xa2, 0xc7, 0x8f, 0x20, 0x43, 0x8a, 0xb4, 0x68, 0x60, 0xa3, 0xc9,
    0x07, 0x09, 0x46, 0xaa, 0x5c, 0xc9, 0xb2, 0x65, 0xc3, 0x03, 0x27, 0x4f, 0x2a, 0x08, 0xe0, 0xb2,
    0xa6, 0xcd, 0x9b, 0x12, 0x13, 0xc4, 0x8c, 0xc9, 0x80, 0x26, 0xce, 0x9f, 0x40, 0x6b, 0xea, 0xdc,
    0xc9, 0xd3, 0x67, 0xd0, 0xa3, 0x48, 0x2f, 0x0e, 0x25, 0x5a, 0x34, 0xa9, 0xd3, 0xa7, 0x0d, 0x03,
    0x28, 0x60, 0xaa, 0x71, 0x27, 0x83, 0x01, 0x50, 0xb3, 0x3e, 0x0d, 0xc0, 0x80, 0x69, 0x81, 0x01,
    0x55, 0x63, 0x3a, 0xc0, 0xaa, 0xb5, 0xec, 0x4f, 0xae, 0x4c, 0x0d, 0x08, 0x04, 0x4b, 0x74, 0xac,
    0xd9, 0xb7, 0x2e, 0xd1, 0x12, 0x55, 0x3b, 0x90, 0xed, 0x4e, 0xb7, 0x70, 0xf3, 0x86, 0x1c, 0xd0,
    0xf5, 0x2e, 0x5d, 0x82, 0x03, 0x1a, 0xb4, 0x2d, 0xa0, 0x57, 0x64, 0x01, 0x05, 0x0b, 0x10, 0x28,
    0x5e, 0xcc, 0xb8, 0xb1, 0xe3, 0xc7, 0x8c, 0x11, 0x1f, 0x60, 0x68, 0x57, 0x2c, 0x59, 0x83, 0x72,
    0x77, 0xfe, 0x2d, 0x4c, 0x92, 0xa9, 0xe7, 0xcf, 0xa0, 0x53, 0x02, 0x0e, 0x7b, 0x12, 0x6f, 0xd4,
    0xbe, 0x9a, 0x39, 0x5b, 0x14, 0x00, 0xba, 0xb5, 0xeb, 0x93, 0x84, 0xd7, 0x92, 0x36, 0x69, 0xda,
    0x61, 0xe6, 0x98, 0x9b, 0x55, 0x43, 0x24, 0xf0, 0xba, 0x37, 0xe8, 0x8e, 0x00, 0x0a, 0xcc, 0xde,
    0xd8, 0xe0, 0x32, 0xc4, 0x00, 0x0b, 0x98, 0x02, 0xd7, 0x0d, 0x91, 0xb5, 0xef, 0xe7, 0xa9, 0x4b,
    0x12, 0xed, 0x69, 0x71, 0x69, 0x4c, 0xd1, 0xcc, 0x1f, 0x5a, 0x87, 0xee, 0xbb, 0xa7, 0x74, 0xab,
    0x46, 0x2b, 0x6e, 0xff, 0x37, 0x89, 0x3d, 0x7b, 0x43, 0x04, 0x0d, 0x1c, 0xa8, 0x5f, 0xcf, 0xbe,
    0xbd, 0xfb, 0xf7, 0xef, 0x67, 0x02, 0x60, 0x4a, 0xfd, 0xe3, 0xf8, 0x8d, 0xb1, 0xcd, 0x47, 0x0d,
    0xc0, 0xbf, 0xbf, 0xff, 0xff, 0x00, 0x06, 0x18, 0xe0, 0x40, 0x44, 0x2d, 0x10, 0x9e, 0x47, 0x08,
    0x10, 0xb5, 0x9c, 0x7e, 0x65, 0xed, 0x54, 0x5e, 0x48, 0xdf, 0x99, 0x94, 0x1b, 0x83, 0x50, 0x59,
    0x57, 0x9f, 0x4a, 0x16, 0x1e, 0x48, 0x21, 0x54, 0xe8, 0x39, 0x20, 0x5f, 0x4b, 0x1d, 0x7e, 0xb8,
    0xa1, 0x59, 0xfc, 0xdd, 0x54, 0xe2, 0x88, 0x28, 0xa6, 0xa8, 0xe2, 0x8a, 0x2c, 0xb6, 0xe8, 0xe2,
    0x8b, 0x30, 0xc6, 0x28, 0xe3, 0x8c, 0x34, 0x3a, 0x15, 0xc0, 0x00, 0x04, 0x10, 0x50, 0xc0, 0x8e,
    0x05, 0xe4, 0x38, 0xc0, 0x42, 0x38, 0x9d, 0x58, 0x93, 0x90, 0x36, 0xdd, 0x98, 0x23, 0x8f, 0x3d,
    0x12, 0xf0, 0xa3, 0x45, 0x03, 0xec, 0x68, 0xc0, 0x93, 0x48, 0x16, 0xf0, 0xa4, 0x01, 0x5f, 0x69,
    0x38, 0x92, 0x01, 0xe9, 0x2d, 0xb8, 0x12, 0x96, 0x0e, 0x68, 0xb9, 0x52, 0x93, 0x52, 0x42, 0x89,
    0xe4, 0x94, 0x55, 0x46, 0x14, 0x80, 0x94, 0x51, 0xa6, 0xc9, 0x23, 0x95, 0x40, 0xae, 0xc4, 0x1b,
    0x79, 0x2d, 0x45, 0x38, 0x19, 0x4b, 0x67, 0x52, 0xa9, 0x66, 0x9a, 0x6c, 0x3e, 0x54, 0xe7, 0x9d,
    0x7c, 0x1a, 0xd0, 0xe6, 0x48, 0x09, 0x9e, 0x34, 0x61, 0x41, 0x03, 0x24, 0xa0, 0x40, 0x7e, 0x0d,
    0x55, 0xf6, 0x00, 0x03, 0x74, 0xa2, 0xc9, 0xa7, 0x9a, 0x7e, 0x3a, 0x44, 0x80, 0x9d, 0x8f, 0xde,
    0xc9, 0x52, 0x01, 0x3b, 0x11, 0xe0, 0x50, 0x84, 0x0f, 0x12, 0x14, 0xc0, 0x6c, 0x9d, 0x82, 0x34,
    0x69, 0xa5, 0x7c, 0x3a, 0x44, 0x6a, 0x9f, 0x56, 0xda, 0x67, 0x19, 0x43, 0x11, 0x6e, 0x14, 0xea,
    0x6d, 0x8b, 0xa6, 0xc1, 0xea, 0xd1, 0xa9, 0x77, 0x1a, 0x90, 0xea, 0xa8, 0xb4, 0x46, 0x29, 0xab,
    0x47, 0xdb, 0x35, 0x70, 0xe0, 0x7d, 0xb1, 0x16, 0x34, 0xd5, 0x49, 0x17, 0xaa, 0x84, 0x6b, 0xae,
    0x3c, 0xa6, 0x2a, 0x00, 0xa5, 0xb9, 0x1a, 0x60, 0xdc, 0x4a, 0xc3, 0x9a, 0x74, 0x21, 0xb0, 0x1b,
    0x4d, 0x1b, 0x93, 0xaf, 0x2e, 0x2d, 0x8b, 0xac, 0x93, 0xcf, 0x16, 0x24, 0x80, 0xa3, 0xa7, 0x3a,
    0x5b, 0x24, 0x6a, 0xae, 0x0a, 0x44, 0xad, 0xb4, 0x34, 0xb5, 0x5a, 0x1b, 0x4b, 0xdf, 0x32, 0x5b,
    0xa9, 0xb8, 0xc7, 0xe9, 0x28, 0x26, 0x9e, 0x76, 0xfe, 0x99, 0xed, 0x6c, 0x07, 0x04, 0x2a, 0x28,
    0x01, 0xb3, 0x2d, 0x80, 0x69, 0x4c, 0x88, 0xc6, 0x25, 0xaf, 0xbb, 0x6b, 0xd6, 0x4b, 0x51, 0x00,
    0x02, 0xe8, 0x18, 0xa6, 0x98, 0x4a, 0xee, 0xfa, 0xe5, 0x70, 0xb8, 0xc9, 0x06, 0xda, 0xa0, 0x71,
    0x25, 0xec, 0x24, 0x99, 0x3d, 0x0e, 0xe0, 0xb0, 0x9e, 0xff, 0x3d, 0xd5, 0x6a, 0xc4, 0x75, 0x41,
    0x5c, 0xae, 0x8d, 0x1d, 0xc7, 0x08, 0xd3, 0x5c, 0x06, 0x29, 0x6a, 0x92, 0x02, 0x35, 0x9a, 0xb5,
    0x9d, 0x03, 0x9a, 0x32, 0x24, 0x00, 0xb9, 0xc1, 0xb6, 0x5c, 0x16, 0x6a, 0xeb, 0x16, 0x94, 0x99,
    0x03, 0xf6, 0xda, 0xbc, 0x55, 0x02, 0x0e, 0x2c, 0xd0, 0x2d, 0x66, 0x40, 0x0b, 0xed, 0x33, 0x5c,
    0x1b, 0x7b, 0xaa, 0x62, 0x40, 0x00, 0x21, 0xf9, 0x04, 0x04, 0x0c, 0x00, 0x00, 0x00, 0x2c, 0x15,
    0x00, 0x1f, 0x00, 0x94, 0x00, 0x2f, 0x00, 0x87, 0x00, 0x00, 0x00, 0x0d, 0x03, 0x03, 0x1a, 0x06,
    0x06, 0x26, 0x09, 0x0a, 0x33, 0x0d, 0x0d, 0x40, 0x10, 0x10, 0x4d, 0x13, 0x13, 0x5a, 0x16, 0x16,
    0x66, 0x19, 0x1a, 0x73, 0x1c, 0x1d, 0x80, 0x1f, 0x20, 0x8d, 0x22, 0x23, 0x9a, 0x26, 0x26, 0xa6,
    0x29, 0x2a, 0xb3, 0x2c, 0x2d, 0xc0, 0x2f, 0x30, 0x00, 0x00, 0x00, 0x00, 0x00, 0x00, 0x00, 0x00,
    0x00, 0x00, 0x00, 0x00, 0x00, 0x00, 0x00, 0x00, 0x00, 0x00, 0x00, 0x00, 0x00, 0x00, 0x00, 0x00,
    0x00, 0x00, 0x00, 0x00, 0x00, 0x00, 0x00, 0x00, 0x00, 0x00, 0x00, 0x00, 0x00, 0x00, 0x00, 0x00,
    0x00, 0x00, 0x00, 0x00, 0x00, 0x00, 0x00, 0x00, 0x00, 0x00, 0x00, 0x00, 0x00, 0x00, 0x00, 0x00,
    0x00, 0x00, 0x00, 0x00, 0x00, 0x00, 0x00, 0x00, 0x00, 0x00, 0x00, 0x00, 0x00, 0x00, 0x00, 0x00,
    0x00, 0x00, 0x00, 0x00, 0x00, 0x00, 0x00, 0x00, 0x00, 0x00, 0x00, 0x00, 0x00, 0x00, 0x00, 0x00,
    0x00, 0x00, 0x00, 0x00, 0x00, 0x00, 0x00, 0x00, 0x00, 0x00, 0x00, 0x00, 0x00, 0x00, 0x00, 0x00,
    0x00, 0x00, 0x00, 0x00, 0x00, 0x00, 0x00, 0x00, 0x00, 0x00, 0x00, 0x00, 0x00, 0x00, 0x00, 0x00,
    0x00, 0x00, 0x00, 0x00, 0x00, 0x00, 0x00, 0x00, 0x00, 0x00, 0x00, 0x00, 0x00, 0x00, 0x00, 0x00,
    0x00, 0x00, 0x00, 0x00, 0x00, 0x00, 0x00, 0x00, 0x00, 0x00, 0x00, 0x00, 0x00, 0x00, 0x00, 0x00,
    0x00, 0x00, 0x00, 0x00, 0x00, 0x00, 0x00, 0x00, 0x00, 0x00, 0x00, 0x00, 0x00, 0x00, 0x00, 0x00,
    0x00, 0x00, 0x00, 0x00, 0x00, 0x00, 0x00, 0x00, 0x00, 0x00, 0x00, 0x00, 0x00, 0x00, 0x00, 0x00,
    0x00, 0x00, 0x00, 0x00, 0x00, 0x00, 0x00, 0x00, 0x00, 0x00, 0x00, 0x00, 0x00, 0x00, 0x00, 0x00,
    0x00, 0x00, 0x00, 0x00, 0x00, 0x00, 0x00, 0x00, 0x00, 0x00, 0x00, 0x00, 0x00, 0x00, 0x00, 0x00,
    0x00, 0x00, 0x00, 0x00, 0x00, 0x00, 0x00, 0x00, 0x00, 0x00, 0x00, 0x00, 0x00, 0x00, 0x00, 0x00,
    0x00, 0x00, 0x00, 0x00, 0x00, 0x00, 0x00, 0x00, 0x00, 0x00, 0x00, 0x00, 0x00, 0x00, 0x00, 0x00,
    0x00, 0x00, 0x00, 0x00, 0x00, 0x00, 0x00, 0x00, 0x00, 0x00, 0x00, 0x00, 0x00, 0x00, 0x00, 0x00,
    0x00, 0x00, 0x00, 0x00, 0x00, 0x00, 0x00, 0x00, 0x00, 0x00, 0x00, 0x00, 0x00, 0x00, 0x00, 0x00,
    0x00, 0x00, 0x00, 0x00, 0x00, 0x00, 0x00, 0x00, 0x00, 0x00, 0x00, 0x00, 0x00, 0x00, 0x00, 0x00,
    0x00, 0x00, 0x00, 0x00, 0x00, 0x00, 0x00, 0x00, 0x00, 0x00, 0x00, 0x00, 0x00, 0x00, 0x00, 0x00,
    0x00, 0x00, 0x00, 0x00, 0x00, 0x00, 0x00, 0x00, 0x00, 0x00, 0x00, 0x00, 0x00, 0x00, 0x00, 0x00,
    0x00, 0x00, 0x00, 0x00, 0x00, 0x00, 0x00, 0x00, 0x00, 0x00, 0x00, 0x00, 0x00, 0x00, 0x00, 0x00,
    0x00, 0x00, 0x00, 0x00, 0x00, 0x00, 0x00, 0x00, 0x00, 0x00, 0x00, 0x00, 0x00, 0x00, 0x00, 0x00,
    0x00, 0x00, 0x00, 0x00, 0x00, 0x00, 0x00, 0x00, 0x00, 0x00, 0x00, 0x00, 0x00, 0x00, 0x00, 0x00,
    0x00, 0x00, 0x00, 0x00, 0x00, 0x00, 0x00, 0x00, 0x00, 0x00, 0x00, 0x00, 0x00, 0x00, 0x00, 0x00,
    0x00, 0x00, 0x00, 0x00, 0x00, 0x00, 0x00, 0x00, 0x00, 0x00, 0x00, 0x00, 0x00, 0x00, 0x00, 0x00,
    0x00, 0x00, 0x00, 0x00, 0x00, 0x00, 0x00, 0x00, 0x00, 0x00, 0x00, 0x00, 0x00, 0x00, 0x00, 0x00,
    0x00, 0x00, 0x00, 0x00, 0x00, 0x00, 0x00, 0x00, 0x00, 0x00, 0x00, 0x00, 0x00, 0x00, 0x00, 0x00,
    0x00, 0x00, 0x00, 0x00, 0x00, 0x00, 0x00, 0x00, 0x00, 0x00, 0x00, 0x00, 0x00, 0x00, 0x00, 0x00,
    0x00, 0x00, 0x00, 0x00, 0x00, 0x00, 0x00, 0x00, 0x00, 0x00, 0x00, 0x00, 0x00, 0x00, 0x00, 0x00,
    0x00, 0x00, 0x00, 0x00, 0x00, 0x00, 0x00, 0x00, 0x00, 0x00, 0x00, 0x00, 0x00, 0x00, 0x00, 0x00,
    0x00, 0x00, 0x00, 0x00, 0x00, 0x00, 0x00, 0x00, 0x00, 0x00, 0x00, 0x00, 0x00, 0x00, 0x00, 0x00,
    0x00, 0x00, 0x00, 0x00, 0x00, 0x00, 0x00, 0x00, 0x00, 0x00, 0x00, 0x00, 0x00, 0x00, 0x00, 0x00,
    0x00, 0x00, 0x00, 0x00, 0x00, 0x00, 0x00, 0x00, 0x00, 0x00, 0x00, 0x00, 0x00, 0x00, 0x00, 0x00,
    0x00, 0x00, 0x00, 0x00, 0x00, 0x00, 0x00, 0x00, 0x00, 0x00, 0x00, 0x00, 0x00, 0x00, 0x00, 0x00,
    0x00, 0x00, 0x00, 0x00, 0x00, 0x00, 0x00, 0x00, 0x00, 0x00, 0x00, 0x00, 0x00, 0x00, 0x00, 0x00,
    0x00, 0x00, 0x00, 0x00, 0x00, 0x00, 0x00, 0x00, 0x00, 0x00, 0x00, 0x00, 0x00, 0x00, 0x00, 0x00,
    0x00, 0x00, 0x00, 0x00, 0x00, 0x00, 0x00, 0x00, 0x00, 0x00, 0x00, 0x00, 0x00, 0x00, 0x00, 0x00,
    0x00, 0x00, 0x00, 0x00, 0x00, 0x00, 0x00, 0x00, 0x00, 0x00, 0x00, 0x00, 0x00, 0x00, 0x00, 0x00,
    0x00, 0x00, 0x00, 0x00, 0x00, 0x00, 0x00, 0x00, 0x00, 0x00, 0x00, 0x00, 0x00, 0x00, 0x00, 0x00,
    0x00, 0x00, 0x00, 0x00, 0x00, 0x00, 0x00, 0x00, 0x00, 0x00, 0x00, 0x00, 0x00, 0x00, 0x00, 0x00,
    0x00, 0x00, 0x00, 0x00, 0x00, 0x00, 0x00, 0x00, 0x00, 0x00, 0x00, 0x00, 0x00, 0x00, 0x00, 0x00,
    0x00, 0x00, 0x00, 0x00, 0x00, 0x00, 0x00, 0x00, 0x00, 0x00, 0x00, 0x00, 0x00, 0x00, 0x00, 0x00,
    0x00, 0x00, 0x00, 0x00, 0x00, 0x00, 0x00, 0x00, 0x00, 0x00, 0x00, 0x00, 0x00, 0x00, 0x00, 0x00,
    0x00, 0x00, 0x00, 0x00, 0x00, 0x00, 0x00, 0x00, 0x00, 0x00, 0x00, 0x00, 0x00, 0x00, 0x00, 0x00,
    0x00, 0x00, 0x00, 0x00, 0x00, 0x00, 0x00, 0x00, 0x08, 0xff, 0x00, 0x01, 0x08, 0x1c, 0x48, 0xb0,
    0x60, 0xc1, 0x01, 0x04, 0x0c, 0x2a, 0x5c, 0xc8, 0xb0, 0xa1, 0xc3, 0x87, 0x10, 0x23, 0x4a, 0x9c,
    0x48, 0xd1, 0xe0, 0x80, 0x05, 0x0f, 0x1e, 0x30, 0x28, 0x50, 0xb1, 0xa3, 0xc7, 0x8f, 0x20, 0x43,
    0x56, 0x1c, 0xe0, 0x20, 0xa3, 0x49, 0x03, 0x22, 0x53, 0xaa, 0x5c, 0xc9, 0x92, 0x21, 0x81, 0x92,
    0x26, 0x4d, 0x1e, 0x68, 0x49, 0xb3, 0xa6, 0x4d, 0x89, 0x06, 0x62, 0xea, 0x7c, 0x90, 0xe0, 0xa6,
    0xcf, 0x9f, 0x37, 0x73, 0xee, 0xd4, 0xd9, 0x13, 0xa8, 0xd1, 0xa3, 0x1f, 0x85, 0x0e, 0x25, 0x8a,
    0xb4, 0xa9, 0x53, 0x87, 0x07, 0x96, 0x2e, 0x4d, 0x10, 0xe0, 0xa9, 0x55, 0xab, 0x09, 0x96, 0x22,
    0x50, 0xaa, 0x93, 0x41, 0xd5, 0xab, 0x60, 0x81, 0x66, 0x1d, 0x5a, 0x94, 0x6b, 0x4c, 0xaf, 0x61,
    0xd3, 0xd6, 0x1c, 0xbb, 0xb3, 0xa8, 0x40, 0xb3, 0x26, 0xd1, 0xaa, 0x9d, 0x1b, 0x32, 0x00, 0x5b,
    0xa6, 0x05, 0xe1, 0x66, 0x64, 0x20, 0x80, 0x6e, 0x48, 0x01, 0x07, 0x0e, 0x10, 0x18, 0x4c, 0xb8,
    0xb0, 0xe1, 0xc3, 0x88, 0x0b, 0x07, 0x1e, 0xb0, 0x30, 0x00, 0x83, 0xa5, 0x28, 0x15, 0x92, 0x1c,
    0xea, 0x80, 0xb1, 0xdf, 0x8e, 0x93, 0xa5, 0x6a, 0xde, 0xbc, 0x33, 0x32, 0x41, 0xc7, 0x90, 0x1b,
    0x66, 0xd6, 0x59, 0xf9, 0x32, 0xc5, 0x00, 0x30, 0x39, 0xab, 0xe6, 0x6c, 0x59, 0x20, 0xe8, 0xa1,
    0x9e, 0x19, 0x8e, 0x8e, 0x59, 0xda, 0x74, 0x44, 0x02, 0xab, 0x73, 0x6f, 0x46, 0x30, 0x50, 0xc0,
    0x63, 0xd8, 0x11, 0x67, 0x9b, 0x74, 0x90, 0xd0, 0xf6, 0xc3, 0x01, 0xba, 0x93, 0x0f, 0x9d, 0x09,
    0x40, 0x78, 0xc6, 0xda, 0x11, 0x5f, 0x77, 0x36, 0xfe, 0xf0, 0xb7, 0x72, 0xe5, 0x0e, 0xfa, 0x3a,
    0x7f, 0x00, 0x5d, 0xa2, 0x74, 0x9d, 0xb1, 0xa9, 0x1b, 0xff, 0x0c, 0x80, 0xf1, 0xba, 0xee, 0x06,
    0x8c, 0x51, 0x53, 0x6e, 0x7d, 0xda, 0xba, 0x4e, 0xf6, 0xe2, 0x2d, 0x26, 0x9e, 0x4f, 0x3f, 0xf1,
    0x57, 0xdc, 0x3b, 0xbb, 0x57, 0xfc, 0x6e, 0x92, 0x77, 0xfc, 0xb4, 0xc8, 0x75, 0xf5, 0x55, 0x48,
    0x77, 0x65, 0xc4, 0xdc, 0x7f, 0x61, 0xb9, 0x97, 0xdd, 0x4a, 0x0a, 0xf6, 0x85, 0x60, 0x58, 0xe4,
    0x65, 0x84, 0x1e, 0x4b, 0x11, 0x3e, 0x30, 0xe1, 0x83, 0x6a, 0x21, 0x34, 0x20, 0x4b, 0x1a, 0x62,
    0xe8, 0xe1, 0x87, 0x20, 0x86, 0x28, 0xe2, 0x88, 0x24, 0x96, 0x68, 0xe2, 0x89, 0x28, 0xa6, 0xa8,
    0xa2, 0x5a, 0x01, 0x08, 0x80, 0x10, 0x61, 0x03, 0x0c, 0x20, 0xc0, 0x86, 0x2b, 0xa6, 0xd4, 0xe2,
    0x8b, 0x83, 0xc5, 0x38, 0xe3, 0x7e, 0x03, 0x14, 0x60, 0xc0, 0x8f, 0x40, 0x06, 0x59, 0x00, 0x01,
    0x0e, 0xb6, 0x34, 0x80, 0x02, 0x0b, 0x70, 0x64, 0x24, 0x92, 0x4a, 0xb6, 0x14, 0x40, 0x8f, 0x41,
    0x46, 0x69, 0xc0, 0x90, 0x45, 0x3e, 0x44, 0xc0, 0x8f, 0x05, 0x64, 0xa9, 0xe5, 0x96, 0x59, 0xfe,
    0x48, 0x00, 0x8d, 0x7f, 0xa5, 0x16, 0x5e, 0x48, 0xa3, 0x35, 0xa9, 0xd2, 0x95, 0x53, 0x72, 0xa9,
    0xa6, 0x97, 0x60, 0x1a, 0x74, 0xa5, 0x9a, 0x70, 0x6a, 0x39, 0x65, 0x9b, 0x1e, 0x21, 0xf0, 0x9e,
    0x43, 0x01, 0x18, 0x70, 0x40, 0x95, 0x0a, 0x05, 0xd0, 0x40, 0x4c, 0x0b, 0xb0, 0xf4, 0x66, 0x9c,
    0x70, 0xce, 0x29, 0x5a, 0x9a, 0x84, 0x16, 0x6a, 0x66, 0x48, 0x51, 0xd1, 0xc6, 0x27, 0x41, 0x03,
    0xfc, 0xc9, 0xdd, 0x98, 0x04, 0xb9, 0xf7, 0x40, 0xa0, 0x2a, 0x0d, 0x80, 0x68, 0xa2, 0x5c, 0x4e,
    0xd9, 0x10, 0xa7, 0x89, 0x1a, 0x40, 0xe7, 0x7e, 0x96, 0xca, 0x75, 0x50, 0x6a, 0x19, 0x51, 0x0a,
    0x40, 0x81, 0xfa, 0x81, 0x04, 0x2a, 0xa1, 0xa2, 0x32, 0xbb, 0xf4, 0x2a, 0xa1, 0xa3, 0x92, 0xaa,
    0x13, 0xa6, 0x04, 0x19, 0x80, 0x6a, 0x7f, 0x06, 0xd9, 0x49, 0x1b, 0x7c, 0x21, 0xcd, 0x1a, 0xe7,
    0xa8, 0x9a, 0x0a, 0x2b, 0x67, 0x71, 0x2b, 0xf1, 0xe7, 0x16, 0x00, 0x7a, 0x99, 0xb4, 0xac, 0x59,
    0xad, 0x92, 0xb9, 0xe9, 0xac, 0x06, 0x20, 0xbb, 0x50, 0xb1, 0xc2, 0x56, 0x5b, 0x93, 0x70, 0xcc,
    0x35, 0x1b, 0x53, 0x51, 0x01, 0xc6, 0xa4, 0xaa, 0xb4, 0xc6, 0x6a, 0xfb, 0x90, 0x00, 0x3e, 0x4e,
    0xdb, 0xe9, 0x94, 0xc0, 0xae, 0x84, 0x5f, 0x4c, 0x04, 0x14, 0xb0, 0x93, 0x02, 0x8d, 0x7e, 0x2b,
    0xc0, 0xae, 0xfe, 0xd5, 0x84, 0x2e, 0x96, 0xb0, 0xb2, 0x3b, 0x91, 0x00, 0xf1, 0xa6, 0x2b, 0x24,
    0x95, 0xb5, 0xa6, 0x04, 0x6d, 0x5b, 0x6f, 0xe5, 0x87, 0x97, 0x4f, 0x00, 0x77, 0x19, 0x65, 0x96,
    0x44, 0x16, 0xcc, 0xd0, 0x8d, 0x31, 0xca, 0x28, 0x31, 0x4b, 0xbe, 0x4e, 0x95, 0xab, 0x66, 0x0c,
    0x34, 0x45, 0xb1, 0x8e, 0x17, 0x23, 0x58, 0xa0, 0xb3, 0x06, 0x35, 0x6b, 0x6a, 0x8d, 0x4e, 0xf1,
    0xf7, 0xc0, 0x81, 0x05, 0x15, 0xb0, 0x6b, 0xb4, 0x28, 0x1f, 0xa5, 0xde, 0x49, 0xa2, 0xa1, 0x6a,
    0x6d, 0xcc, 0x4f, 0x0d, 0xf0, 0x98, 0x03, 0xe3, 0x0e, 0xa4, 0xf3, 0xa4, 0x38, 0xab, 0xf5, 0xa5,
    0x44, 0x43, 0x7b, 0x18, 0x10, 0x00, 0x21, 0xf9, 0x04, 0x04, 0x04, 0x00, 0x00, 0x00, 0x2c, 0x15,
    0x00, 0x1f, 0x00, 0x94, 0x00, 0x2f, 0x00, 0x87, 0x00, 0x00, 0x00, 0x0d, 0x03, 0x03, 0x1a, 0x06,
    0x06, 0x26, 0x09, 0x0a, 0x33, 0x0d, 0x0d, 0x40, 0x10, 0x10, 0x4d, 0x13, 0x13, 0x5a, 0x16, 0x16,
    0x66, 0x19, 0x1a, 0x73, 0x1c, 0x1d, 0x80, 0x1f, 0x20, 0x8d, 0x22, 0x23, 0x9a, 0x26, 0x26, 0xa6,
    0x29, 0x2a, 0xb3, 0x2c, 0x2d, 0xc0, 0x2f, 0x30, 0x00, 0x00, 0x00, 0x00, 0x00, 0x00, 0x00, 0x00,
    0x00, 0x00, 0x00, 0x00, 0x00, 0x00, 0x00, 0x00, 0x00, 0x00, 0x00, 0x00, 0x00, 0x00, 0x00, 0x00,
    0x00, 0x00, 0x00, 0x00, 0x00, 0x00, 0x00, 0x00, 0x00, 0x00, 0x00, 0x00, 0x00, 0x00, 0x00, 0x00,
    0x00, 0x00, 0x00, 0x00, 0x00, 0x00, 0x00, 0x00, 0x00, 0x00, 0x00, 0x00, 0x00, 0x00, 0x00, 0x00,
    0x00, 0x00, 0x00, 0x00, 0x00, 0x00, 0x00, 0x00, 0x00, 0x00, 0x00, 0x00, 0x00, 0x00, 0x00, 0x00,
    0x00, 0x00, 0x00, 0x00, 0x00, 0x00, 0x00, 0x00, 0x00, 0x00, 0x00, 0x00, 0x00, 0x00, 0x00, 0x00,
    0x00, 0x00, 0x00, 0x00, 0x00, 0x00, 0x00, 0x00, 0x00, 0x00, 0x00, 0x00, 0x00, 0x00, 0x00, 0x00,
    0x00, 0x00, 0x00, 0x00, 0x00, 0x00, 0x00, 0x00, 0x00, 0x00, 0x00, 0x00, 0x00, 0x00, 0x00, 0x00,
    0x00, 0x00, 0x00, 0x00, 0x00, 0x00, 0x00, 0x00, 0x00, 0x00, 0x00, 0x00, 0x00, 0x00, 0x00, 0x00,
    0x00, 0x00, 0x00, 0x00, 0x00, 0x00, 0x00, 0x00, 0x00, 0x00, 0x00, 0x00, 0x00, 0x00, 0x00, 0x00,
    0x00, 0x00, 0x00, 0x00, 0x00, 0x00, 0x00, 0x00, 0x00, 0x00, 0x00, 0x00, 0x00, 0x00, 0x00, 0x00,
    0x00, 0x00, 0x00, 0x00, 0x00, 0x00, 0x00, 0x00, 0x00, 0x00, 0x00, 0x00, 0x00, 0x00, 0x00, 0x00,
    0x00, 0x00, 0x00, 0x00, 0x00, 0x00, 0x00, 0x00, 0x00, 0x00, 0x00, 0x00, 0x00, 0x00, 0x00, 0x00,
    0x00, 0x00, 0x00, 0x00, 0x00, 0x00, 0x00, 0x00, 0x00, 0x00, 0x00, 0x00, 0x00, 0x00, 0x00, 0x00,
    0x00, 0x00, 0x00, 0x00, 0x00, 0x00, 0x00, 0x00, 0x00, 0x00, 0x00, 0x00, 0x00, 0x00, 0x00, 0x00,
    0x00, 0x00, 0x00, 0x00, 0x00, 0x00, 0x00, 0x00, 0x00, 0x00, 0x00, 0x00, 0x00, 0x00, 0x00, 0x00,
    0x00, 0x00, 0x00, 0x00, 0x00, 0x00, 0x00, 0x00, 0x00, 0x00, 0x00, 0x00, 0x00, 0x00, 0x00, 0x00,
    0x00, 0x00, 0x00, 0x00, 0x00, 0x00, 0x00, 0x00, 0x00, 0x00, 0x00, 0x00, 0x00, 0x00, 0x00, 0x00,
    0x00, 0x00, 0x00, 0x00, 0x00, 0x00, 0x00, 0x00, 0x00, 0x00, 0x00, 0x00, 0x00, 0x00, 0x00, 0x00,
    0x00, 0x00, 0x00, 0x00, 0x00, 0x00, 0x00, 0x00, 0x00, 0x00, 0x00, 0x00, 0x00, 0x00, 0x00, 0x00,
    0x00, 0x00, 0x00, 0x00, 0x00, 0x00, 0x00, 0x00, 0x00, 0x00, 0x00, 0x00, 0x00, 0x00, 0x00, 0x00,
    0x00, 0x00, 0x00, 0x00, 0x00, 0x00, 0x00, 0x00, 0x00, 0x00, 0x00, 0x00, 0x00, 0x00, 0x00, 0x00,
    0x00, 0x00, 0x00, 0x00, 0x00, 0x00, 0x00, 0x00, 0x00, 0x00, 0x00, 0x00, 0x00, 0x00, 0x00, 0x00,
    0x00, 0x00, 0x00, 0x00, 0x00, 0x00, 0x00, 0x00, 0x00, 0x00, 0x00, 0x00, 0x00, 0x00, 0x00, 0x00,
    0x00, 0x00, 0x00, 0x00, 0x00, 0x00, 0x00, 0x00, 0x00, 0x00, 0x00, 0x00, 0x00, 0x00, 0x00, 0x00,
    0x00, 0x00, 0x00, 0x00, 0x00, 0x00, 0x00, 0x00, 0x00, 0x00, 0x00, 0x00, 0x00, 0x00, 0x00, 0x00,
    0x00, 0x00, 0x00, 0x00, 0x00, 0x00, 0x00, 0x00, 0x00, 0x00, 0x00, 0x00, 0x00, 0x00, 0x00, 0x00,
    0x00, 0x00, 0x00, 0x00, 0x00, 0x00, 0x00, 0x00, 0x00, 0x00, 0x00, 0x00, 0x00, 0x00, 0x00, 0x00,
    0x00, 0x00, 0x00, 0x00, 0x00, 0x00, 0x00, 0x00, 0x00, 0x00, 0x00, 0x00, 0x00, 0x00, 0x00, 0x00,
    0x00, 0x00, 0x00, 0x00, 0x00, 0x00, 0x00, 0x00, 0x00, 0x00, 0x00, 0x00, 0x00, 0x00, 0x00, 0x00,
    0x00, 0x00, 0x00, 0x00, 0x00, 0x00, 0x00, 0x00, 0x00, 0x00, 0x00, 0x00, 0x00, 0x00, 0x00, 0x00,
    0x00, 0x00, 0x00, 0x00, 0x00, 0x00, 0x00, 0x00, 0x00, 0x00, 0x00, 0x00, 0x00, 0x00, 0x00, 0x00,
    0x00, 0x00, 0x00, 0x00, 0x00, 0x00, 0x00, 0x00, 0x00, 0x00, 0x00, 0x00, 0x00, 0x00, 0x00, 0x00,
    0x00, 0x00, 0x00, 0x00, 0x00, 0x00, 0x00, 0x00, 0x00, 0x00, 0x00, 0x00, 0x00, 0x00, 0x00, 0x00,
    0x00, 0x00, 0x00, 0x00, 0x00, 0x00, 0x00, 0x00, 0x00, 0x00, 0x00, 0x00, 0x00, 0x00, 0x00, 0x00,
    0x00, 0x00, 0x00, 0x00, 0x00, 0x00, 0x00, 0x00, 0x00, 0x00, 0x00, 0x00, 0x00, 0x00, 0x00, 0x00,
    0x00, 0x00, 0x00, 0x00, 0x00, 0x00, 0x00, 0x00, 0x00, 0x00, 0x00, 0x00, 0x00, 0x00, 0x00, 0x00,
    0x00, 0x00, 0x00, 0x00, 0x00, 0x00, 0x00, 0x00, 0x00, 0x00, 0x00, 0x00, 0x00, 0x00, 0x00, 0x00,
    0x00, 0x00, 0x00, 0x00, 0x00, 0x00, 0x00, 0x00, 0x00, 0x00, 0x00, 0x00, 0x00, 0x00, 0x00, 0x00,
    0x00, 0x00, 0x00, 0x00, 0x00, 0x00, 0x00, 0x00, 0x00, 0x00, 0x00, 0x00, 0x00, 0x00, 0x00, 0x00,
    0x00, 0x00, 0x00, 0x00, 0x00, 0x00, 0x00, 0x00, 0x00, 0x00, 0x00, 0x00, 0x00, 0x00, 0x00, 0x00,
    0x00, 0x00, 0x00, 0x00, 0x00, 0x00, 0x00, 0x00, 0x00, 0x00, 0x00, 0x00, 0x00, 0x00, 0x00, 0x00,
    0x00, 0x00, 0x00, 0x00, 0x00, 0x00, 0x00, 0x00, 0x00, 0x00, 0x00, 0x00, 0x00, 0x00, 0x00, 0x00,
    0x00, 0x00, 0x00, 0x00, 0x00, 0x00, 0x00, 0x00, 0x00, 0x00, 0x00, 0x00, 0x00, 0x00, 0x00, 0x00,
    0x00, 0x00, 0x00, 0x00, 0x00, 0x00, 0x00, 0x00, 0x00, 0x00, 0x00, 0x00, 0x00, 0x00, 0x00, 0x00,
    0x00, 0x00, 0x00, 0x00, 0x00, 0x00, 0x00, 0x00, 0x08, 0xff, 0x00, 0x01, 0x08, 0x1c, 0x48, 0xb0,
    0x60, 0xc1, 0x00, 0x01, 0x0c, 0x2a, 0x5c, 0xc8, 0xb0, 0xa1, 0xc3, 0x87, 0x10, 0x23, 0x4a, 0x9c,
    0x48, 0xd1, 0x60, 0x00, 0x04, 0x0d, 0x1c, 0x24, 0x10, 0x50, 0xb1, 0xa3, 0xc7, 0x8f, 0x20, 0x43,
    0x56, 0x0c, 0xc0, 0xe0, 0x81, 0xc9, 0x07, 0x0e, 0x06, 0x88, 0x5c, 0xc9, 0xb2, 0xa5, 0x4b, 0x86,
    0x24, 0x4f, 0x9e, 0x4c, 0xf9, 0xb2, 0xa6, 0xcd, 0x9b, 0x12, 0x07, 0x38, 0x90, 0xc9, 0xd3, 0x00,
    0xce, 0x9f, 0x40, 0x71, 0xea, 0xe4, 0x49, 0xd4, 0x67, 0xd0, 0xa3, 0x48, 0x3f, 0x0e, 0x25, 0x5a,
    0x34, 0xa9, 0xd3, 0xa7, 0x0e, 0x97, 0x32, 0x6d, 0x0a, 0xb5, 0x6a, 0x55, 0x03, 0x53, 0x17, 0x24,
    0x98, 0x9a, 0xc0, 0xaa, 0x57, 0xa4, 0x58, 0x99, 0x32, 0x48, 0xb8, 0x95, 0x69, 0xd7, 0xaf, 0x68,
    0x6d, 0x86, 0x25, 0x3a, 0x76, 0x60, 0x59, 0xa2, 0x67, 0xd3, 0xca, 0x15, 0xb9, 0x96, 0x67, 0x5b,
    0x82, 0x6f, 0x79, 0xc6, 0x9d, 0x0b, 0x72, 0x00, 0x01, 0x84, 0x80, 0x03, 0x0b, 0x1e, 0x4c, 0x58,
    0xb0, 0xdf, 0x84, 0x0b, 0xf3, 0xca, 0x4c, 0x80, 0xb8, 0xe0, 0x81, 0xa9, 0x77, 0xf9, 0x8e, 0x5c,
    0x60, 0xd2, 0x81, 0xe5, 0xcb, 0x98, 0x33, 0x6b, 0xde, 0x8c, 0xd9, 0x64, 0x03, 0x95, 0x06, 0x15,
    0x9f, 0xdc, 0x6b, 0xb0, 0xae, 0xcc, 0xc8, 0x92, 0x25, 0x96, 0x9c, 0xca, 0xba, 0x75, 0x6b, 0x07,
    0x1c, 0xf1, 0x72, 0x7d, 0x68, 0xfa, 0x24, 0xea, 0xd4, 0x51, 0x5d, 0xeb, 0xde, 0x2d, 0xf3, 0x80,
    0x6c, 0xb3, 0x11, 0x6b, 0x9b, 0xbc, 0x8d, 0x7b, 0x21, 0x01, 0xde, 0xc8, 0x5d, 0x23, 0x10, 0x18,
    0x93, 0xa9, 0x6f, 0x89, 0x04, 0x76, 0x12, 0xa5, 0x59, 0xbc, 0x61, 0x00, 0xe9, 0xc9, 0xb3, 0xcb,
    0x54, 0xd9, 0x9c, 0xea, 0x44, 0xa9, 0x32, 0xa9, 0x57, 0xff, 0x5f, 0x08, 0x5e, 0x3b, 0x72, 0xa3,
    0xab, 0xbd, 0x53, 0x2c, 0x5f, 0x39, 0xf6, 0x78, 0x85, 0x02, 0x0e, 0xc8, 0x47, 0x40, 0xbf, 0xbe,
    0xfd, 0xfb, 0xf8, 0xf3, 0xd3, 0x97, 0x7f, 0x00, 0xf4, 0x80, 0xa9, 0x46, 0x79, 0xc4, 0xde, 0x03,
    0xcf, 0xbd, 0xf7, 0xd5, 0x71, 0x3c, 0x39, 0x40, 0x80, 0x48, 0x02, 0xa4, 0x77, 0xd2, 0x72, 0x06,
    0x7e, 0x75, 0x1d, 0x4f, 0x0b, 0xae, 0x34, 0xe1, 0x76, 0x11, 0xa2, 0x25, 0x55, 0x80, 0x2b, 0x6d,
    0x98, 0x61, 0x5a, 0xf1, 0xf5, 0x57, 0x53, 0x88, 0xa0, 0x7d, 0x68, 0xe2, 0x89, 0x28, 0xa6, 0xa8,
    0xe2, 0x8a, 0x2c, 0xb6, 0xe8, 0xe2, 0x8b, 0x30, 0xc6, 0x28, 0x23, 0x5a, 0x01, 0x08, 0x30, 0xc0,
    0x8d, 0x03, 0x08, 0xd0, 0xd8, 0x8c, 0x2f, 0xd5, 0x88, 0x63, 0x8e, 0x3b, 0x52, 0x24, 0x00, 0x01,
    0x05, 0x14, 0x60, 0xc0, 0x91, 0x48, 0x16, 0x49, 0x80, 0x8e, 0x36, 0x05, 0x20, 0x9f, 0x7b, 0x2d,
    0x39, 0x79, 0x00, 0x94, 0x2e, 0x0d, 0x59, 0x24, 0x92, 0x49, 0x16, 0xb0, 0x64, 0x90, 0x0d, 0x09,
    0x60, 0xa4, 0x01, 0x45, 0x86, 0x29, 0xe6, 0x97, 0x05, 0x94, 0xc8, 0x52, 0x73, 0xe2, 0x59, 0xb8,
    0x5a, 0x9a, 0x2b, 0x79, 0x79, 0xe4, 0x98, 0x63, 0xbe, 0x69, 0x26, 0x43, 0x03, 0x80, 0x09, 0xe7,
    0x9d, 0x57, 0x56, 0xc8, 0xd2, 0x63, 0x33, 0x71, 0x69, 0x90, 0x8d, 0x10, 0x51, 0x76, 0xd2, 0x02,
    0x2e, 0xd5, 0x89, 0x27, 0x9e, 0x06, 0xe8, 0x49, 0x9e, 0x9d, 0x87, 0xde, 0x99, 0x68, 0x4b, 0x08,
    0xd8, 0xe5, 0x27, 0x73, 0x0a, 0x0c, 0x37, 0x67, 0x41, 0x8a, 0x11, 0xca, 0x92, 0xa1, 0x8d, 0x3a,
    0xaa, 0xa8, 0x41, 0x9d, 0x76, 0x3a, 0x69, 0x45, 0x02, 0x60, 0x67, 0x12, 0x69, 0x03, 0x75, 0x87,
    0xd2, 0xa5, 0x02, 0xd5, 0x56, 0x40, 0x4b, 0xa1, 0x36, 0xc0, 0x3a, 0x6a, 0xac, 0x88, 0x8e, 0x5a,
    0x51, 0x79, 0x10, 0x12, 0x34, 0x80, 0x83, 0x95, 0xbd, 0x5a, 0x50, 0x01, 0xea, 0x89, 0x44, 0xab,
    0xa3, 0xa3, 0x72, 0x3a, 0xac, 0x91, 0xbe, 0xb6, 0x54, 0x1e, 0x87, 0x03, 0x9a, 0xc4, 0xac, 0xa9,
    0x0f, 0x70, 0xd8, 0x21, 0xa3, 0xc3, 0x82, 0xe9, 0x10, 0x01, 0xd4, 0x86, 0x0a, 0xa6, 0xad, 0x1e,
    0x01, 0x4b, 0xa1, 0x40, 0xcd, 0x9e, 0x64, 0xd4, 0x85, 0x0f, 0xda, 0x84, 0xed, 0xb1, 0xdb, 0x3e,
    0x84, 0x6d, 0xb6, 0x8e, 0x26, 0xca, 0xed, 0x47, 0x7c, 0xce, 0x24, 0x40, 0xa9, 0x76, 0x09, 0x2a,
    0x93, 0x4f, 0xbc, 0x2a, 0x80, 0xd3, 0xba, 0xda, 0xba, 0x1b, 0x51, 0x00, 0x03, 0x7c, 0x89, 0x25,
    0x96, 0x5a, 0x52, 0x59, 0x93, 0x62, 0x0d, 0x34, 0x20, 0x29, 0x00, 0xa2, 0xf1, 0x4a, 0x9c, 0x4b,
    0x00, 0x0b, 0x3c, 0xf0, 0x9b, 0x4b, 0x76, 0xe4, 0x23, 0x01, 0x18, 0x13, 0x70, 0x23, 0x93, 0x47,
    0xd9, 0x2b, 0x56, 0x63, 0xa2, 0x85, 0xf7, 0xee, 0x99, 0x36, 0x66, 0xac, 0x31, 0x90, 0x2d, 0xaa,
    0x7a, 0x5a, 0x90, 0x21, 0xaf, 0xca, 0xa3, 0x55, 0xf4, 0xf2, 0xb4, 0x80, 0x9f, 0x91, 0x12, 0x95,
    0xec, 0xcb, 0x50, 0xfd, 0xb7, 0x58, 0x43, 0xa6, 0x15, 0x88, 0xf3, 0x55, 0xa3, 0xd1, 0x16, 0xf4,
    0xcf, 0x5f, 0xc5, 0xf7, 0x29, 0x43, 0x46, 0x9f, 0x18, 0x10, 0x00, 0x21, 0xf9, 0x04, 0x04, 0x0c,
    0x00, 0x00, 0x00, 0x2c, 0x15, 0x00, 0x1f, 0x00, 0x94, 0x00, 0x2f, 0x00, 0x87, 0x00, 0x00, 0x00,
    0x0d, 0x03, 0x03, 0x1a, 0x06, 0x06, 0x26, 0x09, 0x0a, 0x33, 0x0d, 0x0d, 0x40, 0x10, 0x10, 0x4d,
    0x13, 0x13, 0x5a, 0x16, 0x16, 0x66, 0x19, 0x1a, 0x73, 0x1c, 0x1d, 0x80, 0x1f, 0x20, 0x8d, 0x22,
    0x23, 0x9a, 0x26, 0x26, 0xa6, 0x29, 0x2a, 0xb3, 0x2c, 0x2d, 0xc0, 0x2f, 0x30, 0x00, 0x00, 0x00,
    0x00, 0x00, 0x00, 0x00, 0x00, 0x00, 0x00, 0x00, 0x00, 0x00, 0x00, 0x00, 0x00, 0x00, 0x00, 0x00,
    0x00, 0x00, 0x00, 0x00, 0x00, 0x00, 0x00, 0x00, 0x00, 0x00, 0x00, 0x00, 0x00, 0x00, 0x00, 0x00,
    0x00, 0x00, 0x00, 0x00, 0x00, 0x00, 0x00, 0x00, 0x00, 0x00, 0x00, 0x00, 0x00, 0x00, 0x00, 0x00,
    0x00, 0x00, 0x00, 0x00, 0x00, 0x00, 0x00, 0x00, 0x00, 0x00, 0x00, 0x00, 0x00, 0x00, 0x00, 0x00,
    0x00, 0x00, 0x00, 0x00, 0x00, 0x00, 0x00, 0x00, 0x00, 0x00, 0x00, 0x00, 0x00, 0x00, 0x00, 0x00,
    0x00, 0x00, 0x00, 0x00, 0x00, 0x00, 0x00, 0x00, 0x00, 0x00, 0x00, 0x00, 0x00, 0x00, 0x00, 0x00,
    0x00, 0x00, 0x00, 0x00, 0x00, 0x00, 0x00, 0x00, 0x00, 0x00, 0x00, 0x00, 0x00, 0x00, 0x00, 0x00,
    0x00, 0x00, 0x00, 0x00, 0x00, 0x00, 0x00, 0x00, 0x00, 0x00, 0x00, 0x00, 0x00, 0x00, 0x00, 0x00,
    0x00, 0x00, 0x00, 0x00, 0x00, 0x00, 0x00, 0x00, 0x00, 0x00, 0x00, 0x00, 0x00, 0x00, 0x00, 0x00,
    0x00, 0x00, 0x00, 0x00, 0x00, 0x00, 0x00, 0x00, 0x00, 0x00, 0x00, 0x00, 0x00, 0x00, 0x00, 0x00,
    0x00, 0x00, 0x00, 0x00, 0x00, 0x00, 0x00, 0x00, 0x00, 0x00, 0x00, 0x00, 0x00, 0x00, 0x00, 0x00,
    0x00, 0x00, 0x00, 0x00, 0x00, 0x00, 0x00, 0x00, 0x00, 0x00, 0x00, 0x00, 0x00, 0x00, 0x00, 0x00,
    0x00, 0x00, 0x00, 0x00, 0x00, 0x00, 0x00, 0x00, 0x00, 0x00, 0x00, 0x00, 0x00, 0x00, 0x00, 0x00,
    0x00, 0x00, 0x00, 0x00, 0x00, 0x00, 0x00, 0x00, 0x00, 0x00, 0x00, 0x00, 0x00, 0x00, 0x00, 0x00,
    0x00, 0x00, 0x00, 0x00, 0x00, 0x00, 0x00, 0x00, 0x00, 0x00, 0x00, 0x00, 0x00, 0x00, 0x00, 0x00,
    0x00, 0x00, 0x00, 0x00, 0x00, 0x00, 0x00, 0x00, 0x00, 0x00, 0x00, 0x00, 0x00, 0x00, 0x00, 0x00,
    0x00, 0x00, 0x00, 0x00, 0x00, 0x00, 0x00, 0x00, 0x00, 0x00, 0x00, 0x00, 0x00, 0x00, 0x00, 0x00,
    0x00, 0x00, 0x00, 0x00, 0x00, 0x00, 0x00, 0x00, 0x00, 0x00, 0x00, 0x00, 0x00, 0x00, 0x00, 0x00,
    0x00, 0x00, 0x00, 0x00, 0x00, 0x00, 0x00, 0x00, 0x00, 0x00, 0x00, 0x00, 0x00, 0x00, 0x00, 0x00,
    0x00, 0x00, 0x00, 0x00, 0x00, 0x00, 0x00, 0x00, 0x00, 0x00, 0x00, 0x00, 0x00, 0x00, 0x00, 0x00,
    0x00, 0x00, 0x00, 0x00, 0x00, 0x00, 0x00, 0x00, 0x00, 0x00, 0x00, 0x00, 0x00, 0x00, 0x00, 0x00,
    0x00, 0x00, 0x00, 0x00, 0x00, 0x00, 0x00, 0x00, 0x00, 0x00, 0x00, 0x00, 0x00, 0x00, 0x00, 0x00,
    0x00, 0x00, 0x00, 0x00, 0x00, 0x00, 0x00, 0x00, 0x00, 0x00, 0x00, 0x00, 0x00, 0x00, 0x00, 0x00,
    0x00, 0x00, 0x00, 0x00, 0x00, 0x00, 0x00, 0x00, 0x00, 0x00, 0x00, 0x00, 0x00, 0x00, 0x00, 0x00,
    0x00, 0x00, 0x00, 0x00, 0x00, 0x00, 0x00, 0x00, 0x00, 0x00, 0x00, 0x00, 0x00, 0x00, 0x00, 0x00,
    0x00, 0x00, 0x00, 0x00, 0x00, 0x00, 0x00, 0x00, 0x00, 0x00, 0x00, 0x00, 0x00, 0x00, 0x00, 0x00,
    0x00, 0x00, 0x00, 0x00, 0x00, 0x00, 0x00, 0x00, 0x00, 0x00, 0x00, 0x00, 0x00, 0x00, 0x00, 0x00,
    0x00, 0x00, 0x00, 0x00, 0x00, 0x00, 0x00, 0x00, 0x00, 0x00, 0x00, 0x00, 0x00, 0x00, 0x00, 0x00,
    0x00, 0x00, 0x00, 0x00, 0x00, 0x00, 0x00, 0x00, 0x00, 0x00, 0x00, 0x00, 0x00, 0x00, 0x00, 0x00,
    0x00, 0x00, 0x00, 0x00, 0x00, 0x00, 0x00, 0x00, 0x00, 0x00, 0x00, 0x00, 0x00, 0x00, 0x00, 0x00,
    0x00, 0x00, 0x00, 0x00, 0x00, 0x00, 0x00, 0x00, 0x00, 0x00, 0x00, 0x00, 0x00, 0x00, 0x00, 0x00,
    0x00, 0x00, 0x00, 0x00, 0x00, 0x00, 0x00, 0x00, 0x00, 0x00, 0x00, 0x00, 0x00, 0x00, 0x00, 0x00,
    0x00, 0x00, 0x00, 0x00, 0x00, 0x00, 0x00, 0x00, 0x00, 0x00, 0x00, 0x00, 0x00, 0x00, 0x00, 0x00,
    0x00, 0x00, 0x00, 0x00, 0x00, 0x00, 0x00, 0x00, 0x00, 0x00, 0x00, 0x00, 0x00, 0x00, 0x00, 0x00,
    0x00, 0x00, 0x00, 0x00, 0x00, 0x00, 0x00, 0x00, 0x00, 0x00, 0x00, 0x00, 0x00, 0x00, 0x00, 0x00,
    0x00, 0x00, 0x00, 0x00, 0x00, 0x00, 0x00, 0x00, 0x00, 0x00, 0x00, 0x00, 0x00, 0x00, 0x00, 0x00,
    0x00, 0x00, 0x00, 0x00, 0x00, 0x00, 0x00, 0x00, 0x00, 0x00, 0x00, 0x00, 0x00, 0x00, 0x00, 0x00,
    0x00, 0x00, 0x00, 0x00, 0x00, 0x00, 0x00, 0x00, 0x00, 0x00, 0x00, 0x00, 0x00, 0x00, 0x00, 0x00,
    0x00, 0x00, 0x00, 0x00, 0x00, 0x00, 0x00, 0x00, 0x00, 0x00, 0x00, 0x00, 0x00, 0x00, 0x00, 0x00,
    0x00, 0x00, 0x00, 0x00, 0x00, 0x00, 0x00, 0x00, 0x00, 0x00, 0x00, 0x00, 0x00, 0x00, 0x00, 0x00,
    0x00, 0x00, 0x00, 0x00, 0x00, 0x00, 0x00, 0x00, 0x00, 0x00, 0x00, 0x00, 0x00, 0x00, 0x00, 0x00,
    0x00, 0x00, 0x00, 0x00, 0x00, 0x00, 0x00, 0x00, 0x00, 0x00, 0x00, 0x00, 0x00, 0x00, 0x00, 0x00,
    0x00, 0x00, 0x00, 0x00, 0x00, 0x00, 0x00, 0x00, 0x00, 0x00, 0x00, 0x00, 0x00, 0x00, 0x00, 0x00,
    0x00, 0x00, 0x00, 0x00, 0x00, 0x00, 0x00, 0x00, 0x00, 0x00, 0x00, 0x00, 0x00, 0x00, 0x00, 0x00,
    0x00, 0x00, 0x00, 0x00, 0x00, 0x00, 0x00, 0x00, 0x00, 0x00, 0x00, 0x00, 0x00, 0x08, 0xff, 0x00,
    0x01, 0x08, 0x1c, 0x48, 0xb0, 0x60, 0xc1, 0x01, 0x04, 0x0c, 0x2a, 0x5c, 0xc8, 0xb0, 0xa1, 0xc3,
    0x87, 0x10, 0x23, 0x4a, 0x9c, 0x48, 0xd1, 0xe0, 0x80, 0x05, 0x0f, 0x1e, 0x30, 0x28, 0x50, 0xb1,
    0xa3, 0xc7, 0x8f, 0x20, 0x43, 0x56, 0x1c, 0xe0, 0x20, 0xa3, 0x49, 0x03, 0x22, 0x53, 0xaa, 0x5c,
    0xc9, 0x92, 0x21, 0x81, 0x92, 0x26, 0x4d, 0x1e, 0x68, 0x49, 0xb3, 0xa6, 0x4d, 0x89, 0x06, 0x62,
    0xea, 0x7c, 0x90, 0xe0, 0xa6, 0xcf, 0x9f, 0x37, 0x73, 0xee, 0xd4, 0xd9, 0x13, 0xa8, 0xd1, 0xa3,
    0x1f, 0x85, 0x0e, 0x25, 0x8a, 0xb4, 0xa9, 0x53, 0x87, 0x07, 0x96, 0x2e, 0x4d, 0x10, 0xe0, 0xa9,
    0x55, 0xab, 0x09, 0x96, 0x22, 0x50, 0xaa, 0x93, 0x41, 0xd5, 0xab, 0x60, 0x81, 0x66, 0x1d, 0x5a,
    0x94, 0x6b, 0x4c, 0xaf, 0x61, 0xd3, 0xd6, 0x1c, 0xbb, 0xb3, 0xa8, 0x40, 0xb3, 0x26, 0xd1, 0xaa,
    0x9d, 0x1b, 0x32, 0x00, 0x5b, 0xa6, 0x05, 0xe1, 0x66, 0x64, 0x20, 0x80, 0x6e, 0x48, 0x01, 0x07,
    0x0e, 0x10, 0x18, 0x4c, 0xb8, 0xb0, 0xe1, 0xc3, 0x88, 0x0b, 0x07, 0x1e, 0xb0, 0x30, 0x00, 0x83,
    0xa5, 0x28, 0x15, 0x92, 0x1c, 0xea, 0x80, 0xb1, 0xdf, 0x8e, 0x93, 0xa5, 0x6a, 0xde, 0xbc, 0x33,
    0x32, 0x41, 0xc7, 0x90, 0x1b, 0x66, 0xd6, 0x59, 0xf9, 0x32, 0xc5, 0x00, 0x30, 0x39, 0xab, 0xe6,
    0x6c, 0x59, 0x20, 0xe8, 0xa1, 0x9e, 0x19, 0x8e, 0x8e, 0x59, 0xda, 0x74, 0x44, 0x02, 0xab, 0x73,
    0x6f, 0x46, 0x30, 0x50, 0xc0, 0x63, 0xd8, 0x11, 0x67, 0x9b, 0x74, 0x90, 0xd0, 0xf6, 0xc3, 0x01,
    0xba, 0x93, 0x0f, 0x9d, 0x09, 0x40, 0x78, 0xc6, 0xda, 0x11, 0x5f, 0x77, 0x36, 0xfe, 0xf0, 0xb7,
    0x72, 0xe5, 0x0e, 0xfa, 0x3a, 0x7f, 0x00, 0x5d, 0xa2, 0x74, 0x9d, 0xb1, 0xa9, 0x1b, 0xff, 0x0c,
    0x80, 0xf1, 0xba, 0xee, 0x06, 0x8c, 0x51, 0x53, 0x6e, 0x7d, 0xda, 0xba, 0x4e, 0xf6, 0xe2, 0x2d,
    0x26, 0x9e, 0x4f, 0x3f, 0xf1, 0x57, 0xdc, 0x3b, 0xbb, 0x57, 0xfc, 0x6e, 0x92, 0x77, 0xfc, 0xb4,
    0xc8, 0x75, 0xf5, 0x55, 0x48, 0x77, 0x65, 0xc4, 0xdc, 0x7f, 0x61, 0xb9, 0x97, 0xdd, 0x4a, 0x0a,
    0xf6, 0x85, 0x60, 0x58, 0xe4, 0x65, 0x84, 0x1e, 0x4b, 0x11, 0x3e, 0x30, 0xe1, 0x83, 0x6a, 0x21,
    0x34, 0x20, 0x4b, 0x1a, 0x62, 0xe8, 0xe1, 0x87, 0x20, 0x86, 0x28, 0xe2, 0x88, 0x24, 0x96, 0x68,
    0xe2, 0x89, 0x28, 0xa6, 0xa8, 0xa2, 0x5a, 0x01, 0x08, 0x80, 0x10, 0x61, 0x03, 0x0c, 0x20, 0xc0,
    0x86, 0x2b, 0xa6, 0xd4, 0xe2, 0x8b, 0x83, 0xc5, 0x38, 0xe3, 0x7e, 0x03, 0x14, 0x60, 0xc0, 0x8f,
    0x40, 0x06, 0x59, 0x00, 0x01, 0x0e, 0xb6, 0x34, 0x80, 0x02, 0x0b, 0x70, 0x64, 0x24, 0x92, 0x4a,
    0xb6, 0x14, 0x40, 0x8f, 0x41, 0x46, 0x69, 0xc0, 0x90, 0x45, 0x3e, 0x44, 0xc0, 0x8f, 0x05, 0x64,
    0xa9, 0xe5, 0x96, 0x59, 0xfe, 0x48, 0x00, 0x8d, 0x7f, 0xa5, 0x16, 0x5e, 0x48, 0xa3, 0x35, 0xa9,
    0xd2, 0x95, 0x53, 0x72, 0xa9, 0xa6, 0x97, 0x60, 0x1a, 0x74, 0xa5, 0x9a, 0x70, 0x6a, 0x39, 0x65,
    0x9b, 0x1e, 0x21, 0xf0, 0x9e, 0x43, 0x01, 0x18, 0x70, 0x40, 0x95, 0x0a, 0x05, 0xd0, 0x40, 0x4c,
    0x0b, 0xb0, 0xf4, 0x66, 0x9c, 0x70, 0xce, 0x29, 0x5a, 0x9a, 0x84, 0x16, 0x6a, 0x66, 0x48, 0x51,
    0xd1, 0xc6, 0x27, 0x41, 0x03, 0xfc, 0xc9, 0xdd, 0x98, 0x04, 0xb9, 0xf7, 0x40, 0xa0, 0x2a, 0x0d,
    0x80, 0x68, 0xa2, 0x5c, 0x4e, 0xd9, 0x10, 0xa7, 0x89, 0x1a, 0x40, 0xe7, 0x7e, 0x96, 0xca, 0x75,
    0x50, 0x6a, 0x19, 0x51, 0x0a, 0x40, 0x81, 0xfa, 0x81, 0x04, 0x2a, 0xa1, 0xa2, 0x32, 0xbb, 0xf4,
    0x2a, 0xa1, 0xa3, 0x92, 0xaa, 0x13, 0xa6, 0x04, 0x19, 0x80, 0x6a, 0x7f, 0x06, 0xd9, 0x49, 0x1b,
    0x7c, 0x21, 0xcd, 0x1a, 0xe7, 0xa8, 0x9a, 0x0a, 0x2b, 0x67, 0x71, 0x2b, 0xf1, 0xe7, 0x16, 0x00,
    0x7a, 0x99, 0xb4, 0xac, 0x59, 0xad, 0x92, 0xb9, 0xe9, 0xac, 0x06, 0x20, 0xbb, 0x50, 0xb1, 0xc2,
    0x56, 0x5b, 0x93, 0x70, 0xcc, 0x35, 0x1b, 0x53, 0x51, 0x01, 0xc6, 0xa4, 0xaa, 0xb4, 0xc6, 0x6a,
    0xfb, 0x90, 0x00, 0x3e, 0x4e, 0xdb, 0xe9, 0x94, 0xc0, 0xae, 0x84, 0x5f, 0x4c, 0x04, 0x14, 0xb0,
    0x93, 0x02, 0x8d, 0x7e, 0x2b, 0xc0, 0xae, 0xfe, 0xd5, 0x84, 0x2e, 0x96, 0xb0, 0xb2, 0x3b, 0x91,
    0x00, 0xf1, 0xa6, 0x2b, 0x24, 0x95, 0xb5, 0xa6, 0x04, 0x6d, 0x5b, 0x6f, 0xe5, 0x87, 0x97, 0x4f,
    0x00, 0x77, 0x19, 0x65, 0x96, 0x44, 0x16, 0xcc, 0xd0, 0x8d, 0x31, 0xca, 0x28, 0x31, 0x4b, 0xbe,
    0x4e, 0x95, 0xab, 0x66, 0x0c, 0x34, 0x45, 0xb1, 0x8e, 0x17, 0x23, 0x58, 0xa0, 0xb3, 0x06, 0x35,
    0x6b, 0x6a, 0x8d, 0x4e, 0xf1, 0xf7, 0xc0, 0x81, 0x05, 0x15, 0xb0, 0x6b, 0xb4, 0x28, 0x1f, 0xa5,
    0xde, 0x49, 0xa2, 0xa1, 0x6a, 0x6d, 0xcc, 0x4f, 0x0d, 0xf0, 0x98, 0x03, 0xe3, 0x0e, 0xa4, 0xf3,
    0xa4, 0x38, 0xab, 0xf5, 0xa5, 0x44, 0x43, 0x7b, 0x18, 0x10, 0x00, 0x21, 0xf9, 0x04, 0x04, 0x08,
    0x00, 0x00, 0x00, 0x2c, 0x15, 0x00, 0x1f, 0x00, 0x94, 0x00, 0x2f, 0x00, 0x87, 0x00, 0x00, 0x00,
    0x0d, 0x03, 0x03, 0x1a, 0x06, 0x06, 0x26, 0x09, 0x0a, 0x33, 0x0d, 0x0d, 0x40, 0x10, 0x10, 0x4d,
    0x13, 0x13, 0x5a, 0x16, 0x16, 0x66, 0x19, 0x1a, 0x73, 0x1c, 0x1d, 0x80, 0x1f, 0x20, 0x8d, 0x22,
    0x23, 0x9a, 0x26, 0x26, 0xa6, 0x29, 0x2a, 0xb3, 0x2c, 0x2d, 0xc0, 0x2f, 0x30, 0x00, 0x00, 0x00,
    0x00, 0x00, 0x00, 0x00, 0x00, 0x00, 0x00, 0x00, 0x00, 0x00, 0x00, 0x00, 0x00, 0x00, 0x00, 0x00,
    0x00, 0x00, 0x00, 0x00, 0x00, 0x00, 0x00, 0x00, 0x00, 0x00, 0x00, 0x00, 0x00, 0x00, 0x00, 0x00,
    0x00, 0x00, 0x00, 0x00, 0x00, 0x00, 0x00, 0x00, 0x00, 0x00, 0x00, 0x00, 0x00, 0x00, 0x00, 0x00,
    0x00, 0x00, 0x00, 0x00, 0x00, 0x00, 0x00, 0x00, 0x00, 0x00, 0x00, 0x00, 0x00, 0x00, 0x00, 0x00,
    0x00, 0x00, 0x00, 0x00, 0x00, 0x00, 0x00, 0x00, 0x00, 0x00, 0x00, 0x00, 0x00, 0x00, 0x00, 0x00,
    0x00, 0x00, 0x00, 0x00, 0x00, 0x00, 0x00, 0x00, 0x00, 0x00, 0x00, 0x00, 0x00, 0x00, 0x00, 0x00,
    0x00, 0x00, 0x00, 0x00, 0x00, 0x00, 0x00, 0x00, 0x00, 0x00, 0x00, 0x00, 0x00, 0x00, 0x00, 0x00,
    0x00, 0x00, 0x00, 0x00, 0x00, 0x00, 0x00, 0x00, 0x00, 0x00, 0x00, 0x00, 0x00, 0x00, 0x00, 0x00,
    0x00, 0x00, 0x00, 0x00, 0x00, 0x00, 0x00, 0x00, 0x00, 0x00, 0x00, 0x00, 0x00, 0x00, 0x00, 0x00,
    0x00, 0x00, 0x00, 0x00, 0x00, 0x00, 0x00, 0x00, 0x00, 0x00, 0x00, 0x00, 0x00, 0x00, 0x00, 0x00,
    0x00, 0x00, 0x00, 0x00, 0x00, 0x00, 0x00, 0x00, 0x00, 0x00, 0x00, 0x00, 0x00, 0x00, 0x00, 0x00,
    0x00, 0x00, 0x00, 0x00, 0x00, 0x00, 0x00, 0x00, 0x00, 0x00, 0x00, 0x00, 0x00, 0x00, 0x00, 0x00,
    0x00, 0x00, 0x00, 0x00, 0x00, 0x00, 0x00, 0x00, 0x00, 0x00, 0x00, 0x00, 0x00, 0x00, 0x00, 0x00,
    0x00, 0x00, 0x00, 0x00, 0x00, 0x00, 0x00, 0x00, 0x00, 0x00, 0x00, 0x00, 0x00, 0x00, 0x00, 0x00,
    0x00, 0x00, 0x00, 0x00, 0x00, 0x00, 0x00, 0x00, 0x00, 0x00, 0x00, 0x00, 0x00, 0x00, 0x00, 0x00,
    0x00, 0x00, 0x00, 0x00, 0x00, 0x00, 0x00, 0x00, 0x00, 0x00, 0x00, 0x00, 0x00, 0x00, 0x00, 0x00,
    0x00, 0x00, 0x00, 0x00, 0x00, 0x00, 0x00, 0x00, 0x00, 0x00, 0x00, 0x00, 0x00, 0x00, 0x00, 0x00,
    0x00, 0x00, 0x00, 0x00, 0x00, 0x00, 0x00, 0x00, 0x00, 0x00, 0x00, 0x00, 0x00, 0x00, 0x00, 0x00,
    0x00, 0x00, 0x00, 0x00, 0x00, 0x00, 0x00, 0x00, 0x00, 0x00, 0x00, 0x00, 0x00, 0x00, 0x00, 0x00,
    0x00, 0x00, 0x00, 0x00, 0x00, 0x00, 0x00, 0x00, 0x00, 0x00, 0x00, 0x00, 0x00, 0x00, 0x00, 0x00,
    0x00, 0x00, 0x00, 0x00, 0x00, 0x00, 0x00, 0x00, 0x00, 0x00, 0x00, 0x00, 0x00, 0x00, 0x00, 0x00,
    0x00, 0x00, 0x00, 0x00, 0x00, 0x00, 0x00, 0x00, 0x00, 0x00, 0x00, 0x00, 0x00, 0x00, 0x00, 0x00,
    0x00, 0x00, 0x00, 0x00, 0x00, 0x00, 0x00, 0x00, 0x00, 0x00, 0x00, 0x00, 0x00, 0x00, 0x00, 0x00,
    0x00, 0x00, 0x00, 0x00, 0x00, 0x00, 0x00, 0x00, 0x00, 0x00, 0x00, 0x00, 0x00, 0x00, 0x00, 0x00,
    0x00, 0x00, 0x00, 0x00, 0x00, 0x00, 0x00, 0x00, 0x00, 0x00, 0x00, 0x00, 0x00, 0x00, 0x00, 0x00,
    0x00, 0x00, 0x00, 0x00, 0x00, 0x00, 0x00, 0x00, 0x00, 0x00, 0x00, 0x00, 0x00, 0x00, 0x00, 0x00,
    0x00, 0x00, 0x00, 0x00, 0x00, 0x00, 0x00, 0x00, 0x00, 0x00, 0x00, 0x00, 0x00, 0x00, 0x00, 0x00,
    0x00, 0x00, 0x00, 0x00, 0x00, 0x00, 0x00, 0x00, 0x00, 0x00, 0x00, 0x00, 0x00, 0x00, 0x00, 0x00,
    0x00, 0x00, 0x00, 0x00, 0x00, 0x00, 0x00, 0x00, 0x00, 0x00, 0x00, 0x00, 0x00, 0x00, 0x00, 0x00,
    0x00, 0x00, 0x00, 0x00, 0x00, 0x00, 0x00, 0x00, 0x00, 0x00, 0x00, 0x00, 0x00, 0x00, 0x00, 0x00,
    0x00, 0x00, 0x00, 0x00, 0x00, 0x00, 0x00, 0x00, 0x00, 0x00, 0x00, 0x00, 0x00, 0x00, 0x00, 0x00,
    0x00, 0x00, 0x00, 0x00, 0x00, 0x00, 0x00, 0x00, 0x00, 0x00, 0x00, 0x00, 0x00, 0x00, 0x00, 0x00,
    0x00, 0x00, 0x00, 0x00, 0x00, 0x00, 0x00, 0x00, 0x00, 0x00, 0x00, 0x00, 0x00, 0x00, 0x00, 0x00,
    0x00, 0x00, 0x00, 0x00, 0x00, 0x00, 0x00, 0x00, 0x00, 0x00, 0x00, 0x00, 0x00, 0x00, 0x00, 0x00,
    0x00, 0x00, 0x00, 0x00, 0x00, 0x00, 0x00, 0x00, 0x00, 0x00, 0x00, 0x00, 0x00, 0x00, 0x00, 0x00,
    0x00, 0x00, 0x00, 0x00, 0x00, 0x00, 0x00, 0x00, 0x00, 0x00, 0x00, 0x00, 0x00, 0x00, 0x00, 0x00,
    0x00, 0x00, 0x00, 0x00, 0x00, 0x00, 0x00, 0x00, 0x00, 0x00, 0x00, 0x00, 0x00, 0x00, 0x00, 0x00,
    0x00, 0x00, 0x00, 0x00, 0x00, 0x00, 0x00, 0x00, 0x00, 0x00, 0x00, 0x00, 0x00, 0x00, 0x00, 0x00,
    0x00, 0x00, 0x00, 0x00, 0x00, 0x00, 0x00, 0x00, 0x00, 0x00, 0x00, 0x00, 0x00, 0x00, 0x00, 0x00,
    0x00, 0x00, 0x00, 0x00, 0x00, 0x00, 0x00, 0x00, 0x00, 0x00, 0x00, 0x00, 0x00, 0x00, 0x00, 0x00,
    0x00, 0x00, 0x00, 0x00, 0x00, 0x00, 0x00, 0x00, 0x00, 0x00, 0x00, 0x00, 0x00, 0x00, 0x00, 0x00,
    0x00, 0x00, 0x00, 0x00, 0x00, 0x00, 0x00, 0x00, 0x00, 0x00, 0x00, 0x00, 0x00, 0x00, 0x00, 0x00,
    0x00, 0x00, 0x00, 0x00, 0x00, 0x00, 0x00, 0x00, 0x00, 0x00, 0x00, 0x00, 0x00, 0x00, 0x00, 0x00,
    0x00, 0x00, 0x00, 0x00, 0x00, 0x00, 0x00, 0x00, 0x00, 0x00, 0x00, 0x00, 0x00, 0x00, 0x00, 0x00,
    0x00, 0x00, 0x00, 0x00, 0x00, 0x00, 0x00, 0x00, 0x00, 0x00, 0x00, 0x00, 0x00, 0x08, 0xff, 0x00,
    0x01, 0x08, 0x1c, 0x48, 0xb0, 0x20, 0xc1, 0x00, 0x07, 0x0e, 0x08, 0x30, 0xc8, 0xb0, 0xa1, 0xc3,
    0x87, 0x10, 0x23, 0x4a, 0x9c, 0x48, 0xb1, 0xa2, 0xc5, 0x82, 0x06, 0x1c, 0x3c, 0xd8, 0x88, 0xe0,
    0xa2, 0xc7, 0x8f, 0x20, 0x43, 0x8a, 0xbc, 0x68, 0x60, 0xa3, 0xc9, 0x07, 0x09, 0x46, 0xaa, 0x5c,
    0xc9, 0xb2, 0xa5, 0xc3, 0x03, 0x27, 0x4f, 0x2a, 0x08, 0xe0, 0xb2, 0xa6, 0xcd, 0x9b, 0x13, 0x13,
    0xc4, 0x8c, 0xc9, 0x80, 0x26, 0xce, 0x9f, 0x40, 0x6d, 0xea, 0xdc, 0xc9, 0xd3, 0x67, 0xd0, 0xa3,
    0x48, 0x3d, 0x0e, 0x25, 0x5a, 0x34, 0xa9, 0xd3, 0xa7, 0x0e, 0x03, 0x28, 0x60, 0xaa, 0x71, 0x27,
    0x83, 0x01, 0x50, 0xb3, 0x42, 0x0d, 0xc0, 0x80, 0x69, 0x81, 0x01, 0x55, 0x63, 0x3a, 0xc0, 0xaa,
    0xb5, 0x2c, 0x50, 0xae, 0x4c, 0x0d, 0x08, 0x04, 0x4b, 0x74, 0xac, 0xd9, 0xb7, 0x35, 0xd1, 0x12,
    0x55, 0x3b, 0x90, 0xed, 0x4e, 0xb7, 0x70, 0xf3, 0x8a, 0x1c, 0xd0, 0xf5, 0x2e, 0x5d, 0x82, 0x03,
    0x1a, 0xb4, 0x2d, 0xa0, 0x57, 0x64, 0x01, 0x05, 0x0b, 0x10, 0x28, 0x5e, 0xcc, 0xb8, 0xb1, 0xe3,
    0xc7, 0x8c, 0x11, 0x1f, 0x68, 0x68, 0x57, 0x2c, 0x59, 0x83, 0x72, 0x77, 0xfe, 0x2d, 0x6c, 0xb1,
    0x24, 0xd3, 0xcf, 0xa0, 0x41, 0xa7, 0x2c, 0x58, 0xf9, 0x24, 0xde, 0x86, 0x99, 0x63, 0x6e, 0xe6,
    0x2c, 0x51, 0x40, 0xe8, 0xd7, 0xb0, 0x4f, 0x12, 0xae, 0x1b, 0xd6, 0xf4, 0xe5, 0xa8, 0x7d, 0x35,
    0xb3, 0xa6, 0x48, 0x20, 0xb6, 0xef, 0xd0, 0x1d, 0x05, 0x16, 0xa8, 0x6d, 0xb2, 0xc1, 0xed, 0x87,
    0x01, 0x16, 0x30, 0x0d, 0xbe, 0x1b, 0xa2, 0xeb, 0xdf, 0xd0, 0x75, 0x03, 0xf0, 0x6c, 0xd5, 0x68,
    0x4e, 0xa6, 0xa3, 0x9b, 0x3f, 0x5c, 0x1a, 0x1d, 0x7a, 0xcf, 0xe9, 0x4c, 0xbf, 0x5f, 0xff, 0xe4,
    0x7e, 0x32, 0xbb, 0xf6, 0x86, 0x08, 0x1a, 0x38, 0x58, 0xcf, 0xbe, 0xbd, 0xfb, 0xf7, 0xf0, 0xe1,
    0xcf, 0x04, 0xf0, 0xbc, 0x3a, 0x48, 0xf2, 0x26, 0x67, 0x9f, 0x47, 0x1d, 0xa0, 0xbf, 0xff, 0xff,
    0x00, 0x06, 0x28, 0xa0, 0x80, 0x03, 0xf5, 0xb6, 0xd3, 0x02, 0xd6, 0x79, 0x84, 0x00, 0x51, 0xcc,
    0xed, 0x57, 0x56, 0x7d, 0x26, 0x99, 0x17, 0x12, 0x75, 0x26, 0xad, 0xe6, 0x60, 0x56, 0xdc, 0x89,
    0xa7, 0x52, 0x86, 0x09, 0x5e, 0x98, 0x55, 0x7a, 0x0e, 0xcc, 0xd7, 0x12, 0x88, 0x22, 0x7a, 0xf8,
    0x56, 0x7f, 0x37, 0xa1, 0x68, 0xe2, 0x8a, 0x2c, 0xb6, 0xe8, 0xe2, 0x8b, 0x30, 0xc6, 0x28, 0xe3,
    0x8c, 0x34, 0xd6, 0x68, 0xe3, 0x8d, 0x27, 0x0e, 0x40, 0x00, 0x01, 0x05, 0xf4, 0x58, 0xc0, 0x8e,
    0x03, 0x2c, 0x84, 0x93, 0x8a, 0x71, 0x75, 0xd8, 0x52, 0x00, 0x3a, 0xf2, 0xe8, 0x23, 0x90, 0x42,
    0x56, 0x34, 0x40, 0x8f, 0x06, 0x44, 0xe9, 0x23, 0x94, 0x52, 0x0e, 0x60, 0xa4, 0x48, 0x06, 0xa8,
    0xd7, 0xe0, 0x4a, 0x59, 0x3a, 0xb0, 0xe5, 0x4a, 0x4f, 0x16, 0x10, 0xa5, 0x01, 0x53, 0x8a, 0x59,
    0xe5, 0x95, 0x05, 0x05, 0x20, 0x66, 0x99, 0x6c, 0xfa, 0x48, 0x66, 0x93, 0x2a, 0x19, 0xb8, 0x91,
    0x84, 0x58, 0x9e, 0x34, 0x19, 0x4b, 0x6a, 0x92, 0xd9, 0x26, 0x9b, 0x6f, 0x42, 0x94, 0xe7, 0x9e,
    0x80, 0x1a, 0x00, 0xa7, 0x48, 0x0b, 0x9e, 0x64, 0x21, 0x69, 0x09, 0x28, 0xa0, 0x1f, 0x65, 0xb5,
    0x31, 0x80, 0xe7, 0x9a, 0x80, 0xb6, 0x29, 0xe8, 0x43, 0x04, 0xe8, 0x19, 0xe9, 0x9e, 0x2c, 0x15,
    0xb0, 0x13, 0x01, 0x0e, 0x51, 0x48, 0xe7, 0x40, 0x01, 0x10, 0xf7, 0xe9, 0x47, 0x95, 0x5e, 0x0a,
    0xe8, 0x43, 0xa6, 0x06, 0x8a, 0xe6, 0x78, 0x96, 0x31, 0x44, 0xe1, 0x9c, 0x0c, 0xa5, 0xc4, 0xf6,
    0x80, 0x86, 0x23, 0xa5, 0xba, 0xa7, 0x01, 0x68, 0x96, 0x6a, 0x6b, 0x99, 0xab, 0xb2, 0x7a, 0x52,
    0x03, 0x09, 0xe2, 0xb7, 0x11, 0xad, 0x00, 0x4c, 0x75, 0x12, 0xb1, 0x22, 0xe9, 0xba, 0xab, 0x8f,
    0x68, 0x0a, 0x60, 0xe9, 0xae, 0x06, 0x1c, 0xa7, 0x92, 0xb1, 0x26, 0x69, 0x28, 0x6c, 0xb5, 0x46,
    0x91, 0x07, 0xac, 0x4b, 0xce, 0x2e, 0x0b, 0xa5, 0xb4, 0x05, 0x09, 0x00, 0x69, 0xaa, 0xd1, 0xda,
    0x24, 0xeb, 0x68, 0xd7, 0x1e, 0x4b, 0xd3, 0xab, 0xa7, 0xb5, 0x24, 0xee, 0xb3, 0x97, 0x96, 0x1b,
    0x51, 0x00, 0x3c, 0x4a, 0x29, 0xa9, 0x9e, 0x83, 0xba, 0x4b, 0xdc, 0x01, 0x85, 0x1a, 0x4a, 0x00,
    0x71, 0x0b, 0x68, 0x1a, 0xd3, 0xa2, 0x2e, 0xd1, 0x6b, 0xe6, 0xad, 0xf8, 0x56, 0x14, 0x80, 0x00,
    0x4a, 0x8e, 0xa9, 0x27, 0x01, 0x56, 0x06, 0x55, 0xda, 0x5c, 0x6b, 0x11, 0x27, 0xdd, 0x4f, 0x0b,
    0x37, 0x3c, 0x66, 0x8f, 0x10, 0xf7, 0xea, 0x27, 0x80, 0x4f, 0xbd, 0xaa, 0x1a, 0x60, 0x16, 0x47,
    0xf8, 0x54, 0x80, 0x36, 0xc2, 0x44, 0x31, 0x69, 0x25, 0x2b, 0x80, 0xe3, 0x5b, 0xe4, 0x39, 0xc0,
    0x29, 0x43, 0x02, 0xe4, 0x36, 0xac, 0xc7, 0x2f, 0x03, 0x95, 0x5b, 0xbb, 0x98, 0xed, 0x9c, 0x6f,
    0xce, 0x27, 0x27, 0xe0, 0xc0, 0x02, 0xe0, 0xa6, 0x29, 0x34, 0xd1, 0x40, 0xe7, 0x85, 0x33, 0xa8,
    0x2d, 0x06, 0x04, 0x00, 0x21, 0xf9, 0x04, 0x04, 0x04, 0x00, 0x00, 0x00, 0x2c, 0x16, 0x00, 0x1f,
    0x00, 0x93, 0x00, 0x2f, 0x00, 0x87, 0x00, 0x00, 0x00, 0x0d, 0x03, 0x03, 0x1a, 0x06, 0x06, 0x26,
    0x09, 0x0a, 0x33, 0x0d, 0x0d, 0x40, 0x10, 0x10, 0x4d, 0x13, 0x13, 0x5a, 0x16, 0x16, 0x66, 0x19,
    0x1a, 0x73, 0x1c, 0x1d, 0x80, 0x1f, 0x20, 0x8d, 0x22, 0x23, 0x9a, 0x26, 0x26, 0xa6, 0x29, 0x2a,
    0xb3, 0x2c, 0x2d, 0xc0, 0x2f, 0x30, 0x00, 0x00, 0x00, 0x00, 0x00, 0x00, 0x00, 0x00, 0x00, 0x00,
    0x00, 0x00, 0x00, 0x00, 0x00, 0x00, 0x00, 0x00, 0x00, 0x00, 0x00, 0x00, 0x00, 0x00, 0x00, 0x00,
    0x00, 0x00, 0x00, 0x00, 0x00, 0x00, 0x00, 0x00, 0x00, 0x00, 0x00, 0x00, 0x00, 0x00, 0x00, 0x00,
    0x00, 0x00, 0x00, 0x00, 0x00, 0x00, 0x00, 0x00, 0x00, 0x00, 0x00, 0x00, 0x00, 0x00, 0x00, 0x00,
    0x00, 0x00, 0x00, 0x00, 0x00, 0x00, 0x00, 0x00, 0x00, 0x00, 0x00, 0x00, 0x00, 0x00, 0x00, 0x00,
    0x00, 0x00, 0x00, 0x00, 0x00, 0x00, 0x00, 0x00, 0x00, 0x00, 0x00, 0x00, 0x00, 0x00, 0x00, 0x00,
    0x00, 0x00, 0x00, 0x00, 0x00, 0x00, 0x00, 0x00, 0x00, 0x00, 0x00, 0x00, 0x00, 0x00, 0x00, 0x00,
    0x00, 0x00, 0x00, 0x00, 0x00, 0x00, 0x00, 0x00, 0x00, 0x00, 0x00, 0x00, 0x00, 0x00, 0x00, 0x00,
    0x00, 0x00, 0x00, 0x00, 0x00, 0x00, 0x00, 0x00, 0x00, 0x00, 0x00, 0x00, 0x00, 0x00, 0x00, 0x00,
    0x00, 0x00, 0x00, 0x00, 0x00, 0x00, 0x00, 0x00, 0x00, 0x00, 0x00, 0x00, 0x00, 0x00, 0x00, 0x00,
    0x00, 0x00, 0x00, 0x00, 0x00, 0x00, 0x00, 0x00, 0x00, 0x00, 0x00, 0x00, 0x00, 0x00, 0x00, 0x00,
    0x00, 0x00, 0x00, 0x00, 0x00, 0x00, 0x00, 0x00, 0x00, 0x00, 0x00, 0x00, 0x00, 0x00, 0x00, 0x00,
    0x00, 0x00, 0x00, 0x00, 0x00, 0x00, 0x00, 0x00, 0x00, 0x00, 0x00, 0x00, 0x00, 0x00, 0x00, 0x00,
    0x00, 0x00, 0x00, 0x00, 0x00, 0x00, 0x00, 0x00, 0x00, 0x00, 0x00, 0x00, 0x00, 0x00, 0x00, 0x00,
    0x00, 0x00, 0x00, 0x00, 0x00, 0x00, 0x00, 0x00, 0x00, 0x00, 0x00, 0x00, 0x00, 0x00, 0x00, 0x00,
    0x00, 0x00, 0x00, 0x00, 0x00, 0x00, 0x00, 0x00, 0x00, 0x00, 0x00, 0x00, 0x00, 0x00, 0x00, 0x00,
    0x00, 0x00, 0x00, 0x00, 0x00, 0x00, 0x00, 0x00, 0x00, 0x00, 0x00, 0x00, 0x00, 0x00, 0x00, 0x00,
    0x00, 0x00, 0x00, 0x00, 0x00, 0x00, 0x00, 0x00, 0x00, 0x00, 0x00, 0x00, 0x00, 0x00, 0x00, 0x00,
    0x00, 0x00, 0x00, 0x00, 0x00, 0x00, 0x00, 0x00, 0x00, 0x00, 0x00, 0x00, 0x00, 0x00, 0x00, 0x00,
    0x00, 0x00, 0x00, 0x00, 0x00, 0x00, 0x00, 0x00, 0x00, 0x00, 0x00, 0x00, 0x00, 0x00, 0x00, 0x00,
    0x00, 0x00, 0x00, 0x00, 0x00, 0x00, 0x00, 0x00, 0x00, 0x00, 0x00, 0x00, 0x00, 0x00, 0x00, 0x00,
    0x00, 0x00, 0x00, 0x00, 0x00, 0x00, 0x00, 0x00, 0x00, 0x00, 0x00, 0x00, 0x00, 0x00, 0x00, 0x00,
    0x00, 0x00, 0x00, 0x00, 0x00, 0x00, 0x00, 0x00, 0x00, 0x00, 0x00, 0x00, 0x00, 0x00, 0x00, 0x00,
    0x00, 0x00, 0x00, 0x00, 0x00, 0x00, 0x00, 0x00, 0x00, 0x00, 0x00, 0x00, 0x00, 0x00, 0x00, 0x00,
    0x00, 0x00, 0x00, 0x00, 0x00, 0x00, 0x00, 0x00, 0x00, 0x00, 0x00, 0x00, 0x00, 0x00, 0x00, 0x00,
    0x00, 0x00, 0x00, 0x00, 0x00, 0x00, 0x00, 0x00, 0x00, 0x00, 0x00, 0x00, 0x00, 0x00, 0x00, 0x00,
    0x00, 0x00, 0x00, 0x00, 0x00, 0x00, 0x00, 0x00, 0x00, 0x00, 0x00, 0x00, 0x00, 0x00, 0x00, 0x00,
    0x00, 0x00, 0x00, 0x00, 0x00, 0x00, 0x00, 0x00, 0x00, 0x00, 0x00, 0x00, 0x00, 0x00, 0x00, 0x00,
    0x00, 0x00, 0x00, 0x00, 0x00, 0x00, 0x00, 0x00, 0x00, 0x00, 0x00, 0x00, 0x00, 0x00, 0x00, 0x00,
    0x00, 0x00, 0x00, 0x00, 0x00, 0x00, 0x00, 0x00, 0x00, 0x00, 0x00, 0x00, 0x00, 0x00, 0x00, 0x00,
    0x00, 0x00, 0x00, 0x00, 0x00, 0x00, 0x00, 0x00, 0x00, 0x00, 0x00, 0x00, 0x00, 0x00, 0x00, 0x00,
    0x00, 0x00, 0x00, 0x00, 0x00, 0x00, 0x00, 0x00, 0x00, 0x00, 0x00, 0x00, 0x00, 0x00, 0x00, 0x00,
    0x00, 0x00, 0x00, 0x00, 0x00, 0x00, 0x00, 0x00, 0x00, 0x00, 0x00, 0x00, 0x00, 0x00, 0x00, 0x00,
    0x00, 0x00, 0x00, 0x00, 0x00, 0x00, 0x00, 0x00, 0x00, 0x00, 0x00, 0x00, 0x00, 0x00, 0x00, 0x00,
    0x00, 0x00, 0x00, 0x00, 0x00, 0x00, 0x00, 0x00, 0x00, 0x00, 0x00, 0x00, 0x00, 0x00, 0x00, 0x00,
    0x00, 0x00, 0x00, 0x00, 0x00, 0x00, 0x00, 0x00, 0x00, 0x00, 0x00, 0x00, 0x00, 0x00, 0x00, 0x00,
    0x00, 0x00, 0x00, 0x00, 0x00, 0x00, 0x00, 0x00, 0x00, 0x00, 0x00, 0x00, 0x00, 0x00, 0x00, 0x00,
    0x00, 0x00, 0x00, 0x00, 0x00, 0x00, 0x00, 0x00, 0x00, 0x00, 0x00, 0x00, 0x00, 0x00, 0x00, 0x00,
    0x00, 0x00, 0x00, 0x00, 0x00, 0x00, 0x00, 0x00, 0x00, 0x00, 0x00, 0x00, 0x00, 0x00, 0x00, 0x00,
    0x00, 0x00, 0x00, 0x00, 0x00, 0x00, 0x00, 0x00, 0x00, 0x00, 0x00, 0x00, 0x00, 0x00, 0x00, 0x00,
    0x00, 0x00, 0x00, 0x00, 0x00, 0x00, 0x00, 0x00, 0x00, 0x00, 0x00, 0x00, 0x00, 0x00, 0x00, 0x00,
    0x00, 0x00, 0x00, 0x00, 0x00, 0x00, 0x00, 0x00, 0x00, 0x00, 0x00, 0x00, 0x00, 0x00, 0x00, 0x00,
    0x00, 0x00, 0x00, 0x00, 0x00, 0x00, 0x00, 0x00, 0x00, 0x00, 0x00, 0x00, 0x00, 0x00, 0x00, 0x00,
    0x00, 0x00, 0x00, 0x00, 0x00, 0x00, 0x00, 0x00, 0x00, 0x00, 0x00, 0x00, 0x00, 0x00, 0x00, 0x00,
    0x00, 0x00, 0x00, 0x00, 0x00, 0x00, 0x00, 0x00, 0x00, 0x00, 0x00, 0x00, 0x00, 0x00, 0x00, 0x00,
    0x00, 0x00, 0x00, 0x00, 0x00, 0x00, 0x08, 0xff, 0x00, 0x01, 0x08, 0x1c, 0x48, 0xb0, 0xe0, 0x40,
    0x02, 0x0a, 0x16, 0x18, 0x30, 0xc8, 0xb0, 0xa1, 0xc3, 0x87, 0x10, 0x23, 0x4a, 0x9c, 0x48, 0xb1,
    0xa2, 0x45, 0x82, 0x09, 0x1e, 0x68, 0x7c, 0xc0, 0x20, 0xc0, 0xc5, 0x8f, 0x20, 0x43, 0x8a, 0x1c,
    0x59, 0x31, 0xe3, 0x46, 0x8d, 0x1d, 0x49, 0xaa, 0x5c, 0xc9, 0xb2, 0xa5, 0xc1, 0x00, 0x0b, 0x4e,
    0x9e, 0x6c, 0x30, 0xc0, 0xa5, 0xcd, 0x9b, 0x38, 0x23, 0x06, 0x60, 0x20, 0x53, 0xa6, 0x83, 0x9a,
    0x39, 0x83, 0x0a, 0x75, 0xb9, 0xb3, 0x67, 0xcf, 0x9f, 0x43, 0x93, 0x2a, 0xfd, 0x58, 0xd4, 0xe8,
    0x51, 0xa0, 0x4b, 0xa3, 0x4a, 0x35, 0x38, 0xa0, 0x81, 0xd1, 0x06, 0x3c, 0x8f, 0x2e, 0x9c, 0xca,
    0x35, 0xea, 0x00, 0x07, 0x46, 0x7f, 0x36, 0xed, 0xb9, 0xb5, 0xab, 0xd9, 0x9c, 0x5f, 0xc3, 0x02,
    0x1d, 0x2b, 0xb3, 0xec, 0xd9, 0xb7, 0x2b, 0xd3, 0x3e, 0x25, 0xc8, 0xf6, 0xa4, 0x5b, 0xb8, 0x23,
    0x03, 0x78, 0xbc, 0xa9, 0xd7, 0xa1, 0x01, 0xb0, 0x3d, 0x19, 0x40, 0x1d, 0x18, 0x40, 0x81, 0x53,
    0x04, 0x78, 0x49, 0x22, 0x68, 0xe0, 0x60, 0x81, 0xe3, 0xc7, 0x90, 0x23, 0x4b, 0x9e, 0x0c, 0x99,
    0xb1, 0x82, 0xbd, 0x04, 0x0d, 0x38, 0x4d, 0xd9, 0xd0, 0x64, 0xcf, 0x04, 0x89, 0x43, 0x7a, 0x76,
    0x4a, 0xba, 0xf4, 0x66, 0xcc, 0x00, 0x34, 0x1b, 0xe5, 0xec, 0x70, 0xf4, 0x49, 0xd0, 0xa1, 0x2d,
    0x0a, 0x30, 0x4d, 0xbb, 0xb6, 0xdd, 0x81, 0xaa, 0x03, 0xa3, 0x6e, 0xed, 0x14, 0x76, 0xec, 0x89,
    0x04, 0x6c, 0x0b, 0x37, 0x8d, 0x18, 0x00, 0x02, 0xa7, 0x97, 0x29, 0x1e, 0x37, 0xba, 0x60, 0xf7,
    0xef, 0x86, 0xb3, 0x87, 0x4b, 0xef, 0x59, 0x00, 0x80, 0xeb, 0x8d, 0xbe, 0x29, 0xe6, 0x96, 0xc9,
    0xfa, 0xb9, 0xdf, 0xe9, 0xe0, 0x1f, 0x80, 0xff, 0xbe, 0xae, 0x31, 0x7b, 0xc5, 0xed, 0x27, 0xbb,
    0x7b, 0x67, 0x58, 0x20, 0x21, 0xe5, 0xf7, 0xf0, 0x27, 0x1f, 0x10, 0xd8, 0x5b, 0x24, 0xfa, 0x8d,
    0x77, 0xd7, 0x9b, 0x35, 0x5a, 0x5c, 0x64, 0x01, 0xc0, 0x27, 0xf5, 0xa7, 0xdf, 0x59, 0x3d, 0xcd,
    0xa7, 0xd2, 0x00, 0xd4, 0x0d, 0x08, 0xd7, 0x76, 0xe6, 0x8d, 0xc4, 0xa0, 0x82, 0x78, 0xb5, 0xb7,
    0x80, 0x81, 0x2d, 0x49, 0x48, 0x21, 0x84, 0x18, 0x66, 0xa8, 0xe1, 0x86, 0x1c, 0x76, 0xe8, 0xe1,
    0x87, 0x20, 0x86, 0x28, 0xe2, 0x88, 0x24, 0x7e, 0xa8, 0xd7, 0x89, 0xce, 0x95, 0x68, 0x13, 0x8a,
    0x7d, 0x81, 0x14, 0x80, 0x00, 0x04, 0x14, 0x50, 0x80, 0x01, 0x34, 0x1a, 0x20, 0x23, 0x01, 0x03,
    0xa4, 0x18, 0x17, 0x01, 0x38, 0x0d, 0xc0, 0x23, 0x4e, 0x2f, 0xc6, 0x38, 0x63, 0x8d, 0x37, 0xe6,
    0x48, 0x51, 0x00, 0x31, 0xd2, 0x28, 0xe3, 0x92, 0x4b, 0x2a, 0x59, 0x80, 0x00, 0x36, 0x99, 0xd4,
    0x9c, 0x4b, 0x52, 0xea, 0x18, 0x12, 0x92, 0x43, 0x32, 0xc9, 0xa4, 0x93, 0x50, 0x42, 0x24, 0xc0,
    0x8c, 0x5a, 0x86, 0xb9, 0xe5, 0x60, 0x24, 0x15, 0x90, 0xde, 0x44, 0x56, 0x12, 0xb4, 0x5c, 0x79,
    0x2d, 0x7d, 0x69, 0xa3, 0x98, 0x62, 0x1a, 0x40, 0x66, 0x41, 0x02, 0xbc, 0x09, 0x27, 0x9c, 0x72,
    0xb2, 0xb4, 0x26, 0x9b, 0x0f, 0x1d, 0xc0, 0x40, 0x03, 0x08, 0xa4, 0x89, 0x1e, 0x03, 0x2c, 0xd5,
    0x79, 0xe7, 0x9d, 0x79, 0x36, 0x44, 0x80, 0x9d, 0x87, 0x8a, 0x99, 0x66, 0x45, 0xc1, 0xc9, 0x74,
    0x61, 0x41, 0xa3, 0xa9, 0x37, 0x10, 0x82, 0x92, 0xb2, 0xb4, 0x68, 0xa3, 0x77, 0xea, 0xc8, 0x29,
    0xa2, 0x8f, 0x9e, 0x47, 0xd6, 0x4b, 0xd7, 0x31, 0xd0, 0x25, 0x41, 0x72, 0x61, 0x57, 0xe1, 0xa7,
    0x71, 0xea, 0xb8, 0x29, 0xab, 0x5a, 0xba, 0xa1, 0x84, 0x1e, 0x52, 0x84, 0x65, 0x35, 0x57, 0xad,
    0x32, 0x35, 0x38, 0xd2, 0xab, 0xb0, 0x2e, 0xe9, 0x50, 0x00, 0x60, 0xf6, 0x6a, 0xc0, 0xa9, 0x7a,
    0xfa, 0xd4, 0x65, 0x5d, 0x3e, 0x41, 0x65, 0xab, 0x46, 0x0b, 0xac, 0x18, 0x2c, 0xac, 0xc3, 0x3e,
    0x04, 0x2c, 0xa3, 0x87, 0xda, 0x48, 0x6c, 0x4b, 0xae, 0x75, 0x84, 0x2c, 0x80, 0x1a, 0x21, 0x95,
    0x6d, 0xa8, 0x4c, 0x3d, 0xdb, 0xa8, 0xb5, 0x12, 0x0d, 0x20, 0x23, 0x91, 0x5b, 0x2a, 0x69, 0x24,
    0x90, 0xcb, 0x3e, 0x90, 0x50, 0xb2, 0x75, 0x01, 0x9a, 0x6c, 0x50, 0xe6, 0x0e, 0x49, 0x2d, 0x91,
    0xeb, 0xa2, 0xe9, 0xa3, 0x90, 0x37, 0xe2, 0x78, 0x2d, 0x90, 0x56, 0x91, 0x46, 0x2b, 0xb2, 0x32,
    0xcd, 0xc9, 0xd7, 0xbe, 0x4c, 0x12, 0xe0, 0x2f, 0x88, 0xa9, 0xce, 0x8b, 0xab, 0x53, 0xf9, 0xa9,
    0xb8, 0x54, 0xa4, 0x0e, 0xd3, 0xd5, 0xae, 0x46, 0x02, 0x4a, 0x3c, 0xd5, 0xa0, 0x56, 0xba, 0xa6,
    0xab, 0xc6, 0x51, 0x79, 0x66, 0x29, 0xa5, 0x1b, 0x8d, 0x0c, 0x72, 0x54, 0x06, 0x2c, 0x10, 0xa8,
    0x44, 0x29, 0xaf, 0x7c, 0xf2, 0xcb, 0x89, 0x05, 0x04, 0x00, 0x21, 0xf9, 0x04, 0x04, 0x08, 0x00,
    0x00, 0x00, 0x2c, 0x15, 0x00, 0x1e, 0x00, 0x94, 0x00, 0x2f, 0x00, 0x87, 0x00, 0x00, 0x00, 0x0d,
    0x03, 0x03, 0x1a, 0x06, 0x06, 0x26, 0x09, 0x0a, 0x33, 0x0d, 0x0d, 0x40, 0x10, 0x10, 0x4d, 0x13,
    0x13, 0x5a, 0x16, 0x16, 0x66, 0x19, 0x1a, 0x73, 0x1c, 0x1d, 0x80, 0x1f, 0x20, 0x8d, 0x22, 0x23,
    0x9a, 0x26, 0x26, 0xa6, 0x29, 0x2a, 0xb3, 0x2c, 0x2d, 0xc0, 0x2f, 0x30, 0x00, 0x00, 0x00, 0x00,
    0x00, 0x00, 0x00, 0x00, 0x00, 0x00, 0x00, 0x00, 0x00, 0x00, 0x00, 0x00, 0x00, 0x00, 0x00, 0x00,
    0x00, 0x00, 0x00, 0x00, 0x00, 0x00, 0x00, 0x00, 0x00, 0x00, 0x00, 0x00, 0x00, 0x00, 0x00, 0x00,
    0x00, 0x00, 0x00, 0x00, 0x00, 0x00, 0x00, 0x00, 0x00, 0x00, 0x00, 0x00, 0x00, 0x00, 0x00, 0x00,
    0x00, 0x00, 0x00, 0x00, 0x00, 0x00, 0x00, 0x00, 0x00, 0x00, 0x00, 0x00, 0x00, 0x00, 0x00, 0x00,
    0x00, 0x00, 0x00, 0x00, 0x00, 0x00, 0x00, 0x00, 0x00, 0x00, 0x00, 0x00, 0x00, 0x00, 0x00, 0x00,
    0x00, 0x00, 0x00, 0x00, 0x00, 0x00, 0x00, 0x00, 0x00, 0x00, 0x00, 0x00, 0x00, 0x00, 0x00, 0x00,
    0x00, 0x00, 0x00, 0x00, 0x00, 0x00, 0x00, 0x00, 0x00, 0x00, 0x00, 0x00, 0x00, 0x00, 0x00, 0x00,
    0x00, 0x00, 0x00, 0x00, 0x00, 0x00, 0x00, 0x00, 0x00, 0x00, 0x00, 0x00, 0x00, 0x00, 0x00, 0x00,
    0x00, 0x00, 0x00, 0x00, 0x00, 0x00, 0x00, 0x00, 0x00, 0x00, 0x00, 0x00, 0x00, 0x00, 0x00, 0x00,
    0x00, 0x00, 0x00, 0x00, 0x00, 0x00, 0x00, 0x00, 0x00, 0x00, 0x00, 0x00, 0x00, 0x00, 0x00, 0x00,
    0x00, 0x00, 0x00, 0x00, 0x00, 0x00, 0x00, 0x00, 0x00, 0x00, 0x00, 0x00, 0x00, 0x00, 0x00, 0x00,
    0x00, 0x00, 0x00, 0x00, 0x00, 0x00, 0x00, 0x00, 0x00, 0x00, 0x00, 0x00, 0x00, 0x00, 0x00, 0x00,
    0x00, 0x00, 0x00, 0x00, 0x00, 0x00, 0x00, 0x00, 0x00, 0x00, 0x00, 0x00, 0x00, 0x00, 0x00, 0x00,
    0x00, 0x00, 0x00, 0x00, 0x00, 0x00, 0x00, 0x00, 0x00, 0x00, 0x00, 0x00, 0x00, 0x00, 0x00, 0x00,
    0x00, 0x00, 0x00, 0x00, 0x00, 0x00, 0x00, 0x00, 0x00, 0x00, 0x00, 0x00, 0x00, 0x00, 0x00, 0x00,
    0x00, 0x00, 0x00, 0x00, 0x00, 0x00, 0x00, 0x00, 0x00, 0x00, 0x00, 0x00, 0x00, 0x00, 0x00, 0x00,
    0x00, 0x00, 0x00, 0x00, 0x00, 0x00, 0x00, 0x00, 0x00, 0x00, 0x00, 0x00, 0x00, 0x00, 0x00, 0x00,
    0x00, 0x00, 0x00, 0x00, 0x00, 0x00, 0x00, 0x00, 0x00, 0x00, 0x00, 0x00, 0x00, 0x00, 0x00, 0x00,
    0x00, 0x00, 0x00, 0x00, 0x00, 0x00, 0x00, 0x00, 0x00, 0x00, 0x00, 0x00, 0x00, 0x00, 0x00, 0x00,
    0x00, 0x00, 0x00, 0x00, 0x00, 0x00, 0x00, 0x00, 0x00, 0x00, 0x00, 0x00, 0x00, 0x00, 0x00, 0x00,
    0x00, 0x00, 0x00, 0x00, 0x00, 0x00, 0x00, 0x00, 0x00, 0x00, 0x00, 0x00, 0x00, 0x00, 0x00, 0x00,
    0x00, 0x00, 0x00, 0x00, 0x00, 0x00, 0x00, 0x00, 0x00, 0x00, 0x00, 0x00, 0x00, 0x00, 0x00, 0x00,
    0x00, 0x00, 0x00, 0x00, 0x00, 0x00, 0x00, 0x00, 0x00, 0x00, 0x00, 0x00, 0x00, 0x00, 0x00, 0x00,
    0x00, 0x00, 0x00, 0x00, 0x00, 0x00, 0x00, 0x00, 0x00, 0x00, 0x00, 0x00, 0x00, 0x00, 0x00, 0x00,
    0x00, 0x00, 0x00, 0x00, 0x00, 0x00, 0x00, 0x00, 0x00, 0x00, 0x00, 0x00, 0x00, 0x00, 0x00, 0x00,
    0x00, 0x00, 0x00, 0x00, 0x00, 0x00, 0x00, 0x00, 0x00, 0x00, 0x00, 0x00, 0x00, 0x00, 0x00, 0x00,
    0x00, 0x00, 0x00, 0x00, 0x00, 0x00, 0x00, 0x00, 0x00, 0x00, 0x00, 0x00, 0x00, 0x00, 0x00, 0x00,
    0x00, 0x00, 0x00, 0x00, 0x00, 0x00, 0x00, 0x00, 0x00, 0x00, 0x00, 0x00, 0x00, 0x00, 0x00, 0x00,
    0x00, 0x00, 0x00, 0x00, 0x00, 0x00, 0x00, 0x00, 0x00, 0x00, 0x00, 0x00, 0x00, 0x00, 0x00, 0x00,
    0x00, 0x00, 0x00, 0x00, 0x00, 0x00, 0x00, 0x00, 0x00, 0x00, 0x00, 0x00, 0x00, 0x00, 0x00, 0x00,
    0x00, 0x00, 0x00, 0x00, 0x00, 0x00, 0x00, 0x00, 0x00, 0x00, 0x00, 0x00, 0x00, 0x00, 0x00, 0x00,
    0x00, 0x00, 0x00, 0x00, 0x00, 0x00, 0x00, 0x00, 0x00, 0x00, 0x00, 0x00, 0x00, 0x00, 0x00, 0x00,
    0x00, 0x00, 0x00, 0x00, 0x00, 0x00, 0x00, 0x00, 0x00, 0x00, 0x00, 0x00, 0x00, 0x00, 0x00, 0x00,
    0x00, 0x00, 0x00, 0x00, 0x00, 0x00, 0x00, 0x00, 0x00, 0x00, 0x00, 0x00, 0x00, 0x00, 0x00, 0x00,
    0x00, 0x00, 0x00, 0x00, 0x00, 0x00, 0x00, 0x00, 0x00, 0x00, 0x00, 0x00, 0x00, 0x00, 0x00, 0x00,
    0x00, 0x00, 0x00, 0x00, 0x00, 0x00, 0x00, 0x00, 0x00, 0x00, 0x00, 0x00, 0x00, 0x00, 0x00, 0x00,
    0x00, 0x00, 0x00, 0x00, 0x00, 0x00, 0x00, 0x00, 0x00, 0x00, 0x00, 0x00, 0x00, 0x00, 0x00, 0x00,
    0x00, 0x00, 0x00, 0x00, 0x00, 0x00, 0x00, 0x00, 0x00, 0x00, 0x00, 0x00, 0x00, 0x00, 0x00, 0x00,
    0x00, 0x00, 0x00, 0x00, 0x00, 0x00, 0x00, 0x00, 0x00, 0x00, 0x00, 0x00, 0x00, 0x00, 0x00, 0x00,
    0x00, 0x00, 0x00, 0x00, 0x00, 0x00, 0x00, 0x00, 0x00, 0x00, 0x00, 0x00, 0x00, 0x00, 0x00, 0x00,
    0x00, 0x00, 0x00, 0x00, 0x00, 0x00, 0x00, 0x00, 0x00, 0x00, 0x00, 0x00, 0x00, 0x00, 0x00, 0x00,
    0x00, 0x00, 0x00, 0x00, 0x00, 0x00, 0x00, 0x00, 0x00, 0x00, 0x00, 0x00, 0x00, 0x00, 0x00, 0x00,
    0x00, 0x00, 0x00, 0x00, 0x00, 0x00, 0x00, 0x00, 0x00, 0x00, 0x00, 0x00, 0x00, 0x00, 0x00, 0x00,
    0x00, 0x00, 0x00, 0x00, 0x00, 0x00, 0x00, 0x00, 0x00, 0x00, 0x00, 0x00, 0x00, 0x00, 0x00, 0x00,
    0x00, 0x00, 0x00, 0x00, 0x00, 0x00, 0x00, 0x00, 0x00, 0x00, 0x00, 0x00, 0x08, 0xff, 0x00, 0x01,
    0x08, 0x1c, 0x48, 0xb0, 0x60, 0xc1, 0x00, 0x01, 0x0c, 0x2a, 0x5c, 0xc8, 0xb0, 0xa1, 0xc3, 0x87,
    0x10, 0x23, 0x4a, 0x9c, 0x48, 0xd1, 0x60, 0x00, 0x04, 0x0d, 0x1c, 0x24, 0x10, 0x50, 0xb1, 0xa3,
    0xc7, 0x8f, 0x20, 0x43, 0x56, 0x0c, 0xc0, 0xe0, 0x81, 0xc9, 0x07, 0x0e, 0x06, 0x88, 0x5c, 0xc9,
    0xb2, 0xa5, 0x4b, 0x86, 0x24, 0x4f, 0x9e, 0x4c, 0xf9, 0xb2, 0xa6, 0xcd, 0x9b, 0x12, 0x07, 0x38,
    0x90, 0xc9, 0xd3, 0x00, 0xce, 0x9f, 0x40, 0x71, 0xea, 0xe4, 0x49, 0xd4, 0x67, 0xd0, 0xa3, 0x48,
    0x3f, 0x0e, 0x25, 0x5a, 0x34, 0xa9, 0xd3, 0xa7, 0x0e, 0x97, 0x32, 0x6d, 0x0a, 0xb5, 0x6a, 0x55,
    0x03, 0x53, 0x17, 0x24, 0x98, 0x9a, 0xc0, 0xaa, 0x57, 0xa4, 0x58, 0x99, 0x32, 0x48, 0xb8, 0x95,
    0x69, 0xd7, 0xaf, 0x68, 0x6d, 0x86, 0x25, 0x3a, 0x76, 0x60, 0x59, 0xa2, 0x67, 0xd3, 0xca, 0x15,
    0xb9, 0x96, 0x67, 0x5b, 0x82, 0x6f, 0x79, 0xc6, 0x9d, 0x0b, 0x72, 0x00, 0x01, 0x84, 0x80, 0x03,
    0x0b, 0x1e, 0x4c, 0x58, 0xb0, 0xdf, 0x84, 0x0b, 0xf3, 0xca, 0x4c, 0x80, 0xb8, 0xe0, 0x81, 0xa9,
    0x77, 0xf9, 0x8e, 0x5c, 0x60, 0xd2, 0x81, 0xe5, 0xcb, 0x98, 0x33, 0x6b, 0xde, 0x8c, 0xd9, 0x64,
    0x03, 0x95, 0x06, 0x15, 0x9f, 0xdc, 0x6b, 0xb0, 0xae, 0xcc, 0xc8, 0x92, 0x25, 0x96, 0x9c, 0xca,
    0xba, 0x75, 0x6b, 0x07, 0x1c, 0xf1, 0x72, 0x7d, 0x68, 0xfa, 0x24, 0xea, 0xd4, 0x51, 0x5d, 0xeb,
    0xde, 0x2d, 0xf3, 0x80, 0x6c, 0xb3, 0x11, 0x6b, 0x9b, 0xbc, 0x8d, 0x7b, 0x21, 0x01, 0xde, 0xc8,
    0x5d, 0x23, 0x10, 0x18, 0x93, 0xa9, 0x6f, 0x89, 0x04, 0x76, 0x12, 0xa5, 0x59, 0xbc, 0x61, 0x00,
    0xe9, 0xc9, 0xb3, 0xcb, 0x54, 0xd9, 0x9c, 0xea, 0x44, 0xa9, 0x32, 0xa9, 0x57, 0xff, 0x5f, 0x08,
    0x5e, 0x3b, 0x72, 0xa3, 0xab, 0xbd, 0x53, 0x2c, 0x5f, 0x39, 0xf6, 0x78, 0x85, 0x02, 0x0e, 0xc8,
    0x47, 0x40, 0xbf, 0xbe, 0xfd, 0xfb, 0xf8, 0xf3, 0xd3, 0x97, 0x7f, 0x00, 0xf4, 0x80, 0xa9, 0x46,
    0x79, 0xc4, 0xde, 0x03, 0xcf, 0xbd, 0xf7, 0xd5, 0x71, 0x3c, 0x39, 0x40, 0x80, 0x48, 0x02, 0xa4,
    0x77, 0xd2, 0x72, 0x06, 0x7e, 0x75, 0x1d, 0x4f, 0x0b, 0xae, 0x34, 0xe1, 0x76, 0x11, 0xa2, 0x25,
    0x55, 0x80, 0x2b, 0x6d, 0x98, 0x61, 0x5a, 0xf1, 0xf5, 0x57, 0x53, 0x88, 0xa0, 0x7d, 0x68, 0xe2,
    0x89, 0x28, 0xa6, 0xa8, 0xe2, 0x8a, 0x2c, 0xb6, 0xe8, 0xe2, 0x8b, 0x30, 0xc6, 0x28, 0x23, 0x5a,
    0x01, 0x08, 0x30, 0xc0, 0x8d, 0x03, 0x08, 0xd0, 0xd8, 0x8c, 0x2f, 0xd5, 0x88, 0x63, 0x8e, 0x3b,
    0x52, 0x24, 0x00, 0x01, 0x05, 0x14, 0x60, 0xc0, 0x91, 0x48, 0x16, 0x49, 0x80, 0x8e, 0x36, 0x05,
    0x20, 0x9f, 0x7b, 0x2d, 0x39, 0x79, 0x00, 0x94, 0x2e, 0x0d, 0x59, 0x24, 0x92, 0x49, 0x16, 0xb0,
    0x64, 0x90, 0x0d, 0x09, 0x60, 0xa4, 0x01, 0x45, 0x86, 0x29, 0xe6, 0x97, 0x05, 0x94, 0xc8, 0x52,
    0x73, 0xe2, 0x59, 0xb8, 0x5a, 0x9a, 0x2b, 0x79, 0x79, 0xe4, 0x98, 0x63, 0xbe, 0x69, 0x26, 0x43,
    0x03, 0x80, 0x09, 0xe7, 0x9d, 0x57, 0x56, 0xc8, 0xd2, 0x63, 0x33, 0x71, 0x69, 0x90, 0x8d, 0x10,
    0x51, 0x76, 0xd2, 0x02, 0x2e, 0xd5, 0x89, 0x27, 0x9e, 0x06, 0xe8, 0x49, 0x9e, 0x9d, 0x87, 0xde,
    0x99, 0x68, 0x4b, 0x08, 0xd8, 0xe5, 0x27, 0x73, 0x0a, 0x0c, 0x37, 0x67, 0x41, 0x8a, 0x11, 0xca,
    0x92, 0xa1, 0x8d, 0x3a, 0xaa, 0xa8, 0x41, 0x9d, 0x76, 0x3a, 0x69, 0x45, 0x02, 0x60, 0x67, 0x12,
    0x69, 0x03, 0x75, 0x87, 0xd2, 0xa5, 0x02, 0xd5, 0x56, 0x40, 0x4b, 0xa1, 0x36, 0xc0, 0x3a, 0x6a,
    0xac, 0x88, 0x8e, 0x5a, 0x51, 0x79, 0x10, 0x12, 0x34, 0x80, 0x83, 0x95, 0xbd, 0x5a, 0x50, 0x01,
    0xea, 0x89, 0x44, 0xab, 0xa3, 0xa3, 0x72, 0x3a, 0xac, 0x91, 0xbe, 0xb6, 0x54, 0x1e, 0x87, 0x03,
    0x9a, 0xc4, 0xac, 0xa9, 0x0f, 0x70, 0xd8, 0x21, 0xa3, 0xc3, 0x82, 0xe9, 0x10, 0x01, 0xd4, 0x86,
    0x0a, 0xa6, 0xad, 0x1e, 0x01, 0x4b, 0xa1, 0x40, 0xcd, 0x9e, 0x64, 0xd4, 0x85, 0x0f, 0xda, 0x84,
    0xed, 0xb1, 0xdb, 0x3e, 0x84, 0x6d, 0xb6, 0x8e, 0x26, 0xca, 0xed, 0x47, 0x7c, 0xce, 0x24, 0x40,
    0xa9, 0x76, 0x09, 0x2a, 0x93, 0x4f, 0xbc, 0x2a, 0x80, 0xd3, 0xba, 0xda, 0xba, 0x1b, 0x51, 0x00,
    0x03, 0x7c, 0x89, 0x25, 0x96, 0x5a, 0x52, 0x59, 0x93, 0x62, 0x0d, 0x34, 0x20, 0x29, 0x00, 0xa2,
    0xf1, 0x4a, 0x9c, 0x4b, 0x00, 0x0b, 0x3c, 0xf0, 0x9b, 0x4b, 0x76, 0xe4, 0x23, 0x01, 0x18, 0x13,
    0x70, 0x23, 0x93, 0x47, 0xd9, 0x2b, 0x56, 0x63, 0xa2, 0x85, 0xf7, 0xee, 0x99, 0x36, 0x66, 0xac,
    0x31, 0x90, 0x2d, 0xaa, 0x7a, 0x5a, 0x90, 0x21, 0xaf, 0xca, 0xa3, 0x55, 0xf4, 0xf2, 0xb4, 0x80,
    0x9f, 0x91, 0x12, 0x95, 0xec, 0xcb, 0x50, 0xfd, 0xb7, 0x58, 0x43, 0xa6, 0x15, 0x88, 0xf3, 0x55,
    0xa3, 0xd1, 0x16, 0xf4, 0xcf, 0x5f, 0xc5, 0xf7, 0x29, 0x43, 0x46, 0x9f, 0x18, 0x10, 0x00, 0x21,
    0xf9, 0x04, 0x04, 0x04, 0x00, 0x00, 0x00, 0x2c, 0x15, 0x00, 0x1e, 0x00, 0x94, 0x00, 0x2f, 0x00,
    0x87, 0x00, 0x00, 0x00, 0x0d, 0x03, 0x03, 0x1a, 0x06, 0x06, 0x26, 0x09, 0x0a, 0x33, 0x0d, 0x0d,
    0x40, 0x10, 0x10, 0x4d, 0x13, 0x13, 0x5a, 0x16, 0x16, 0x66, 0x19, 0x1a, 0x73, 0x1c, 0x1d, 0x80,
    0x1f, 0x20, 0x8d, 0x22, 0x23, 0x9a, 0x26, 0x26, 0xa6, 0x29, 0x2a, 0xb3, 0x2c, 0x2d, 0xc0, 0x2f,
    0x30, 0x00, 0x00, 0x00, 0x00, 0x00, 0x00, 0x00, 0x00, 0x00, 0x00, 0x00, 0x00, 0x00, 0x00, 0x00,
    0x00, 0x00, 0x00, 0x00, 0x00, 0x00, 0x00, 0x00, 0x00, 0x00, 0x00, 0x00, 0x00, 0x00, 0x00, 0x00,
    0x00, 0x00, 0x00, 0x00, 0x00, 0x00, 0x00, 0x00, 0x00, 0x00, 0x00, 0x00, 0x00, 0x00, 0x00, 0x00,
    0x00, 0x00, 0x00, 0x00, 0x00, 0x00, 0x00, 0x00, 0x00, 0x00, 0x00, 0x00, 0x00, 0x00, 0x00, 0x00,
    0x00, 0x00, 0x00, 0x00, 0x00, 0x00, 0x00, 0x00, 0x00, 0x00, 0x00, 0x00, 0x00, 0x00, 0x00, 0x00,
    0x00, 0x00, 0x00, 0x00, 0x00, 0x00, 0x00, 0x00, 0x00, 0x00, 0x00, 0x00, 0x00, 0x00, 0x00, 0x00,
    0x00, 0x00, 0x00, 0x00, 0x00, 0x00, 0x00, 0x00, 0x00, 0x00, 0x00, 0x00, 0x00, 0x00, 0x00, 0x00,
    0x00, 0x00, 0x00, 0x00, 0x00, 0x00, 0x00, 0x00, 0x00, 0x00, 0x00, 0x00, 0x00, 0x00, 0x00, 0x00,
    0x00, 0x00, 0x00, 0x00, 0x00, 0x00, 0x00, 0x00, 0x00, 0x00, 0x00, 0x00, 0x00, 0x00, 0x00, 0x00,
    0x00, 0x00, 0x00, 0x00, 0x00, 0x00, 0x00, 0x00, 0x00, 0x00, 0x00, 0x00, 0x00, 0x00, 0x00, 0x00,
    0x00, 0x00, 0x00, 0x00, 0x00, 0x00, 0x00, 0x00, 0x00, 0x00, 0x00, 0x00, 0x00, 0x00, 0x00, 0x00,
    0x00, 0x00, 0x00, 0x00, 0x00, 0x00, 0x00, 0x00, 0x00, 0x00, 0x00, 0x00, 0x00, 0x00, 0x00, 0x00,
    0x00, 0x00, 0x00, 0x00, 0x00, 0x00, 0x00, 0x00, 0x00, 0x00, 0x00, 0x00, 0x00, 0x00, 0x00, 0x00,
    0x00, 0x00, 0x00, 0x00, 0x00, 0x00, 0x00, 0x00, 0x00, 0x00, 0x00, 0x00, 0x00, 0x00, 0x00, 0x00,
    0x00, 0x00, 0x00, 0x00, 0x00, 0x00, 0x00, 0x00, 0x00, 0x00, 0x00, 0x00, 0x00, 0x00, 0x00, 0x00,
    0x00, 0x00, 0x00, 0x00, 0x00, 0x00, 0x00, 0x00, 0x00, 0x00, 0x00, 0x00, 0x00, 0x00, 0x00, 0x00,
    0x00, 0x00, 0x00, 0x00, 0x00, 0x00, 0x00, 0x00, 0x00, 0x00, 0x00, 0x00, 0x00, 0x00, 0x00, 0x00,
    0x00, 0x00, 0x00, 0x00, 0x00, 0x00, 0x00, 0x00, 0x00, 0x00, 0x00, 0x00, 0x00, 0x00, 0x00, 0x00,
    0x00, 0x00, 0x00, 0x00, 0x00, 0x00, 0x00, 0x00, 0x00, 0x00, 0x00, 0x00, 0x00, 0x00, 0x00, 0x00,
    0x00, 0x00, 0x00, 0x00, 0x00, 0x00, 0x00, 0x00, 0x00, 0x00, 0x00, 0x00, 0x00, 0x00, 0x00, 0x00,
    0x00, 0x00, 0x00, 0x00, 0x00, 0x00, 0x00, 0x00, 0x00, 0x00, 0x00, 0x00, 0x00, 0x00, 0x00, 0x00,
    0x00, 0x00, 0x00, 0x00, 0x00, 0x00, 0x00, 0x00, 0x00, 0x00, 0x00, 0x00, 0x00, 0x00, 0x00, 0x00,
    0x00, 0x00, 0x00, 0x00, 0x00, 0x00, 0x00, 0x00, 0x00, 0x00, 0x00, 0x00, 0x00, 0x00, 0x00, 0x00,
    0x00, 0x00, 0x00, 0x00, 0x00, 0x00, 0x00, 0x00, 0x00, 0x00, 0x00, 0x00, 0x00, 0x00, 0x00, 0x00,
    0x00, 0x00, 0x00, 0x00, 0x00, 0x00, 0x00, 0x00, 0x00, 0x00, 0x00, 0x00, 0x00, 0x00, 0x00, 0x00,
    0x00, 0x00, 0x00, 0x00, 0x00, 0x00, 0x00, 0x00, 0x00, 0x00, 0x00, 0x00, 0x00, 0x00, 0x00, 0x00,
    0x00, 0x00, 0x00, 0x00, 0x00, 0x00, 0x00, 0x00, 0x00, 0x00, 0x00, 0x00, 0x00, 0x00, 0x00, 0x00,
    0x00, 0x00, 0x00, 0x00, 0x00, 0x00, 0x00, 0x00, 0x00, 0x00, 0x00, 0x00, 0x00, 0x00, 0x00, 0x00,
    0x00, 0x00, 0x00, 0x00, 0x00, 0x00, 0x00, 0x00, 0x00, 0x00, 0x00, 0x00, 0x00, 0x00, 0x00, 0x00,
    0x00, 0x00, 0x00, 0x00, 0x00, 0x00, 0x00, 0x00, 0x00, 0x00, 0x00, 0x00, 0x00, 0x00, 0x00, 0x00,
    0x00, 0x00, 0x00, 0x00, 0x00, 0x00, 0x00, 0x00, 0x00, 0x00, 0x00, 0x00, 0x00, 0x00, 0x00, 0x00,
    0x00, 0x00, 0x00, 0x00, 0x00, 0x00, 0x00, 0x00, 0x00, 0x00, 0x00, 0x00, 0x00, 0x00, 0x00, 0x00,
    0x00, 0x00, 0x00, 0x00, 0x00, 0x00, 0x00, 0x00, 0x00, 0x00, 0x00, 0x00, 0x00, 0x00, 0x00, 0x00,
    0x00, 0x00, 0x00, 0x00, 0x00, 0x00, 0x00, 0x00, 0x00, 0x00, 0x00, 0x00, 0x00, 0x00, 0x00, 0x00,
    0x00, 0x00, 0x00, 0x00, 0x00, 0x00, 0x00, 0x00, 0x00, 0x00, 0x00, 0x00, 0x00, 0x00, 0x00, 0x00,
    0x00, 0x00, 0x00, 0x00, 0x00, 0x00, 0x00, 0x00, 0x00, 0x00, 0x00, 0x00, 0x00, 0x00, 0x00, 0x00,
    0x00, 0x00, 0x00, 0x00, 0x00, 0x00, 0x00, 0x00, 0x00, 0x00, 0x00, 0x00, 0x00, 0x00, 0x00, 0x00,
    0x00, 0x00, 0x00, 0x00, 0x00, 0x00, 0x00, 0x00, 0x00, 0x00, 0x00, 0x00, 0x00, 0x00, 0x00, 0x00,
    0x00, 0x00, 0x00, 0x00, 0x00, 0x00, 0x00, 0x00, 0x00, 0x00, 0x00, 0x00, 0x00, 0x00, 0x00, 0x00,
    0x00, 0x00, 0x00, 0x00, 0x00, 0x00, 0x00, 0x00, 0x00, 0x00, 0x00, 0x00, 0x00, 0x00, 0x00, 0x00,
    0x00, 0x00, 0x00, 0x00, 0x00, 0x00, 0x00, 0x00, 0x00, 0x00, 0x00, 0x00, 0x00, 0x00, 0x00, 0x00,
    0x00, 0x00, 0x00, 0x00, 0x00, 0x00, 0x00, 0x00, 0x00, 0x00, 0x00, 0x00, 0x00, 0x00, 0x00, 0x00,
    0x00, 0x00, 0x00, 0x00, 0x00, 0x00, 0x00, 0x00, 0x00, 0x00, 0x00, 0x00, 0x00, 0x00, 0x00, 0x00,
    0x00, 0x00, 0x00, 0x00, 0x00, 0x00, 0x00, 0x00, 0x00, 0x00, 0x00, 0x00, 0x00, 0x00, 0x00, 0x00,
    0x00, 0x00, 0x00, 0x00, 0x00, 0x00, 0x00, 0x00, 0x00, 0x00, 0x00, 0x00, 0x00, 0x00, 0x00, 0x00,
    0x00, 0x08, 0xff, 0x00, 0x01, 0x08, 0x1c, 0x48, 0xb0, 0x60, 0xc1, 0x01, 0x04, 0x0c, 0x2a, 0x5c,
    0xc8, 0xb0, 0xa1, 0xc3, 0x87, 0x10, 0x23, 0x4a, 0x9c, 0x48, 0xd1, 0xe0, 0x80, 0x05, 0x0f, 0x1e,
    0x30, 0x28, 0x50, 0xb1, 0xa3, 0xc7, 0x8f, 0x20, 0x43, 0x56, 0x1c, 0xe0, 0x20, 0xa3, 0x49, 0x03,
    0x22, 0x53, 0xaa, 0x5c, 0xc9, 0x92, 0x21, 0x81, 0x92, 0x26, 0x4d, 0x1e, 0x68, 0x49, 0xb3, 0xa6,
    0x4d, 0x89, 0x06, 0x62, 0xea, 0x7c, 0x90, 0xe0, 0xa6, 0xcf, 0x9f, 0x37, 0x73, 0xee, 0xd4, 0xd9,
    0x13, 0xa8, 0xd1, 0xa3, 0x1f, 0x85, 0x0e, 0x25, 0x8a, 0xb4, 0xa9, 0x53, 0x87, 0x07, 0x96, 0x2e,
    0x4d, 0x10, 0xe0, 0xa9, 0x55, 0xab, 0x09, 0x96, 0x22, 0x50, 0xaa, 0x93, 0x41, 0xd5, 0xab, 0x60,
    0x81, 0x66, 0x1d, 0x5a, 0x94, 0x6b, 0x4c, 0xaf, 0x61, 0xd3, 0xd6, 0x1c, 0xbb, 0xb3, 0xa8, 0x40,
    0xb3, 0x26, 0xd1, 0xaa, 0x9d, 0x1b, 0x32, 0x00, 0x5b, 0xa6, 0x05, 0xe1, 0x66, 0x64, 0x20, 0x80,
    0x6e, 0x48, 0x01, 0x07, 0x0e, 0x10, 0x18, 0x4c, 0xb8, 0xb0, 0xe1, 0xc3, 0x88, 0x0b, 0x07, 0x1e,
    0xb0, 0x30, 0x00, 0x83, 0xa5, 0x28, 0x15, 0x92, 0x1c, 0xea, 0x80, 0xb1, 0xdf, 0x8e, 0x93, 0xa5,
    0x6a, 0xde, 0xbc, 0x33, 0x32, 0x41, 0xc7, 0x90, 0x1b, 0x66, 0xd6, 0x59, 0xf9, 0x32, 0xc5, 0x00,
    0x30, 0x39, 0xab, 0xe6, 0x6c, 0x59, 0x20, 0xe8, 0xa1, 0x9e, 0x19, 0x8e, 0x8e, 0x59, 0xda, 0x74,
    0x44, 0x02, 0xab, 0x73, 0x6f, 0x46, 0x30, 0x50, 0xc0, 0x63, 0xd8, 0x11, 0x67, 0x9b, 0x74, 0x90,
    0xd0, 0xf6, 0xc3, 0x01, 0xba, 0x93, 0x0f, 0x9d, 0x09, 0x40, 0x78, 0xc6, 0xda, 0x11, 0x5f, 0x77,
    0x36, 0xfe, 0xf0, 0xb7, 0x72, 0xe5, 0x0e, 0xfa, 0x3a, 0x7f, 0x00, 0x5d, 0xa2, 0x74, 0x9d, 0xb1,
    0xa9, 0x1b, 0xff, 0x0c, 0x80, 0xf1, 0xba, 0xee, 0x06, 0x8c, 0x51, 0x53, 0x6e, 0x7d, 0xda, 0xba,
    0x4e, 0xf6, 0xe2, 0x2d, 0x26, 0x9e, 0x4f, 0x3f, 0xf1, 0x57, 0xdc, 0x3b, 0xbb, 0x57, 0xfc, 0x6e,
    0x92, 0x77, 0xfc, 0xb4, 0xc8, 0x75, 0xf5, 0x55, 0x48, 0x77, 0x65, 0xc4, 0xdc, 0x7f, 0x61, 0xb9,
    0x97, 0xdd, 0x4a, 0x0a, 0xf6, 0x85, 0x60, 0x58, 0xe4, 0x65, 0x84, 0x1e, 0x4b, 0x11, 0x3e, 0x30,
    0xe1, 0x83, 0x6a, 0x21, 0x34, 0x20, 0x4b, 0x1a, 0x62, 0xe8, 0xe1, 0x87, 0x20, 0x86, 0x28, 0xe2,
    0x88, 0x24, 0x96, 0x68, 0xe2, 0x89, 0x28, 0xa6, 0xa8, 0xa2, 0x5a, 0x01, 0x08, 0x80, 0x10, 0x61,
    0x03, 0x0c, 0x20, 0xc0, 0x86, 0x2b, 0xa6, 0xd4, 0xe2, 0x8b, 0x83, 0xc5, 0x38, 0xe3, 0x7e, 0x03,
    0x14, 0x60, 0xc0, 0x8f, 0x40, 0x06, 0x59, 0x00, 0x01, 0x0e, 0xb6, 0x34, 0x80, 0x02, 0x0b, 0x70,
    0x64, 0x24, 0x92, 0x4a, 0xb6, 0x14, 0x40, 0x8f, 0x41, 0x46, 0x69, 0xc0, 0x90, 0x45, 0x3e, 0x44,
    0xc0, 0x8f, 0x05, 0x64, 0xa9, 0xe5, 0x96, 0x59, 0xfe, 0x48, 0x00, 0x8d, 0x7f, 0xa5, 0x16, 0x5e,
    0x48, 0xa3, 0x35, 0xa9, 0xd2, 0x95, 0x53, 0x72, 0xa9, 0xa6, 0x97, 0x60, 0x1a, 0x74, 0xa5, 0x9a,
    0x70, 0x6a, 0x39, 0x65, 0x9b, 0x1e, 0x21, 0xf0, 0x9e, 0x43, 0x01, 0x18, 0x70, 0x40, 0x95, 0x0a,
    0x05, 0xd0, 0x40, 0x4c, 0x0b, 0xb0, 0xf4, 0x66, 0x9c, 0x70, 0xce, 0x29, 0x5a, 0x9a, 0x84, 0x16,
    0x6a, 0x66, 0x48, 0x51, 0xd1, 0xc6, 0x27, 0x41, 0x03, 0xfc, 0xc9, 0xdd, 0x98, 0x04, 0xb9, 0xf7,
    0x40, 0xa0, 0x2a, 0x0d, 0x80, 0x68, 0xa2, 0x5c, 0x4e, 0xd9, 0x10, 0xa7, 0x89, 0x1a, 0x40, 0xe7,
    0x7e, 0x96, 0xca, 0x75, 0x50, 0x6a, 0x19, 0x51, 0x0a, 0x40, 0x81, 0xfa, 0x81, 0x04, 0x2a, 0xa1,
    0xa2, 0x32, 0xbb, 0xf4, 0x2a, 0xa1, 0xa3, 0x92, 0xaa, 0x13, 0xa6, 0x04, 0x19, 0x80, 0x6a, 0x7f,
    0x06, 0xd9, 0x49, 0x1b, 0x7c, 0x21, 0xcd, 0x1a, 0xe7, 0xa8, 0x9a, 0x0a, 0x2b, 0x67, 0x71, 0x2b,
    0xf1, 0xe7, 0x16, 0x00, 0x7a, 0x99, 0xb4, 0xac, 0x59, 0xad, 0x92, 0xb9, 0xe9, 0xac, 0x06, 0x20,
    0xbb, 0x50, 0xb1, 0xc2, 0x56, 0x5b, 0x93, 0x70, 0xcc, 0x35, 0x1b, 0x53, 0x51, 0x01, 0xc6, 0xa4,
    0xaa, 0xb4, 0xc6, 0x6a, 0xfb, 0x90, 0x00, 0x3e, 0x4e, 0xdb, 0xe9, 0x94, 0xc0, 0xae, 0x84, 0x5f,
    0x4c, 0x04, 0x14, 0xb0, 0x93, 0x02, 0x8d, 0x7e, 0x2b, 0xc0, 0xae, 0xfe, 0xd5, 0x84, 0x2e, 0x96,
    0xb0, 0xb2, 0x3b, 0x91, 0x00, 0xf1, 0xa6, 0x2b, 0x24, 0x95, 0xb5, 0xa6, 0x04, 0x6d, 0x5b, 0x6f,
    0xe5, 0x87, 0x97, 0x4f, 0x00, 0x77, 0x19, 0x65, 0x96, 0x44, 0x16, 0xcc, 0xd0, 0x8d, 0x31, 0xca,
    0x28, 0x31, 0x4b, 0xbe, 0x4e, 0x95, 0xab, 0x66, 0x0c, 0x34, 0x45, 0xb1, 0x8e, 0x17, 0x23, 0x58,
    0xa0, 0xb3, 0x06, 0x35, 0x6b, 0x6a, 0x8d, 0x4e, 0xf1, 0xf7, 0xc0, 0x81, 0x05, 0x15, 0xb0, 0x6b,
    0xb4, 0x28, 0x1f, 0xa5, 0xde, 0x49, 0xa2, 0xa1, 0x6a, 0x6d, 0xcc, 0x4f, 0x0d, 0xf0, 0x98, 0x03,
    0xe3, 0x0e, 0xa4, 0xf3, 0xa4, 0x38, 0xab, 0xf5, 0xa5, 0x44, 0x43, 0x7b, 0x18, 0x10, 0x00, 0x21,
    0xf9, 0x04, 0x04, 0x04, 0x00, 0x00, 0x00, 0x2c, 0x15, 0x00, 0x1e, 0x00, 0x94, 0x00, 0x2f, 0x00,
    0x87, 0x00, 0x00, 0x00, 0x0d, 0x03, 0x03, 0x1a, 0x06, 0x06, 0x26, 0x09, 0x0a, 0x33, 0x0d, 0x0d,
    0x40, 0x10, 0x10, 0x4d, 0x13, 0x13, 0x5a, 0x16, 0x16, 0x66, 0x19, 0x1a, 0x73, 0x1c, 0x1d, 0x80,
    0x1f, 0x20, 0x8d, 0x22, 0x23, 0x9a, 0x26, 0x26, 0xa6, 0x29, 0x2a, 0xb3, 0x2c, 0x2d, 0xc0, 0x2f,
    0x30, 0x00, 0x00, 0x00, 0x00, 0x00, 0x00, 0x00, 0x00, 0x00, 0x00, 0x00, 0x00, 0x00, 0x00, 0x00,
    0x00, 0x00, 0x00, 0x00, 0x00, 0x00, 0x00, 0x00, 0x00, 0x00, 0x00, 0x00, 0x00, 0x00, 0x00, 0x00,
    0x00, 0x00, 0x00, 0x00, 0x00, 0x00, 0x00, 0x00, 0x00, 0x00, 0x00, 0x00, 0x00, 0x00, 0x00, 0x00,
    0x00, 0x00, 0x00, 0x00, 0x00, 0x00, 0x00, 0x00, 0x00, 0x00, 0x00, 0x00, 0x00, 0x00, 0x00, 0x00,
    0x00, 0x00, 0x00, 0x00, 0x00, 0x00, 0x00, 0x00, 0x00, 0x00, 0x00, 0x00, 0x00, 0x00, 0x00, 0x00,
    0x00, 0x00, 0x00, 0x00, 0x00, 0x00, 0x00, 0x00, 0x00, 0x00, 0x00, 0x00, 0x00, 0x00, 0x00, 0x00,
    0x00, 0x00, 0x00, 0x00, 0x00, 0x00, 0x00, 0x00, 0x00, 0x00, 0x00, 0x00, 0x00, 0x00, 0x00, 0x00,
    0x00, 0x00, 0x00, 0x00, 0x00, 0x00, 0x00, 0x00, 0x00, 0x00, 0x00, 0x00, 0x00, 0x00, 0x00, 0x00,
    0x00, 0x00, 0x00, 0x00, 0x00, 0x00, 0x00, 0x00, 0x00, 0x00, 0x00, 0x00, 0x00, 0x00, 0x00, 0x00,
    0x00, 0x00, 0x00, 0x00, 0x00, 0x00, 0x00, 0x00, 0x00, 0x00, 0x00, 0x00, 0x00, 0x00, 0x00, 0x00,
    0x00, 0x00, 0x00, 0x00, 0x00, 0x00, 0x00, 0x00, 0x00, 0x00, 0x00, 0x00, 0x00, 0x00, 0x00, 0x00,
    0x00, 0x00, 0x00, 0x00, 0x00, 0x00, 0x00, 0x00, 0x00, 0x00, 0x00, 0x00, 0x00, 0x00, 0x00, 0x00,
    0x00, 0x00, 0x00, 0x00, 0x00, 0x00, 0x00, 0x00, 0x00, 0x00, 0x00, 0x00, 0x00, 0x00, 0x00, 0x00,
    0x00, 0x00, 0x00, 0x00, 0x00, 0x00, 0x00, 0x00, 0x00, 0x00, 0x00, 0x00, 0x00, 0x00, 0x00, 0x00,
    0x00, 0x00, 0x00, 0x00, 0x00, 0x00, 0x00, 0x00, 0x00, 0x00, 0x00, 0x00, 0x00, 0x00, 0x00, 0x00,
    0x00, 0x00, 0x00, 0x00, 0x00, 0x00, 0x00, 0x00, 0x00, 0x00, 0x00, 0x00, 0x00, 0x00, 0x00, 0x00,
    0x00, 0x00, 0x00, 0x00, 0x00, 0x00, 0x00, 0x00, 0x00, 0x00, 0x00, 0x00, 0x00, 0x00, 0x00, 0x00,
    0x00, 0x00, 0x00, 0x00, 0x00, 0x00, 0x00, 0x00, 0x00, 0x00, 0x00, 0x00, 0x00, 0x00, 0x00, 0x00,
    0x00, 0x00, 0x00, 0x00, 0x00, 0x00, 0x00, 0x00, 0x00, 0x00, 0x00, 0x00, 0x00, 0x00, 0x00, 0x00,
    0x00, 0x00, 0x00, 0x00, 0x00, 0x00, 0x00, 0x00, 0x00, 0x00, 0x00, 0x00, 0x00, 0x00, 0x00, 0x00,
    0x00, 0x00, 0x00, 0x00, 0x00, 0x00, 0x00, 0x00, 0x00, 0x00, 0x00, 0x00, 0x00, 0x00, 0x00, 0x00,
    0x00, 0x00, 0x00, 0x00, 0x00, 0x00, 0x00, 0x00, 0x00, 0x00, 0x00, 0x00, 0x00, 0x00, 0x00, 0x00,
    0x00, 0x00, 0x00, 0x00, 0x00, 0x00, 0x00, 0x00, 0x00, 0x00, 0x00, 0x00, 0x00, 0x00, 0x00, 0x00,
    0x00, 0x00, 0x00, 0x00, 0x00, 0x00, 0x00, 0x00, 0x00, 0x00, 0x00, 0x00, 0x00, 0x00, 0x00, 0x00,
    0x00, 0x00, 0x00, 0x00, 0x00, 0x00, 0x00, 0x00, 0x00, 0x00, 0x00, 0x00, 0x00, 0x00, 0x00, 0x00,
    0x00, 0x00, 0x00, 0x00, 0x00, 0x00, 0x00, 0x00, 0x00, 0x00, 0x00, 0x00, 0x00, 0x00, 0x00, 0x00,
    0x00, 0x00, 0x00, 0x00, 0x00, 0x00, 0x00, 0x00, 0x00, 0x00, 0x00, 0x00, 0x00, 0x00, 0x00, 0x00,
    0x00, 0x00, 0x00, 0x00, 0x00, 0x00, 0x00, 0x00, 0x00, 0x00, 0x00, 0x00, 0x00, 0x00, 0x00, 0x00,
    0x00, 0x00, 0x00, 0x00, 0x00, 0x00, 0x00, 0x00, 0x00, 0x00, 0x00, 0x00, 0x00, 0x00, 0x00, 0x00,
    0x00, 0x00, 0x00, 0x00, 0x00, 0x00, 0x00, 0x00, 0x00, 0x00, 0x00, 0x00, 0x00, 0x00, 0x00, 0x00,
    0x00, 0x00, 0x00, 0x00, 0x00, 0x00, 0x00, 0x00, 0x00, 0x00, 0x00, 0x00, 0x00, 0x00, 0x00, 0x00,
    0x00, 0x00, 0x00, 0x00, 0x00, 0x00, 0x00, 0x00, 0x00, 0x00, 0x00, 0x00, 0x00, 0x00, 0x00, 0x00,
    0x00, 0x00, 0x00, 0x00, 0x00, 0x00, 0x00, 0x00, 0x00, 0x00, 0x00, 0x00, 0x00, 0x00, 0x00, 0x00,
    0x00, 0x00, 0x00, 0x00, 0x00, 0x00, 0x00, 0x00, 0x00, 0x00, 0x00, 0x00, 0x00, 0x00, 0x00, 0x00,
    0x00, 0x00, 0x00, 0x00, 0x00, 0x00, 0x00, 0x00, 0x00, 0x00, 0x00, 0x00, 0x00, 0x00, 0x00, 0x00,
    0x00, 0x00, 0x00, 0x00, 0x00, 0x00, 0x00, 0x00, 0x00, 0x00, 0x00, 0x00, 0x00, 0x00, 0x00, 0x00,
    0x00, 0x00, 0x00, 0x00, 0x00, 0x00, 0x00, 0x00, 0x00, 0x00, 0x00, 0x00, 0x00, 0x00, 0x00, 0x00,
    0x00, 0x00, 0x00, 0x00, 0x00, 0x00, 0x00, 0x00, 0x00, 0x00, 0x00, 0x00, 0x00, 0x00, 0x00, 0x00,
    0x00, 0x00, 0x00, 0x00, 0x00, 0x00, 0x00, 0x00, 0x00, 0x00, 0x00, 0x00, 0x00, 0x00, 0x00, 0x00,
    0x00, 0x00, 0x00, 0x00, 0x00, 0x00, 0x00, 0x00, 0x00, 0x00, 0x00, 0x00, 0x00, 0x00, 0x00, 0x00,
    0x00, 0x00, 0x00, 0x00, 0x00, 0x00, 0x00, 0x00, 0x00, 0x00, 0x00, 0x00, 0x00, 0x00, 0x00, 0x00,
    0x00, 0x00, 0x00, 0x00, 0x00, 0x00, 0x00, 0x00, 0x00, 0x00, 0x00, 0x00, 0x00, 0x00, 0x00, 0x00,
    0x00, 0x00, 0x00, 0x00, 0x00, 0x00, 0x00, 0x00, 0x00, 0x00, 0x00, 0x00, 0x00, 0x00, 0x00, 0x00,
    0x00, 0x00, 0x00, 0x00, 0x00, 0x00, 0x00, 0x00, 0x00, 0x00, 0x00, 0x00, 0x00, 0x00, 0x00, 0x00,
    0x00, 0x00, 0x00, 0x00, 0x00, 0x00, 0x00, 0x00, 0x00, 0x00, 0x00, 0x00, 0x00, 0x00, 0x00, 0x00,
    0x00, 0x08, 0xff, 0x00, 0x01, 0x08, 0x1c, 0x48, 0xb0, 0x20, 0xc1, 0x00, 0x07, 0x0e, 0x08, 0x30,
    0xc8, 0xb0, 0xa1, 0xc3, 0x87, 0x10, 0x23, 0x4a, 0x9c, 0x48, 0xb1, 0xa2, 0xc5, 0x82, 0x06, 0x1c,
    0x3c, 0xd8, 0x88, 0xe0, 0xa2, 0xc7, 0x8f, 0x20, 0x43, 0x8a, 0xbc, 0x68, 0x60, 0xa3, 0xc9, 0x07,
    0x09, 0x46, 0xaa, 0x5c, 0xc9, 0xb2, 0xa5, 0xc3, 0x03, 0x27, 0x4f, 0x2a, 0x08, 0xe0, 0xb2, 0xa6,
    0xcd, 0x9b, 0x13, 0x13, 0xc4, 0x8c, 0xc9, 0x80, 0x26, 0xce, 0x9f, 0x40, 0x6d, 0xea, 0xdc, 0xc9,
    0xd3, 0x67, 0xd0, 0xa3, 0x48, 0x3d, 0x0e, 0x25, 0x5a, 0x34, 0xa9, 0xd3, 0xa7, 0x0e, 0x03, 0x28,
    0x60, 0xaa, 0x71, 0x27, 0x83, 0x01, 0x50, 0xb3, 0x42, 0x0d, 0xc0, 0x80, 0x69, 0x81, 0x01, 0x55,
    0x63, 0x3a, 0xc0, 0xaa, 0xb5, 0x2c, 0x50, 0xae, 0x4c, 0x0d, 0x08, 0x04, 0x4b, 0x74, 0xac, 0xd9,
    0xb7, 0x35, 0xd1, 0x12, 0x55, 0x3b, 0x90, 0xed, 0x4e, 0xb7, 0x70, 0xf3, 0x8a, 0x1c, 0xd0, 0xf5,
    0x2e, 0x5d, 0x82, 0x03, 0x1a, 0xb4, 0x2d, 0xa0, 0x57, 0x64, 0x01, 0x05, 0x0b, 0x10, 0x28, 0x5e,
    0xcc, 0xb8, 0xb1, 0xe3, 0xc7, 0x8c, 0x11, 0x1f, 0x68, 0x68, 0x57, 0x2c, 0x59, 0x83, 0x72, 0x77,
    0xfe, 0x2d, 0x6c, 0xb1, 0x24, 0xd3, 0xcf, 0xa0, 0x41, 0xa7, 0x2c, 0x58, 0xf9, 0x24, 0xde, 0x86,
    0x99, 0x63, 0x6e, 0xe6, 0x2c, 0x51, 0x40, 0xe8, 0xd7, 0xb0, 0x4f, 0x12, 0xae, 0x1b, 0xd6, 0xf4,
    0xe5, 0xa8, 0x7d, 0x35, 0xb3, 0xa6, 0x48, 0x20, 0xb6, 0xef, 0xd0, 0x1d, 0x05, 0x16, 0xa8, 0x6d,
    0xb2, 0xc1, 0xed, 0x87, 0x01, 0x16, 0x30, 0x0d, 0xbe, 0x1b, 0xa2, 0xeb, 0xdf, 0xd0, 0x75, 0x03,
    0xf0, 0x6c, 0xd5, 0x68, 0x4e, 0xa6, 0xa3, 0x9b, 0x3f, 0x5c, 0x1a, 0x1d, 0x7a, 0xcf, 0xe9, 0x4c,
    0xbf, 0x5f, 0xff, 0xe4, 0x7e, 0x32, 0xbb, 0xf6, 0x86, 0x08, 0x1a, 0x38, 0x58, 0xcf, 0xbe, 0xbd,
    0xfb, 0xf7, 0xf0, 0xe1, 0xcf, 0x04, 0xf0, 0xbc, 0x3a, 0x48, 0xf2, 0x26, 0x67, 0x9f, 0x47, 0x1d,
    0xa0, 0xbf, 0xff, 0xff, 0x00, 0x06, 0x28, 0xa0, 0x80, 0x03, 0xf5, 0xb6, 0xd3, 0x02, 0xd6, 0x79,
    0x84, 0x00, 0x51, 0xcc, 0xed, 0x57, 0x56, 0x7d, 0x26, 0x99, 0x17, 0x12, 0x75, 0x26, 0xad, 0xe6,
    0x60, 0x56, 0xdc, 0x89, 0xa7, 0x52, 0x86, 0x09, 0x5e, 0x98, 0x55, 0x7a, 0x0e, 0xcc, 0xd7, 0x12,
    0x88, 0x22, 0x7a, 0xf8, 0x56, 0x7f, 0x37, 0xa1, 0x68, 0xe2, 0x8a, 0x2c, 0xb6, 0xe8, 0xe2, 0x8b,
    0x30, 0xc6, 0x28, 0xe3, 0x8c, 0x34, 0xd6, 0x68, 0xe3, 0x8d, 0x27, 0x0e, 0x40, 0x00, 0x01, 0x05,
    0xf4, 0x58, 0xc0, 0x8e, 0x03, 0x2c, 0x84, 0x93, 0x8a, 0x71, 0x75, 0xd8, 0x52, 0x00, 0x3a, 0xf2,
    0xe8, 0x23, 0x90, 0x42, 0x56, 0x34, 0x40, 0x8f, 0x06, 0x44, 0xe9, 0x23, 0x94, 0x52, 0x0e, 0x60,
    0xa4, 0x48, 0x06, 0xa8, 0xd7, 0xe0, 0x4a, 0x59, 0x3a, 0xb0, 0xe5, 0x4a, 0x4f, 0x16, 0x10, 0xa5,
    0x01, 0x53, 0x8a, 0x59, 0xe5, 0x95, 0x05, 0x05, 0x20, 0x66, 0x99, 0x6c, 0xfa, 0x48, 0x66, 0x93,
    0x2a, 0x19, 0xb8, 0x91, 0x84, 0x58, 0x9e, 0x34, 0x19, 0x4b, 0x6a, 0x92, 0xd9, 0x26, 0x9b, 0x6f,
    0x42, 0x94, 0xe7, 0x9e, 0x80, 0x1a, 0x00, 0xa7, 0x48, 0x0b, 0x9e, 0x64, 0x21, 0x69, 0x09, 0x28,
    0xa0, 0x1f, 0x65, 0xb5, 0x31, 0x80, 0xe7, 0x9a, 0x80, 0xb6, 0x29, 0xe8, 0x43, 0x04, 0xe8, 0x19,
    0xe9, 0x9e, 0x2c, 0x15, 0xb0, 0x13, 0x01, 0x0e, 0x51, 0x48, 0xe7, 0x40, 0x01, 0x10, 0xf7, 0xe9,
    0x47, 0x95, 0x5e, 0x0a, 0xe8, 0x43, 0xa6, 0x06, 0x8a, 0xe6, 0x78, 0x96, 0x31, 0x44, 0xe1, 0x9c,
    0x0c, 0xa5, 0xc4, 0xf6, 0x80, 0x86, 0x23, 0xa5, 0xba, 0xa7, 0x01, 0x68, 0x96, 0x6a, 0x6b, 0x99,
    0xab, 0xb2, 0x7a, 0x52, 0x03, 0x09, 0xe2, 0xb7, 0x11, 0xad, 0x00, 0x4c, 0x75, 0x12, 0xb1, 0x22,
    0xe9, 0xba, 0xab, 0x8f, 0x68, 0x0a, 0x60, 0xe9, 0xae, 0x06, 0x1c, 0xa7, 0x92, 0xb1, 0x26, 0x69,
    0x28, 0x6c, 0xb5, 0x46, 0x91, 0x07, 0xac, 0x4b, 0xce, 0x2e, 0x0b, 0xa5, 0xb4, 0x05, 0x09, 0x00,
    0x69, 0xaa, 0xd1, 0xda, 0x24, 0xeb, 0x68, 0xd7, 0x1e, 0x4b, 0xd3, 0xab, 0xa7, 0xb5, 0x24, 0xee,
    0xb3, 0x97, 0x96, 0x1b, 0x51, 0x00, 0x3c, 0x4a, 0x29, 0xa9, 0x9e, 0x83, 0xba, 0x4b, 0xdc, 0x01,
    0x85, 0x1a, 0x4a, 0x00, 0x71, 0x0b, 0x68, 0x1a, 0xd3, 0xa2, 0x2e, 0xd1, 0x6b, 0xe6, 0xad, 0xf8,
    0x56, 0x14, 0x80, 0x00, 0x4a, 0x8e, 0xa9, 0x27, 0x01, 0x56, 0x06, 0x55, 0xda, 0x5c, 0x6b, 0x11,
    0x27, 0xdd, 0x4f, 0x0b, 0x37, 0x3c, 0x66, 0x8f, 0x10, 0xf7, 0xea, 0x27, 0x80, 0x4f, 0xbd, 0xaa,
    0x1a, 0x60, 0x16, 0x47, 0xf8, 0x54, 0x80, 0x36, 0xc2, 0x44, 0x31, 0x69, 0x25, 0x2b, 0x80, 0xe3,
    0x5b, 0xe4, 0x39, 0xc0, 0x29, 0x43, 0x02, 0xe4, 0x36, 0xac, 0xc7, 0x2f, 0x03, 0x95, 0x5b, 0xbb,
    0x98, 0xed, 0x9c, 0x6f, 0xce, 0x27, 0x27, 0xe0, 0xc0, 0x02, 0xe0, 0xa6, 0x29, 0x34, 0xd1, 0x40,
    0xe7, 0x85, 0x33, 0xa8, 0x2d, 0x06, 0x04, 0x00, 0x21, 0xf9, 0x04, 0x04, 0x04, 0x00, 0x00, 0x00,
    0x2c, 0x15, 0x00, 0x1d, 0x00, 0x94, 0x00, 0x30, 0x00, 0x87, 0x00, 0x00, 0x00, 0x0d, 0x03, 0x03,
    0x1a, 0x06, 0x06, 0x26, 0x09, 0x0a, 0x33, 0x0d, 0x0d, 0x40, 0x10, 0x10, 0x4d, 0x13, 0x13, 0x5a,
    0x16, 0x16, 0x66, 0x19, 0x1a, 0x73, 0x1c, 0x1d, 0x80, 0x1f, 0x20, 0x8d, 0x22, 0x23, 0x9a, 0x26,
    0x26, 0xa6, 0x29, 0x2a, 0xb3, 0x2c, 0x2d, 0xc0, 0x2f, 0x30, 0x00, 0x00, 0x00, 0x00, 0x00, 0x00,
    0x00, 0x00, 0x00, 0x00, 0x00, 0x00, 0x00, 0x00, 0x00, 0x00, 0x00, 0x00, 0x00, 0x00, 0x00, 0x00,
    0x00, 0x00, 0x00, 0x00, 0x00, 0x00, 0x00, 0x00, 0x00, 0x00, 0x00, 0x00, 0x00, 0x00, 0x00, 0x00,
    0x00, 0x00, 0x00, 0x00, 0x00, 0x00, 0x00, 0x00, 0x00, 0x00, 0x00, 0x00, 0x00, 0x00, 0x00, 0x00,
    0x00, 0x00, 0x00, 0x00, 0x00, 0x00, 0x00, 0x00, 0x00, 0x00, 0x00, 0x00, 0x00, 0x00, 0x00, 0x00,
    0x00, 0x00, 0x00, 0x00, 0x00, 0x00, 0x00, 0x00, 0x00, 0x00, 0x00, 0x00, 0x00, 0x00, 0x00, 0x00,
    0x00, 0x00, 0x00, 0x00, 0x00, 0x00, 0x00, 0x00, 0x00, 0x00, 0x00, 0x00, 0x00, 0x00, 0x00, 0x00,
    0x00, 0x00, 0x00, 0x00, 0x00, 0x00, 0x00, 0x00, 0x00, 0x00, 0x00, 0x00, 0x00, 0x00, 0x00, 0x00,
    0x00, 0x00, 0x00, 0x00, 0x00, 0x00, 0x00, 0x00, 0x00, 0x00, 0x00, 0x00, 0x00, 0x00, 0x00, 0x00,
    0x00, 0x00, 0x00, 0x00, 0x00, 0x00, 0x00, 0x00, 0x00, 0x00, 0x00, 0x00, 0x00, 0x00, 0x00, 0x00,
    0x00, 0x00, 0x00, 0x00, 0x00, 0x00, 0x00, 0x00, 0x00, 0x00, 0x00, 0x00, 0x00, 0x00, 0x00, 0x00,
    0x00, 0x00, 0x00, 0x00, 0x00, 0x00, 0x00, 0x00, 0x00, 0x00, 0x00, 0x00, 0x00, 0x00, 0x00, 0x00,
    0x00, 0x00, 0x00, 0x00, 0x00, 0x00, 0x00, 0x00, 0x00, 0x00, 0x00, 0x00, 0x00, 0x00, 0x00, 0x00,
    0x00, 0x00, 0x00, 0x00, 0x00, 0x00, 0x00, 0x00, 0x00, 0x00, 0x00, 0x00, 0x00, 0x00, 0x00, 0x00,
    0x00, 0x00, 0x00, 0x00, 0x00, 0x00, 0x00, 0x00, 0x00, 0x00, 0x00, 0x00, 0x00, 0x00, 0x00, 0x00,
    0x00, 0x00, 0x00, 0x00, 0x00, 0x00, 0x00, 0x00, 0x00, 0x00, 0x00, 0x00, 0x00, 0x00, 0x00, 0x00,
    0x00, 0x00, 0x00, 0x00, 0x00, 0x00, 0x00, 0x00, 0x00, 0x00, 0x00, 0x00, 0x00, 0x00, 0x00, 0x00,
    0x00, 0x00, 0x00, 0x00, 0x00, 0x00, 0x00, 0x00, 0x00, 0x00, 0x00, 0x00, 0x00, 0x00, 0x00, 0x00,
    0x00, 0x00, 0x00, 0x00, 0x00, 0x00, 0x00, 0x00, 0x00, 0x00, 0x00, 0x00, 0x00, 0x00, 0x00, 0x00,
    0x00, 0x00, 0x00, 0x00, 0x00, 0x00, 0x00, 0x00, 0x00, 0x00, 0x00, 0x00, 0x00, 0x00, 0x00, 0x00,
    0x00, 0x00, 0x00, 0x00, 0x00, 0x00, 0x00, 0x00, 0x00, 0x00, 0x00, 0x00, 0x00, 0x00, 0x00, 0x00,
    0x00, 0x00, 0x00, 0x00, 0x00, 0x00, 0x00, 0x00, 0x00, 0x00, 0x00, 0x00, 0x00, 0x00, 0x00, 0x00,
    0x00, 0x00, 0x00, 0x00, 0x00, 0x00, 0x00, 0x00, 0x00, 0x00, 0x00, 0x00, 0x00, 0x00, 0x00, 0x00,
    0x00, 0x00, 0x00, 0x00, 0x00, 0x00, 0x00, 0x00, 0x00, 0x00, 0x00, 0x00, 0x00, 0x00, 0x00, 0x00,
    0x00, 0x00, 0x00, 0x00, 0x00, 0x00, 0x00, 0x00, 0x00, 0x00, 0x00, 0x00, 0x00, 0x00, 0x00, 0x00,
    0x00, 0x00, 0x00, 0x00, 0x00, 0x00, 0x00, 0x00, 0x00, 0x00, 0x00, 0x00, 0x00, 0x00, 0x00, 0x00,
    0x00, 0x00, 0x00, 0x00, 0x00, 0x00, 0x00, 0x00, 0x00, 0x00, 0x00, 0x00, 0x00, 0x00, 0x00, 0x00,
    0x00, 0x00, 0x00, 0x00, 0x00, 0x00, 0x00, 0x00, 0x00, 0x00, 0x00, 0x00, 0x00, 0x00, 0x00, 0x00,
    0x00, 0x00, 0x00, 0x00, 0x00, 0x00, 0x00, 0x00, 0x00, 0x00, 0x00, 0x00, 0x00, 0x00, 0x00, 0x00,
    0x00, 0x00, 0x00, 0x00, 0x00, 0x00, 0x00, 0x00, 0x00, 0x00, 0x00, 0x00, 0x00, 0x00, 0x00, 0x00,
    0x00, 0x00, 0x00, 0x00, 0x00, 0x00, 0x00, 0x00, 0x00, 0x00, 0x00, 0x00, 0x00, 0x00, 0x00, 0x00,
    0x00, 0x00, 0x00, 0x00, 0x00, 0x00, 0x00, 0x00, 0x00, 0x00, 0x00, 0x00, 0x00, 0x00, 0x00, 0x00,
    0x00, 0x00, 0x00, 0x00, 0x00, 0x00, 0x00, 0x00, 0x00, 0x00, 0x00, 0x00, 0x00, 0x00, 0x00, 0x00,
    0x00, 0x00, 0x00, 0x00, 0x00, 0x00, 0x00, 0x00, 0x00, 0x00, 0x00, 0x00, 0x00, 0x00, 0x00, 0x00,
    0x00, 0x00, 0x00, 0x00, 0x00, 0x00, 0x00, 0x00, 0x00, 0x00, 0x00, 0x00, 0x00, 0x00, 0x00, 0x00,
    0x00, 0x00, 0x00, 0x00, 0x00, 0x00, 0x00, 0x00, 0x00, 0x00, 0x00, 0x00, 0x00, 0x00, 0x00, 0x00,
    0x00, 0x00, 0x00, 0x00, 0x00, 0x00, 0x00, 0x00, 0x00, 0x00, 0x00, 0x00, 0x00, 0x00, 0x00, 0x00,
    0x00, 0x00, 0x00, 0x00, 0x00, 0x00, 0x00, 0x00, 0x00, 0x00, 0x00, 0x00, 0x00, 0x00, 0x00, 0x00,
    0x00, 0x00, 0x00, 0x00, 0x00, 0x00, 0x00, 0x00, 0x00, 0x00, 0x00, 0x00, 0x00, 0x00, 0x00, 0x00,
    0x00, 0x00, 0x00, 0x00, 0x00, 0x00, 0x00, 0x00, 0x00, 0x00, 0x00, 0x00, 0x00, 0x00, 0x00, 0x00,
    0x00, 0x00, 0x00, 0x00, 0x00, 0x00, 0x00, 0x00, 0x00, 0x00, 0x00, 0x00, 0x00, 0x00, 0x00, 0x00,
    0x00, 0x00, 0x00, 0x00, 0x00, 0x00, 0x00, 0x00, 0x00, 0x00, 0x00, 0x00, 0x00, 0x00, 0x00, 0x00,
    0x00, 0x00, 0x00, 0x00, 0x00, 0x00, 0x00, 0x00, 0x00, 0x00, 0x00, 0x00, 0x00, 0x00, 0x00, 0x00,
    0x00, 0x00, 0x00, 0x00, 0x00, 0x00, 0x00, 0x00, 0x00, 0x00, 0x00, 0x00, 0x00, 0x00, 0x00, 0x00,
    0x00, 0x00, 0x00, 0x00, 0x00, 0x00, 0x00, 0x00, 0x00, 0x00, 0x00, 0x00, 0x00, 0x00, 0x00, 0x00,
    0x00, 0x00, 0x00, 0x00, 0x00, 0x00, 0x00, 0x00, 0x00, 0x00, 0x08, 0xff, 0x00, 0x01, 0x08, 0x1c,
    0x48, 0xb0, 0x60, 0xc1, 0x00, 0x01, 0x0c, 0x2a, 0x5c, 0xc8, 0xb0, 0xa1, 0xc3, 0x87, 0x10, 0x23,
    0x4a, 0x9c, 0x48, 0xd1, 0x60, 0x00, 0x04, 0x0d, 0x1c, 0x24, 0x10, 0x50, 0xb1, 0xa3, 0xc7, 0x8f,
    0x20, 0x43, 0x56, 0x0c, 0xc0, 0xe0, 0x81, 0xc9, 0x07, 0x0e, 0x06, 0x88, 0x5c, 0xc9, 0xb2, 0xa5,
    0x4b, 0x86, 0x24, 0x4f, 0x9e, 0x4c, 0xf9, 0xb2, 0xa6, 0xcd, 0x9b, 0x12, 0x07, 0x38, 0x90, 0xc9,
    0xd3, 0x00, 0xce, 0x9f, 0x40, 0x71, 0xea, 0xe4, 0x49, 0xd4, 0x67, 0xd0, 0xa3, 0x48, 0x3f, 0x0e,
    0x25, 0x5a, 0x34, 0xa9, 0xd3, 0xa7, 0x0e, 0x97, 0x32, 0x6d, 0x0a, 0xb5, 0x6a, 0x55, 0x03, 0x53,
    0x17, 0x24, 0x98, 0x9a, 0xc0, 0xaa, 0x57, 0xa4, 0x58, 0x99, 0x32, 0x48, 0xb8, 0x95, 0x69, 0xd7,
    0xaf, 0x68, 0x6d, 0x86, 0x25, 0x3a, 0x76, 0x60, 0x59, 0xa2, 0x67, 0xd3, 0xca, 0x15, 0xb9, 0x96,
    0x67, 0x5b, 0x82, 0x6f, 0x79, 0xc6, 0x9d, 0x0b, 0x72, 0x00, 0x01, 0x84, 0x80, 0x03, 0x0b, 0x1e,
    0x4c, 0x58, 0xb0, 0xdf, 0x84, 0x0b, 0xf3, 0xca, 0x4c, 0x80, 0xb8, 0xe0, 0x81, 0xa9, 0x77, 0xf9,
    0x8e, 0x5c, 0x60, 0xd2, 0x81, 0xe5, 0xcb, 0x98, 0x33, 0x6b, 0xde, 0x8c, 0xd9, 0x64, 0x03, 0x95,
    0x06, 0x15, 0x9f, 0xdc, 0x6b, 0xb0, 0xae, 0xcc, 0xc8, 0x92, 0x25, 0x96, 0x9c, 0xca, 0xba, 0x75,
    0x6b, 0x07, 0x1c, 0xf1, 0x72, 0x7d, 0x68, 0xfa, 0x24, 0xea, 0xd4, 0x51, 0x5d, 0xeb, 0xde, 0x2d,
    0xf3, 0x80, 0x6c, 0xb3, 0x11, 0x6b, 0x9b, 0xbc, 0x8d, 0x7b, 0x21, 0x01, 0xde, 0xc8, 0x5d, 0x23,
    0x10, 0x18, 0x93, 0xa9, 0x6f, 0x89, 0x04, 0x76, 0x12, 0xa5, 0x59, 0xbc, 0x61, 0x00, 0xe9, 0xc9,
    0xb3, 0xcb, 0x54, 0xd9, 0x9c, 0xea, 0x44, 0xa9, 0x32, 0xa9, 0x57, 0xff, 0x5f, 0x08, 0x5e, 0x3b,
    0x72, 0xa3, 0xab, 0xbd, 0x53, 0x2c, 0x5f, 0x39, 0xf6, 0x78, 0x85, 0x02, 0x0e, 0xc8, 0x47, 0x40,
    0xbf, 0xbe, 0xfd, 0xfb, 0xf8, 0xf3, 0xd3, 0x97, 0x7f, 0x00, 0xf4, 0x80, 0xa9, 0x46, 0x79, 0xc4,
    0xde, 0x03, 0xcf, 0xbd, 0xf7, 0xd5, 0x71, 0x3c, 0x39, 0x40, 0x80, 0x48, 0x02, 0xa4, 0x77, 0xd2,
    0x72, 0x06, 0x7e, 0x75, 0x1d, 0x4f, 0x0b, 0xae, 0x34, 0xe1, 0x76, 0x11, 0xa2, 0x25, 0x55, 0x80,
    0x2b, 0x6d, 0x98, 0x61, 0x5a, 0xf1, 0xf5, 0x57, 0x53, 0x88, 0xa0, 0x7d, 0x68, 0xe2, 0x89, 0x28,
    0xa6, 0xa8, 0xe2, 0x8a, 0x2c, 0xb6, 0xe8, 0xe2, 0x8b, 0x30, 0xc6, 0x28, 0x23, 0x5a, 0x01, 0x08,
    0x30, 0xc0, 0x8d, 0x03, 0x08, 0xd0, 0xd8, 0x8c, 0x2f, 0xd5, 0x88, 0x63, 0x8e, 0x3b, 0x52, 0x24,
    0x00, 0x01, 0x05, 0x14, 0x60, 0xc0, 0x91, 0x48, 0x16, 0x49, 0x80, 0x8e, 0x36, 0x05, 0x20, 0x9f,
    0x7b, 0x2d, 0x39, 0x79, 0x00, 0x94, 0x2e, 0x0d, 0x59, 0x24, 0x92, 0x49, 0x16, 0xb0, 0x64, 0x90,
    0x0d, 0x09, 0x60, 0xa4, 0x01, 0x45, 0x86, 0x29, 0xe6, 0x97, 0x05, 0x94, 0xc8, 0x52, 0x73, 0xe2,
    0x59, 0xb8, 0x5a, 0x9a, 0x2b, 0x79, 0x79, 0xe4, 0x98, 0x63, 0xbe, 0x69, 0x26, 0x43, 0x03, 0x80,
    0x09, 0xe7, 0x9d, 0x57, 0x56, 0xc8, 0xd2, 0x63, 0x33, 0x71, 0x69, 0x90, 0x8d, 0x10, 0x51, 0x76,
    0xd2, 0x02, 0x2e, 0xd5, 0x89, 0x27, 0x9e, 0x06, 0xe8, 0x49, 0x9e, 0x9d, 0x87, 0xde, 0x99, 0x68,
    0x4b, 0x08, 0xd8, 0xe5, 0x27, 0x73, 0x0a, 0x0c, 0x37, 0x67, 0x41, 0x8a, 0x11, 0xca, 0x92, 0xa1,
    0x8d, 0x3a, 0xaa, 0xa8, 0x41, 0x9d, 0x76, 0x3a, 0x69, 0x45, 0x02, 0x60, 0x67, 0x12, 0x69, 0x03,
    0x75, 0x87, 0xd2, 0xa5, 0x02, 0xd5, 0x56, 0x40, 0x4b, 0xa1, 0x36, 0xc3, 0x3a, 0x6a, 0xac, 0x88,
    0x8e, 0x5a, 0x51, 0x79, 0x10, 0x12, 0x34, 0x80, 0x83, 0x95, 0xbd, 0x5a, 0x50, 0x01, 0xea, 0x89,
    0x44, 0xab, 0xa3, 0xa3, 0x72, 0x3a, 0xac, 0x91, 0xbe, 0xb6, 0x54, 0x1e, 0x87, 0x03, 0x9a, 0xc4,
    0xac, 0xa9, 0x0f, 0x70, 0xd8, 0x21, 0xa3, 0xc3, 0x82, 0xe9, 0x10, 0x01, 0xd4, 0x86, 0x0a, 0xa6,
    0xad, 0x1e, 0x01, 0x4b, 0xa1, 0x40, 0xcd, 0x9e, 0x64, 0xd4, 0x85, 0x0f, 0xda, 0x84, 0xed, 0xb1,
    0xdb, 0x3e, 0x84, 0x6d, 0xb6, 0x8e, 0x26, 0xca, 0xed, 0x47, 0x7c, 0xce, 0x24, 0x40, 0xa9, 0x76,
    0x09, 0x2a, 0x93, 0x4f, 0xbc, 0x2a, 0x80, 0xd3, 0xba, 0xda, 0xba, 0x1b, 0x51, 0x00, 0x03, 0x7c,
    0x89, 0x25, 0x96, 0x5a, 0x52, 0x59, 0x93, 0x62, 0x0d, 0x34, 0x20, 0x29, 0x00, 0xa2, 0xf1, 0x4a,
    0x9c, 0x4b, 0x00, 0x0b, 0x3c, 0xf0, 0x9b, 0x4b, 0x76, 0xe4, 0x23, 0x01, 0x18, 0x13, 0x70, 0x23,
    0x93, 0x47, 0xd9, 0x2b, 0x56, 0x63, 0xa2, 0x85, 0xf7, 0xee, 0x99, 0x36, 0x66, 0xac, 0x31, 0x90,
    0x2d, 0xaa, 0x7a, 0x5a, 0x90, 0x21, 0xaf, 0xca, 0xa3, 0x55, 0xf4, 0xf2, 0xb4, 0x80, 0x9f, 0x91,
    0x12, 0x95, 0xec, 0xcb, 0x50, 0xfd, 0xb7, 0x58, 0x43, 0xa6, 0x15, 0x88, 0xf3, 0x55, 0xa3, 0xd1,
    0x16, 0xf4, 0xcf, 0x5f, 0xc5, 0xf7, 0x29, 0x43, 0x46, 0x13, 0xad, 0xb4, 0x5c, 0x01, 0x01, 0x00,
    0x21, 0xf9, 0x04, 0x04, 0x04, 0x00, 0x00, 0x00, 0x2c, 0x15, 0x00, 0x1d, 0x00, 0x94, 0x00, 0x2f,
    0x00, 0x87, 0x00, 0x00, 0x00, 0x0d, 0x03, 0x03, 0x1a, 0x06, 0x06, 0x26, 0x09, 0x0a, 0x33, 0x0d,
    0x0d, 0x40, 0x10, 0x10, 0x4d, 0x13, 0x13, 0x5a, 0x16, 0x16, 0x66, 0x19, 0x1a, 0x73, 0x1c, 0x1d,
    0x80, 0x1f, 0x20, 0x8d, 0x22, 0x23, 0x9a, 0x26, 0x26, 0xa6, 0x29, 0x2a, 0xb3, 0x2c, 0x2d, 0xc0,
    0x2f, 0x30, 0x00, 0x00, 0x00, 0x00, 0x00, 0x00, 0x00, 0x00, 0x00, 0x00, 0x00, 0x00, 0x00, 0x00,
    0x00, 0x00, 0x00, 0x00, 0x00, 0x00, 0x00, 0x00, 0x00, 0x00, 0x00, 0x00, 0x00, 0x00, 0x00, 0x00,
    0x00, 0x00, 0x00, 0x00, 0x00, 0x00, 0x00, 0x00, 0x00, 0x00, 0x00, 0x00, 0x00, 0x00, 0x00, 0x00,
    0x00, 0x00, 0x00, 0x00, 0x00, 0x00, 0x00, 0x00, 0x00, 0x00, 0x00, 0x00, 0x00, 0x00, 0x00, 0x00,
    0x00, 0x00, 0x00, 0x00, 0x00, 0x00, 0x00, 0x00, 0x00, 0x00, 0x00, 0x00, 0x00, 0x00, 0x00, 0x00,
    0x00, 0x00, 0x00, 0x00, 0x00, 0x00, 0x00, 0x00, 0x00, 0x00, 0x00, 0x00, 0x00, 0x00, 0x00, 0x00,
    0x00, 0x00, 0x00, 0x00, 0x00, 0x00, 0x00, 0x00, 0x00, 0x00, 0x00, 0x00, 0x00, 0x00, 0x00, 0x00,
    0x00, 0x00, 0x00, 0x00, 0x00, 0x00, 0x00, 0x00, 0x00, 0x00, 0x00, 0x00, 0x00, 0x00, 0x00, 0x00,
    0x00, 0x00, 0x00, 0x00, 0x00, 0x00, 0x00, 0x00, 0x00, 0x00, 0x00, 0x00, 0x00, 0x00, 0x00, 0x00,
    0x00, 0x00, 0x00, 0x00, 0x00, 0x00, 0x00, 0x00, 0x00, 0x00, 0x00, 0x00, 0x00, 0x00, 0x00, 0x00,
    0x00, 0x00, 0x00, 0x00, 0x00, 0x00, 0x00, 0x00, 0x00, 0x00, 0x00, 0x00, 0x00, 0x00, 0x00, 0x00,
    0x00, 0x00, 0x00, 0x00, 0x00, 0x00, 0x00, 0x00, 0x00, 0x00, 0x00, 0x00, 0x00, 0x00, 0x00, 0x00,
    0x00, 0x00, 0x00, 0x00, 0x00, 0x00, 0x00, 0x00, 0x00, 0x00, 0x00, 0x00, 0x00, 0x00, 0x00, 0x00,
    0x00, 0x00, 0x00, 0x00, 0x00, 0x00, 0x00, 0x00, 0x00, 0x00, 0x00, 0x00, 0x00, 0x00, 0x00, 0x00,
    0x00, 0x00, 0x00, 0x00, 0x00, 0x00, 0x00, 0x00, 0x00, 0x00, 0x00, 0x00, 0x00, 0x00, 0x00, 0x00,
    0x00, 0x00, 0x00, 0x00, 0x00, 0x00, 0x00, 0x00, 0x00, 0x00, 0x00, 0x00, 0x00, 0x00, 0x00, 0x00,
    0x00, 0x00, 0x00, 0x00, 0x00, 0x00, 0x00, 0x00, 0x00, 0x00, 0x00, 0x00, 0x00, 0x00, 0x00, 0x00,
    0x00, 0x00, 0x00, 0x00, 0x00, 0x00, 0x00, 0x00, 0x00, 0x00, 0x00, 0x00, 0x00, 0x00, 0x00, 0x00,
    0x00, 0x00, 0x00, 0x00, 0x00, 0x00, 0x00, 0x00, 0x00, 0x00, 0x00, 0x00, 0x00, 0x00, 0x00, 0x00,
    0x00, 0x00, 0x00, 0x00, 0x00, 0x00, 0x00, 0x00, 0x00, 0x00, 0x00, 0x00, 0x00, 0x00, 0x00, 0x00,
    0x00, 0x00, 0x00, 0x00, 0x00, 0x00, 0x00, 0x00, 0x00, 0x00, 0x00, 0x00, 0x00, 0x00, 0x00, 0x00,
    0x00, 0x00, 0x00, 0x00, 0x00, 0x00, 0x00, 0x00, 0x00, 0x00, 0x00, 0x00, 0x00, 0x00, 0x00, 0x00,
    0x00, 0x00, 0x00, 0x00, 0x00, 0x00, 0x00, 0x00, 0x00, 0x00, 0x00, 0x00, 0x00, 0x00, 0x00, 0x00,
    0x00, 0x00, 0x00, 0x00, 0x00, 0x00, 0x00, 0x00, 0x00, 0x00, 0x00, 0x00, 0x00, 0x00, 0x00, 0x00,
    0x00, 0x00, 0x00, 0x00, 0x00, 0x00, 0x00, 0x00, 0x00, 0x00, 0x00, 0x00, 0x00, 0x00, 0x00, 0x00,
    0x00, 0x00, 0x00, 0x00, 0x00, 0x00, 0x00, 0x00, 0x00, 0x00, 0x00, 0x00, 0x00, 0x00, 0x00, 0x00,
    0x00, 0x00, 0x00, 0x00, 0x00, 0x00, 0x00, 0x00, 0x00, 0x00, 0x00, 0x00, 0x00, 0x00, 0x00, 0x00,
    0x00, 0x00, 0x00, 0x00, 0x00, 0x00, 0x00, 0x00, 0x00, 0x00, 0x00, 0x00, 0x00, 0x00, 0x00, 0x00,
    0x00, 0x00, 0x00, 0x00, 0x00, 0x00, 0x00, 0x00, 0x00, 0x00, 0x00, 0x00, 0x00, 0x00, 0x00, 0x00,
    0x00, 0x00, 0x00, 0x00, 0x00, 0x00, 0x00, 0x00, 0x00, 0x00, 0x00, 0x00, 0x00, 0x00, 0x00, 0x00,
    0x00, 0x00, 0x00, 0x00, 0x00, 0x00, 0x00, 0x00, 0x00, 0x00, 0x00, 0x00, 0x00, 0x00, 0x00, 0x00,
    0x00, 0x00, 0x00, 0x00, 0x00, 0x00, 0x00, 0x00, 0x00, 0x00, 0x00, 0x00, 0x00, 0x00, 0x00, 0x00,
    0x00, 0x00, 0x00, 0x00, 0x00, 0x00, 0x00, 0x00, 0x00, 0x00, 0x00, 0x00, 0x00, 0x00, 0x00, 0x00,
    0x00, 0x00, 0x00, 0x00, 0x00, 0x00, 0x00, 0x00, 0x00, 0x00, 0x00, 0x00, 0x00, 0x00, 0x00, 0x00,
    0x00, 0x00, 0x00, 0x00, 0x00, 0x00, 0x00, 0x00, 0x00, 0x00, 0x00, 0x00, 0x00, 0x00, 0x00, 0x00,
    0x00, 0x00, 0x00, 0x00, 0x00, 0x00, 0x00, 0x00, 0x00, 0x00, 0x00, 0x00, 0x00, 0x00, 0x00, 0x00,
    0x00, 0x00, 0x00, 0x00, 0x00, 0x00, 0x00, 0x00, 0x00, 0x00, 0x00, 0x00, 0x00, 0x00, 0x00, 0x00,
    0x00, 0x00, 0x00, 0x00, 0x00, 0x00, 0x00, 0x00, 0x00, 0x00, 0x00, 0x00, 0x00, 0x00, 0x00, 0x00,
    0x00, 0x00, 0x00, 0x00, 0x00, 0x00, 0x00, 0x00, 0x00, 0x00, 0x00, 0x00, 0x00, 0x00, 0x00, 0x00,
    0x00, 0x00, 0x00, 0x00, 0x00, 0x00, 0x00, 0x00, 0x00, 0x00, 0x00, 0x00, 0x00, 0x00, 0x00, 0x00,
    0x00, 0x00, 0x00, 0x00, 0x00, 0x00, 0x00, 0x00, 0x00, 0x00, 0x00, 0x00, 0x00, 0x00, 0x00, 0x00,
    0x00, 0x00, 0x00, 0x00, 0x00, 0x00, 0x00, 0x00, 0x00, 0x00, 0x00, 0x00, 0x00, 0x00, 0x00, 0x00,
    0x00, 0x00, 0x00, 0x00, 0x00, 0x00, 0x00, 0x00, 0x00, 0x00, 0x00, 0x00, 0x00, 0x00, 0x00, 0x00,
    0x00, 0x00, 0x00, 0x00, 0x00, 0x00, 0x00, 0x00, 0x00, 0x00, 0x00, 0x00, 0x00, 0x00, 0x00, 0x00,
    0x00, 0x00, 0x00, 0x00, 0x00, 0x00, 0x00, 0x00, 0x00, 0x00, 0x00, 0x00, 0x00, 0x00, 0x00, 0x00,
    0x00, 0x00, 0x08, 0xff, 0x00, 0x01, 0x08, 0x1c, 0x48, 0xb0, 0x60, 0xc1, 0x01, 0x04, 0x0c, 0x2a,
    0x5c, 0xc8, 0xb0, 0xa1, 0xc3, 0x87, 0x10, 0x23, 0x4a, 0x9c, 0x48, 0xd1, 0xe0, 0x80, 0x05, 0x0f,
    0x1e, 0x30, 0x28, 0x50, 0xb1, 0xa3, 0xc7, 0x8f, 0x20, 0x43, 0x56, 0x1c, 0xe0, 0x20, 0xa3, 0x49,
    0x03, 0x22, 0x53, 0xaa, 0x5c, 0xc9, 0x92, 0x21, 0x81, 0x92, 0x26, 0x4d, 0x1e, 0x68, 0x49, 0xb3,
    0xa6, 0x4d, 0x89, 0x06, 0x62, 0xea, 0x7c, 0x90, 0xe0, 0xa6, 0xcf, 0x9f, 0x37, 0x73, 0xee, 0xd4,
    0xd9, 0x13, 0xa8, 0xd1, 0xa3, 0x1f, 0x85, 0x0e, 0x25, 0x8a, 0xb4, 0xa9, 0x53, 0x87, 0x07, 0x96,
    0x2e, 0x4d, 0x10, 0xe0, 0xa9, 0x55, 0xab, 0x09, 0x96, 0x22, 0x50, 0xaa, 0x93, 0x41, 0xd5, 0xab,
    0x60, 0x81, 0x66, 0x1d, 0x5a, 0x94, 0x6b, 0x4c, 0xaf, 0x61, 0xd3, 0xd6, 0x1c, 0xbb, 0xb3, 0xa8,
    0x40, 0xb3, 0x26, 0xd1, 0xaa, 0x9d, 0x1b, 0x32, 0x00, 0x5b, 0xa6, 0x05, 0xe1, 0x66, 0x64, 0x20,
    0x80, 0x6e, 0x48, 0x01, 0x07, 0x0e, 0x10, 0x18, 0x4c, 0xb8, 0xb0, 0xe1, 0xc3, 0x88, 0x0b, 0x07,
    0x1e, 0xb0, 0x30, 0x00, 0x83, 0xa5, 0x28, 0x15, 0x92, 0x1c, 0xea, 0x80, 0xb1, 0xdf, 0x8e, 0x93,
    0xa5, 0x6a, 0xde, 0xbc, 0x33, 0x32, 0x41, 0xc7, 0x90, 0x1b, 0x66, 0xd6, 0x59, 0xf9, 0x32, 0xc5,
    0x00, 0x30, 0x39, 0xab, 0xe6, 0x6c, 0x59, 0x20, 0xe8, 0xa1, 0x9e, 0x19, 0x8e, 0x8e, 0x59, 0xda,
    0x74, 0x44, 0x02, 0xab, 0x73, 0x6f, 0x46, 0x30, 0x50, 0xc0, 0x63, 0xd8, 0x11, 0x67, 0x9b, 0x74,
    0x90, 0xd0, 0xf6, 0xc3, 0x01, 0xba, 0x93, 0x0f, 0x9d, 0x09, 0x40, 0x78, 0xc6, 0xda, 0x11, 0x5f,
    0x77, 0x36, 0xfe, 0xf0, 0xb7, 0x72, 0xe5, 0x0e, 0xfa, 0x3a, 0x7f, 0x00, 0x5d, 0xa2, 0x74, 0x9d,
    0xb1, 0xa9, 0x1b, 0xff, 0x0c, 0x80, 0xf1, 0xba, 0xee, 0x06, 0x8c, 0x51, 0x53, 0x6e, 0x7d, 0xda,
    0xba, 0x4e, 0xf6, 0xe2, 0x2d, 0x26, 0x9e, 0x4f, 0x3f, 0xf1, 0x57, 0xdc, 0x3b, 0xbb, 0x57, 0xfc,
    0x6e, 0x92, 0x77, 0xfc, 0xb4, 0xc8, 0x75, 0xf5, 0x55, 0x48, 0x77, 0x65, 0xc4, 0xdc, 0x7f, 0x61,
    0xb9, 0x97, 0xdd, 0x4a, 0x0a, 0xf6, 0x85, 0x60, 0x58, 0xe4, 0x65, 0x84, 0x1e, 0x4b, 0x11, 0x3e,
    0x30, 0xe1, 0x83, 0x6a, 0x21, 0x34, 0x20, 0x4b, 0x1a, 0x62, 0xe8, 0xe1, 0x87, 0x20, 0x86, 0x28,
    0xe2, 0x88, 0x24, 0x96, 0x68, 0xe2, 0x89, 0x28, 0xa6, 0xa8, 0xa2, 0x5a, 0x01, 0x08, 0x80, 0x10,
    0x61, 0x03, 0x0c, 0x20, 0xc0, 0x86, 0x2b, 0xa6, 0xd4, 0xe2, 0x8b, 0x83, 0xc5, 0x38, 0xe3, 0x7e,
    0x03, 0x14, 0x60, 0xc0, 0x8f, 0x40, 0x06, 0x59, 0x00, 0x01, 0x0e, 0xb6, 0x34, 0x80, 0x02, 0x0b,
    0x70, 0x64, 0x24, 0x92, 0x4a, 0xb6, 0x14, 0x40, 0x8f, 0x41, 0x46, 0x69, 0xc0, 0x90, 0x45, 0x3e,
    0x44, 0xc0, 0x8f, 0x05, 0x64, 0xa9, 0xe5, 0x96, 0x59, 0xfe, 0x48, 0x00, 0x8d, 0x7f, 0xa5, 0x16,
    0x5e, 0x48, 0xa3, 0x35, 0xa9, 0xd2, 0x95, 0x53, 0x72, 0xa9, 0xa6, 0x97, 0x60, 0x1a, 0x74, 0xa5,
    0x9a, 0x70, 0x6a, 0x39, 0x65, 0x9b, 0x1e, 0x21, 0xf0, 0x9e, 0x43, 0x01, 0x18, 0x70, 0x40, 0x95,
    0x0a, 0x05, 0xd0, 0x40, 0x4c, 0x0b, 0xb0, 0xf4, 0x66, 0x9c, 0x70, 0xce, 0x29, 0x5a, 0x9a, 0x84,
    0x16, 0x6a, 0x66, 0x48, 0x51, 0xd1, 0xc6, 0x27, 0x41, 0x03, 0xfc, 0xc9, 0xdd, 0x98, 0x04, 0xb9,
    0xf7, 0x40, 0xa0, 0x2a, 0x0d, 0x80, 0x68, 0xa2, 0x5c, 0x4e, 0xd9, 0x10, 0xa7, 0x89, 0x1a, 0x40,
    0xe7, 0x7e, 0x96, 0xca, 0x75, 0x50, 0x6a, 0x19, 0x51, 0x0a, 0x40, 0x81, 0xfa, 0x81, 0x04, 0x2a,
    0xa1, 0xa2, 0x32, 0xbb, 0xf4, 0x2a, 0xa1, 0xa3, 0x92, 0xaa, 0x13, 0xa6, 0x04, 0x19, 0x80, 0x6a,
    0x7f, 0x06, 0xd9, 0x49, 0x1b, 0x7c, 0x21, 0xcd, 0x1a, 0xe7, 0xa8, 0x9a, 0x0a, 0x2b, 0x67, 0x71,
    0x2b, 0xf1, 0xe7, 0x16, 0x00, 0x7a, 0x99, 0xb4, 0xac, 0x59, 0xad, 0x92, 0xb9, 0xe9, 0xac, 0x06,
    0x20, 0xbb, 0x50, 0xb1, 0xc2, 0x56, 0x5b, 0x93, 0x70, 0xcc, 0x35, 0x1b, 0x53, 0x51, 0x01, 0xc6,
    0xa4, 0xaa, 0xb4, 0xc6, 0x6a, 0xfb, 0x90, 0x00, 0x3e, 0x4e, 0xdb, 0xe9, 0x94, 0xc0, 0xae, 0x84,
    0x5f, 0x4c, 0x04, 0x14, 0xb0, 0x93, 0x02, 0x8d, 0x7e, 0x2b, 0xc0, 0xae, 0xfe, 0xd5, 0x84, 0x2e,
    0x96, 0xb0, 0xb2, 0x3b, 0x91, 0x00, 0xf1, 0xa6, 0x2b, 0x24, 0x95, 0xb5, 0xa6, 0x04, 0x6d, 0x5b,
    0x6f, 0xe5, 0x87, 0x97, 0x4f, 0x00, 0x77, 0x19, 0x65, 0x96, 0x44, 0x16, 0xcc, 0xd0, 0x8d, 0x31,
    0xca, 0x28, 0x31, 0x4b, 0xbe, 0x4e, 0x95, 0xab, 0x66, 0x0c, 0x34, 0x45, 0xb1, 0x8e, 0x17, 0x23,
    0x58, 0xa0, 0xb3, 0x06, 0x35, 0x6b, 0x6a, 0x8d, 0x4e, 0xf1, 0xf7, 0xc0, 0x81, 0x05, 0x15, 0xb0,
    0x6b, 0xb4, 0x28, 0x1f, 0xa5, 0xde, 0x49, 0xa2, 0xa1, 0x6a, 0x6d, 0xcc, 0x4f, 0x0d, 0xf0, 0x98,
    0x03, 0xe3, 0x0e, 0xa4, 0xf3, 0xa4, 0x38, 0xab, 0xf5, 0xa5, 0x44, 0x43, 0x7b, 0x18, 0x10, 0x00,
    0x21, 0xf9, 0x04, 0x04, 0x04, 0x00, 0x00, 0x00, 0x2c, 0x15, 0x00, 0x1d, 0x00, 0x94, 0x00, 0x2f,
    0x00, 0x87, 0x00, 0x00, 0x00, 0x0d, 0x03, 0x03, 0x1a, 0x06, 0x06, 0x26, 0x09, 0x0a, 0x33, 0x0d,
    0x0d, 0x40, 0x10, 0x10, 0x4d, 0x13, 0x13, 0x5a, 0x16, 0x16, 0x66, 0x19, 0x1a, 0x73, 0x1c, 0x1d,
    0x80, 0x1f, 0x20, 0x8d, 0x22, 0x23, 0x9a, 0x26, 0x26, 0xa6, 0x29, 0x2a, 0xb3, 0x2c, 0x2d, 0xc0,
    0x2f, 0x30, 0x00, 0x00, 0x00, 0x00, 0x00, 0x00, 0x00, 0x00, 0x00, 0x00, 0x00, 0x00, 0x00, 0x00,
    0x00, 0x00, 0x00, 0x00, 0x00, 0x00, 0x00, 0x00, 0x00, 0x00, 0x00, 0x00, 0x00, 0x00, 0x00, 0x00,
    0x00, 0x00, 0x00, 0x00, 0x00, 0x00, 0x00, 0x00, 0x00, 0x00, 0x00, 0x00, 0x00, 0x00, 0x00, 0x00,
    0x00, 0x00, 0x00, 0x00, 0x00, 0x00, 0x00, 0x00, 0x00, 0x00, 0x00, 0x00, 0x00, 0x00, 0x00, 0x00,
    0x00, 0x00, 0x00, 0x00, 0x00, 0x00, 0x00, 0x00, 0x00, 0x00, 0x00, 0x00, 0x00, 0x00, 0x00, 0x00,
    0x00, 0x00, 0x00, 0x00, 0x00, 0x00, 0x00, 0x00, 0x00, 0x00, 0x00, 0x00, 0x00, 0x00, 0x00, 0x00,
    0x00, 0x00, 0x00, 0x00, 0x00, 0x00, 0x00, 0x00, 0x00, 0x00, 0x00, 0x00, 0x00, 0x00, 0x00, 0x00,
    0x00, 0x00, 0x00, 0x00, 0x00, 0x00, 0x00, 0x00, 0x00, 0x00, 0x00, 0x00, 0x00, 0x00, 0x00, 0x00,
    0x00, 0x00, 0x00, 0x00, 0x00, 0x00, 0x00, 0x00, 0x00, 0x00, 0x00, 0x00, 0x00, 0x00, 0x00, 0x00,
    0x00, 0x00, 0x00, 0x00, 0x00, 0x00, 0x00, 0x00, 0x00, 0x00, 0x00, 0x00, 0x00, 0x00, 0x00, 0x00,
    0x00, 0x00, 0x00, 0x00, 0x00, 0x00, 0x00, 0x00, 0x00, 0x00, 0x00, 0x00, 0x00, 0x00, 0x00, 0x00,
    0x00, 0x00, 0x00, 0x00, 0x00, 0x00, 0x00, 0x00, 0x00, 0x00, 0x00, 0x00, 0x00, 0x00, 0x00, 0x00,
    0x00, 0x00, 0x00, 0x00, 0x00, 0x00, 0x00, 0x00, 0x00, 0x00, 0x00, 0x00, 0x00, 0x00, 0x00, 0x00,
    0x00, 0x00, 0x00, 0x00, 0x00, 0x00, 0x00, 0x00, 0x00, 0x00, 0x00, 0x00, 0x00, 0x00, 0x00, 0x00,
    0x00, 0x00, 0x00, 0x00, 0x00, 0x00, 0x00, 0x00, 0x00, 0x00, 0x00, 0x00, 0x00, 0x00, 0x00, 0x00,
    0x00, 0x00, 0x00, 0x00, 0x00, 0x00, 0x00, 0x00, 0x00, 0x00, 0x00, 0x00, 0x00, 0x00, 0x00, 0x00,
    0x00, 0x00, 0x00, 0x00, 0x00, 0x00, 0x00, 0x00, 0x00, 0x00, 0x00, 0x00, 0x00, 0x00, 0x00, 0x00,
    0x00, 0x00, 0x00, 0x00, 0x00, 0x00, 0x00, 0x00, 0x00, 0x00, 0x00, 0x00, 0x00, 0x00, 0x00, 0x00,
    0x00, 0x00, 0x00, 0x00, 0x00, 0x00, 0x00, 0x00, 0x00, 0x00, 0x00, 0x00, 0x00, 0x00, 0x00, 0x00,
    0x00, 0x00, 0x00, 0x00, 0x00, 0x00, 0x00, 0x00, 0x00, 0x00, 0x00, 0x00, 0x00, 0x00, 0x00, 0x00,
    0x00, 0x00, 0x00, 0x00, 0x00, 0x00, 0x00, 0x00, 0x00, 0x00, 0x00, 0x00, 0x00, 0x00, 0x00, 0x00,
    0x00, 0x00, 0x00, 0x00, 0x00, 0x00, 0x00, 0x00, 0x00, 0x00, 0x00, 0x00, 0x00, 0x00, 0x00, 0x00,
    0x00, 0x00, 0x00, 0x00, 0x00, 0x00, 0x00, 0x00, 0x00, 0x00, 0x00, 0x00, 0x00, 0x00, 0x00, 0x00,
    0x00, 0x00, 0x00, 0x00, 0x00, 0x00, 0x00, 0x00, 0x00, 0x00, 0x00, 0x00, 0x00, 0x00, 0x00, 0x00,
    0x00, 0x00, 0x00, 0x00, 0x00, 0x00, 0x00, 0x00, 0x00, 0x00, 0x00, 0x00, 0x00, 0x00, 0x00, 0x00,
    0x00, 0x00, 0x00, 0x00, 0x00, 0x00, 0x00, 0x00, 0x00, 0x00, 0x00, 0x00, 0x00, 0x00, 0x00, 0x00,
    0x00, 0x00, 0x00, 0x00, 0x00, 0x00, 0x00, 0x00, 0x00, 0x00, 0x00, 0x00, 0x00, 0x00, 0x00, 0x00,
    0x00, 0x00, 0x00, 0x00, 0x00, 0x00, 0x00, 0x00, 0x00, 0x00, 0x00, 0x00, 0x00, 0x00, 0x00, 0x00,
    0x00, 0x00, 0x00, 0x00, 0x00, 0x00, 0x00, 0x00, 0x00, 0x00, 0x00, 0x00, 0x00, 0x00, 0x00, 0x00,
    0x00, 0x00, 0x00, 0x00, 0x00, 0x00, 0x00, 0x00, 0x00, 0x00, 0x00, 0x00, 0x00, 0x00, 0x00, 0x00,
    0x00, 0x00, 0x00, 0x00, 0x00, 0x00, 0x00, 0x00, 0x00, 0x00, 0x00, 0x00, 0x00, 0x00, 0x00, 0x00,
    0x00, 0x00, 0x00, 0x00, 0x00, 0x00, 0x00, 0x00, 0x00, 0x00, 0x00, 0x00, 0x00, 0x00, 0x00, 0x00,
    0x00, 0x00, 0x00, 0x00, 0x00, 0x00, 0x00, 0x00, 0x00, 0x00, 0x00, 0x00, 0x00, 0x00, 0x00, 0x00,
    0x00, 0x00, 0x00, 0x00, 0x00, 0x00, 0x00, 0x00, 0x00, 0x00, 0x00, 0x00, 0x00, 0x00, 0x00, 0x00,
    0x00, 0x00, 0x00, 0x00, 0x00, 0x00, 0x00, 0x00, 0x00, 0x00, 0x00, 0x00, 0x00, 0x00, 0x00, 0x00,
    0x00, 0x00, 0x00, 0x00, 0x00, 0x00, 0x00, 0x00, 0x00, 0x00, 0x00, 0x00, 0x00, 0x00, 0x00, 0x00,
    0x00, 0x00, 0x00, 0x00, 0x00, 0x00, 0x00, 0x00, 0x00, 0x00, 0x00, 0x00, 0x00, 0x00, 0x00, 0x00,
    0x00, 0x00, 0x00, 0x00, 0x00, 0x00, 0x00, 0x00, 0x00, 0x00, 0x00, 0x00, 0x00, 0x00, 0x00, 0x00,
    0x00, 0x00, 0x00, 0x00, 0x00, 0x00, 0x00, 0x00, 0x00, 0x00, 0x00, 0x00, 0x00, 0x00, 0x00, 0x00,
    0x00, 0x00, 0x00, 0x00, 0x00, 0x00, 0x00, 0x00, 0x00, 0x00, 0x00, 0x00, 0x00, 0x00, 0x00, 0x00,
    0x00, 0x00, 0x00, 0x00, 0x00, 0x00, 0x00, 0x00, 0x00, 0x00, 0x00, 0x00, 0x00, 0x00, 0x00, 0x00,
    0x00, 0x00, 0x00, 0x00, 0x00, 0x00, 0x00, 0x00, 0x00, 0x00, 0x00, 0x00, 0x00, 0x00, 0x00, 0x00,
    0x00, 0x00, 0x00, 0x00, 0x00, 0x00, 0x00, 0x00, 0x00, 0x00, 0x00, 0x00, 0x00, 0x00, 0x00, 0x00,
    0x00, 0x00, 0x00, 0x00, 0x00, 0x00, 0x00, 0x00, 0x00, 0x00, 0x00, 0x00, 0x00, 0x00, 0x00, 0x00,
    0x00, 0x00, 0x00, 0x00, 0x00, 0x00, 0x00, 0x00, 0x00, 0x00, 0x00, 0x00, 0x00, 0x00, 0x00, 0x00,
    0x00, 0x00, 0x08, 0xff, 0x00, 0x01, 0x08, 0x1c, 0x48, 0xb0, 0x20, 0xc1, 0x00, 0x07, 0x0e, 0x08,
    0x30, 0xc8, 0xb0, 0xa1, 0xc3, 0x87, 0x10, 0x23, 0x4a, 0x9c, 0x48, 0xb1, 0xa2, 0xc5, 0x82, 0x06,
    0x1c, 0x3c, 0xd8, 0x88, 0xe0, 0xa2, 0xc7, 0x8f, 0x20, 0x43, 0x8a, 0xbc, 0x68, 0x60, 0xa3, 0xc9,
    0x07, 0x09, 0x46, 0xaa, 0x5c, 0xc9, 0xb2, 0xa5, 0xc3, 0x03, 0x27, 0x4f, 0x2a, 0x08, 0xe0, 0xb2,
    0xa6, 0xcd, 0x9b, 0x13, 0x13, 0xc4, 0x8c, 0xc9, 0x80, 0x26, 0xce, 0x9f, 0x40, 0x6d, 0xea, 0xdc,
    0xc9, 0xd3, 0x67, 0xd0, 0xa3, 0x48, 0x3d, 0x0e, 0x25, 0x5a, 0x34, 0xa9, 0xd3, 0xa7, 0x0e, 0x03,
    0x28, 0x60, 0xaa, 0x71, 0x27, 0x83, 0x01, 0x50, 0xb3, 0x42, 0x0d, 0xc0, 0x80, 0x69, 0x81, 0x01,
    0x55, 0x63, 0x3a, 0xc0, 0xaa, 0xb5, 0x2c, 0x50, 0xae, 0x4c, 0x0d, 0x08, 0x04, 0x4b, 0x74, 0xac,
    0xd9, 0xb7, 0x35, 0xd1, 0x12, 0x55, 0x3b, 0x90, 0xed, 0x4e, 0xb7, 0x70, 0xf3, 0x8a, 0x1c, 0xd0,
    0xf5, 0x2e, 0x5d, 0x82, 0x03, 0x1a, 0xb4, 0x2d, 0xa0, 0x57, 0x64, 0x01, 0x05, 0x0b, 0x10, 0x28,
    0x5e, 0xcc, 0xb8, 0xb1, 0xe3, 0xc7, 0x8c, 0x11, 0x1f, 0x68, 0x68, 0x57, 0x2c, 0x59, 0x83, 0x72,
    0x77, 0xfe, 0x2d, 0x6c, 0xb1, 0x24, 0xd3, 0xcf, 0xa0, 0x41, 0xa7, 0x2c, 0x58, 0xf9, 0x24, 0xde,
    0x86, 0x99, 0x63, 0x6e, 0xe6, 0x2c, 0x51, 0x40, 0xe8, 0xd7, 0xb0, 0x4f, 0x12, 0xae, 0x1b, 0xd6,
    0xf4, 0xe5, 0xa8, 0x7d, 0x35, 0xb3, 0xa6, 0x48, 0x20, 0xb6, 0xef, 0xd0, 0x1d, 0x05, 0x16, 0xa8,
    0x6d, 0xb2, 0xc1, 0xed, 0x87, 0x01, 0x16, 0x30, 0x0d, 0xbe, 0x1b, 0xa2, 0xeb, 0xdf, 0xd0, 0x75,
    0x03, 0xf0, 0x6c, 0xd5, 0x68, 0x4e, 0xa6, 0xa3, 0x9b, 0x3f, 0x5c, 0x1a, 0x1d, 0x7a, 0xcf, 0xe9,
    0x4c, 0xbf, 0x5f, 0xff, 0xe4, 0x7e, 0x32, 0xbb, 0xf6, 0x86, 0x08, 0x1a, 0x38, 0x58, 0xcf, 0xbe,
    0xbd, 0xfb, 0xf7, 0xf0, 0xe1, 0xcf, 0x04, 0xf0, 0xbc, 0x3a, 0x48, 0xf2, 0x26, 0x67, 0x9f, 0x47,
    0x1d, 0xa0, 0xbf, 0xff, 0xff, 0x00, 0x06, 0x28, 0xa0, 0x80, 0x03, 0xf5, 0xb6, 0xd3, 0x02, 0xd6,
    0x79, 0x84, 0x00, 0x51, 0xcc, 0xed, 0x57, 0x56, 0x7d, 0x26, 0x99, 0x17, 0x12, 0x75, 0x26, 0xad,
    0xe6, 0x60, 0x56, 0xdc, 0x89, 0xa7, 0x52, 0x86, 0x09, 0x5e, 0x98, 0x55, 0x7a, 0x0e, 0xcc, 0xd7,
    0x12, 0x88, 0x22, 0x7a, 0xf8, 0x56, 0x7f, 0x37, 0xa1, 0x68, 0xe2, 0x8a, 0x2c, 0xb6, 0xe8, 0xe2,
    0x8b, 0x30, 0xc6, 0x28, 0xe3, 0x8c, 0x34, 0xd6, 0x68, 0xe3, 0x8d, 0x27, 0x0e, 0x40, 0x00, 0x01,
    0x05, 0xf4, 0x58, 0xc0, 0x8e, 0x03, 0x2c, 0x84, 0x93, 0x8a, 0x71, 0x75, 0xd8, 0x52, 0x00, 0x3a,
    0xf2, 0xe8, 0x23, 0x90, 0x42, 0x56, 0x34, 0x40, 0x8f, 0x06, 0x44, 0xe9, 0x23, 0x94, 0x52, 0x0e,
    0x60, 0xa4, 0x48, 0x06, 0xa8, 0xd7, 0xe0, 0x4a, 0x59, 0x3a, 0xb0, 0xe5, 0x4a, 0x4f, 0x16, 0x10,
    0xa5, 0x01, 0x53, 0x8a, 0x59, 0xe5, 0x95, 0x05, 0x05, 0x20, 0x66, 0x99, 0x6c, 0xfa, 0x48, 0x66,
    0x93, 0x2a, 0x19, 0xb8, 0x91, 0x84, 0x58, 0x9e, 0x34, 0x19, 0x4b, 0x6a, 0x92, 0xd9, 0x26, 0x9b,
    0x6f, 0x42, 0x94, 0xe7, 0x9e, 0x80, 0x1a, 0x00, 0xa7, 0x48, 0x0b, 0x9e, 0x64, 0x21, 0x69, 0x09,
    0x28, 0xa0, 0x1f, 0x65, 0xb5, 0x31, 0x80, 0xe7, 0x9a, 0x80, 0xb6, 0x29, 0xe8, 0x43, 0x04, 0xe8,
    0x19, 0xe9, 0x9e, 0x2c, 0x15, 0xb0, 0x13, 0x01, 0x0e, 0x51, 0x48, 0xe7, 0x40, 0x01, 0x10, 0xf7,
    0xe9, 0x47, 0x95, 0x5e, 0x0a, 0xe8, 0x43, 0xa6, 0x06, 0x8a, 0xe6, 0x78, 0x96, 0x31, 0x44, 0xe1,
    0x9c, 0x0c, 0xa5, 0xc4, 0xf6, 0x80, 0x86, 0x23, 0xa5, 0xba, 0xa7, 0x01, 0x68, 0x96, 0x6a, 0x6b,
    0x99, 0xab, 0xb2, 0x7a, 0x52, 0x03, 0x09, 0xe2, 0xb7, 0x11, 0xad, 0x00, 0x4c, 0x75, 0x12, 0xb1,
    0x22, 0xe9, 0xba, 0xab, 0x8f, 0x68, 0x0a, 0x60, 0xe9, 0xae, 0x06, 0x1c, 0xa7, 0x92, 0xb1, 0x26,
    0x69, 0x28, 0x6c, 0xb5, 0x46, 0x91, 0x07, 0xac, 0x4b, 0xce, 0x2e, 0x0b, 0xa5, 0xb4, 0x05, 0x09,
    0x00, 0x69, 0xaa, 0xd1, 0xda, 0x24, 0xeb, 0x68, 0xd7, 0x1e, 0x4b, 0xd3, 0xab, 0xa7, 0xb5, 0x24,
    0xee, 0xb3, 0x97, 0x96, 0x1b, 0x51, 0x00, 0x3c, 0x4a, 0x29, 0xa9, 0x9e, 0x83, 0xba, 0x4b, 0xdc,
    0x01, 0x85, 0x1a, 0x4a, 0x00, 0x71, 0x0b, 0x68, 0x1a, 0xd3, 0xa2, 0x2e, 0xd1, 0x6b, 0xe6, 0xad,
    0xf8, 0x56, 0x14, 0x80, 0x00, 0x4a, 0x8e, 0xa9, 0x27, 0x01, 0x56, 0x06, 0x55, 0xda, 0x5c, 0x6b,
    0x11, 0x27, 0xdd, 0x4f, 0x0b, 0x37, 0x3c, 0x66, 0x8f, 0x10, 0xf7, 0xea, 0x27, 0x80, 0x4f, 0xbd,
    0xaa, 0x1a, 0x60, 0x16, 0x47, 0xf8, 0x54, 0x80, 0x36, 0xc2, 0x44, 0x31, 0x69, 0x25, 0x2b, 0x80,
    0xe3, 0x5b, 0xe4, 0x39, 0xc0, 0x29, 0x43, 0x02, 0xe4, 0x36, 0xac, 0xc7, 0x2f, 0x03, 0x95, 0x5b,
    0xbb, 0x98, 0xed, 0x9c, 0x6f, 0xce, 0x27, 0x27, 0xe0, 0xc0, 0x02, 0xe0, 0xa6, 0x29, 0x34, 0xd1,
    0x40, 0xe7, 0x85, 0x33, 0xa8, 0x2d, 0x06, 0x04, 0x00, 0x21, 0xf9, 0x04, 0x04, 0x04, 0x00, 0x00,
    0x00, 0x2c, 0x16, 0x00, 0x1d, 0x00, 0x93, 0x00, 0x2f, 0x00, 0x87, 0x00, 0x00, 0x00, 0x0d, 0x03,
    0x03, 0x1a, 0x06, 0x06, 0x26, 0x09, 0x0a, 0x33, 0x0d, 0x0d, 0x40, 0x10, 0x10, 0x4d, 0x13, 0x13,
    0x5a, 0x16, 0x16, 0x66, 0x19, 0x1a, 0x73, 0x1c, 0x1d, 0x80, 0x1f, 0x20, 0x8d, 0x22, 0x23, 0x9a,
    0x26, 0x26, 0xa6, 0x29, 0x2a, 0xb3, 0x2c, 0x2d, 0xc0, 0x2f, 0x30, 0x00, 0x00, 0x00, 0x00, 0x00,
    0x00, 0x00, 0x00, 0x00, 0x00, 0x00, 0x00, 0x00, 0x00, 0x00, 0x00, 0x00, 0x00, 0x00, 0x00, 0x00,
    0x00, 0x00, 0x00, 0x00, 0x00, 0x00, 0x00, 0x00, 0x00, 0x00, 0x00, 0x00, 0x00, 0x00, 0x00, 0x00,
    0x00, 0x00, 0x00, 0x00, 0x00, 0x00, 0x00, 0x00, 0x00, 0x00, 0x00, 0x00, 0x00, 0x00, 0x00, 0x00,
    0x00, 0x00, 0x00, 0x00, 0x00, 0x00, 0x00, 0x00, 0x00, 0x00, 0x00, 0x00, 0x00, 0x00, 0x00, 0x00,
    0x00, 0x00, 0x00, 0x00, 0x00, 0x00, 0x00, 0x00, 0x00, 0x00, 0x00, 0x00, 0x00, 0x00, 0x00, 0x00,
    0x00, 0x00, 0x00, 0x00, 0x00, 0x00, 0x00, 0x00, 0x00, 0x00, 0x00, 0x00, 0x00, 0x00, 0x00, 0x00,
    0x00, 0x00, 0x00, 0x00, 0x00, 0x00, 0x00, 0x00, 0x00, 0x00, 0x00, 0x00, 0x00, 0x00, 0x00, 0x00,
    0x00, 0x00, 0x00, 0x00, 0x00, 0x00, 0x00, 0x00, 0x00, 0x00, 0x00, 0x00, 0x00, 0x00, 0x00, 0x00,
    0x00, 0x00, 0x00, 0x00, 0x00, 0x00, 0x00, 0x00, 0x00, 0x00, 0x00, 0x00, 0x00, 0x00, 0x00, 0x00,
    0x00, 0x00, 0x00, 0x00, 0x00, 0x00, 0x00, 0x00, 0x00, 0x00, 0x00, 0x00, 0x00, 0x00, 0x00, 0x00,
    0x00, 0x00, 0x00, 0x00, 0x00, 0x00, 0x00, 0x00, 0x00, 0x00, 0x00, 0x00, 0x00, 0x00, 0x00, 0x00,
    0x00, 0x00, 0x00, 0x00, 0x00, 0x00, 0x00, 0x00, 0x00, 0x00, 0x00, 0x00, 0x00, 0x00, 0x00, 0x00,
    0x00, 0x00, 0x00, 0x00, 0x00, 0x00, 0x00, 0x00, 0x00, 0x00, 0x00, 0x00, 0x00, 0x00, 0x00, 0x00,
    0x00, 0x00, 0x00, 0x00, 0x00, 0x00, 0x00, 0x00, 0x00, 0x00, 0x00, 0x00, 0x00, 0x00, 0x00, 0x00,
    0x00, 0x00, 0x00, 0x00, 0x00, 0x00, 0x00, 0x00, 0x00, 0x00, 0x00, 0x00, 0x00, 0x00, 0x00, 0x00,
    0x00, 0x00, 0x00, 0x00, 0x00, 0x00, 0x00, 0x00, 0x00, 0x00, 0x00, 0x00, 0x00, 0x00, 0x00, 0x00,
    0x00, 0x00, 0x00, 0x00, 0x00, 0x00, 0x00, 0x00, 0x00, 0x00, 0x00, 0x00, 0x00, 0x00, 0x00, 0x00,
    0x00, 0x00, 0x00, 0x00, 0x00, 0x00, 0x00, 0x00, 0x00, 0x00, 0x00, 0x00, 0x00, 0x00, 0x00, 0x00,
    0x00, 0x00, 0x00, 0x00, 0x00, 0x00, 0x00, 0x00, 0x00, 0x00, 0x00, 0x00, 0x00, 0x00, 0x00, 0x00,
    0x00, 0x00, 0x00, 0x00, 0x00, 0x00, 0x00, 0x00, 0x00, 0x00, 0x00, 0x00, 0x00, 0x00, 0x00, 0x00,
    0x00, 0x00, 0x00, 0x00, 0x00, 0x00, 0x00, 0x00, 0x00, 0x00, 0x00, 0x00, 0x00, 0x00, 0x00, 0x00,
    0x00, 0x00, 0x00, 0x00, 0x00, 0x00, 0x00, 0x00, 0x00, 0x00, 0x00, 0x00, 0x00, 0x00, 0x00, 0x00,
    0x00, 0x00, 0x00, 0x00, 0x00, 0x00, 0x00, 0x00, 0x00, 0x00, 0x00, 0x00, 0x00, 0x00, 0x00, 0x00,
    0x00, 0x00, 0x00, 0x00, 0x00, 0x00, 0x00, 0x00, 0x00, 0x00, 0x00, 0x00, 0x00, 0x00, 0x00, 0x00,
    0x00, 0x00, 0x00, 0x00, 0x00, 0x00, 0x00, 0x00, 0x00, 0x00, 0x00, 0x00, 0x00, 0x00, 0x00, 0x00,
    0x00, 0x00, 0x00, 0x00, 0x00, 0x00, 0x00, 0x00, 0x00, 0x00, 0x00, 0x00, 0x00, 0x00, 0x00, 0x00,
    0x00, 0x00, 0x00, 0x00, 0x00, 0x00, 0x00, 0x00, 0x00, 0x00, 0x00, 0x00, 0x00, 0x00, 0x00, 0x00,
    0x00, 0x00, 0x00, 0x00, 0x00, 0x00, 0x00, 0x00, 0x00, 0x00, 0x00, 0x00, 0x00, 0x00, 0x00, 0x00,
    0x00, 0x00, 0x00, 0x00, 0x00, 0x00, 0x00, 0x00, 0x00, 0x00, 0x00, 0x00, 0x00, 0x00, 0x00, 0x00,
    0x00, 0x00, 0x00, 0x00, 0x00, 0x00, 0x00, 0x00, 0x00, 0x00, 0x00, 0x00, 0x00, 0x00, 0x00, 0x00,
    0x00, 0x00, 0x00, 0x00, 0x00, 0x00, 0x00, 0x00, 0x00, 0x00, 0x00, 0x00, 0x00, 0x00, 0x00, 0x00,
    0x00, 0x00, 0x00, 0x00, 0x00, 0x00, 0x00, 0x00, 0x00, 0x00, 0x00, 0x00, 0x00, 0x00, 0x00, 0x00,
    0x00, 0x00, 0x00, 0x00, 0x00, 0x00, 0x00, 0x00, 0x00, 0x00, 0x00, 0x00, 0x00, 0x00, 0x00, 0x00,
    0x00, 0x00, 0x00, 0x00, 0x00, 0x00, 0x00, 0x00, 0x00, 0x00, 0x00, 0x00, 0x00, 0x00, 0x00, 0x00,
    0x00, 0x00, 0x00, 0x00, 0x00, 0x00, 0x00, 0x00, 0x00, 0x00, 0x00, 0x00, 0x00, 0x00, 0x00, 0x00,
    0x00, 0x00, 0x00, 0x00, 0x00, 0x00, 0x00, 0x00, 0x00, 0x00, 0x00, 0x00, 0x00, 0x00, 0x00, 0x00,
    0x00, 0x00, 0x00, 0x00, 0x00, 0x00, 0x00, 0x00, 0x00, 0x00, 0x00, 0x00, 0x00, 0x00, 0x00, 0x00,
    0x00, 0x00, 0x00, 0x00, 0x00, 0x00, 0x00, 0x00, 0x00, 0x00, 0x00, 0x00, 0x00, 0x00, 0x00, 0x00,
    0x00, 0x00, 0x00, 0x00, 0x00, 0x00, 0x00, 0x00, 0x00, 0x00, 0x00, 0x00, 0x00, 0x00, 0x00, 0x00,
    0x00, 0x00, 0x00, 0x00, 0x00, 0x00, 0x00, 0x00, 0x00, 0x00, 0x00, 0x00, 0x00, 0x00, 0x00, 0x00,
    0x00, 0x00, 0x00, 0x00, 0x00, 0x00, 0x00, 0x00, 0x00, 0x00, 0x00, 0x00, 0x00, 0x00, 0x00, 0x00,
    0x00, 0x00, 0x00, 0x00, 0x00, 0x00, 0x00, 0x00, 0x00, 0x00, 0x00, 0x00, 0x00, 0x00, 0x00, 0x00,
    0x00, 0x00, 0x00, 0x00, 0x00, 0x00, 0x00, 0x00, 0x00, 0x00, 0x00, 0x00, 0x00, 0x00, 0x00, 0x00,
    0x00, 0x00, 0x00, 0x00, 0x00, 0x00, 0x00, 0x00, 0x00, 0x00, 0x00, 0x00, 0x00, 0x00, 0x00, 0x00,
    0x00, 0x00, 0x00, 0x00, 0x00, 0x00, 0x00, 0x00, 0x00, 0x00, 0x00, 0x08, 0xff, 0x00, 0x01, 0x08,
    0x1c, 0x48, 0xb0, 0xe0, 0x40, 0x02, 0x0a, 0x16, 0x18, 0x30, 0xc8, 0xb0, 0xa1, 0xc3, 0x87, 0x10,
    0x23, 0x4a, 0x9c, 0x48, 0xb1, 0xa2, 0x45, 0x82, 0x09, 0x1e, 0x68, 0x7c, 0xc0, 0x20, 0xc0, 0xc5,
    0x8f, 0x20, 0x43, 0x8a, 0x1c, 0x59, 0x31, 0xe3, 0x46, 0x8d, 0x1d, 0x49, 0xaa, 0x5c, 0xc9, 0xb2,
    0xa5, 0xc1, 0x00, 0x0b, 0x4e, 0x9e, 0x6c, 0x30, 0xc0, 0xa5, 0xcd, 0x9b, 0x38, 0x23, 0x06, 0x60,
    0x20, 0x53, 0xa6, 0x83, 0x9a, 0x39, 0x83, 0x0a, 0x75, 0xb9, 0xb3, 0x67, 0xcf, 0x9f, 0x43, 0x93,
    0x2a, 0xfd, 0x58, 0xd4, 0xe8, 0x51, 0xa0, 0x4b, 0xa3, 0x4a, 0x35, 0x38, 0xa0, 0x81, 0xd1, 0x06,
    0x3c, 0x8f, 0x2e, 0x9c, 0xca, 0x35, 0xea, 0x00, 0x07, 0x46, 0x7f, 0x36, 0xed, 0xb9, 0xb5, 0xab,
    0xd9, 0x9c, 0x5f, 0xc3, 0x02, 0x1d, 0x2b, 0xb3, 0xec, 0xd9, 0xb7, 0x2b, 0xd3, 0x3e, 0x25, 0xc8,
    0xf6, 0xa4, 0x5b, 0xb8, 0x23, 0x03, 0x78, 0xbc, 0xa9, 0xd7, 0xa1, 0x01, 0xb0, 0x3d, 0x19, 0x40,
    0x1d, 0x18, 0x40, 0x81, 0x53, 0x04, 0x78, 0x49, 0x22, 0x68, 0xe0, 0x60, 0x81, 0xe3, 0xc7, 0x90,
    0x23, 0x4b, 0x9e, 0x0c, 0x99, 0xb1, 0x82, 0xbd, 0x04, 0x0d, 0x38, 0x4d, 0xd9, 0xd0, 0x64, 0xcf,
    0x04, 0x89, 0x43, 0x7a, 0x76, 0x4a, 0xba, 0xf4, 0x66, 0xcc, 0x00, 0x34, 0x1b, 0xe5, 0xec, 0x70,
    0xf4, 0x49, 0xd0, 0xa1, 0x2d, 0x0a, 0x30, 0x4d, 0xbb, 0xb6, 0xdd, 0x81, 0xaa, 0x03, 0xa3, 0x6e,
    0xed, 0x14, 0x76, 0xec, 0x89, 0x04, 0x6c, 0x0b, 0x37, 0x8d, 0x18, 0x00, 0x02, 0xa7, 0x97, 0x29,
    0x1e, 0x37, 0xba, 0x60, 0xf7, 0xef, 0x86, 0xb3, 0x87, 0x4b, 0xef, 0x59, 0x00, 0x80, 0xeb, 0x8d,
    0xbe, 0x29, 0xe6, 0x96, 0xc9, 0xfa, 0xb9, 0xdf, 0xe9, 0xe0, 0x1f, 0x80, 0xff, 0xbe, 0xae, 0x31,
    0x7b, 0xc5, 0xed, 0x27, 0xbb, 0x7b, 0x67, 0x58, 0x20, 0x21, 0xe5, 0xf7, 0xf0, 0x27, 0x1f, 0x10,
    0xd8, 0x5b, 0x24, 0xfa, 0x8d, 0x77, 0xd7, 0x9b, 0x35, 0x5a, 0x5c, 0x64, 0x01, 0xc0, 0x27, 0xf5,
    0xa7, 0xdf, 0x59, 0x3d, 0xcd, 0xa7, 0xd2, 0x00, 0xd4, 0x0d, 0x08, 0xd7, 0x76, 0xe6, 0x8d, 0xc4,
    0xa0, 0x82, 0x78, 0xb5, 0xb7, 0x80, 0x81, 0x2d, 0x49, 0x48, 0x21, 0x84, 0x18, 0x66, 0xa8, 0xe1,
    0x86, 0x1c, 0x76, 0xe8, 0xe1, 0x87, 0x20, 0x86, 0x28, 0xe2, 0x88, 0x24, 0x7e, 0xa8, 0xd7, 0x89,
    0xce, 0x95, 0x68, 0x13, 0x8a, 0x7d, 0x81, 0x14, 0x80, 0x00, 0x04, 0x14, 0x50, 0x80, 0x01, 0x34,
    0x1a, 0x20, 0x23, 0x01, 0x03, 0xa4, 0x18, 0x17, 0x01, 0x38, 0x0d, 0xc0, 0x23, 0x4e, 0x2f, 0xc6,
    0x38, 0x63, 0x8d, 0x37, 0xe6, 0x48, 0x51, 0x00, 0x31, 0xd2, 0x28, 0xe3, 0x92, 0x4b, 0x2a, 0x59,
    0x80, 0x00, 0x36, 0x99, 0xd4, 0x9c, 0x4b, 0x52, 0xea, 0x18, 0x12, 0x92, 0x43, 0x32, 0xc9, 0xa4,
    0x93, 0x50, 0x42, 0x24, 0xc0, 0x8c, 0x5a, 0x86, 0xb9, 0xe5, 0x60, 0x24, 0x15, 0x90, 0xde, 0x44,
    0x56, 0x12, 0xb4, 0x5c, 0x79, 0x2d, 0x7d, 0x69, 0xa3, 0x98, 0x62, 0x1a, 0x40, 0x66, 0x41, 0x02,
    0xbc, 0x09, 0x27, 0x9c, 0x72, 0xb2, 0xb4, 0x26, 0x9b, 0x0f, 0x1d, 0xc0, 0x40, 0x03, 0x08, 0xa4,
    0x89, 0x1e, 0x03, 0x2c, 0xd5, 0x79, 0xe7, 0x9d, 0x79, 0x36, 0x44, 0x80, 0x9d, 0x87, 0x8a, 0x99,
    0x66, 0x45, 0xc1, 0xc9, 0x74, 0x61, 0x41, 0xa3, 0xa9, 0x37, 0x10, 0x82, 0x92, 0xb2, 0xb4, 0x68,
    0xa3, 0x77, 0xea, 0xc8, 0x29, 0xa2, 0x8f, 0x9e, 0x47, 0xd6, 0x4b, 0xd7, 0x31, 0xd0, 0x25, 0x41,
    0x72, 0x61, 0x57, 0xe1, 0xa7, 0x71, 0xea, 0xb8, 0x29, 0xab, 0x5a, 0xba, 0xa1, 0x84, 0x1e, 0x52,
    0x84, 0x65, 0x35, 0x57, 0xad, 0x32, 0x35, 0x38, 0xd2, 0xab, 0xb0, 0x2e, 0xe9, 0x50, 0x00, 0x60,
    0xf6, 0x6a, 0xc0, 0xa9, 0x7a, 0xfa, 0xd4, 0x65, 0x5d, 0x3e, 0x41, 0x65, 0xab, 0x46, 0x0b, 0xac,
    0x18, 0x2c, 0xac, 0xc3, 0x3e, 0x04, 0x2c, 0xa3, 0x87, 0xda, 0x48, 0x6c, 0x4b, 0xae, 0x75, 0x84,
    0x2c, 0x80, 0x1a, 0x21, 0x95, 0x6d, 0xa8, 0x4c, 0x3d, 0xdb, 0xa8, 0xb5, 0x12, 0x0d, 0x20, 0x23,
    0x91, 0x5b, 0x2a, 0x69, 0x24, 0x90, 0xcb, 0x3e, 0x90, 0x50, 0xb2, 0x75, 0x01, 0x9a, 0x6c, 0x50,
    0xe6, 0x0e, 0x49, 0x2d, 0x91, 0xeb, 0xa2, 0xe9, 0xa3, 0x90, 0x37, 0xe2, 0x78, 0x2d, 0x90, 0x56,
    0x91, 0x46, 0x2b, 0xb2, 0x32, 0xcd, 0xc9, 0xd7, 0xbe, 0x4c, 0x12, 0xe0, 0x2f, 0x88, 0xa9, 0xce,
    0x8b, 0xab, 0x53, 0xf9, 0xa9, 0xb8, 0x54, 0xa4, 0x0e, 0xd3, 0xd5, 0xae, 0x46, 0x02, 0x4a, 0x3c,
    0xd5, 0xa0, 0x56, 0xba, 0xa6, 0xab, 0xc6, 0x51, 0x79, 0x66, 0x29, 0xa5, 0x1b, 0x8d, 0x0c, 0x72,
    0x54, 0x06, 0x2c, 0x10, 0xa8, 0x44, 0x29, 0xaf, 0x7c, 0xf2, 0xcb, 0x89, 0x05, 0x04, 0x00, 0x21,
    0xf9, 0x04, 0x04, 0x04, 0x00, 0x00, 0x00, 0x2c, 0x15, 0x00, 0x1c, 0x00, 0x94, 0x00, 0x2f, 0x00,
    0x87, 0x00, 0x00, 0x00, 0x0d, 0x03, 0x03, 0x1a, 0x06, 0x06, 0x26, 0x09, 0x0a, 0x33, 0x0d, 0x0d,
    0x40, 0x10, 0x10, 0x4d, 0x13, 0x13, 0x5a, 0x16, 0x16, 0x66, 0x19, 0x1a, 0x73, 0x1c, 0x1d, 0x80,
    0x1f, 0x20, 0x8d, 0x22, 0x23, 0x9a, 0x26, 0x26, 0xa6, 0x29, 0x2a, 0xb3, 0x2c, 0x2d, 0xc0, 0x2f,
    0x30, 0x00, 0x00, 0x00, 0x00, 0x00, 0x00, 0x00, 0x00, 0x00, 0x00, 0x00, 0x00, 0x00, 0x00, 0x00,
    0x00, 0x00, 0x00, 0x00, 0x00, 0x00, 0x00, 0x00, 0x00, 0x00, 0x00, 0x00, 0x00, 0x00, 0x00, 0x00,
    0x00, 0x00, 0x00, 0x00, 0x00, 0x00, 0x00, 0x00, 0x00, 0x00, 0x00, 0x00, 0x00, 0x00, 0x00, 0x00,
    0x00, 0x00, 0x00, 0x00, 0x00, 0x00, 0x00, 0x00, 0x00, 0x00, 0x00, 0x00, 0x00, 0x00, 0x00, 0x00,
    0x00, 0x00, 0x00, 0x00, 0x00, 0x00, 0x00, 0x00, 0x00, 0x00, 0x00, 0x00, 0x00, 0x00, 0x00, 0x00,
    0x00, 0x00, 0x00, 0x00, 0x00, 0x00, 0x00, 0x00, 0x00, 0x00, 0x00, 0x00, 0x00, 0x00, 0x00, 0x00,
    0x00, 0x00, 0x00, 0x00, 0x00, 0x00, 0x00, 0x00, 0x00, 0x00, 0x00, 0x00, 0x00, 0x00, 0x00, 0x00,
    0x00, 0x00, 0x00, 0x00, 0x00, 0x00, 0x00, 0x00, 0x00, 0x00, 0x00, 0x00, 0x00, 0x00, 0x00, 0x00,
    0x00, 0x00, 0x00, 0x00, 0x00, 0x00, 0x00, 0x00, 0x00, 0x00, 0x00, 0x00, 0x00, 0x00, 0x00, 0x00,
    0x00, 0x00, 0x00, 0x00, 0x00, 0x00, 0x00, 0x00, 0x00, 0x00, 0x00, 0x00, 0x00, 0x00, 0x00, 0x00,
    0x00, 0x00, 0x00, 0x00, 0x00, 0x00, 0x00, 0x00, 0x00, 0x00, 0x00, 0x00, 0x00, 0x00, 0x00, 0x00,
    0x00, 0x00, 0x00, 0x00, 0x00, 0x00, 0x00, 0x00, 0x00, 0x00, 0x00, 0x00, 0x00, 0x00, 0x00, 0x00,
    0x00, 0x00, 0x00, 0x00, 0x00, 0x00, 0x00, 0x00, 0x00, 0x00, 0x00, 0x00, 0x00, 0x00, 0x00, 0x00,
    0x00, 0x00, 0x00, 0x00, 0x00, 0x00, 0x00, 0x00, 0x00, 0x00, 0x00, 0x00, 0x00, 0x00, 0x00, 0x00,
    0x00, 0x00, 0x00, 0x00, 0x00, 0x00, 0x00, 0x00, 0x00, 0x00, 0x00, 0x00, 0x00, 0x00, 0x00, 0x00,
    0x00, 0x00, 0x00, 0x00, 0x00, 0x00, 0x00, 0x00, 0x00, 0x00, 0x00, 0x00, 0x00, 0x00, 0x00, 0x00,
    0x00, 0x00, 0x00, 0x00, 0x00, 0x00, 0x00, 0x00, 0x00, 0x00, 0x00, 0x00, 0x00, 0x00, 0x00, 0x00,
    0x00, 0x00, 0x00, 0x00, 0x00, 0x00, 0x00, 0x00, 0x00, 0x00, 0x00, 0x00, 0x00, 0x00, 0x00, 0x00,
    0x00, 0x00, 0x00, 0x00, 0x00, 0x00, 0x00, 0x00, 0x00, 0x00, 0x00, 0x00, 0x00, 0x00, 0x00, 0x00,
    0x00, 0x00, 0x00, 0x00, 0x00, 0x00, 0x00, 0x00, 0x00, 0x00, 0x00, 0x00, 0x00, 0x00, 0x00, 0x00,
    0x00, 0x00, 0x00, 0x00, 0x00, 0x00, 0x00, 0x00, 0x00, 0x00, 0x00, 0x00, 0x00, 0x00, 0x00, 0x00,
    0x00, 0x00, 0x00, 0x00, 0x00, 0x00, 0x00, 0x00, 0x00, 0x00, 0x00, 0x00, 0x00, 0x00, 0x00, 0x00,
    0x00, 0x00, 0x00, 0x00, 0x00, 0x00, 0x00, 0x00, 0x00, 0x00, 0x00, 0x00, 0x00, 0x00, 0x00, 0x00,
    0x00, 0x00, 0x00, 0x00, 0x00, 0x00, 0x00, 0x00, 0x00, 0x00, 0x00, 0x00, 0x00, 0x00, 0x00, 0x00,
    0x00, 0x00, 0x00, 0x00, 0x00, 0x00, 0x00, 0x00, 0x00, 0x00, 0x00, 0x00, 0x00, 0x00, 0x00, 0x00,
    0x00, 0x00, 0x00, 0x00, 0x00, 0x00, 0x00, 0x00, 0x00, 0x00, 0x00, 0x00, 0x00, 0x00, 0x00, 0x00,
    0x00, 0x00, 0x00, 0x00, 0x00, 0x00, 0x00, 0x00, 0x00, 0x00, 0x00, 0x00, 0x00, 0x00, 0x00, 0x00,
    0x00, 0x00, 0x00, 0x00, 0x00, 0x00, 0x00, 0x00, 0x00, 0x00, 0x00, 0x00, 0x00, 0x00, 0x00, 0x00,
    0x00, 0x00, 0x00, 0x00, 0x00, 0x00, 0x00, 0x00, 0x00, 0x00, 0x00, 0x00, 0x00, 0x00, 0x00, 0x00,
    0x00, 0x00, 0x00, 0x00, 0x00, 0x00, 0x00, 0x00, 0x00, 0x00, 0x00, 0x00, 0x00, 0x00, 0x00, 0x00,
    0x00, 0x00, 0x00, 0x00, 0x00, 0x00, 0x00, 0x00, 0x00, 0x00, 0x00, 0x00, 0x00, 0x00, 0x00, 0x00,
    0x00, 0x00, 0x00, 0x00, 0x00, 0x00, 0x00, 0x00, 0x00, 0x00, 0x00, 0x00, 0x00, 0x00, 0x00, 0x00,
    0x00, 0x00, 0x00, 0x00, 0x00, 0x00, 0x00, 0x00, 0x00, 0x00, 0x00, 0x00, 0x00, 0x00, 0x00, 0x00,
    0x00, 0x00, 0x00, 0x00, 0x00, 0x00, 0x00, 0x00, 0x00, 0x00, 0x00, 0x00, 0x00, 0x00, 0x00, 0x00,
    0x00, 0x00, 0x00, 0x00, 0x00, 0x00, 0x00, 0x00, 0x00, 0x00, 0x00, 0x00, 0x00, 0x00, 0x00, 0x00,
    0x00, 0x00, 0x00, 0x00, 0x00, 0x00, 0x00, 0x00, 0x00, 0x00, 0x00, 0x00, 0x00, 0x00, 0x00, 0x00,
    0x00, 0x00, 0x00, 0x00, 0x00, 0x00, 0x00, 0x00, 0x00, 0x00, 0x00, 0x00, 0x00, 0x00, 0x00, 0x00,
    0x00, 0x00, 0x00, 0x00, 0x00, 0x00, 0x00, 0x00, 0x00, 0x00, 0x00, 0x00, 0x00, 0x00, 0x00, 0x00,
    0x00, 0x00, 0x00, 0x00, 0x00, 0x00, 0x00, 0x00, 0x00, 0x00, 0x00, 0x00, 0x00, 0x00, 0x00, 0x00,
    0x00, 0x00, 0x00, 0x00, 0x00, 0x00, 0x00, 0x00, 0x00, 0x00, 0x00, 0x00, 0x00, 0x00, 0x00, 0x00,
    0x00, 0x00, 0x00, 0x00, 0x00, 0x00, 0x00, 0x00, 0x00, 0x00, 0x00, 0x00, 0x00, 0x00, 0x00, 0x00,
    0x00, 0x00, 0x00, 0x00, 0x00, 0x00, 0x00, 0x00, 0x00, 0x00, 0x00, 0x00, 0x00, 0x00, 0x00, 0x00,
    0x00, 0x00, 0x00, 0x00, 0x00, 0x00, 0x00, 0x00, 0x00, 0x00, 0x00, 0x00, 0x00, 0x00, 0x00, 0x00,
    0x00, 0x00, 0x00, 0x00, 0x00, 0x00, 0x00, 0x00, 0x00, 0x00, 0x00, 0x00, 0x00, 0x00, 0x00, 0x00,
    0x00, 0x00, 0x00, 0x00, 0x00, 0x00, 0x00, 0x00, 0x00, 0x00, 0x00, 0x00, 0x00, 0x00, 0x00, 0x00,
    0x00, 0x08, 0xff, 0x00, 0x01, 0x08, 0x1c, 0x48, 0xb0, 0x60, 0xc1, 0x00, 0x01, 0x0c, 0x2a, 0x5c,
    0xc8, 0xb0, 0xa1, 0xc3, 0x87, 0x10, 0x23, 0x46, 0x44, 0x28, 0xb1, 0xa2, 0xc2, 0x00, 0x08, 0x1a,
    0x38, 0x48, 0x20, 0xc0, 0xa2, 0xc7, 0x8f, 0x20, 0x43, 0x1e, 0xcc, 0xb8, 0xb1, 0xa3, 0xc8, 0x87,
    0x01, 0x18, 0x3c, 0x58, 0xf9, 0xc0, 0xc1, 0x80, 0x93, 0x30, 0x63, 0xca, 0x4c, 0xc9, 0xb2, 0xe5,
    0x4b, 0x99, 0x06, 0x69, 0xd6, 0xb4, 0x89, 0xb3, 0xa7, 0x4f, 0x94, 0x2a, 0x77, 0xba, 0xfc, 0x09,
    0x60, 0x80, 0x83, 0x9d, 0x35, 0x0d, 0x10, 0x5d, 0x4a, 0xd4, 0x28, 0x52, 0x96, 0x4a, 0x7b, 0x3a,
    0x7d, 0x0a, 0x95, 0xa9, 0xd5, 0x98, 0x53, 0xa9, 0x3e, 0x88, 0x8a, 0xf5, 0xa8, 0xd6, 0xaa, 0x57,
    0xc3, 0x7a, 0xcc, 0xfa, 0x95, 0xab, 0x48, 0xb2, 0x5f, 0xb7, 0x8a, 0x5d, 0x0b, 0x11, 0x6d, 0xd9,
    0x93, 0x06, 0xa8, 0x2e, 0x48, 0x40, 0x35, 0x01, 0xdb, 0xbb, 0x0a, 0xe3, 0x3e, 0x9d, 0x5b, 0x37,
    0xa4, 0x5e, 0xa4, 0x0c, 0x12, 0xd2, 0x7d, 0x6a, 0x17, 0xaf, 0xe1, 0xbf, 0x3b, 0x03, 0x03, 0x18,
    0x8c, 0xb4, 0xb0, 0x45, 0xc4, 0x35, 0x15, 0x0b, 0x64, 0xbc, 0xd3, 0xb1, 0x61, 0xb1, 0x90, 0x59,
    0x4a, 0x5e, 0xdc, 0xb7, 0x62, 0xe6, 0x95, 0x9b, 0x27, 0x77, 0xbe, 0x7c, 0xf5, 0xf3, 0x83, 0xd0,
    0x9c, 0x09, 0x4b, 0xa4, 0x5c, 0x33, 0x41, 0x42, 0x83, 0x07, 0xa8, 0xa2, 0x26, 0xdd, 0x93, 0x35,
    0x4b, 0xd7, 0x0a, 0x63, 0x3f, 0x9d, 0x6d, 0xd0, 0xf6, 0x4a, 0xcb, 0x06, 0x4d, 0xf3, 0xa6, 0x7d,
    0xd2, 0xf7, 0x03, 0xe0, 0x05, 0x85, 0xbf, 0x5e, 0x68, 0x1c, 0x79, 0x70, 0xd9, 0xcb, 0x89, 0xc3,
    0x6c, 0xfe, 0x50, 0x39, 0xf3, 0xd1, 0x0e, 0xad, 0x4b, 0x2f, 0x8e, 0xbd, 0xa1, 0xf6, 0x81, 0x3a,
    0x91, 0x1e, 0xff, 0xa8, 0x48, 0xc0, 0xab, 0xd0, 0x9b, 0xdb, 0x3d, 0x86, 0xdf, 0x39, 0x5e, 0x62,
    0xf9, 0xa7, 0x43, 0x05, 0xae, 0x4f, 0x3a, 0xd6, 0x7c, 0xcd, 0xf8, 0xe9, 0x25, 0xce, 0x07, 0x5b,
    0xd1, 0x2d, 0x4f, 0x00, 0x41, 0x21, 0x65, 0x56, 0x7f, 0xf6, 0xb1, 0xe4, 0x80, 0x49, 0xf9, 0x41,
    0x14, 0xe0, 0x4e, 0x03, 0x4a, 0xe4, 0xdf, 0x81, 0x03, 0x50, 0xd5, 0x20, 0x81, 0x4f, 0xb5, 0x97,
    0xa0, 0x43, 0x11, 0x3e, 0x35, 0xa1, 0x83, 0x05, 0xae, 0x74, 0x00, 0x01, 0x48, 0x39, 0x40, 0x00,
    0x4c, 0x02, 0x2c, 0xb8, 0x12, 0x02, 0x17, 0x3e, 0x04, 0xa2, 0x50, 0x23, 0x9e, 0x54, 0x22, 0x52,
    0x08, 0x04, 0x50, 0x60, 0x8b, 0x30, 0xc9, 0xb8, 0x13, 0x7a, 0x29, 0x2e, 0x64, 0x63, 0x4d, 0x34,
    0x9e, 0xb4, 0x23, 0x4b, 0x2f, 0x65, 0xb5, 0x21, 0x48, 0x42, 0xe6, 0xf8, 0x50, 0x91, 0x38, 0x21,
    0x09, 0x80, 0x00, 0x07, 0x1c, 0x80, 0xa3, 0x4c, 0x4c, 0x3a, 0x69, 0x24, 0x44, 0x51, 0x3e, 0x19,
    0x53, 0x95, 0x53, 0x66, 0xa9, 0xe5, 0x96, 0x5c, 0x76, 0xe9, 0xe5, 0x97, 0x60, 0x86, 0x29, 0xe6,
    0x98, 0x64, 0x96, 0x89, 0x53, 0x00, 0x02, 0x0c, 0xa0, 0xe6, 0x00, 0x02, 0x44, 0x67, 0xa6, 0x55,
    0x68, 0xae, 0xc9, 0xa6, 0x9b, 0x15, 0x09, 0x40, 0x40, 0x01, 0x05, 0x18, 0xa0, 0xe7, 0x9e, 0x78,
    0x12, 0xd0, 0x26, 0x51, 0x01, 0x34, 0x89, 0xe0, 0x99, 0x82, 0x2e, 0x65, 0x27, 0x9e, 0x7b, 0xf2,
    0x59, 0x80, 0x9f, 0x74, 0x32, 0x24, 0x40, 0x9e, 0x06, 0xe0, 0x29, 0xe9, 0xa4, 0x90, 0x16, 0x60,
    0xa5, 0x8f, 0x41, 0xe1, 0x17, 0x93, 0x4e, 0x9a, 0x5e, 0x59, 0x29, 0xa5, 0x93, 0xea, 0x69, 0x69,
    0x5b, 0x91, 0x82, 0x6a, 0x2a, 0xa2, 0x3d, 0xc2, 0xa4, 0xdb, 0x4a, 0x0e, 0x34, 0x5a, 0x50, 0x9a,
    0x10, 0x2d, 0xf6, 0x50, 0xd3, 0x02, 0x52, 0x95, 0x7a, 0x2a, 0xa8, 0x06, 0xa4, 0x6a, 0xd0, 0x00,
    0xb6, 0xde, 0x8a, 0xab, 0xae, 0x21, 0x21, 0x90, 0x98, 0xab, 0x00, 0x04, 0xa0, 0x00, 0x68, 0x97,
    0x0e, 0xc4, 0x1a, 0xad, 0x32, 0xf1, 0xea, 0xeb, 0xa9, 0xb9, 0x36, 0xf4, 0xec, 0xb3, 0xc4, 0x5a,
    0x24, 0x40, 0x81, 0xce, 0x15, 0xbb, 0x60, 0xa7, 0x03, 0x65, 0x56, 0x00, 0x4e, 0xd3, 0xfa, 0x4a,
    0x6c, 0xb8, 0xd0, 0x56, 0x6b, 0x11, 0x5a, 0x28, 0x16, 0x34, 0x80, 0x89, 0x2d, 0x7d, 0x5b, 0x50,
    0x01, 0x02, 0xf6, 0x44, 0xae, 0xa9, 0x06, 0x10, 0xeb, 0xec, 0xbc, 0x88, 0xba, 0x9b, 0x64, 0x81,
    0x66, 0xf9, 0xb7, 0x52, 0xbf, 0xfc, 0xfa, 0x74, 0x2f, 0xbe, 0x91, 0x3a, 0x44, 0x40, 0xaf, 0xd3,
    0x46, 0x6a, 0xee, 0x47, 0xf0, 0xee, 0xd4, 0xa2, 0xbf, 0x60, 0xfd, 0x78, 0x22, 0x51, 0x07, 0x13,
    0x5c, 0xc0, 0xc2, 0x07, 0x23, 0x4c, 0x6f, 0xae, 0x0b, 0x83, 0xb4, 0x2a, 0xab, 0x02, 0x5c, 0x9b,
    0x98, 0xac, 0x0c, 0x02, 0xb8, 0x93, 0x02, 0x4c, 0x65, 0x9c, 0x30, 0xc7, 0x13, 0x0d, 0x00, 0x69,
    0xa2, 0x89, 0x2e, 0x3a, 0x28, 0x51, 0xac, 0x35, 0xd0, 0xc0, 0xb0, 0xa9, 0x45, 0x86, 0x33, 0x53,
    0x01, 0xb8, 0x0c, 0x33, 0xcc, 0x32, 0x7f, 0x14, 0x27, 0x01, 0x44, 0x13, 0xa0, 0xe6, 0x9f, 0x62,
    0x91, 0x0c, 0x9d, 0xb2, 0x5f, 0xb5, 0xba, 0xd6, 0xd0, 0x45, 0x1f, 0xdd, 0x71, 0x96, 0xfb, 0x81,
    0xe6, 0xa6, 0x71, 0xdc, 0xbe, 0x49, 0x9a, 0xc8, 0x3b, 0x2d, 0xd0, 0xa8, 0xb0, 0x48, 0xe9, 0xab,
    0xf5, 0x76, 0x19, 0xde, 0xe6, 0x1d, 0x7b, 0x63, 0x5f, 0xf8, 0x57, 0xb6, 0x04, 0xad, 0x9d, 0x76,
    0x8a, 0x4c, 0x02, 0xab, 0x50, 0xdc, 0x60, 0x06, 0x04, 0x00, 0x21, 0xf9, 0x04, 0x04, 0x04, 0x00,
    0x00, 0x00, 0x2c, 0x15, 0x00, 0x1c, 0x00, 0x94, 0x00, 0x2f, 0x00, 0x87, 0x00, 0x00, 0x00, 0x0d,
    0x03, 0x03, 0x1a, 0x06, 0x06, 0x26, 0x09, 0x0a, 0x33, 0x0d, 0x0d, 0x40, 0x10, 0x10, 0x4d, 0x13,
    0x13, 0x5a, 0x16, 0x16, 0x66, 0x19, 0x1a, 0x73, 0x1c, 0x1d, 0x80, 0x1f, 0x20, 0x8d, 0x22, 0x23,
    0x9a, 0x26, 0x26, 0xa6, 0x29, 0x2a, 0xb3, 0x2c, 0x2d, 0xc0, 0x2f, 0x30, 0x00, 0x00, 0x00, 0x00,
    0x00, 0x00, 0x00, 0x00, 0x00, 0x00, 0x00, 0x00, 0x00, 0x00, 0x00, 0x00, 0x00, 0x00, 0x00, 0x00,
    0x00, 0x00, 0x00, 0x00, 0x00, 0x00, 0x00, 0x00, 0x00, 0x00, 0x00, 0x00, 0x00, 0x00, 0x00, 0x00,
    0x00, 0x00, 0x00, 0x00, 0x00, 0x00, 0x00, 0x00, 0x00, 0x00, 0x00, 0x00, 0x00, 0x00, 0x00, 0x00,
    0x00, 0x00, 0x00, 0x00, 0x00, 0x00, 0x00, 0x00, 0x00, 0x00, 0x00, 0x00, 0x00, 0x00, 0x00, 0x00,
    0x00, 0x00, 0x00, 0x00, 0x00, 0x00, 0x00, 0x00, 0x00, 0x00, 0x00, 0x00, 0x00, 0x00, 0x00, 0x00,
    0x00, 0x00, 0x00, 0x00, 0x00, 0x00, 0x00, 0x00, 0x00, 0x00, 0x00, 0x00, 0x00, 0x00, 0x00, 0x00,
    0x00, 0x00, 0x00, 0x00, 0x00, 0x00, 0x00, 0x00, 0x00, 0x00, 0x00, 0x00, 0x00, 0x00, 0x00, 0x00,
    0x00, 0x00, 0x00, 0x00, 0x00, 0x00, 0x00, 0x00, 0x00, 0x00, 0x00, 0x00, 0x00, 0x00, 0x00, 0x00,
    0x00, 0x00, 0x00, 0x00, 0x00, 0x00, 0x00, 0x00, 0x00, 0x00, 0x00, 0x00, 0x00, 0x00, 0x00, 0x00,
    0x00, 0x00, 0x00, 0x00, 0x00, 0x00, 0x00, 0x00, 0x00, 0x00, 0x00, 0x00, 0x00, 0x00, 0x00, 0x00,
    0x00, 0x00, 0x00, 0x00, 0x00, 0x00, 0x00, 0x00, 0x00, 0x00, 0x00, 0x00, 0x00, 0x00, 0x00, 0x00,
    0x00, 0x00, 0x00, 0x00, 0x00, 0x00, 0x00, 0x00, 0x00, 0x00, 0x00, 0x00, 0x00, 0x00, 0x00, 0x00,
    0x00, 0x00, 0x00, 0x00, 0x00, 0x00, 0x00, 0x00, 0x00, 0x00, 0x00, 0x00, 0x00, 0x00, 0x00, 0x00,
    0x00, 0x00, 0x00, 0x00, 0x00, 0x00, 0x00, 0x00, 0x00, 0x00, 0x00, 0x00, 0x00, 0x00, 0x00, 0x00,
    0x00, 0x00, 0x00, 0x00, 0x00, 0x00, 0x00, 0x00, 0x00, 0x00, 0x00, 0x00, 0x00, 0x00, 0x00, 0x00,
    0x00, 0x00, 0x00, 0x00, 0x00, 0x00, 0x00, 0x00, 0x00, 0x00, 0x00, 0x00, 0x00, 0x00, 0x00, 0x00,
    0x00, 0x00, 0x00, 0x00, 0x00, 0x00, 0x00, 0x00, 0x00, 0x00, 0x00, 0x00, 0x00, 0x00, 0x00, 0x00,
    0x00, 0x00, 0x00, 0x00, 0x00, 0x00, 0x00, 0x00, 0x00, 0x00, 0x00, 0x00, 0x00, 0x00, 0x00, 0x00,
    0x00, 0x00, 0x00, 0x00, 0x00, 0x00, 0x00, 0x00, 0x00, 0x00, 0x00, 0x00, 0x00, 0x00, 0x00, 0x00,
    0x00, 0x00, 0x00, 0x00, 0x00, 0x00, 0x00, 0x00, 0x00, 0x00, 0x00, 0x00, 0x00, 0x00, 0x00, 0x00,
    0x00, 0x00, 0x00, 0x00, 0x00, 0x00, 0x00, 0x00, 0x00, 0x00, 0x00, 0x00, 0x00, 0x00, 0x00, 0x00,
    0x00, 0x00, 0x00, 0x00, 0x00, 0x00, 0x00, 0x00, 0x00, 0x00, 0x00, 0x00, 0x00, 0x00, 0x00, 0x00,
    0x00, 0x00, 0x00, 0x00, 0x00, 0x00, 0x00, 0x00, 0x00, 0x00, 0x00, 0x00, 0x00, 0x00, 0x00, 0x00,
    0x00, 0x00, 0x00, 0x00, 0x00, 0x00, 0x00, 0x00, 0x00, 0x00, 0x00, 0x00, 0x00, 0x00, 0x00, 0x00,
    0x00, 0x00, 0x00, 0x00, 0x00, 0x00, 0x00, 0x00, 0x00, 0x00, 0x00, 0x00, 0x00, 0x00, 0x00, 0x00,
    0x00, 0x00, 0x00, 0x00, 0x00, 0x00, 0x00, 0x00, 0x00, 0x00, 0x00, 0x00, 0x00, 0x00, 0x00, 0x00,
    0x00, 0x00, 0x00, 0x00, 0x00, 0x00, 0x00, 0x00, 0x00, 0x00, 0x00, 0x00, 0x00, 0x00, 0x00, 0x00,
    0x00, 0x00, 0x00, 0x00, 0x00, 0x00, 0x00, 0x00, 0x00, 0x00, 0x00, 0x00, 0x00, 0x00, 0x00, 0x00,
    0x00, 0x00, 0x00, 0x00, 0x00, 0x00, 0x00, 0x00, 0x00, 0x00, 0x00, 0x00, 0x00, 0x00, 0x00, 0x00,
    0x00, 0x00, 0x00, 0x00, 0x00, 0x00, 0x00, 0x00, 0x00, 0x00, 0x00, 0x00, 0x00, 0x00, 0x00, 0x00,
    0x00, 0x00, 0x00, 0x00, 0x00, 0x00, 0x00, 0x00, 0x00, 0x00, 0x00, 0x00, 0x00, 0x00, 0x00, 0x00,
    0x00, 0x00, 0x00, 0x00, 0x00, 0x00, 0x00, 0x00, 0x00, 0x00, 0x00, 0x00, 0x00, 0x00, 0x00, 0x00,
    0x00, 0x00, 0x00, 0x00, 0x00, 0x00, 0x00, 0x00, 0x00, 0x00, 0x00, 0x00, 0x00, 0x00, 0x00, 0x00,
    0x00, 0x00, 0x00, 0x00, 0x00, 0x00, 0x00, 0x00, 0x00, 0x00, 0x00, 0x00, 0x00, 0x00, 0x00, 0x00,
    0x00, 0x00, 0x00, 0x00, 0x00, 0x00, 0x00, 0x00, 0x00, 0x00, 0x00, 0x00, 0x00, 0x00, 0x00, 0x00,
    0x00, 0x00, 0x00, 0x00, 0x00, 0x00, 0x00, 0x00, 0x00, 0x00, 0x00, 0x00, 0x00, 0x00, 0x00, 0x00,
    0x00, 0x00, 0x00, 0x00, 0x00, 0x00, 0x00, 0x00, 0x00, 0x00, 0x00, 0x00, 0x00, 0x00, 0x00, 0x00,
    0x00, 0x00, 0x00, 0x00, 0x00, 0x00, 0x00, 0x00, 0x00, 0x00, 0x00, 0x00, 0x00, 0x00, 0x00, 0x00,
    0x00, 0x00, 0x00, 0x00, 0x00, 0x00, 0x00, 0x00, 0x00, 0x00, 0x00, 0x00, 0x00, 0x00, 0x00, 0x00,
    0x00, 0x00, 0x00, 0x00, 0x00, 0x00, 0x00, 0x00, 0x00, 0x00, 0x00, 0x00, 0x00, 0x00, 0x00, 0x00,
    0x00, 0x00, 0x00, 0x00, 0x00, 0x00, 0x00, 0x00, 0x00, 0x00, 0x00, 0x00, 0x00, 0x00, 0x00, 0x00,
    0x00, 0x00, 0x00, 0x00, 0x00, 0x00, 0x00, 0x00, 0x00, 0x00, 0x00, 0x00, 0x00, 0x00, 0x00, 0x00,
    0x00, 0x00, 0x00, 0x00, 0x00, 0x00, 0x00, 0x00, 0x00, 0x00, 0x00, 0x00, 0x00, 0x00, 0x00, 0x00,
    0x00, 0x00, 0x00, 0x00, 0x00, 0x00, 0x00, 0x00, 0x00, 0x00, 0x00, 0x00, 0x00, 0x00, 0x00, 0x00,
    0x00, 0x00, 0x00, 0x00, 0x00, 0x00, 0x00, 0x00, 0x00, 0x00, 0x00, 0x00, 0x08, 0xff, 0x00, 0x01,
    0x08, 0x1c, 0x48, 0xb0, 0x20, 0xc1, 0x00, 0x07, 0x0e, 0x08, 0x30, 0xc8, 0xb0, 0xa1, 0xc3, 0x87,
    0x10, 0x23, 0x4a, 0x9c, 0x18, 0x11, 0xa1, 0x42, 0x8a, 0x18, 0x0d, 0x1a, 0x70, 0xf0, 0xa0, 0x23,
    0x82, 0x8c, 0x20, 0x43, 0x8a, 0x1c, 0x59, 0x70, 0x63, 0xc7, 0x07, 0x1f, 0x49, 0x46, 0x34, 0x70,
    0xf2, 0x64, 0x02, 0x95, 0x30, 0x63, 0xca, 0x64, 0xd9, 0xf2, 0xc1, 0x4b, 0x99, 0x06, 0x0f, 0xd4,
    0x3c, 0xa9, 0x20, 0x00, 0xce, 0x9f, 0x40, 0x21, 0xea, 0xdc, 0xf9, 0xa0, 0x67, 0xd0, 0x04, 0x44,
    0x4f, 0x32, 0xf0, 0x19, 0xb4, 0x69, 0x53, 0xa4, 0x49, 0x1f, 0x2c, 0xfd, 0x09, 0x35, 0xaa, 0x54,
    0xa6, 0x4e, 0xb3, 0xc2, 0xac, 0x1a, 0x75, 0x6a, 0x4c, 0xae, 0x56, 0xbd, 0x6a, 0x1d, 0x0b, 0x12,
    0x6c, 0x57, 0xac, 0x22, 0x03, 0x28, 0x48, 0xca, 0x71, 0x27, 0x83, 0x01, 0x64, 0xe3, 0x4a, 0x54,
    0xcb, 0x96, 0xe8, 0xdb, 0x91, 0x01, 0x18, 0x24, 0x2d, 0x30, 0xa0, 0x6d, 0x4d, 0x07, 0x70, 0xe5,
    0x0a, 0x36, 0x98, 0x77, 0x6f, 0x5f, 0xa2, 0x80, 0x43, 0x16, 0x26, 0x6a, 0x40, 0xe0, 0xe1, 0x9d,
    0x89, 0x07, 0x4b, 0x5e, 0xbc, 0xb3, 0x31, 0x80, 0xc7, 0x7f, 0x03, 0x53, 0xa4, 0x5c, 0xd3, 0xb2,
    0x63, 0xbf, 0x2d, 0x23, 0x4b, 0x8e, 0xcb, 0xb9, 0xa5, 0xe7, 0xcb, 0xa0, 0x4f, 0x8a, 0x8e, 0x38,
    0x40, 0x2f, 0xe4, 0xd3, 0x8e, 0x1b, 0x20, 0x2e, 0x30, 0x9a, 0x6c, 0x6b, 0xc4, 0xb0, 0x2f, 0xcb,
    0x86, 0x4c, 0x9b, 0x75, 0xea, 0x8e, 0xab, 0x0f, 0xba, 0xae, 0x5c, 0x3b, 0x2b, 0xe6, 0xd0, 0x9a,
    0x0b, 0x96, 0x3e, 0x99, 0xbb, 0xe0, 0x71, 0xd5, 0xc9, 0x09, 0x0f, 0xef, 0x5c, 0x3c, 0xe8, 0x73,
    0xe0, 0xd1, 0x95, 0x4f, 0x37, 0xed, 0xf0, 0xfa, 0x83, 0xe0, 0x0c, 0x97, 0x77, 0xff, 0x6c, 0x5e,
    0x5d, 0xa4, 0x77, 0xf0, 0xd2, 0x93, 0x36, 0x2f, 0xf0, 0xfb, 0x41, 0x83, 0xec, 0x0d, 0x03, 0x2c,
    0x48, 0x9a, 0xb2, 0x3c, 0x49, 0xf6, 0x44, 0xdf, 0x4f, 0x94, 0x4f, 0xbf, 0x64, 0x52, 0xb1, 0x13,
    0x99, 0xd5, 0xd1, 0x4d, 0xf6, 0x85, 0x44, 0x93, 0x5b, 0x68, 0x49, 0x24, 0xa0, 0x4d, 0x03, 0x1d,
    0x58, 0x13, 0x80, 0x14, 0x2d, 0x48, 0x60, 0x81, 0x14, 0x39, 0xd8, 0x12, 0x84, 0x01, 0x26, 0xf5,
    0x92, 0x00, 0xff, 0x25, 0x88, 0xd1, 0x82, 0xbd, 0x51, 0x28, 0x11, 0x87, 0x76, 0x79, 0x18, 0xe1,
    0x5e, 0x04, 0x10, 0xb5, 0x80, 0x89, 0x18, 0x21, 0x40, 0x54, 0x7d, 0x22, 0x42, 0x94, 0xe2, 0x4e,
    0x2b, 0xaa, 0xe4, 0xe2, 0x4e, 0x08, 0x90, 0xd8, 0xd2, 0x84, 0x24, 0x59, 0xf8, 0x00, 0x79, 0x31,
    0x16, 0xa4, 0xa3, 0x4b, 0x33, 0x11, 0xc7, 0x15, 0x86, 0x23, 0x1d, 0xc9, 0x62, 0x90, 0x05, 0x29,
    0x89, 0x93, 0x93, 0x00, 0x20, 0xd0, 0x80, 0x03, 0x46, 0xfd, 0x24, 0x25, 0x95, 0x4b, 0x32, 0x59,
    0xd0, 0x95, 0x55, 0xe2, 0xc4, 0x25, 0x5a, 0x01, 0x64, 0x49, 0x52, 0x98, 0x5a, 0x62, 0x44, 0x66,
    0x53, 0x67, 0x96, 0xa9, 0xe6, 0x9a, 0x6c, 0xb6, 0xe9, 0xe6, 0x9b, 0x70, 0xc6, 0x29, 0xe7, 0x9c,
    0x74, 0xd6, 0x69, 0xa7, 0x5c, 0x01, 0x0c, 0x40, 0x00, 0x01, 0x05, 0xf4, 0x59, 0xc0, 0x9e, 0x03,
    0x2c, 0x94, 0x55, 0x9a, 0x40, 0x11, 0x1a, 0x54, 0x9e, 0x7b, 0xfa, 0xf9, 0x27, 0x01, 0x81, 0x82,
    0x34, 0x40, 0x9f, 0x06, 0x44, 0xaa, 0x68, 0x01, 0x91, 0x1a, 0xc0, 0x97, 0x98, 0x06, 0x4e, 0x09,
    0xe3, 0x4c, 0x9a, 0x36, 0xf5, 0x28, 0xa5, 0x92, 0x2a, 0x5a, 0xe9, 0xa5, 0x73, 0x51, 0x3a, 0xe9,
    0xa9, 0x7e, 0x5a, 0x2a, 0xa8, 0x4c, 0x33, 0x0e, 0xf8, 0x93, 0x83, 0x07, 0xfc, 0xff, 0x14, 0x80,
    0xa9, 0xa8, 0x9e, 0xaa, 0x2a, 0x44, 0xb3, 0x5a, 0x5a, 0x6b, 0xad, 0x06, 0xac, 0x0a, 0xd3, 0x8d,
    0xcc, 0x41, 0x34, 0x40, 0x02, 0x0a, 0x84, 0xd8, 0xd0, 0x71, 0x0c, 0xe0, 0x94, 0xeb, 0xae, 0xbc,
    0xfa, 0x6a, 0x10, 0x01, 0xba, 0x32, 0x5b, 0x2b, 0x4e, 0x05, 0xec, 0x44, 0x80, 0x43, 0x0e, 0xf2,
    0x78, 0x50, 0x6a, 0xda, 0x8e, 0x04, 0xad, 0xb4, 0xbb, 0x3e, 0x04, 0xee, 0xae, 0x06, 0x60, 0x7a,
    0x22, 0x72, 0x0c, 0xf9, 0xd8, 0x6d, 0x69, 0x48, 0x8a, 0x34, 0x2e, 0xaf, 0x4b, 0x7e, 0xfb, 0xee,
    0xa4, 0xe6, 0x9e, 0x7b, 0x52, 0x03, 0x09, 0x2e, 0x08, 0xe1, 0x5a, 0x17, 0xd6, 0x3b, 0x91, 0xbc,
    0xf3, 0xfa, 0xb9, 0xa4, 0x00, 0xd1, 0xce, 0x6b, 0x00, 0x7c, 0x2a, 0xf1, 0xab, 0x14, 0x56, 0x0b,
    0x76, 0x24, 0x16, 0x58, 0xf8, 0x02, 0x45, 0x70, 0xc0, 0x90, 0x22, 0x3c, 0x90, 0x00, 0xb4, 0x8e,
    0x7b, 0x30, 0x9a, 0xdb, 0xdd, 0xd4, 0xf0, 0xc2, 0x00, 0x58, 0x88, 0x1e, 0x4c, 0x18, 0x17, 0x2c,
    0xed, 0xc6, 0x15, 0xf1, 0x19, 0xaa, 0xad, 0xba, 0x3a, 0xfb, 0x93, 0x00, 0xa9, 0x1d, 0x00, 0x2c,
    0x73, 0x04, 0xa4, 0xb6, 0x40, 0xb5, 0x35, 0x19, 0x5b, 0xa8, 0xca, 0x26, 0xa7, 0xda, 0xb2, 0x99,
    0x02, 0xf0, 0x09, 0x6a, 0xa8, 0x8c, 0xfa, 0x3b, 0x92, 0x77, 0xdc, 0xa1, 0x66, 0xd5, 0x8f, 0x64,
    0x05, 0x10, 0x34, 0xa4, 0xa3, 0xfe, 0x39, 0x80, 0xd1, 0x84, 0x85, 0x69, 0xb5, 0x64, 0x3e, 0x26,
    0xfd, 0x59, 0x54, 0xdd, 0x6a, 0x65, 0xf5, 0xd5, 0x77, 0x12, 0x34, 0x14, 0x71, 0xce, 0xb5, 0xa7,
    0x40, 0xd8, 0x4c, 0x82, 0xe5, 0xc0, 0xb5, 0x0c, 0x09, 0xb0, 0x5d, 0xbb, 0x68, 0x57, 0x37, 0xdc,
    0xc8, 0x02, 0x51, 0xe6, 0x80, 0xcb, 0x71, 0xdb, 0x17, 0x40, 0x02, 0x0e, 0x2c, 0x0f, 0x60, 0xf1,
    0x40, 0x7b, 0xf7, 0xfd, 0x77, 0xde, 0xd5, 0x19, 0x4d, 0x75, 0x81, 0x01, 0x01, 0x00, 0x21, 0xf9,
    0x04, 0x04, 0x04, 0x00, 0x00, 0x00, 0x2c, 0x16, 0x00, 0x1c, 0x00, 0x93, 0x00, 0x2f, 0x00, 0x87,
    0x00, 0x00, 0x00, 0x0d, 0x03, 0x03, 0x1a, 0x06, 0x06, 0x26, 0x09, 0x0a, 0x33, 0x0d, 0x0d, 0x40,
    0x10, 0x10, 0x4d, 0x13, 0x13, 0x5a, 0x16, 0x16, 0x66, 0x19, 0x1a, 0x73, 0x1c, 0x1d, 0x80, 0x1f,
    0x20, 0x8d, 0x22, 0x23, 0x9a, 0x26, 0x26, 0xa6, 0x29, 0x2a, 0xb3, 0x2c, 0x2d, 0xc0, 0x2f, 0x30,
    0x00, 0x00, 0x00, 0x00, 0x00, 0x00, 0x00, 0x00, 0x00, 0x00, 0x00, 0x00, 0x00, 0x00, 0x00, 0x00,
    0x00, 0x00, 0x00, 0x00, 0x00, 0x00, 0x00, 0x00, 0x00, 0x00, 0x00, 0x00, 0x00, 0x00, 0x00, 0x00,
    0x00, 0x00, 0x00, 0x00, 0x00, 0x00, 0x00, 0x00, 0x00, 0x00, 0x00, 0x00, 0x00, 0x00, 0x00, 0x00,
    0x00, 0x00, 0x00, 0x00, 0x00, 0x00, 0x00, 0x00, 0x00, 0x00, 0x00, 0x00, 0x00, 0x00, 0x00, 0x00,
    0x00, 0x00, 0x00, 0x00, 0x00, 0x00, 0x00, 0x00, 0x00, 0x00, 0x00, 0x00, 0x00, 0x00, 0x00, 0x00,
    0x00, 0x00, 0x00, 0x00, 0x00, 0x00, 0x00, 0x00, 0x00, 0x00, 0x00, 0x00, 0x00, 0x00, 0x00, 0x00,
    0x00, 0x00, 0x00, 0x00, 0x00, 0x00, 0x00, 0x00, 0x00, 0x00, 0x00, 0x00, 0x00, 0x00, 0x00, 0x00,
    0x00, 0x00, 0x00, 0x00, 0x00, 0x00, 0x00, 0x00, 0x00, 0x00, 0x00, 0x00, 0x00, 0x00, 0x00, 0x00,
    0x00, 0x00, 0x00, 0x00, 0x00, 0x00, 0x00, 0x00, 0x00, 0x00, 0x00, 0x00, 0x00, 0x00, 0x00, 0x00,
    0x00, 0x00, 0x00, 0x00, 0x00, 0x00, 0x00, 0x00, 0x00, 0x00, 0x00, 0x00, 0x00, 0x00, 0x00, 0x00,
    0x00, 0x00, 0x00, 0x00, 0x00, 0x00, 0x00, 0x00, 0x00, 0x00, 0x00, 0x00, 0x00, 0x00, 0x00, 0x00,
    0x00, 0x00, 0x00, 0x00, 0x00, 0x00, 0x00, 0x00, 0x00, 0x00, 0x00, 0x00, 0x00, 0x00, 0x00, 0x00,
    0x00, 0x00, 0x00, 0x00, 0x00, 0x00, 0x00, 0x00, 0x00, 0x00, 0x00, 0x00, 0x00, 0x00, 0x00, 0x00,
    0x00, 0x00, 0x00, 0x00, 0x00, 0x00, 0x00, 0x00, 0x00, 0x00, 0x00, 0x00, 0x00, 0x00, 0x00, 0x00,
    0x00, 0x00, 0x00, 0x00, 0x00, 0x00, 0x00, 0x00, 0x00, 0x00, 0x00, 0x00, 0x00, 0x00, 0x00, 0x00,
    0x00, 0x00, 0x00, 0x00, 0x00, 0x00, 0x00, 0x00, 0x00, 0x00, 0x00, 0x00, 0x00, 0x00, 0x00, 0x00,
    0x00, 0x00, 0x00, 0x00, 0x00, 0x00, 0x00, 0x00, 0x00, 0x00, 0x00, 0x00, 0x00, 0x00, 0x00, 0x00,
    0x00, 0x00, 0x00, 0x00, 0x00, 0x00, 0x00, 0x00, 0x00, 0x00, 0x00, 0x00, 0x00, 0x00, 0x00, 0x00,
    0x00, 0x00, 0x00, 0x00, 0x00, 0x00, 0x00, 0x00, 0x00, 0x00, 0x00, 0x00, 0x00, 0x00, 0x00, 0x00,
    0x00, 0x00, 0x00, 0x00, 0x00, 0x00, 0x00, 0x00, 0x00, 0x00, 0x00, 0x00, 0x00, 0x00, 0x00, 0x00,
    0x00, 0x00, 0x00, 0x00, 0x00, 0x00, 0x00, 0x00, 0x00, 0x00, 0x00, 0x00, 0x00, 0x00, 0x00, 0x00,
    0x00, 0x00, 0x00, 0x00, 0x00, 0x00, 0x00, 0x00, 0x00, 0x00, 0x00, 0x00, 0x00, 0x00, 0x00, 0x00,
    0x00, 0x00, 0x00, 0x00, 0x00, 0x00, 0x00, 0x00, 0x00, 0x00, 0x00, 0x00, 0x00, 0x00, 0x00, 0x00,
    0x00, 0x00, 0x00, 0x00, 0x00, 0x00, 0x00, 0x00, 0x00, 0x00, 0x00, 0x00, 0x00, 0x00, 0x00, 0x00,
    0x00, 0x00, 0x00, 0x00, 0x00, 0x00, 0x00, 0x00, 0x00, 0x00, 0x00, 0x00, 0x00, 0x00, 0x00, 0x00,
    0x00, 0x00, 0x00, 0x00, 0x00, 0x00, 0x00, 0x00, 0x00, 0x00, 0x00, 0x00, 0x00, 0x00, 0x00, 0x00,
    0x00, 0x00, 0x00, 0x00, 0x00, 0x00, 0x00, 0x00, 0x00, 0x00, 0x00, 0x00, 0x00, 0x00, 0x00, 0x00,
    0x00, 0x00, 0x00, 0x00, 0x00, 0x00, 0x00, 0x00, 0x00, 0x00, 0x00, 0x00, 0x00, 0x00, 0x00, 0x00,
    0x00, 0x00, 0x00, 0x00, 0x00, 0x00, 0x00, 0x00, 0x00, 0x00, 0x00, 0x00, 0x00, 0x00, 0x00, 0x00,
    0x00, 0x00, 0x00, 0x00, 0x00, 0x00, 0x00, 0x00, 0x00, 0x00, 0x00, 0x00, 0x00, 0x00, 0x00, 0x00,
    0x00, 0x00, 0x00, 0x00, 0x00, 0x00, 0x00, 0x00, 0x00, 0x00, 0x00, 0x00, 0x00, 0x00, 0x00, 0x00,
    0x00, 0x00, 0x00, 0x00, 0x00, 0x00, 0x00, 0x00, 0x00, 0x00, 0x00, 0x00, 0x00, 0x00, 0x00, 0x00,
    0x00, 0x00, 0x00, 0x00, 0x00, 0x00, 0x00, 0x00, 0x00, 0x00, 0x00, 0x00, 0x00, 0x00, 0x00, 0x00,
    0x00, 0x00, 0x00, 0x00, 0x00, 0x00, 0x00, 0x00, 0x00, 0x00, 0x00, 0x00, 0x00, 0x00, 0x00, 0x00,
    0x00, 0x00, 0x00, 0x00, 0x00, 0x00, 0x00, 0x00, 0x00, 0x00, 0x00, 0x00, 0x00, 0x00, 0x00, 0x00,
    0x00, 0x00, 0x00, 0x00, 0x00, 0x00, 0x00, 0x00, 0x00, 0x00, 0x00, 0x00, 0x00, 0x00, 0x00, 0x00,
    0x00, 0x00, 0x00, 0x00, 0x00, 0x00, 0x00, 0x00, 0x00, 0x00, 0x00, 0x00, 0x00, 0x00, 0x00, 0x00,
    0x00, 0x00, 0x00, 0x00, 0x00, 0x00, 0x00, 0x00, 0x00, 0x00, 0x00, 0x00, 0x00, 0x00, 0x00, 0x00,
    0x00, 0x00, 0x00, 0x00, 0x00, 0x00, 0x00, 0x00, 0x00, 0x00, 0x00, 0x00, 0x00, 0x00, 0x00, 0x00,
    0x00, 0x00, 0x00, 0x00, 0x00, 0x00, 0x00, 0x00, 0x00, 0x00, 0x00, 0x00, 0x00, 0x00, 0x00, 0x00,
    0x00, 0x00, 0x00, 0x00, 0x00, 0x00, 0x00, 0x00, 0x00, 0x00, 0x00, 0x00, 0x00, 0x00, 0x00, 0x00,
    0x00, 0x00, 0x00, 0x00, 0x00, 0x00, 0x00, 0x00, 0x00, 0x00, 0x00, 0x00, 0x00, 0x00, 0x00, 0x00,
    0x00, 0x00, 0x00, 0x00, 0x00, 0x00, 0x00, 0x00, 0x00, 0x00, 0x00, 0x00, 0x00, 0x00, 0x00, 0x00,
    0x00, 0x00, 0x00, 0x00, 0x00, 0x00, 0x00, 0x00, 0x00, 0x00, 0x00, 0x00, 0x00, 0x00, 0x00, 0x00,
    0x00, 0x00, 0x00, 0x00, 0x00, 0x00, 0x00, 0x00, 0x00, 0x00, 0x00, 0x00, 0x00, 0x00, 0x00, 0x00,
    0x08, 0xff, 0x00, 0x01, 0x08, 0x1c, 0x48, 0xb0, 0xe0, 0x40, 0x02, 0x0a, 0x16, 0x18, 0x30, 0xc8,
    0xb0, 0xa1, 0xc3, 0x87, 0x10, 0x23, 0x4a, 0x9c, 0x18, 0x11, 0xa1, 0x42, 0x8a, 0x18, 0x0b, 0x26,
    0x78, 0xc0, 0xf1, 0x01, 0x83, 0x00, 0x19, 0x43, 0x8a, 0x1c, 0x49, 0x92, 0xe0, 0xc6, 0x8e, 0x1f,
    0x4b, 0x42, 0x3c, 0xd9, 0xd1, 0x23, 0x48, 0x95, 0x30, 0x63, 0xc2, 0x64, 0x89, 0xf2, 0xa5, 0x4c,
    0x81, 0x01, 0x16, 0xb4, 0x6c, 0xd9, 0x60, 0xc0, 0xcd, 0x9f, 0x40, 0x1f, 0xe6, 0xdc, 0xd9, 0xb1,
    0xe7, 0xcf, 0x00, 0x0c, 0x88, 0xb6, 0x74, 0xe0, 0x33, 0xa8, 0xd3, 0xa0, 0x48, 0x95, 0x76, 0x64,
    0x2a, 0x33, 0xaa, 0xd4, 0xa9, 0x4d, 0x9f, 0x6a, 0x55, 0x69, 0xf5, 0xea, 0x03, 0xaa, 0x5c, 0x93,
    0x7a, 0xc5, 0xba, 0xb5, 0xac, 0xc8, 0xae, 0x63, 0xc1, 0x8e, 0x1c, 0xd0, 0x40, 0x69, 0x03, 0xb1,
    0x3b, 0x1d, 0x2c, 0x34, 0x4b, 0x37, 0x22, 0x5b, 0xb7, 0x70, 0x97, 0xce, 0x0d, 0x39, 0xc0, 0x81,
    0x52, 0xa6, 0x68, 0x5b, 0xee, 0xad, 0x4b, 0x98, 0x60, 0xdf, 0xbf, 0x03, 0x02, 0x77, 0x1c, 0x3c,
    0xf1, 0x30, 0x51, 0xb0, 0x8a, 0x39, 0x32, 0x2e, 0x4c, 0xd7, 0x71, 0xdc, 0xa6, 0x91, 0x1f, 0x4c,
    0x7e, 0x68, 0x79, 0x69, 0x56, 0x00, 0x99, 0x37, 0x53, 0x7e, 0xda, 0x99, 0xec, 0xc0, 0xd0, 0x13,
    0x0d, 0xf8, 0x25, 0xca, 0xe0, 0x33, 0x4e, 0x05, 0x52, 0x11, 0x8c, 0x36, 0xab, 0x5a, 0x69, 0x6b,
    0x83, 0x01, 0x60, 0x2b, 0x95, 0x0d, 0xd1, 0x80, 0xd4, 0x94, 0x0d, 0x69, 0xb6, 0x4c, 0x30, 0x5b,
    0xab, 0x6f, 0xdb, 0x36, 0x0d, 0x0a, 0xef, 0x48, 0xdc, 0xe1, 0x71, 0xd6, 0xc9, 0x19, 0x2e, 0xe7,
    0xd8, 0xbc, 0xf8, 0xcf, 0xe7, 0x3b, 0x81, 0x3b, 0x9c, 0xfe, 0xa0, 0x7a, 0x41, 0xec, 0x2d, 0xb5,
    0x3f, 0xff, 0xe4, 0xee, 0xdd, 0xba, 0x4a, 0xf0, 0x35, 0x25, 0x92, 0x37, 0x88, 0x40, 0xaa, 0x82,
    0xe8, 0x0f, 0xdb, 0x2b, 0x5d, 0x00, 0xdf, 0x7c, 0x46, 0xf9, 0x44, 0xdf, 0x53, 0xc4, 0xbf, 0x93,
    0xfe, 0xc0, 0xf5, 0x19, 0xa1, 0xc7, 0x91, 0x78, 0xf6, 0x61, 0x04, 0x20, 0x46, 0x02, 0xba, 0x04,
    0xc0, 0x81, 0x01, 0xfe, 0x56, 0x5f, 0x81, 0xe3, 0x49, 0x55, 0x1e, 0x45, 0x09, 0x7e, 0x24, 0x61,
    0x49, 0x09, 0x8a, 0x06, 0x21, 0x43, 0x02, 0x5c, 0x48, 0x52, 0x86, 0xbb, 0xc1, 0x54, 0xc0, 0x6a,
    0x2d, 0xf1, 0xb6, 0x61, 0x45, 0x21, 0xaa, 0x34, 0x22, 0x51, 0xfc, 0x71, 0x74, 0x80, 0x4c, 0x03,
    0x10, 0x55, 0xc0, 0x89, 0x12, 0x75, 0xb8, 0xd3, 0x8b, 0x31, 0xc5, 0xb8, 0x53, 0x01, 0xd8, 0x4d,
    0x88, 0xe1, 0x70, 0x34, 0xa6, 0x06, 0xe4, 0x4d, 0x3d, 0x0a, 0x54, 0x40, 0x42, 0x38, 0xfe, 0x74,
    0xe4, 0x02, 0x49, 0x06, 0x19, 0xd1, 0x92, 0x4d, 0xca, 0x04, 0xa5, 0x93, 0x54, 0x56, 0x69, 0xe5,
    0x95, 0x58, 0x66, 0xa9, 0xe5, 0x96, 0x5c, 0x76, 0xe9, 0xe5, 0x97, 0x60, 0x42, 0x18, 0xc0, 0x98,
    0x64, 0x86, 0x39, 0x1a, 0x99, 0x65, 0x8e, 0x14, 0x80, 0x00, 0x04, 0x14, 0xc0, 0xa3, 0x01, 0x70,
    0xba, 0x49, 0x40, 0x62, 0x5a, 0x0d, 0x40, 0x00, 0x69, 0x77, 0x3e, 0xb5, 0x66, 0x9b, 0x6f, 0xc6,
    0x59, 0xc0, 0x9c, 0x0f, 0x32, 0x14, 0x40, 0x9b, 0x7e, 0xba, 0x69, 0xe8, 0x9b, 0x6e, 0x0a, 0x10,
    0xd4, 0x49, 0xfe, 0xfd, 0xc4, 0x68, 0xa0, 0x6a, 0x12, 0x6a, 0xc0, 0xa1, 0x87, 0xfa, 0xa9, 0x28,
    0x44, 0x02, 0xf0, 0x48, 0xe9, 0xa6, 0x95, 0xba, 0xa6, 0x62, 0x78, 0x13, 0x41, 0x3a, 0x10, 0x7f,
    0x3e, 0x92, 0x94, 0xe9, 0xa4, 0x9c, 0x72, 0x6a, 0x80, 0xa7, 0x04, 0x09, 0x80, 0x6a, 0xaa, 0xa9,
    0xae, 0xe4, 0x7a, 0x53, 0x8b, 0xa5, 0x0e, 0x74, 0x00, 0x03, 0x0d, 0x20, 0x00, 0x29, 0x78, 0x0c,
    0xdc, 0xe4, 0x2a, 0xac, 0xb0, 0xca, 0xda, 0x10, 0x01, 0xaf, 0x02, 0xcb, 0xa9, 0xa8, 0x14, 0x11,
    0x40, 0x54, 0x94, 0x26, 0x85, 0xf7, 0xa0, 0x8e, 0x2d, 0x31, 0x4b, 0x12, 0xb1, 0xc6, 0xc2, 0xfa,
    0x60, 0xb5, 0xc1, 0x22, 0x4b, 0x21, 0x51, 0x93, 0x05, 0xb0, 0x1c, 0x03, 0x97, 0x1a, 0x46, 0x22,
    0x75, 0x4a, 0x62, 0xab, 0xea, 0x83, 0xd4, 0x9a, 0x4b, 0x29, 0x50, 0xe0, 0xa9, 0x05, 0x5a, 0x5e,
    0x9e, 0x11, 0x14, 0x58, 0xad, 0x23, 0xa5, 0xab, 0xae, 0xa1, 0x0e, 0x05, 0xa0, 0xe9, 0xbd, 0x06,
    0x84, 0x3b, 0x6b, 0x5c, 0x97, 0x66, 0xc6, 0x91, 0x5a, 0xf0, 0x2e, 0x00, 0xd5, 0xbe, 0xea, 0xf6,
    0x2b, 0x14, 0xc2, 0xc6, 0x4e, 0xea, 0xaf, 0xa3, 0xd9, 0x8d, 0x09, 0xef, 0x57, 0x97, 0x2d, 0x18,
    0xb1, 0x53, 0xfa, 0x16, 0x0b, 0xac, 0xc3, 0x12, 0x0d, 0xe0, 0x26, 0x9c, 0x1a, 0x83, 0x5c, 0x00,
    0x9d, 0x7a, 0xc2, 0x9b, 0xd0, 0x65, 0x81, 0xe5, 0x5a, 0x71, 0x9d, 0x1f, 0x17, 0xda, 0xf2, 0xa4,
    0x24, 0x87, 0x6a, 0x27, 0x9f, 0x72, 0xce, 0xf9, 0xb0, 0x9e, 0x6d, 0x5d, 0x05, 0xd9, 0xc4, 0x3b,
    0xb1, 0x0a, 0xd5, 0xcc, 0x87, 0x12, 0x60, 0xb3, 0x99, 0xa5, 0x99, 0x86, 0x13, 0xcf, 0x92, 0x99,
    0x79, 0xa2, 0xb2, 0x8f, 0x79, 0x1a, 0x99, 0x89, 0x4a, 0x43, 0xc8, 0x6b, 0xa0, 0xc2, 0xd1, 0x1b,
    0xf5, 0x6c, 0x2c, 0x11, 0xa8, 0x5c, 0x7a, 0x57, 0xd3, 0x68, 0xc0, 0x02, 0xba, 0x4a, 0xf4, 0x75,
    0xd8, 0x5d, 0x97, 0xbd, 0x65, 0x40, 0x00, 0x21, 0xf9, 0x04, 0x04, 0x04, 0x00, 0x00, 0x00, 0x2c,
    0x15, 0x00, 0x1b, 0x00, 0x94, 0x00, 0x2f, 0x00, 0x87, 0x00, 0x00, 0x00, 0x0d, 0x03, 0x03, 0x1a,
    0x06, 0x06, 0x26, 0x09, 0x0a, 0x33, 0x0d, 0x0d, 0x40, 0x10, 0x10, 0x4d, 0x13, 0x13, 0x5a, 0x16,
    0x16, 0x66, 0x19, 0x1a, 0x73, 0x1c, 0x1d, 0x80, 0x1f, 0x20, 0x8d, 0x22, 0x23, 0x9a, 0x26, 0x26,
    0xa6, 0x29, 0x2a, 0xb3, 0x2c, 0x2d, 0xc0, 0x2f, 0x30, 0x00, 0x00, 0x00, 0x00, 0x00, 0x00, 0x00,
    0x00, 0x00, 0x00, 0x00, 0x00, 0x00, 0x00, 0x00, 0x00, 0x00, 0x00, 0x00, 0x00, 0x00, 0x00, 0x00,
    0x00, 0x00, 0x00, 0x00, 0x00, 0x00, 0x00, 0x00, 0x00, 0x00, 0x00, 0x00, 0x00, 0x00, 0x00, 0x00,
    0x00, 0x00, 0x00, 0x00, 0x00, 0x00, 0x00, 0x00, 0x00, 0x00, 0x00, 0x00, 0x00, 0x00, 0x00, 0x00,
    0x00, 0x00, 0x00, 0x00, 0x00, 0x00, 0x00, 0x00, 0x00, 0x00, 0x00, 0x00, 0x00, 0x00, 0x00, 0x00,
    0x00, 0x00, 0x00, 0x00, 0x00, 0x00, 0x00, 0x00, 0x00, 0x00, 0x00, 0x00, 0x00, 0x00, 0x00, 0x00,
    0x00, 0x00, 0x00, 0x00, 0x00, 0x00, 0x00, 0x00, 0x00, 0x00, 0x00, 0x00, 0x00, 0x00, 0x00, 0x00,
    0x00, 0x00, 0x00, 0x00, 0x00, 0x00, 0x00, 0x00, 0x00, 0x00, 0x00, 0x00, 0x00, 0x00, 0x00, 0x00,
    0x00, 0x00, 0x00, 0x00, 0x00, 0x00, 0x00, 0x00, 0x00, 0x00, 0x00, 0x00, 0x00, 0x00, 0x00, 0x00,
    0x00, 0x00, 0x00, 0x00, 0x00, 0x00, 0x00, 0x00, 0x00, 0x00, 0x00, 0x00, 0x00, 0x00, 0x00, 0x00,
    0x00, 0x00, 0x00, 0x00, 0x00, 0x00, 0x00, 0x00, 0x00, 0x00, 0x00, 0x00, 0x00, 0x00, 0x00, 0x00,
    0x00, 0x00, 0x00, 0x00, 0x00, 0x00, 0x00, 0x00, 0x00, 0x00, 0x00, 0x00, 0x00, 0x00, 0x00, 0x00,
    0x00, 0x00, 0x00, 0x00, 0x00, 0x00, 0x00, 0x00, 0x00, 0x00, 0x00, 0x00, 0x00, 0x00, 0x00, 0x00,
    0x00, 0x00, 0x00, 0x00, 0x00, 0x00, 0x00, 0x00, 0x00, 0x00, 0x00, 0x00, 0x00, 0x00, 0x00, 0x00,
    0x00, 0x00, 0x00, 0x00, 0x00, 0x00, 0x00, 0x00, 0x00, 0x00, 0x00, 0x00, 0x00, 0x00, 0x00, 0x00,
    0x00, 0x00, 0x00, 0x00, 0x00, 0x00, 0x00, 0x00, 0x00, 0x00, 0x00, 0x00, 0x00, 0x00, 0x00, 0x00,
    0x00, 0x00, 0x00, 0x00, 0x00, 0x00, 0x00, 0x00, 0x00, 0x00, 0x00, 0x00, 0x00, 0x00, 0x00, 0x00,
    0x00, 0x00, 0x00, 0x00, 0x00, 0x00, 0x00, 0x00, 0x00, 0x00, 0x00, 0x00, 0x00, 0x00, 0x00, 0x00,
    0x00, 0x00, 0x00, 0x00, 0x00, 0x00, 0x00, 0x00, 0x00, 0x00, 0x00, 0x00, 0x00, 0x00, 0x00, 0x00,
    0x00, 0x00, 0x00, 0x00, 0x00, 0x00, 0x00, 0x00, 0x00, 0x00, 0x00, 0x00, 0x00, 0x00, 0x00, 0x00,
    0x00, 0x00, 0x00, 0x00, 0x00, 0x00, 0x00, 0x00, 0x00, 0x00, 0x00, 0x00, 0x00, 0x00, 0x00, 0x00,
    0x00, 0x00, 0x00, 0x00, 0x00, 0x00, 0x00, 0x00, 0x00, 0x00, 0x00, 0x00, 0x00, 0x00, 0x00, 0x00,
    0x00, 0x00, 0x00, 0x00, 0x00, 0x00, 0x00, 0x00, 0x00, 0x00, 0x00, 0x00, 0x00, 0x00, 0x00, 0x00,
    0x00, 0x00, 0x00, 0x00, 0x00, 0x00, 0x00, 0x00, 0x00, 0x00, 0x00, 0x00, 0x00, 0x00, 0x00, 0x00,
    0x00, 0x00, 0x00, 0x00, 0x00, 0x00, 0x00, 0x00, 0x00, 0x00, 0x00, 0x00, 0x00, 0x00, 0x00, 0x00,
    0x00, 0x00, 0x00, 0x00, 0x00, 0x00, 0x00, 0x00, 0x00, 0x00, 0x00, 0x00, 0x00, 0x00, 0x00, 0x00,
    0x00, 0x00, 0x00, 0x00, 0x00, 0x00, 0x00, 0x00, 0x00, 0x00, 0x00, 0x00, 0x00, 0x00, 0x00, 0x00,
    0x00, 0x00, 0x00, 0x00, 0x00, 0x00, 0x00, 0x00, 0x00, 0x00, 0x00, 0x00, 0x00, 0x00, 0x00, 0x00,
    0x00, 0x00, 0x00, 0x00, 0x00, 0x00, 0x00, 0x00, 0x00, 0x00, 0x00, 0x00, 0x00, 0x00, 0x00, 0x00,
    0x00, 0x00, 0x00, 0x00, 0x00, 0x00, 0x00, 0x00, 0x00, 0x00, 0x00, 0x00, 0x00, 0x00, 0x00, 0x00,
    0x00, 0x00, 0x00, 0x00, 0x00, 0x00, 0x00, 0x00, 0x00, 0x00, 0x00, 0x00, 0x00, 0x00, 0x00, 0x00,
    0x00, 0x00, 0x00, 0x00, 0x00, 0x00, 0x00, 0x00, 0x00, 0x00, 0x00, 0x00, 0x00, 0x00, 0x00, 0x00,
    0x00, 0x00, 0x00, 0x00, 0x00, 0x00, 0x00, 0x00, 0x00, 0x00, 0x00, 0x00, 0x00, 0x00, 0x00, 0x00,
    0x00, 0x00, 0x00, 0x00, 0x00, 0x00, 0x00, 0x00, 0x00, 0x00, 0x00, 0x00, 0x00, 0x00, 0x00, 0x00,
    0x00, 0x00, 0x00, 0x00, 0x00, 0x00, 0x00, 0x00, 0x00, 0x00, 0x00, 0x00, 0x00, 0x00, 0x00, 0x00,
    0x00, 0x00, 0x00, 0x00, 0x00, 0x00, 0x00, 0x00, 0x00, 0x00, 0x00, 0x00, 0x00, 0x00, 0x00, 0x00,
    0x00, 0x00, 0x00, 0x00, 0x00, 0x00, 0x00, 0x00, 0x00, 0x00, 0x00, 0x00, 0x00, 0x00, 0x00, 0x00,
    0x00, 0x00, 0x00, 0x00, 0x00, 0x00, 0x00, 0x00, 0x00, 0x00, 0x00, 0x00, 0x00, 0x00, 0x00, 0x00,
    0x00, 0x00, 0x00, 0x00, 0x00, 0x00, 0x00, 0x00, 0x00, 0x00, 0x00, 0x00, 0x00, 0x00, 0x00, 0x00,
    0x00, 0x00, 0x00, 0x00, 0x00, 0x00, 0x00, 0x00, 0x00, 0x00, 0x00, 0x00, 0x00, 0x00, 0x00, 0x00,
    0x00, 0x00, 0x00, 0x00, 0x00, 0x00, 0x00, 0x00, 0x00, 0x00, 0x00, 0x00, 0x00, 0x00, 0x00, 0x00,
    0x00, 0x00, 0x00, 0x00, 0x00, 0x00, 0x00, 0x00, 0x00, 0x00, 0x00, 0x00, 0x00, 0x00, 0x00, 0x00,
    0x00, 0x00, 0x00, 0x00, 0x00, 0x00, 0x00, 0x00, 0x00, 0x00, 0x00, 0x00, 0x00, 0x00, 0x00, 0x00,
    0x00, 0x00, 0x00, 0x00, 0x00, 0x00, 0x00, 0x00, 0x00, 0x00, 0x00, 0x00, 0x00, 0x00, 0x00, 0x00,
    0x00, 0x00, 0x00, 0x00, 0x00, 0x00, 0x00, 0x00, 0x00, 0x00, 0x00, 0x00, 0x00, 0x00, 0x00, 0x00,
    0x00, 0x00, 0x00, 0x00, 0x00, 0x00, 0x00, 0x00, 0x00, 0x08, 0xff, 0x00, 0x01, 0x08, 0x1c, 0x48,
    0xb0, 0x60, 0xc1, 0x00, 0x01, 0x0c, 0x2a, 0x5c, 0xc8, 0xb0, 0xa1, 0xc3, 0x87, 0x10, 0x23, 0x46,
    0x44, 0x28, 0xb1, 0xa2, 0xc2, 0x00, 0x08, 0x1a, 0x38, 0x48, 0x20, 0xc0, 0xa2, 0xc7, 0x8f, 0x20,
    0x43, 0x1e, 0xcc, 0xb8, 0xb1, 0xa3, 0xc8, 0x87, 0x01, 0x18, 0x3c, 0x58, 0xf9, 0xc0, 0xc1, 0x80,
    0x93, 0x30, 0x63, 0xca, 0x4c, 0xc9, 0xb2, 0xe5, 0x4b, 0x99, 0x06, 0x69, 0xd6, 0xb4, 0x89, 0xb3,
    0xa7, 0x4f, 0x94, 0x2a, 0x77, 0xba, 0xfc, 0x09, 0x60, 0x80, 0x83, 0x9d, 0x35, 0x0d, 0x10, 0x5d,
    0x4a, 0xd4, 0x28, 0x52, 0x96, 0x4a, 0x7b, 0x3a, 0x7d, 0x0a, 0x95, 0xa9, 0xd5, 0x98, 0x53, 0xa9,
    0x3e, 0x88, 0x8a, 0xf5, 0xa8, 0xd6, 0xaa, 0x57, 0xc3, 0x7a, 0xcc, 0xfa, 0x95, 0xab, 0x48, 0xb2,
    0x5f, 0xb7, 0x8a, 0x5d, 0x0b, 0x11, 0x6d, 0xd9, 0x93, 0x06, 0xa8, 0x2e, 0x48, 0x40, 0x35, 0x01,
    0xdb, 0xbb, 0x0a, 0xe3, 0x3e, 0x9d, 0x5b, 0x37, 0xa4, 0x5e, 0xa4, 0x0c, 0x12, 0xd2, 0x7d, 0x6a,
    0x17, 0xaf, 0xe1, 0xbf, 0x3b, 0x03, 0x03, 0x18, 0x8c, 0xb4, 0xb0, 0x45, 0xc4, 0x35, 0x15, 0x0b,
    0x64, 0xbc, 0xd3, 0xb1, 0x61, 0xb1, 0x90, 0x59, 0x4a, 0x5e, 0xdc, 0xb7, 0x62, 0xe6, 0x95, 0x9b,
    0x27, 0x77, 0xbe, 0x7c, 0xf5, 0xf3, 0x83, 0xd0, 0x9c, 0x09, 0x4b, 0xa4, 0x5c, 0x33, 0x41, 0x42,
    0x83, 0x07, 0xa8, 0xa2, 0x26, 0xdd, 0x93, 0x35, 0x4b, 0xd7, 0x0a, 0x63, 0x3f, 0x9d, 0x6d, 0xd0,
    0xf6, 0x4a, 0xcb, 0x06, 0x4d, 0xf3, 0xa6, 0x7d, 0xd2, 0xf7, 0x03, 0xe0, 0x05, 0x85, 0xbf, 0x5e,
    0x68, 0x1c, 0x79, 0x70, 0xd9, 0xcb, 0x89, 0xc3, 0x6c, 0xfe, 0x50, 0x39, 0xf3, 0xd1, 0x0e, 0xad,
    0x4b, 0x2f, 0x8e, 0xbd, 0xa1, 0xf6, 0x81, 0x3a, 0x91, 0x1e, 0xff, 0xa8, 0x48, 0xc0, 0xab, 0xd0,
    0x9b, 0xdb, 0x3d, 0x86, 0xdf, 0x39, 0x5e, 0x62, 0xf9, 0xa7, 0x43, 0x05, 0xae, 0x4f, 0x3a, 0xd6,
    0x7c, 0xcd, 0xf8, 0xe9, 0x25, 0xce, 0x07, 0x5b, 0xd1, 0x2d, 0x4f, 0x00, 0x41, 0x21, 0x65, 0x56,
    0x7f, 0xf6, 0xb1, 0xe4, 0x80, 0x49, 0xf9, 0x41, 0x14, 0xe0, 0x4e, 0x03, 0x4a, 0xe4, 0xdf, 0x81,
    0x03, 0x50, 0xd5, 0x20, 0x81, 0x4f, 0xb5, 0x97, 0xa0, 0x43, 0x11, 0x3e, 0x35, 0xa1, 0x83, 0x05,
    0xae, 0x74, 0x00, 0x01, 0x48, 0x39, 0x40, 0x00, 0x4c, 0x02, 0x2c, 0xb8, 0x12, 0x02, 0x17, 0x3e,
    0x04, 0xa2, 0x50, 0x23, 0x9e, 0x54, 0x22, 0x52, 0x08, 0x04, 0x50, 0x60, 0x8b, 0x30, 0xc9, 0xb8,
    0x13, 0x7a, 0x29, 0x2e, 0x64, 0x63, 0x4d, 0x34, 0x9e, 0xb4, 0x23, 0x4b, 0x2f, 0x65, 0xb5, 0x21,
    0x48, 0x42, 0xe6, 0xf8, 0x50, 0x91, 0x38, 0x21, 0x09, 0x80, 0x00, 0x07, 0x1c, 0x80, 0xa3, 0x4c,
    0x4c, 0x3a, 0x69, 0x24, 0x44, 0x51, 0x3e, 0x19, 0x53, 0x95, 0x53, 0x66, 0xa9, 0xe5, 0x96, 0x5c,
    0x76, 0xe9, 0xe5, 0x97, 0x60, 0x86, 0x29, 0xe6, 0x98, 0x64, 0x96, 0x89, 0x53, 0x00, 0x02, 0x0c,
    0xa0, 0xe6, 0x00, 0x02, 0x44, 0x67, 0xa6, 0x55, 0x68, 0xae, 0xc9, 0xa6, 0x9b, 0x15, 0x09, 0x40,
    0x40, 0x01, 0x05, 0x18, 0xa0, 0xe7, 0x9e, 0x78, 0x12, 0xd0, 0x26, 0x51, 0x01, 0x34, 0x89, 0xe0,
    0x99, 0x82, 0x2e, 0x65, 0x27, 0x9e, 0x7b, 0xf2, 0x59, 0x80, 0x9f, 0x74, 0x32, 0x24, 0x40, 0x9e,
    0x06, 0xe0, 0x29, 0xe9, 0xa4, 0x90, 0x16, 0x60, 0xa5, 0x8f, 0x41, 0xe1, 0x17, 0x93, 0x4e, 0x9a,
    0x5e, 0x59, 0x29, 0xa5, 0x93, 0xea, 0x69, 0x69, 0x5b, 0x91, 0x82, 0x6a, 0x2a, 0xa2, 0x3d, 0xc2,
    0xa4, 0xdb, 0x4a, 0x0e, 0x34, 0x5a, 0x50, 0x9a, 0x10, 0x2d, 0xf6, 0x50, 0xd3, 0x02, 0x52, 0x95,
    0x7a, 0x2a, 0xa8, 0x06, 0xa4, 0x6a, 0xd0, 0x00, 0xb6, 0xde, 0x8a, 0xab, 0xae, 0x21, 0x21, 0x90,
    0x98, 0xab, 0x00, 0x04, 0xa0, 0x00, 0x68, 0x97, 0x0e, 0xc4, 0x1a, 0xad, 0x32, 0xf1, 0xea, 0xeb,
    0xa9, 0xb9, 0x36, 0xf4, 0xec, 0xb3, 0xc4, 0x5a, 0x24, 0x40, 0x81, 0xce, 0x15, 0xbb, 0x60, 0xa7,
    0x03, 0x65, 0x56, 0x00, 0x4e, 0xd3, 0xfa, 0x4a, 0x6c, 0xb8, 0xd0, 0x56, 0x6b, 0x11, 0x5a, 0x28,
    0x16, 0x34, 0x80, 0x89, 0x2d, 0x7d, 0x5b, 0x50, 0x01, 0x02, 0xf6, 0x44, 0xae, 0xa9, 0x06, 0x10,
    0xeb, 0xec, 0xbc, 0x88, 0xba, 0x9b, 0x64, 0x81, 0x66, 0xf9, 0xb7, 0x52, 0xbf, 0xfc, 0xfa, 0x74,
    0x2f, 0xbe, 0x91, 0x3a, 0x44, 0x40, 0xaf, 0xd3, 0x46, 0x6a, 0xee, 0x47, 0xf0, 0xee, 0xd4, 0xa2,
    0xbf, 0x60, 0xfd, 0x78, 0x22, 0x51, 0x07, 0x13, 0x5c, 0xc0, 0xc2, 0x07, 0x23, 0x4c, 0x6f, 0xae,
    0x0b, 0x83, 0xb4, 0x2a, 0xab, 0x02, 0x5c, 0x9b, 0x98, 0xac, 0x0c, 0x02, 0xb8, 0x93, 0x02, 0x4c,
    0x65, 0x9c, 0x30, 0xc7, 0x13, 0x0d, 0x00, 0x69, 0xa2, 0x89, 0x2e, 0x3a, 0x28, 0x51, 0xac, 0x35,
    0xd0, 0xc0, 0xb0, 0xa9, 0x45, 0x86, 0x33, 0x53, 0x01, 0xb8, 0x0c, 0x33, 0xcc, 0x32, 0x7f, 0x14,
    0x27, 0x01, 0x44, 0x13, 0xa0, 0xe6, 0x9f, 0x62, 0x91, 0x0c, 0x9d, 0xb2, 0x5f, 0xb5, 0xba, 0xd6,
    0xd0, 0x45, 0x1f, 0xdd, 0x71, 0x96, 0xfb, 0x81, 0xe6, 0xa6, 0x71, 0xdc, 0xbe, 0x49, 0x9a, 0xc8,
    0x3b, 0x2d, 0xd0, 0xa8, 0xb0, 0x48, 0xe9, 0xab, 0xf5, 0x76, 0x19, 0xde, 0xe6, 0x1d, 0x7b, 0x63,
    0x5f, 0xf8, 0x57, 0xb6, 0x04, 0xad, 0x9d, 0x76, 0x8a, 0x4c, 0x02, 0xab, 0x50, 0xdc, 0x60, 0x06,
    0x04, 0x00, 0x21, 0xf9, 0x04, 0x04, 0x04, 0x00, 0x00, 0x00, 0x2c, 0x15, 0x00, 0x1b, 0x00, 0x94,
    0x00, 0x2f, 0x00, 0x87, 0x00, 0x00, 0x00, 0x0d, 0x03, 0x03, 0x1a, 0x06, 0x06, 0x26, 0x09, 0x0a,
    0x33, 0x0d, 0x0d, 0x40, 0x10, 0x10, 0x4d, 0x13, 0x13, 0x5a, 0x16, 0x16, 0x66, 0x19, 0x1a, 0x73,
    0x1c, 0x1d, 0x80, 0x1f, 0x20, 0x8d, 0x22, 0x23, 0x9a, 0x26, 0x26, 0xa6, 0x29, 0x2a, 0xb3, 0x2c,
    0x2d, 0xc0, 0x2f, 0x30, 0x00, 0x00, 0x00, 0x00, 0x00, 0x00, 0x00, 0x00, 0x00, 0x00, 0x00, 0x00,
    0x00, 0x00, 0x00, 0x00, 0x00, 0x00, 0x00, 0x00, 0x00, 0x00, 0x00, 0x00, 0x00, 0x00, 0x00, 0x00,
    0x00, 0x00, 0x00, 0x00, 0x00, 0x00, 0x00, 0x00, 0x00, 0x00, 0x00, 0x00, 0x00, 0x00, 0x00, 0x00,
    0x00, 0x00, 0x00, 0x00, 0x00, 0x00, 0x00, 0x00, 0x00, 0x00, 0x00, 0x00, 0x00, 0x00, 0x00, 0x00,
    0x00, 0x00, 0x00, 0x00, 0x00, 0x00, 0x00, 0x00, 0x00, 0x00, 0x00, 0x00, 0x00, 0x00, 0x00, 0x00,
    0x00, 0x00, 0x00, 0x00, 0x00, 0x00, 0x00, 0x00, 0x00, 0x00, 0x00, 0x00, 0x00, 0x00, 0x00, 0x00,
    0x00, 0x00, 0x00, 0x00, 0x00, 0x00, 0x00, 0x00, 0x00, 0x00, 0x00, 0x00, 0x00, 0x00, 0x00, 0x00,
    0x00, 0x00, 0x00, 0x00, 0x00, 0x00, 0x00, 0x00, 0x00, 0x00, 0x00, 0x00, 0x00, 0x00, 0x00, 0x00,
    0x00, 0x00, 0x00, 0x00, 0x00, 0x00, 0x00, 0x00, 0x00, 0x00, 0x00, 0x00, 0x00, 0x00, 0x00, 0x00,
    0x00, 0x00, 0x00, 0x00, 0x00, 0x00, 0x00, 0x00, 0x00, 0x00, 0x00, 0x00, 0x00, 0x00, 0x00, 0x00,
    0x00, 0x00, 0x00, 0x00, 0x00, 0x00, 0x00, 0x00, 0x00, 0x00, 0x00, 0x00, 0x00, 0x00, 0x00, 0x00,
    0x00, 0x00, 0x00, 0x00, 0x00, 0x00, 0x00, 0x00, 0x00, 0x00, 0x00, 0x00, 0x00, 0x00, 0x00, 0x00,
    0x00, 0x00, 0x00, 0x00, 0x00, 0x00, 0x00, 0x00, 0x00, 0x00, 0x00, 0x00, 0x00, 0x00, 0x00, 0x00,
    0x00, 0x00, 0x00, 0x00, 0x00, 0x00, 0x00, 0x00, 0x00, 0x00, 0x00, 0x00, 0x00, 0x00, 0x00, 0x00,
    0x00, 0x00, 0x00, 0x00, 0x00, 0x00, 0x00, 0x00, 0x00, 0x00, 0x00, 0x00, 0x00, 0x00, 0x00, 0x00,
    0x00, 0x00, 0x00, 0x00, 0x00, 0x00, 0x00, 0x00, 0x00, 0x00, 0x00, 0x00, 0x00, 0x00, 0x00, 0x00,
    0x00, 0x00, 0x00, 0x00, 0x00, 0x00, 0x00, 0x00, 0x00, 0x00, 0x00, 0x00, 0x00, 0x00, 0x00, 0x00,
    0x00, 0x00, 0x00, 0x00, 0x00, 0x00, 0x00, 0x00, 0x00, 0x00, 0x00, 0x00, 0x00, 0x00, 0x00, 0x00,
    0x00, 0x00, 0x00, 0x00, 0x00, 0x00, 0x00, 0x00, 0x00, 0x00, 0x00, 0x00, 0x00, 0x00, 0x00, 0x00,
    0x00, 0x00, 0x00, 0x00, 0x00, 0x00, 0x00, 0x00, 0x00, 0x00, 0x00, 0x00, 0x00, 0x00, 0x00, 0x00,
    0x00, 0x00, 0x00, 0x00, 0x00, 0x00, 0x00, 0x00, 0x00, 0x00, 0x00, 0x00, 0x00, 0x00, 0x00, 0x00,
    0x00, 0x00, 0x00, 0x00, 0x00, 0x00, 0x00, 0x00, 0x00, 0x00, 0x00, 0x00, 0x00, 0x00, 0x00, 0x00,
    0x00, 0x00, 0x00, 0x00, 0x00, 0x00, 0x00, 0x00, 0x00, 0x00, 0x00, 0x00, 0x00, 0x00, 0x00, 0x00,
    0x00, 0x00, 0x00, 0x00, 0x00, 0x00, 0x00, 0x00, 0x00, 0x00, 0x00, 0x00, 0x00, 0x00, 0x00, 0x00,
    0x00, 0x00, 0x00, 0x00, 0x00, 0x00, 0x00, 0x00, 0x00, 0x00, 0x00, 0x00, 0x00, 0x00, 0x00, 0x00,
    0x00, 0x00, 0x00, 0x00, 0x00, 0x00, 0x00, 0x00, 0x00, 0x00, 0x00, 0x00, 0x00, 0x00, 0x00, 0x00,
    0x00, 0x00, 0x00, 0x00, 0x00, 0x00, 0x00, 0x00, 0x00, 0x00, 0x00, 0x00, 0x00, 0x00, 0x00, 0x00,
    0x00, 0x00, 0x00, 0x00, 0x00, 0x00, 0x00, 0x00, 0x00, 0x00, 0x00, 0x00, 0x00, 0x00, 0x00, 0x00,
    0x00, 0x00, 0x00, 0x00, 0x00, 0x00, 0x00, 0x00, 0x00, 0x00, 0x00, 0x00, 0x00, 0x00, 0x00, 0x00,
    0x00, 0x00, 0x00, 0x00, 0x00, 0x00, 0x00, 0x00, 0x00, 0x00, 0x00, 0x00, 0x00, 0x00, 0x00, 0x00,
    0x00, 0x00, 0x00, 0x00, 0x00, 0x00, 0x00, 0x00, 0x00, 0x00, 0x00, 0x00, 0x00, 0x00, 0x00, 0x00,
    0x00, 0x00, 0x00, 0x00, 0x00, 0x00, 0x00, 0x00, 0x00, 0x00, 0x00, 0x00, 0x00, 0x00, 0x00, 0x00,
    0x00, 0x00, 0x00, 0x00, 0x00, 0x00, 0x00, 0x00, 0x00, 0x00, 0x00, 0x00, 0x00, 0x00, 0x00, 0x00,
    0x00, 0x00, 0x00, 0x00, 0x00, 0x00, 0x00, 0x00, 0x00, 0x00, 0x00, 0x00, 0x00, 0x00, 0x00, 0x00,
    0x00, 0x00, 0x00, 0x00, 0x00, 0x00, 0x00, 0x00, 0x00, 0x00, 0x00, 0x00, 0x00, 0x00, 0x00, 0x00,
    0x00, 0x00, 0x00, 0x00, 0x00, 0x00, 0x00, 0x00, 0x00, 0x00, 0x00, 0x00, 0x00, 0x00, 0x00, 0x00,
    0x00, 0x00, 0x00, 0x00, 0x00, 0x00, 0x00, 0x00, 0x00, 0x00, 0x00, 0x00, 0x00, 0x00, 0x00, 0x00,
    0x00, 0x00, 0x00, 0x00, 0x00, 0x00, 0x00, 0x00, 0x00, 0x00, 0x00, 0x00, 0x00, 0x00, 0x00, 0x00,
    0x00, 0x00, 0x00, 0x00, 0x00, 0x00, 0x00, 0x00, 0x00, 0x00, 0x00, 0x00, 0x00, 0x00, 0x00, 0x00,
    0x00, 0x00, 0x00, 0x00, 0x00, 0x00, 0x00, 0x00, 0x00, 0x00, 0x00, 0x00, 0x00, 0x00, 0x00, 0x00,
    0x00, 0x00, 0x00, 0x00, 0x00, 0x00, 0x00, 0x00, 0x00, 0x00, 0x00, 0x00, 0x00, 0x00, 0x00, 0x00,
    0x00, 0x00, 0x00, 0x00, 0x00, 0x00, 0x00, 0x00, 0x00, 0x00, 0x00, 0x00, 0x00, 0x00, 0x00, 0x00,
    0x00, 0x00, 0x00, 0x00, 0x00, 0x00, 0x00, 0x00, 0x00, 0x00, 0x00, 0x00, 0x00, 0x00, 0x00, 0x00,
    0x00, 0x00, 0x00, 0x00, 0x00, 0x00, 0x00, 0x00, 0x00, 0x00, 0x00, 0x00, 0x00, 0x00, 0x00, 0x00,
    0x00, 0x00, 0x00, 0x00, 0x00, 0x00, 0x00, 0x00, 0x00, 0x00, 0x00, 0x00, 0x00, 0x00, 0x00, 0x00,
    0x00, 0x00, 0x00, 0x00, 0x08, 0xff, 0x00, 0x01, 0x08, 0x1c, 0x48, 0xb0, 0x60, 0xc1, 0x01, 0x04,
    0x0c, 0x2a, 0x5c, 0xc8, 0xb0, 0xa1, 0xc3, 0x87, 0x10, 0x23, 0x46, 0x44, 0x28, 0xb1, 0xa2, 0xc2,
    0x01, 0x0b, 0x1e, 0x3c, 0x60, 0x50, 0xc0, 0xa2, 0xc7, 0x8f, 0x20, 0x43, 0x1e, 0xcc, 0xb8, 0xb1,
    0xa3, 0xc8, 0x87, 0x03, 0x1c, 0x68, 0x5c, 0x69, 0xe0, 0xa4, 0xcb, 0x97, 0x30, 0x53, 0xae, 0xd4,
    0xd8, 0x12, 0xa6, 0x41, 0x02, 0x2a, 0x67, 0x6a, 0x3c, 0x60, 0xb3, 0xa7, 0xcf, 0x87, 0x38, 0x75,
    0xee, 0xfc, 0x09, 0xc0, 0x80, 0xd0, 0x99, 0x09, 0x88, 0x2a, 0x25, 0x6a, 0xf4, 0xa8, 0xc6, 0xa4,
    0x3d, 0x9b, 0x3a, 0x7d, 0xba, 0xb4, 0xea, 0x4b, 0xa9, 0x53, 0xa1, 0x5e, 0x9d, 0xaa, 0x53, 0xab,
    0xd5, 0xaf, 0x15, 0xb1, 0x72, 0xf5, 0x1a, 0xf2, 0x00, 0x57, 0xa1, 0x09, 0x02, 0x80, 0x5d, 0xfb,
    0xd0, 0xec, 0x59, 0xa4, 0x6a, 0x43, 0x26, 0x70, 0x8a, 0x40, 0xec, 0x4a, 0x06, 0x71, 0xd9, 0xea,
    0x25, 0x38, 0xf7, 0x68, 0x5d, 0xa7, 0x78, 0x41, 0xf6, 0x45, 0x2b, 0xd0, 0xae, 0xc6, 0xc0, 0x7b,
    0xf7, 0x0e, 0xee, 0x5a, 0x18, 0x70, 0x5e, 0x89, 0x8b, 0x91, 0x12, 0x34, 0xbc, 0xf1, 0x71, 0x62,
    0xab, 0x91, 0x57, 0x7a, 0xa5, 0x8c, 0x18, 0x62, 0x80, 0xcc, 0x54, 0x0b, 0x72, 0x16, 0x70, 0xd9,
    0xea, 0x67, 0xa7, 0x64, 0x8b, 0x02, 0x26, 0xfd, 0x30, 0x00, 0x03, 0xa7, 0x35, 0x0d, 0xca, 0x14,
    0xea, 0x60, 0x40, 0x69, 0xa5, 0xae, 0x61, 0x2f, 0x9c, 0xad, 0xb3, 0xb6, 0xc3, 0xdc, 0x47, 0x63,
    0x5f, 0xcc, 0xd9, 0xdb, 0xf6, 0xed, 0x9e, 0xc0, 0x85, 0x0a, 0x97, 0x4d, 0x7c, 0xa6, 0xef, 0x85,
    0xc9, 0x75, 0x2e, 0x1f, 0x7e, 0xf4, 0xf9, 0x71, 0x97, 0xd1, 0x67, 0x4e, 0x67, 0x5e, 0xdd, 0x78,
    0x41, 0x01, 0xaf, 0x83, 0x4f, 0xff, 0x6c, 0xbe, 0xd2, 0x41, 0xc2, 0xeb, 0x22, 0xc1, 0xeb, 0x86,
    0xc8, 0xdb, 0xf9, 0xf9, 0x81, 0xed, 0xcb, 0x7b, 0xf7, 0x1c, 0x5e, 0x39, 0x7a, 0x90, 0xf1, 0x35,
    0x5a, 0xa7, 0xbf, 0x1e, 0x40, 0xfe, 0x07, 0xfb, 0x45, 0x94, 0x1d, 0x4b, 0xf7, 0x59, 0xf4, 0x5f,
    0x80, 0xfc, 0x89, 0x17, 0x00, 0x79, 0xfa, 0xcd, 0x57, 0xd1, 0x80, 0x1a, 0x39, 0x58, 0x20, 0x43,
    0x0b, 0x76, 0x07, 0x12, 0x84, 0x0f, 0x20, 0x64, 0x61, 0x48, 0x10, 0x22, 0x30, 0x21, 0x44, 0x04,
    0x6c, 0x78, 0x61, 0x7d, 0x33, 0x21, 0x30, 0x80, 0x50, 0x9d, 0x89, 0x94, 0x19, 0x4f, 0x1f, 0x3a,
    0x74, 0xa2, 0x4e, 0x29, 0xca, 0x25, 0x14, 0x4f, 0x24, 0x3a, 0xc0, 0xda, 0x4b, 0x35, 0xde, 0xd8,
    0x22, 0x43, 0x39, 0xda, 0xd4, 0x63, 0x00, 0x24, 0x35, 0x20, 0xa1, 0x48, 0x40, 0x6a, 0x24, 0xe4,
    0x8e, 0xad, 0x05, 0x39, 0x24, 0x87, 0x4a, 0x12, 0x84, 0x90, 0x65, 0x31, 0x11, 0x00, 0x25, 0x92,
    0xbb, 0x49, 0x49, 0xd4, 0x93, 0x54, 0x66, 0xa9, 0xe5, 0x96, 0x5c, 0x76, 0xe9, 0xe5, 0x97, 0x60,
    0x86, 0x29, 0xe6, 0x98, 0x64, 0x96, 0x09, 0x53, 0x00, 0x02, 0x20, 0x44, 0xc0, 0x9a, 0x03, 0x0c,
    0x20, 0xc0, 0x94, 0x66, 0x22, 0x97, 0xe6, 0x9a, 0x6c, 0xba, 0x09, 0x67, 0x43, 0x01, 0x0c, 0x50,
    0x80, 0x01, 0x7c, 0xf6, 0xe9, 0x67, 0x01, 0x04, 0xe8, 0x68, 0xd3, 0x00, 0x0a, 0x2c, 0x60, 0x52,
    0x4f, 0x84, 0x1a, 0x4a, 0x54, 0x9e, 0x7b, 0xfa, 0xe9, 0x28, 0xa0, 0x82, 0x36, 0x44, 0x00, 0x9f,
    0x05, 0x54, 0x6a, 0xe9, 0xa5, 0x95, 0xf2, 0x69, 0xa5, 0x4d, 0x02, 0x10, 0xb7, 0x5d, 0x48, 0xbc,
    0x1d, 0x0a, 0xd3, 0xa4, 0x06, 0x60, 0x6a, 0x6a, 0xa3, 0x9b, 0x4a, 0x5a, 0xea, 0xa9, 0xac, 0x96,
    0x7a, 0xa7, 0x47, 0x08, 0xe8, 0xfc, 0xb4, 0xe4, 0x40, 0x01, 0x18, 0x70, 0x40, 0xa4, 0x05, 0x05,
    0xd0, 0xc0, 0x4c, 0x0b, 0xf4, 0x34, 0x29, 0xab, 0xad, 0x16, 0xf0, 0xea, 0x00, 0xab, 0x02, 0x7b,
    0x6a, 0xa9, 0x36, 0xb9, 0x55, 0x1e, 0xae, 0x02, 0x0d, 0xb0, 0x2b, 0x80, 0x9f, 0x0a, 0x44, 0xe2,
    0x03, 0xbd, 0xc6, 0x54, 0xac, 0xb1, 0x98, 0x22, 0xcb, 0x10, 0xb6, 0xc6, 0x1a, 0xf0, 0xea, 0x83,
    0xd3, 0xc6, 0xd8, 0x2c, 0x79, 0x9f, 0x46, 0x86, 0x60, 0x48, 0xdc, 0x02, 0xeb, 0xed, 0xb6, 0xe9,
    0xb2, 0xfa, 0x2d, 0xb8, 0x3a, 0x55, 0x3b, 0x19, 0x83, 0x0f, 0x78, 0x58, 0x50, 0xac, 0xce, 0xcd,
    0xfa, 0x51, 0xbb, 0xee, 0x32, 0x44, 0x2c, 0xbf, 0x96, 0x1a, 0xf0, 0xde, 0x99, 0xd3, 0x6e, 0x36,
    0xd6, 0x64, 0xc5, 0xf9, 0xf4, 0x2f, 0xc0, 0x7b, 0x0e, 0x7c, 0xd1, 0xb5, 0xdc, 0x0a, 0x7c, 0x25,
    0x79, 0x2c, 0x52, 0x26, 0x99, 0x7f, 0xf6, 0xfd, 0xb4, 0x70, 0xbb, 0x12, 0x3f, 0x24, 0x40, 0xa3,
    0xdd, 0x96, 0xaa, 0xef, 0x49, 0x21, 0xea, 0x44, 0x40, 0x01, 0x42, 0x29, 0xa0, 0xac, 0x66, 0x9d,
    0xea, 0x64, 0x2f, 0x51, 0x1f, 0x53, 0xaa, 0xae, 0xc8, 0x15, 0x09, 0x70, 0x72, 0xa3, 0x7f, 0x42,
    0xfa, 0xee, 0x49, 0x62, 0x31, 0x08, 0x95, 0x5d, 0xe4, 0xa5, 0xf6, 0x93, 0xcd, 0x99, 0x3e, 0xaa,
    0xf3, 0x85, 0x69, 0xb6, 0x69, 0xa7, 0x5e, 0xf8, 0xa2, 0x86, 0xf0, 0x54, 0x0c, 0xe8, 0x85, 0xa6,
    0xd2, 0x4b, 0xc7, 0x09, 0x00, 0x68, 0x0f, 0xa4, 0xc6, 0xd9, 0xce, 0x56, 0x7f, 0x35, 0x20, 0x8b,
    0x06, 0x15, 0x40, 0xde, 0xb9, 0x5d, 0x5f, 0x56, 0x21, 0x81, 0xfe, 0x36, 0xe7, 0x70, 0xd9, 0xc7,
    0x0d, 0xf0, 0x9a, 0x03, 0xd1, 0xc2, 0xf7, 0x76, 0xdc, 0x6c, 0x5f, 0x96, 0x2a, 0x50, 0x5c, 0x17,
    0x18, 0x10, 0x00, 0x21, 0xf9, 0x04, 0x04, 0x04, 0x00, 0x00, 0x00, 0x2c, 0x15, 0x00, 0x1b, 0x00,
    0x94, 0x00, 0x2f, 0x00, 0x87, 0x00, 0x00, 0x00, 0x0d, 0x03, 0x03, 0x1a, 0x06, 0x06, 0x26, 0x09,
    0x0a, 0x33, 0x0d, 0x0d, 0x40, 0x10, 0x10, 0x4d, 0x13, 0x13, 0x5a, 0x16, 0x16, 0x66, 0x19, 0x1a,
    0x73, 0x1c, 0x1d, 0x80, 0x1f, 0x20, 0x8d, 0x22, 0x23, 0x9a, 0x26, 0x26, 0xa6, 0x29, 0x2a, 0xb3,
    0x2c, 0x2d, 0xc0, 0x2f, 0x30, 0x00, 0x00, 0x00, 0x00, 0x00, 0x00, 0x00, 0x00, 0x00, 0x00, 0x00,
    0x00, 0x00, 0x00, 0x00, 0x00, 0x00, 0x00, 0x00, 0x00, 0x00, 0x00, 0x00, 0x00, 0x00, 0x00, 0x00,
    0x00, 0x00, 0x00, 0x00, 0x00, 0x00, 0x00, 0x00, 0x00, 0x00, 0x00, 0x00, 0x00, 0x00, 0x00, 0x00,
    0x00, 0x00, 0x00, 0x00, 0x00, 0x00, 0x00, 0x00, 0x00, 0x00, 0x00, 0x00, 0x00, 0x00, 0x00, 0x00,
    0x00, 0x00, 0x00, 0x00, 0x00, 0x00, 0x00, 0x00, 0x00, 0x00, 0x00, 0x00, 0x00, 0x00, 0x00, 0x00,
    0x00, 0x00, 0x00, 0x00, 0x00, 0x00, 0x00, 0x00, 0x00, 0x00, 0x00, 0x00, 0x00, 0x00, 0x00, 0x00,
    0x00, 0x00, 0x00, 0x00, 0x00, 0x00, 0x00, 0x00, 0x00, 0x00, 0x00, 0x00, 0x00, 0x00, 0x00, 0x00,
    0x00, 0x00, 0x00, 0x00, 0x00, 0x00, 0x00, 0x00, 0x00, 0x00, 0x00, 0x00, 0x00, 0x00, 0x00, 0x00,
    0x00, 0x00, 0x00, 0x00, 0x00, 0x00, 0x00, 0x00, 0x00, 0x00, 0x00, 0x00, 0x00, 0x00, 0x00, 0x00,
    0x00, 0x00, 0x00, 0x00, 0x00, 0x00, 0x00, 0x00, 0x00, 0x00, 0x00, 0x00, 0x00, 0x00, 0x00, 0x00,
    0x00, 0x00, 0x00, 0x00, 0x00, 0x00, 0x00, 0x00, 0x00, 0x00, 0x00, 0x00, 0x00, 0x00, 0x00, 0x00,
    0x00, 0x00, 0x00, 0x00, 0x00, 0x00, 0x00, 0x00, 0x00, 0x00, 0x00, 0x00, 0x00, 0x00, 0x00, 0x00,
    0x00, 0x00, 0x00, 0x00, 0x00, 0x00, 0x00, 0x00, 0x00, 0x00, 0x00, 0x00, 0x00, 0x00, 0x00, 0x00,
    0x00, 0x00, 0x00, 0x00, 0x00, 0x00, 0x00, 0x00, 0x00, 0x00, 0x00, 0x00, 0x00, 0x00, 0x00, 0x00,
    0x00, 0x00, 0x00, 0x00, 0x00, 0x00, 0x00, 0x00, 0x00, 0x00, 0x00, 0x00, 0x00, 0x00, 0x00, 0x00,
    0x00, 0x00, 0x00, 0x00, 0x00, 0x00, 0x00, 0x00, 0x00, 0x00, 0x00, 0x00, 0x00, 0x00, 0x00, 0x00,
    0x00, 0x00, 0x00, 0x00, 0x00, 0x00, 0x00, 0x00, 0x00, 0x00, 0x00, 0x00, 0x00, 0x00, 0x00, 0x00,
    0x00, 0x00, 0x00, 0x00, 0x00, 0x00, 0x00, 0x00, 0x00, 0x00, 0x00, 0x00, 0x00, 0x00, 0x00, 0x00,
    0x00, 0x00, 0x00, 0x00, 0x00, 0x00, 0x00, 0x00, 0x00, 0x00, 0x00, 0x00, 0x00, 0x00, 0x00, 0x00,
    0x00, 0x00, 0x00, 0x00, 0x00, 0x00, 0x00, 0x00, 0x00, 0x00, 0x00, 0x00, 0x00, 0x00, 0x00, 0x00,
    0x00, 0x00, 0x00, 0x00, 0x00, 0x00, 0x00, 0x00, 0x00, 0x00, 0x00, 0x00, 0x00, 0x00, 0x00, 0x00,
    0x00, 0x00, 0x00, 0x00, 0x00, 0x00, 0x00, 0x00, 0x00, 0x00, 0x00, 0x00, 0x00, 0x00, 0x00, 0x00,
    0x00, 0x00, 0x00, 0x00, 0x00, 0x00, 0x00, 0x00, 0x00, 0x00, 0x00, 0x00, 0x00, 0x00, 0x00, 0x00,
    0x00, 0x00, 0x00, 0x00, 0x00, 0x00, 0x00, 0x00, 0x00, 0x00, 0x00, 0x00, 0x00, 0x00, 0x00, 0x00,
    0x00, 0x00, 0x00, 0x00, 0x00, 0x00, 0x00, 0x00, 0x00, 0x00, 0x00, 0x00, 0x00, 0x00, 0x00, 0x00,
    0x00, 0x00, 0x00, 0x00, 0x00, 0x00, 0x00, 0x00, 0x00, 0x00, 0x00, 0x00, 0x00, 0x00, 0x00, 0x00,
    0x00, 0x00, 0x00, 0x00, 0x00, 0x00, 0x00, 0x00, 0x00, 0x00, 0x00, 0x00, 0x00, 0x00, 0x00, 0x00,
    0x00, 0x00, 0x00, 0x00, 0x00, 0x00, 0x00, 0x00, 0x00, 0x00, 0x00, 0x00, 0x00, 0x00, 0x00, 0x00,
    0x00, 0x00, 0x00, 0x00, 0x00, 0x00, 0x00, 0x00, 0x00, 0x00, 0x00, 0x00, 0x00, 0x00, 0x00, 0x00,
    0x00, 0x00, 0x00, 0x00, 0x00, 0x00, 0x00, 0x00, 0x00, 0x00, 0x00, 0x00, 0x00, 0x00, 0x00, 0x00,
    0x00, 0x00, 0x00, 0x00, 0x00, 0x00, 0x00, 0x00, 0x00, 0x00, 0x00, 0x00, 0x00, 0x00, 0x00, 0x00,
    0x00, 0x00, 0x00, 0x00, 0x00, 0x00, 0x00, 0x00, 0x00, 0x00, 0x00, 0x00, 0x00, 0x00, 0x00, 0x00,
    0x00, 0x00, 0x00, 0x00, 0x00, 0x00, 0x00, 0x00, 0x00, 0x00, 0x00, 0x00, 0x00, 0x00, 0x00, 0x00,
    0x00, 0x00, 0x00, 0x00, 0x00, 0x00, 0x00, 0x00, 0x00, 0x00, 0x00, 0x00, 0x00, 0x00, 0x00, 0x00,
    0x00, 0x00, 0x00, 0x00, 0x00, 0x00, 0x00, 0x00, 0x00, 0x00, 0x00, 0x00, 0x00, 0x00, 0x00, 0x00,
    0x00, 0x00, 0x00, 0x00, 0x00, 0x00, 0x00, 0x00, 0x00, 0x00, 0x00, 0x00, 0x00, 0x00, 0x00, 0x00,
    0x00, 0x00, 0x00, 0x00, 0x00, 0x00, 0x00, 0x00, 0x00, 0x00, 0x00, 0x00, 0x00, 0x00, 0x00, 0x00,
    0x00, 0x00, 0x00, 0x00, 0x00, 0x00, 0x00, 0x00, 0x00, 0x00, 0x00, 0x00, 0x00, 0x00, 0x00, 0x00,
    0x00, 0x00, 0x00, 0x00, 0x00, 0x00, 0x00, 0x00, 0x00, 0x00, 0x00, 0x00, 0x00, 0x00, 0x00, 0x00,
    0x00, 0x00, 0x00, 0x00, 0x00, 0x00, 0x00, 0x00, 0x00, 0x00, 0x00, 0x00, 0x00, 0x00, 0x00, 0x00,
    0x00, 0x00, 0x00, 0x00, 0x00, 0x00, 0x00, 0x00, 0x00, 0x00, 0x00, 0x00, 0x00, 0x00, 0x00, 0x00,
    0x00, 0x00, 0x00, 0x00, 0x00, 0x00, 0x00, 0x00, 0x00, 0x00, 0x00, 0x00, 0x00, 0x00, 0x00, 0x00,
    0x00, 0x00, 0x00, 0x00, 0x00, 0x00, 0x00, 0x00, 0x00, 0x00, 0x00, 0x00, 0x00, 0x00, 0x00, 0x00,
    0x00, 0x00, 0x00, 0x00, 0x00, 0x00, 0x00, 0x00, 0x00, 0x00, 0x00, 0x00, 0x00, 0x00, 0x00, 0x00,
    0x00, 0x00, 0x00, 0x00, 0x00, 0x00, 0x00, 0x00, 0x00, 0x00, 0x00, 0x00, 0x00, 0x00, 0x00, 0x00,
    0x00, 0x00, 0x00, 0x00, 0x00, 0x08, 0xff, 0x00, 0x01, 0x08, 0x1c, 0x48, 0xb0, 0x20, 0xc1, 0x00,
    0x07, 0x0e, 0x08, 0x30, 0xc8, 0xb0, 0xa1, 0xc3, 0x87, 0x10, 0x23, 0x4a, 0x9c, 0x18, 0x11, 0xa1,
    0x42, 0x8a, 0x18, 0x0d, 0x1a, 0x70, 0xf0, 0xa0, 0x23, 0x82, 0x8c, 0x20, 0x43, 0x8a, 0x1c, 0x59,
    0x70, 0x63, 0xc7, 0x07, 0x1f, 0x49, 0x46, 0x34, 0x70, 0xf2, 0x64, 0x02, 0x95, 0x30, 0x63, 0xca,
    0x64, 0xd9, 0xf2, 0xc1, 0x4b, 0x99, 0x06, 0x0f, 0xd4, 0x3c, 0xa9, 0x20, 0x00, 0xce, 0x9f, 0x40,
    0x21, 0xea, 0xdc, 0xf9, 0xa0, 0x67, 0xd0, 0x04, 0x44, 0x4f, 0x32, 0xf0, 0x19, 0xb4, 0x69, 0x53,
    0xa4, 0x49, 0x1f, 0x2c, 0xfd, 0x09, 0x35, 0xaa, 0x54, 0xa6, 0x4e, 0xb3, 0xc2, 0xac, 0x1a, 0x75,
    0x6a, 0x4c, 0xae, 0x56, 0xbd, 0x6a, 0x1d, 0x0b, 0x12, 0x6c, 0x57, 0xac, 0x22, 0x03, 0x28, 0x48,
    0xca, 0x71, 0x27, 0x83, 0x01, 0x64, 0xe3, 0x4a, 0x54, 0xcb, 0x96, 0xe8, 0xdb, 0x91, 0x01, 0x18,
    0x24, 0x2d, 0x30, 0xa0, 0x6d, 0x4d, 0x07, 0x70, 0xe5, 0x0a, 0x36, 0x98, 0x77, 0x6f, 0x5f, 0xa2,
    0x80, 0x43, 0x16, 0x26, 0x6a, 0x40, 0xe0, 0xe1, 0x9d, 0x89, 0x07, 0x4b, 0x5e, 0xbc, 0xb3, 0x31,
    0x80, 0xc7, 0x7f, 0x03, 0x53, 0xa4, 0x5c, 0xd3, 0xb2, 0x63, 0xbf, 0x2d, 0x23, 0x4b, 0x8e, 0xcb,
    0xb9, 0xa5, 0xe7, 0xcb, 0xa0, 0x4f, 0x8a, 0x8e, 0x38, 0x40, 0x2f, 0xe4, 0xd3, 0x8e, 0x1b, 0x20,
    0x2e, 0x30, 0x9a, 0x6c, 0x6b, 0xc4, 0xb0, 0x2f, 0xcb, 0x86, 0x4c, 0x9b, 0x75, 0xea, 0x8e, 0xab,
    0x0f, 0xba, 0xae, 0x5c, 0x3b, 0x2b, 0xe6, 0xd0, 0x9a, 0x0b, 0x96, 0x3e, 0x99, 0xbb, 0xe0, 0x71,
    0xd5, 0xc9, 0x09, 0x0f, 0xef, 0x5c, 0x3c, 0xe8, 0x73, 0xe0, 0xd1, 0x95, 0x4f, 0x37, 0xed, 0xf0,
    0xfa, 0x83, 0xe0, 0x0c, 0x97, 0x77, 0xff, 0x6c, 0x5e, 0x5d, 0xa4, 0x77, 0xf0, 0xd2, 0x93, 0x36,
    0x2f, 0xf0, 0xfb, 0x41, 0x83, 0xec, 0x0d, 0x03, 0x2c, 0x48, 0x9a, 0xb2, 0x3c, 0x49, 0xf6, 0x44,
    0xdf, 0x4f, 0x94, 0x4f, 0xbf, 0x64, 0x52, 0xb1, 0x13, 0x99, 0xd5, 0xd1, 0x4d, 0xf6, 0x85, 0x44,
    0x93, 0x5b, 0x68, 0x49, 0x24, 0xa0, 0x4d, 0x03, 0x1d, 0x58, 0x13, 0x80, 0x14, 0x2d, 0x48, 0x60,
    0x81, 0x14, 0x39, 0xd8, 0x12, 0x84, 0x01, 0x26, 0xf5, 0x92, 0x00, 0xff, 0x25, 0x88, 0xd1, 0x82,
    0xbd, 0x51, 0x28, 0x11, 0x87, 0x76, 0x79, 0x18, 0xe1, 0x5e, 0x04, 0x10, 0xb5, 0x80, 0x89, 0x18,
    0x21, 0x40, 0x54, 0x7d, 0x22, 0x42, 0x94, 0xe2, 0x4e, 0x2b, 0xaa, 0xe4, 0xe2, 0x4e, 0x08, 0x90,
    0xd8, 0xd2, 0x84, 0x24, 0x59, 0xf8, 0x00, 0x79, 0x31, 0x16, 0xa4, 0xa3, 0x4b, 0x33, 0x11, 0xc7,
    0x15, 0x86, 0x23, 0x1d, 0xc9, 0x62, 0x90, 0x05, 0x29, 0x89, 0x93, 0x93, 0x00, 0x20, 0xd0, 0x80,
    0x03, 0x46, 0xfd, 0x24, 0x25, 0x95, 0x4b, 0x32, 0x59, 0xd0, 0x95, 0x55, 0xe2, 0xc4, 0x25, 0x5a,
    0x01, 0x64, 0x49, 0x52, 0x98, 0x5a, 0x62, 0x44, 0x66, 0x53, 0x67, 0x96, 0xa9, 0xe6, 0x9a, 0x6c,
    0xb6, 0xe9, 0xe6, 0x9b, 0x70, 0xc6, 0x29, 0xe7, 0x9c, 0x74, 0xd6, 0x69, 0xa7, 0x5c, 0x01, 0x0c,
    0x40, 0x00, 0x01, 0x05, 0xf4, 0x59, 0xc0, 0x9e, 0x03, 0x2c, 0x94, 0x55, 0x9a, 0x40, 0x11, 0x1a,
    0x54, 0x9e, 0x7b, 0xfa, 0xf9, 0x27, 0x01, 0x81, 0x82, 0x34, 0x40, 0x9f, 0x06, 0x44, 0xaa, 0x68,
    0x01, 0x91, 0x1a, 0xc0, 0x97, 0x98, 0x06, 0x4e, 0x09, 0xe3, 0x4c, 0x9a, 0x36, 0xf5, 0x28, 0xa5,
    0x92, 0x2a, 0x5a, 0xe9, 0xa5, 0x73, 0x51, 0x3a, 0xe9, 0xa9, 0x7e, 0x5a, 0x2a, 0xa8, 0x4c, 0x33,
    0x0e, 0xf8, 0x93, 0x83, 0x07, 0xfc, 0xff, 0x14, 0x80, 0xa9, 0xa8, 0x9e, 0xaa, 0x2a, 0x44, 0xb3,
    0x5a, 0x5a, 0x6b, 0xad, 0x06, 0xac, 0x0a, 0xd3, 0x8d, 0xcc, 0x41, 0x34, 0x40, 0x02, 0x0a, 0x84,
    0xd8, 0xd0, 0x71, 0x0c, 0xe0, 0x94, 0xeb, 0xae, 0xbc, 0xfa, 0x6a, 0x10, 0x01, 0xba, 0x32, 0x5b,
    0x2b, 0x4e, 0x05, 0xec, 0x44, 0x80, 0x43, 0x0e, 0xf2, 0x78, 0x50, 0x6a, 0xda, 0x8e, 0x04, 0xad,
    0xb4, 0xbb, 0x3e, 0x04, 0xee, 0xae, 0x06, 0x60, 0x7a, 0x22, 0x72, 0x0c, 0xf9, 0xd8, 0x6d, 0x69,
    0x48, 0x8a, 0x34, 0x2e, 0xaf, 0x4b, 0x7e, 0xfb, 0xee, 0xa4, 0xe6, 0x9e, 0x7b, 0x52, 0x03, 0x09,
    0x2e, 0x08, 0xe1, 0x5a, 0x17, 0xd6, 0x3b, 0x91, 0xbc, 0xf3, 0xfa, 0xb9, 0xa4, 0x00, 0xd1, 0xce,
    0x6b, 0x00, 0x7c, 0x2a, 0xf1, 0xab, 0x14, 0x56, 0x0b, 0x76, 0x24, 0x16, 0x58, 0xf8, 0x02, 0x45,
    0x70, 0xc0, 0x90, 0x22, 0x3c, 0x90, 0x00, 0xb4, 0x8e, 0x7b, 0x30, 0x9a, 0xdb, 0xdd, 0xd4, 0xf0,
    0xc2, 0x00, 0x58, 0x88, 0x1e, 0x4c, 0x18, 0x17, 0x2c, 0xed, 0xc6, 0x15, 0xf1, 0x19, 0xaa, 0xad,
    0xba, 0x3a, 0xfb, 0x93, 0x00, 0xa9, 0x1d, 0x00, 0x2c, 0x73, 0x04, 0xa4, 0xb6, 0x40, 0xb5, 0x35,
    0x19, 0x5b, 0xa8, 0xca, 0x26, 0xa7, 0xda, 0xb2, 0x99, 0x02, 0xf0, 0x09, 0x6a, 0xa8, 0x8c, 0xfa,
    0x3b, 0x92, 0x77, 0xdc, 0xa1, 0x66, 0xd5, 0x8f, 0x64, 0x05, 0x10, 0x34, 0xa4, 0xa3, 0xfe, 0x39,
    0x80, 0xd1, 0x84, 0x85, 0x69, 0xb5, 0x64, 0x3e, 0x26, 0xfd, 0x59, 0x54, 0xdd, 0x6a, 0x65, 0xf5,
    0xd5, 0x77, 0x12, 0x34, 0x14, 0x71, 0xce, 0xb5, 0xa7, 0x40, 0xd8, 0x4c, 0x82, 0xe5, 0xc0, 0xb5,
    0x0c, 0x09, 0xb0, 0x5d, 0xbb, 0x68, 0x57, 0x37, 0xdc, 0xc8, 0x02, 0x51, 0xe6, 0x80, 0xcb, 0x71,
    0xdb, 0x17, 0x40, 0x02, 0x0e, 0x2c, 0x0f, 0x60, 0xf1, 0x40, 0x7b, 0xf7, 0xfd, 0x77, 0xde, 0xd5,
    0x19, 0x4d, 0x75, 0x81, 0x01, 0x01, 0x00, 0x21, 0xf9, 0x04, 0x04, 0x04, 0x00, 0x00, 0x00, 0x2c,
    0x15, 0x00, 0x1a, 0x00, 0x94, 0x00, 0x30, 0x00, 0x87, 0x00, 0x00, 0x00, 0x0d, 0x03, 0x03, 0x1a,
    0x06, 0x06, 0x26, 0x09, 0x0a, 0x33, 0x0d, 0x0d, 0x40, 0x10, 0x10, 0x4d, 0x13, 0x13, 0x5a, 0x16,
    0x16, 0x66, 0x19, 0x1a, 0x73, 0x1c, 0x1d, 0x80, 0x1f, 0x20, 0x8d, 0x22, 0x23, 0x9a, 0x26, 0x26,
    0xa6, 0x29, 0x2a, 0xb3, 0x2c, 0x2d, 0xc0, 0x2f, 0x30, 0x00, 0x00, 0x00, 0x00, 0x00, 0x00, 0x00,
    0x00, 0x00, 0x00, 0x00, 0x00, 0x00, 0x00, 0x00, 0x00, 0x00, 0x00, 0x00, 0x00, 0x00, 0x00, 0x00,
    0x00, 0x00, 0x00, 0x00, 0x00, 0x00, 0x00, 0x00, 0x00, 0x00, 0x00, 0x00, 0x00, 0x00, 0x00, 0x00,
    0x00, 0x00, 0x00, 0x00, 0x00, 0x00, 0x00, 0x00, 0x00, 0x00, 0x00, 0x00, 0x00, 0x00, 0x00, 0x00,
    0x00, 0x00, 0x00, 0x00, 0x00, 0x00, 0x00, 0x00, 0x00, 0x00, 0x00, 0x00, 0x00, 0x00, 0x00, 0x00,
    0x00, 0x00, 0x00, 0x00, 0x00, 0x00, 0x00, 0x00, 0x00, 0x00, 0x00, 0x00, 0x00, 0x00, 0x00, 0x00,
    0x00, 0x00, 0x00, 0x00, 0x00, 0x00, 0x00, 0x00, 0x00, 0x00, 0x00, 0x00, 0x00, 0x00, 0x00, 0x00,
    0x00, 0x00, 0x00, 0x00, 0x00, 0x00, 0x00, 0x00, 0x00, 0x00, 0x00, 0x00, 0x00, 0x00, 0x00, 0x00,
    0x00, 0x00, 0x00, 0x00, 0x00, 0x00, 0x00, 0x00, 0x00, 0x00, 0x00, 0x00, 0x00, 0x00, 0x00, 0x00,
    0x00, 0x00, 0x00, 0x00, 0x00, 0x00, 0x00, 0x00, 0x00, 0x00, 0x00, 0x00, 0x00, 0x00, 0x00, 0x00,
    0x00, 0x00, 0x00, 0x00, 0x00, 0x00, 0x00, 0x00, 0x00, 0x00, 0x00, 0x00, 0x00, 0x00, 0x00, 0x00,
    0x00, 0x00, 0x00, 0x00, 0x00, 0x00, 0x00, 0x00, 0x00, 0x00, 0x00, 0x00, 0x00, 0x00, 0x00, 0x00,
    0x00, 0x00, 0x00, 0x00, 0x00, 0x00, 0x00, 0x00, 0x00, 0x00, 0x00, 0x00, 0x00, 0x00, 0x00, 0x00,
    0x00, 0x00, 0x00, 0x00, 0x00, 0x00, 0x00, 0x00, 0x00, 0x00, 0x00, 0x00, 0x00, 0x00, 0x00, 0x00,
    0x00, 0x00, 0x00, 0x00, 0x00, 0x00, 0x00, 0x00, 0x00, 0x00, 0x00, 0x00, 0x00, 0x00, 0x00, 0x00,
    0x00, 0x00, 0x00, 0x00, 0x00, 0x00, 0x00, 0x00, 0x00, 0x00, 0x00, 0x00, 0x00, 0x00, 0x00, 0x00,
    0x00, 0x00, 0x00, 0x00, 0x00, 0x00, 0x00, 0x00, 0x00, 0x00, 0x00, 0x00, 0x00, 0x00, 0x00, 0x00,
    0x00, 0x00, 0x00, 0x00, 0x00, 0x00, 0x00, 0x00, 0x00, 0x00, 0x00, 0x00, 0x00, 0x00, 0x00, 0x00,
    0x00, 0x00, 0x00, 0x00, 0x00, 0x00, 0x00, 0x00, 0x00, 0x00, 0x00, 0x00, 0x00, 0x00, 0x00, 0x00,
    0x00, 0x00, 0x00, 0x00, 0x00, 0x00, 0x00, 0x00, 0x00, 0x00, 0x00, 0x00, 0x00, 0x00, 0x00, 0x00,
    0x00, 0x00, 0x00, 0x00, 0x00, 0x00, 0x00, 0x00, 0x00, 0x00, 0x00, 0x00, 0x00, 0x00, 0x00, 0x00,
    0x00, 0x00, 0x00, 0x00, 0x00, 0x00, 0x00, 0x00, 0x00, 0x00, 0x00, 0x00, 0x00, 0x00, 0x00, 0x00,
    0x00, 0x00, 0x00, 0x00, 0x00, 0x00, 0x00, 0x00, 0x00, 0x00, 0x00, 0x00, 0x00, 0x00, 0x00, 0x00,
    0x00, 0x00, 0x00, 0x00, 0x00, 0x00, 0x00, 0x00, 0x00, 0x00, 0x00, 0x00, 0x00, 0x00, 0x00, 0x00,
    0x00, 0x00, 0x00, 0x00, 0x00, 0x00, 0x00, 0x00, 0x00, 0x00, 0x00, 0x00, 0x00, 0x00, 0x00, 0x00,
    0x00, 0x00, 0x00, 0x00, 0x00, 0x00, 0x00, 0x00, 0x00, 0x00, 0x00, 0x00, 0x00, 0x00, 0x00, 0x00,
    0x00, 0x00, 0x00, 0x00, 0x00, 0x00, 0x00, 0x00, 0x00, 0x00, 0x00, 0x00, 0x00, 0x00, 0x00, 0x00,
    0x00, 0x00, 0x00, 0x00, 0x00, 0x00, 0x00, 0x00, 0x00, 0x00, 0x00, 0x00, 0x00, 0x00, 0x00, 0x00,
    0x00, 0x00, 0x00, 0x00, 0x00, 0x00, 0x00, 0x00, 0x00, 0x00, 0x00, 0x00, 0x00, 0x00, 0x00, 0x00,
    0x00, 0x00, 0x00, 0x00, 0x00, 0x00, 0x00, 0x00, 0x00, 0x00, 0x00, 0x00, 0x00, 0x00, 0x00, 0x00,
    0x00, 0x00, 0x00, 0x00, 0x00, 0x00, 0x00, 0x00, 0x00, 0x00, 0x00, 0x00, 0x00, 0x00, 0x00, 0x00,
    0x00, 0x00, 0x00, 0x00, 0x00, 0x00, 0x00, 0x00, 0x00, 0x00, 0x00, 0x00, 0x00, 0x00, 0x00, 0x00,
    0x00, 0x00, 0x00, 0x00, 0x00, 0x00, 0x00, 0x00, 0x00, 0x00, 0x00, 0x00, 0x00, 0x00, 0x00, 0x00,
    0x00, 0x00, 0x00, 0x00, 0x00, 0x00, 0x00, 0x00, 0x00, 0x00, 0x00, 0x00, 0x00, 0x00, 0x00, 0x00,
    0x00, 0x00, 0x00, 0x00, 0x00, 0x00, 0x00, 0x00, 0x00, 0x00, 0x00, 0x00, 0x00, 0x00, 0x00, 0x00,
    0x00, 0x00, 0x00, 0x00, 0x00, 0x00, 0x00, 0x00, 0x00, 0x00, 0x00, 0x00, 0x00, 0x00, 0x00, 0x00,
    0x00, 0x00, 0x00, 0x00, 0x00, 0x00, 0x00, 0x00, 0x00, 0x00, 0x00, 0x00, 0x00, 0x00, 0x00, 0x00,
    0x00, 0x00, 0x00, 0x00, 0x00, 0x00, 0x00, 0x00, 0x00, 0x00, 0x00, 0x00, 0x00, 0x00, 0x00, 0x00,
    0x00, 0x00, 0x00, 0x00, 0x00, 0x00, 0x00, 0x00, 0x00, 0x00, 0x00, 0x00, 0x00, 0x00, 0x00, 0x00,
    0x00, 0x00, 0x00, 0x00, 0x00, 0x00, 0x00, 0x00, 0x00, 0x00, 0x00, 0x00, 0x00, 0x00, 0x00, 0x00,
    0x00, 0x00, 0x00, 0x00, 0x00, 0x00, 0x00, 0x00, 0x00, 0x00, 0x00, 0x00, 0x00, 0x00, 0x00, 0x00,
    0x00, 0x00, 0x00, 0x00, 0x00, 0x00, 0x00, 0x00, 0x00, 0x00, 0x00, 0x00, 0x00, 0x00, 0x00, 0x00,
    0x00, 0x00, 0x00, 0x00, 0x00, 0x00, 0x00, 0x00, 0x00, 0x00, 0x00, 0x00, 0x00, 0x00, 0x00, 0x00,
    0x00, 0x00, 0x00, 0x00, 0x00, 0x00, 0x00, 0x00, 0x00, 0x00, 0x00, 0x00, 0x00, 0x00, 0x00, 0x00,
    0x00, 0x00, 0x00, 0x00, 0x00, 0x00, 0x00, 0x00, 0x00, 0x00, 0x00, 0x00, 0x00, 0x00, 0x00, 0x00,
    0x00, 0x00, 0x00, 0x00, 0x00, 0x00, 0x00, 0x00, 0x00, 0x08, 0xff, 0x00, 0x01, 0x08, 0x1c, 0x48,
    0xb0, 0x60, 0xc1, 0x00, 0x01, 0x0c, 0x2a, 0x5c, 0xc8, 0xb0, 0xa1, 0xc3, 0x87, 0x10, 0x23, 0x46,
    0x44, 0x28, 0xb1, 0xa2, 0xc2, 0x00, 0x08, 0x1a, 0x38, 0x48, 0x20, 0xc0, 0xa2, 0xc7, 0x8f, 0x20,
    0x43, 0x1e, 0xcc, 0xb8, 0xb1, 0xa3, 0xc8, 0x87, 0x01, 0x18, 0x3c, 0x58, 0xf9, 0xc0, 0xc1, 0x80,
    0x93, 0x30, 0x63, 0xca, 0x4c, 0xc9, 0xb2, 0xe5, 0x4b, 0x99, 0x06, 0x69, 0xd6, 0xb4, 0x89, 0xb3,
    0xa7, 0x4f, 0x94, 0x2a, 0x77, 0xba, 0xfc, 0x09, 0x60, 0x80, 0x83, 0x9d, 0x35, 0x0d, 0x10, 0x5d,
    0x4a, 0xd4, 0x28, 0x52, 0x96, 0x4a, 0x7b, 0x3a, 0x7d, 0x0a, 0x95, 0xa9, 0xd5, 0x98, 0x53, 0xa9,
    0x3e, 0x88, 0x8a, 0xf5, 0xa8, 0xd6, 0xaa, 0x57, 0xc3, 0x7a, 0xcc, 0xfa, 0x95, 0xab, 0x48, 0xb2,
    0x5f, 0xb7, 0x8a, 0x5d, 0x0b, 0x11, 0x6d, 0xd9, 0x93, 0x06, 0xa8, 0x2e, 0x48, 0x40, 0x35, 0x01,
    0xdb, 0xbb, 0x0a, 0xe3, 0x3e, 0x9d, 0x5b, 0x37, 0xa4, 0x5e, 0xa4, 0x0c, 0x12, 0xd2, 0x7d, 0x6a,
    0x17, 0xaf, 0xe1, 0xbf, 0x3b, 0x03, 0x03, 0x18, 0x8c, 0xb4, 0xb0, 0x45, 0xc4, 0x35, 0x15, 0x0b,
    0x64, 0xbc, 0xd3, 0xb1, 0x61, 0xb1, 0x90, 0x59, 0x4a, 0x5e, 0xdc, 0xb7, 0x62, 0xe6, 0x95, 0x9b,
    0x27, 0x77, 0xbe, 0x7c, 0xf5, 0xf3, 0x83, 0xd0, 0x9c, 0x09, 0x4b, 0xa4, 0x5c, 0x33, 0x41, 0x42,
    0x83, 0x07, 0xa8, 0xa2, 0x26, 0xdd, 0x93, 0x35, 0x4b, 0xd7, 0x0a, 0x63, 0x3f, 0x9d, 0x6d, 0xd0,
    0xf6, 0x4a, 0xcb, 0x06, 0x4d, 0xf3, 0xa6, 0x7d, 0xd2, 0xf7, 0x03, 0xe0, 0x05, 0x85, 0xbf, 0x5e,
    0x68, 0x1c, 0x79, 0x70, 0xd9, 0xcb, 0x89, 0xc3, 0x6c, 0xfe, 0x50, 0x39, 0xf3, 0xd1, 0x0e, 0xad,
    0x4b, 0x2f, 0x8e, 0xbd, 0xa1, 0xf6, 0x81, 0x3a, 0x91, 0x1e, 0xff, 0xa8, 0x48, 0xc0, 0xab, 0xd0,
    0x9b, 0xdb, 0x3d, 0x86, 0xdf, 0x39, 0x5e, 0x62, 0xf9, 0xa7, 0x43, 0x05, 0xae, 0x4f, 0x3a, 0xd6,
    0x7c, 0xcd, 0xf8, 0xe9, 0x25, 0xce, 0x07, 0x5b, 0xd1, 0x2d, 0x4f, 0x00, 0x41, 0x21, 0x65, 0x56,
    0x7f, 0xf6, 0xb1, 0xe4, 0x80, 0x49, 0xf9, 0x41, 0x14, 0xe0, 0x4e, 0x03, 0x4a, 0xe4, 0xdf, 0x81,
    0x03, 0x50, 0xd5, 0x20, 0x81, 0x4f, 0xb5, 0x97, 0xa0, 0x43, 0x11, 0x3e, 0x35, 0xa1, 0x83, 0x05,
    0xae, 0x74, 0x00, 0x01, 0x48, 0x39, 0x40, 0x00, 0x4c, 0x02, 0x2c, 0xb8, 0x12, 0x02, 0x17, 0x3e,
    0x04, 0xa2, 0x50, 0x23, 0x9e, 0x54, 0x22, 0x52, 0x08, 0x04, 0x50, 0x60, 0x8b, 0x30, 0xc9, 0xb8,
    0x13, 0x7a, 0x29, 0x2e, 0x64, 0x63, 0x4d, 0x34, 0x9e, 0xb4, 0x23, 0x4b, 0x2f, 0x65, 0xb5, 0x21,
    0x48, 0x42, 0xe6, 0xf8, 0x50, 0x91, 0x38, 0x21, 0x09, 0x80, 0x00, 0x07, 0x1c, 0x80, 0xa3, 0x4c,
    0x4c, 0x3a, 0x69, 0x24, 0x44, 0x51, 0x3e, 0x19, 0x53, 0x95, 0x53, 0x66, 0xa9, 0xe5, 0x96, 0x5c,
    0x76, 0xe9, 0xe5, 0x97, 0x60, 0x86, 0x29, 0xe6, 0x98, 0x64, 0x96, 0x89, 0x53, 0x00, 0x02, 0x0c,
    0xa0, 0xe6, 0x00, 0x02, 0x44, 0x67, 0xa6, 0x55, 0x68, 0xae, 0xc9, 0xa6, 0x9b, 0x15, 0x09, 0x40,
    0x40, 0x01, 0x05, 0x18, 0xa0, 0xe7, 0x9e, 0x78, 0x12, 0xd0, 0x26, 0x51, 0x01, 0x34, 0x89, 0xe0,
    0x99, 0x82, 0x2e, 0x65, 0x27, 0x9e, 0x7b, 0xf2, 0x59, 0x80, 0x9f, 0x74, 0x32, 0x24, 0x40, 0x9e,
    0x06, 0xe0, 0x29, 0xe9, 0xa4, 0x90, 0x16, 0x60, 0xa5, 0x8f, 0x41, 0xe1, 0x17, 0x93, 0x4e, 0x9a,
    0x5e, 0x59, 0x29, 0xa5, 0x93, 0xea, 0x69, 0x69, 0x5b, 0x91, 0x82, 0x6a, 0x2a, 0xa2, 0x3d, 0xc2,
    0xa4, 0xdb, 0x4a, 0x0e, 0x34, 0x5a, 0x50, 0x9a, 0x10, 0x2d, 0xf8, 0x50, 0xd3, 0x02, 0x52, 0x95,
    0x7a, 0x2a, 0xa8, 0x06, 0xa4, 0x6a, 0xd0, 0x00, 0xb6, 0xde, 0x8a, 0xab, 0xae, 0x21, 0x21, 0x90,
    0x98, 0xab, 0x00, 0x04, 0xa0, 0x00, 0x68, 0x97, 0x0e, 0xc4, 0x1a, 0xad, 0x32, 0xf1, 0xea, 0xeb,
    0xa9, 0xb9, 0x36, 0xf4, 0xec, 0xb3, 0xc4, 0x5a, 0x24, 0x40, 0x81, 0xce, 0x15, 0xbb, 0x60, 0xa7,
    0x03, 0x65, 0x56, 0x00, 0x4e, 0xd3, 0xfa, 0x4a, 0x6c, 0xb8, 0xd0, 0x56, 0x6b, 0x11, 0x5a, 0x28,
    0x16, 0x34, 0x80, 0x89, 0x2d, 0x7d, 0x5b, 0x50, 0x01, 0x02, 0xf6, 0x44, 0xae, 0xa9, 0x06, 0x10,
    0xeb, 0xec, 0xbc, 0x88, 0xba, 0x9b, 0x64, 0x81, 0x66, 0xf9, 0xb7, 0x52, 0xbf, 0xfc, 0xfa, 0x74,
    0x2f, 0xbe, 0x91, 0x3a, 0x44, 0x40, 0xaf, 0xd3, 0x46, 0x6a, 0xee, 0x47, 0xf0, 0xee, 0xd4, 0xa2,
    0xbf, 0x60, 0xfd, 0x78, 0x22, 0x51, 0x07, 0x13, 0x5c, 0xc0, 0xc2, 0x07, 0x23, 0x4c, 0x6f, 0xae,
    0x0b, 0x83, 0xb4, 0x2a, 0xab, 0x02, 0x5c, 0x9b, 0x98, 0xac, 0x0c, 0x02, 0xb8, 0x93, 0x02, 0x4c,
    0x65, 0x9c, 0x30, 0xc7, 0x13, 0x0d, 0x00, 0x69, 0xa2, 0x89, 0x2e, 0x3a, 0x28, 0x51, 0xac, 0x35,
    0xd0, 0xc0, 0xb0, 0xa9, 0x45, 0x86, 0x33, 0x53, 0x01, 0xb8, 0x0c, 0x33, 0xcc, 0x32, 0x7f, 0x14,
    0x27, 0x01, 0x44, 0x13, 0xa0, 0xe6, 0x9f, 0x62, 0x91, 0x0c, 0x9d, 0xb2, 0x5f, 0xb5, 0xba, 0xd6,
    0xd0, 0x45, 0x1f, 0xdd, 0x71, 0x96, 0xfb, 0x81, 0xe6, 0xa6, 0x71, 0xdc, 0xbe, 0x49, 0x9a, 0xc8,
    0x3b, 0x2d, 0xd0, 0xa8, 0xb0, 0x48, 0xe9, 0xab, 0xf5, 0x76, 0x19, 0xde, 0xe6, 0x1d, 0x7b, 0x63,
    0x5f, 0xf8, 0x57, 0xb6, 0x04, 0xad, 0x9d, 0x76, 0x8a, 0x4c, 0x02, 0xab, 0x50, 0xdc, 0x6f, 0xd7,
    0xdd, 0x65, 0x40, 0x00, 0x21, 0xf9, 0x04, 0x04, 0x08, 0x00, 0x00, 0x00, 0x2c, 0x15, 0x00, 0x1a,
    0x00, 0x94, 0x00, 0x2f, 0x00, 0x87, 0x00, 0x00, 0x00, 0x0d, 0x03, 0x03, 0x1a, 0x06, 0x06, 0x26,
    0x09, 0x0a, 0x33, 0x0d, 0x0d, 0x40, 0x10, 0x10, 0x4d, 0x13, 0x13, 0x5a, 0x16, 0x16, 0x66, 0x19,
    0x1a, 0x73, 0x1c, 0x1d, 0x80, 0x1f, 0x20, 0x8d, 0x22, 0x23, 0x9a, 0x26, 0x26, 0xa6, 0x29, 0x2a,
    0xb3, 0x2c, 0x2d, 0xc0, 0x2f, 0x30, 0x00, 0x00, 0x00, 0x00, 0x00, 0x00, 0x00, 0x00, 0x00, 0x00,
    0x00, 0x00, 0x00, 0x00, 0x00, 0x00, 0x00, 0x00, 0x00, 0x00, 0x00, 0x00, 0x00, 0x00, 0x00, 0x00,
    0x00, 0x00, 0x00, 0x00, 0x00, 0x00, 0x00, 0x00, 0x00, 0x00, 0x00, 0x00, 0x00, 0x00, 0x00, 0x00,
    0x00, 0x00, 0x00, 0x00, 0x00, 0x00, 0x00, 0x00, 0x00, 0x00, 0x00, 0x00, 0x00, 0x00, 0x00, 0x00,
    0x00, 0x00, 0x00, 0x00, 0x00, 0x00, 0x00, 0x00, 0x00, 0x00, 0x00, 0x00, 0x00, 0x00, 0x00, 0x00,
    0x00, 0x00, 0x00, 0x00, 0x00, 0x00, 0x00, 0x00, 0x00, 0x00, 0x00, 0x00, 0x00, 0x00, 0x00, 0x00,
    0x00, 0x00, 0x00, 0x00, 0x00, 0x00, 0x00, 0x00, 0x00, 0x00, 0x00, 0x00, 0x00, 0x00, 0x00, 0x00,
    0x00, 0x00, 0x00, 0x00, 0x00, 0x00, 0x00, 0x00, 0x00, 0x00, 0x00, 0x00, 0x00, 0x00, 0x00, 0x00,
    0x00, 0x00, 0x00, 0x00, 0x00, 0x00, 0x00, 0x00, 0x00, 0x00, 0x00, 0x00, 0x00, 0x00, 0x00, 0x00,
    0x00, 0x00, 0x00, 0x00, 0x00, 0x00, 0x00, 0x00, 0x00, 0x00, 0x00, 0x00, 0x00, 0x00, 0x00, 0x00,
    0x00, 0x00, 0x00, 0x00, 0x00, 0x00, 0x00, 0x00, 0x00, 0x00, 0x00, 0x00, 0x00, 0x00, 0x00, 0x00,
    0x00, 0x00, 0x00, 0x00, 0x00, 0x00, 0x00, 0x00, 0x00, 0x00, 0x00, 0x00, 0x00, 0x00, 0x00, 0x00,
    0x00, 0x00, 0x00, 0x00, 0x00, 0x00, 0x00, 0x00, 0x00, 0x00, 0x00, 0x00, 0x00, 0x00, 0x00, 0x00,
    0x00, 0x00, 0x00, 0x00, 0x00, 0x00, 0x00, 0x00, 0x00, 0x00, 0x00, 0x00, 0x00, 0x00, 0x00, 0x00,
    0x00, 0x00, 0x00, 0x00, 0x00, 0x00, 0x00, 0x00, 0x00, 0x00, 0x00, 0x00, 0x00, 0x00, 0x00, 0x00,
    0x00, 0x00, 0x00, 0x00, 0x00, 0x00, 0x00, 0x00, 0x00, 0x00, 0x00, 0x00, 0x00, 0x00, 0x00, 0x00,
    0x00, 0x00, 0x00, 0x00, 0x00, 0x00, 0x00, 0x00, 0x00, 0x00, 0x00, 0x00, 0x00, 0x00, 0x00, 0x00,
    0x00, 0x00, 0x00, 0x00, 0x00, 0x00, 0x00, 0x00, 0x00, 0x00, 0x00, 0x00, 0x00, 0x00, 0x00, 0x00,
    0x00, 0x00, 0x00, 0x00, 0x00, 0x00, 0x00, 0x00, 0x00, 0x00, 0x00, 0x00, 0x00, 0x00, 0x00, 0x00,
    0x00, 0x00, 0x00, 0x00, 0x00, 0x00, 0x00, 0x00, 0x00, 0x00, 0x00, 0x00, 0x00, 0x00, 0x00, 0x00,
    0x00, 0x00, 0x00, 0x00, 0x00, 0x00, 0x00, 0x00, 0x00, 0x00, 0x00, 0x00, 0x00, 0x00, 0x00, 0x00,
    0x00, 0x00, 0x00, 0x00, 0x00, 0x00, 0x00, 0x00, 0x00, 0x00, 0x00, 0x00, 0x00, 0x00, 0x00, 0x00,
    0x00, 0x00, 0x00, 0x00, 0x00, 0x00, 0x00, 0x00, 0x00, 0x00, 0x00, 0x00, 0x00, 0x00, 0x00, 0x00,
    0x00, 0x00, 0x00, 0x00, 0x00, 0x00, 0x00, 0x00, 0x00, 0x00, 0x00, 0x00, 0x00, 0x00, 0x00, 0x00,
    0x00, 0x00, 0x00, 0x00, 0x00, 0x00, 0x00, 0x00, 0x00, 0x00, 0x00, 0x00, 0x00, 0x00, 0x00, 0x00,
    0x00, 0x00, 0x00, 0x00, 0x00, 0x00, 0x00, 0x00, 0x00, 0x00, 0x00, 0x00, 0x00, 0x00, 0x00, 0x00,
    0x00, 0x00, 0x00, 0x00, 0x00, 0x00, 0x00, 0x00, 0x00, 0x00, 0x00, 0x00, 0x00, 0x00, 0x00, 0x00,
    0x00, 0x00, 0x00, 0x00, 0x00, 0x00, 0x00, 0x00, 0x00, 0x00, 0x00, 0x00, 0x00, 0x00, 0x00, 0x00,
    0x00, 0x00, 0x00, 0x00, 0x00, 0x00, 0x00, 0x00, 0x00, 0x00, 0x00, 0x00, 0x00, 0x00, 0x00, 0x00,
    0x00, 0x00, 0x00, 0x00, 0x00, 0x00, 0x00, 0x00, 0x00, 0x00, 0x00, 0x00, 0x00, 0x00, 0x00, 0x00,
    0x00, 0x00, 0x00, 0x00, 0x00, 0x00, 0x00, 0x00, 0x00, 0x00, 0x00, 0x00, 0x00, 0x00, 0x00, 0x00,
    0x00, 0x00, 0x00, 0x00, 0x00, 0x00, 0x00, 0x00, 0x00, 0x00, 0x00, 0x00, 0x00, 0x00, 0x00, 0x00,
    0x00, 0x00, 0x00, 0x00, 0x00, 0x00, 0x00, 0x00, 0x00, 0x00, 0x00, 0x00, 0x00, 0x00, 0x00, 0x00,
    0x00, 0x00, 0x00, 0x00, 0x00, 0x00, 0x00, 0x00, 0x00, 0x00, 0x00, 0x00, 0x00, 0x00, 0x00, 0x00,
    0x00, 0x00, 0x00, 0x00, 0x00, 0x00, 0x00, 0x00, 0x00, 0x00, 0x00, 0x00, 0x00, 0x00, 0x00, 0x00,
    0x00, 0x00, 0x00, 0x00, 0x00, 0x00, 0x00, 0x00, 0x00, 0x00, 0x00, 0x00, 0x00, 0x00, 0x00, 0x00,
    0x00, 0x00, 0x00, 0x00, 0x00, 0x00, 0x00, 0x00, 0x00, 0x00, 0x00, 0x00, 0x00, 0x00, 0x00, 0x00,
    0x00, 0x00, 0x00, 0x00, 0x00, 0x00, 0x00, 0x00, 0x00, 0x00, 0x00, 0x00, 0x00, 0x00, 0x00, 0x00,
    0x00, 0x00, 0x00, 0x00, 0x00, 0x00, 0x00, 0x00, 0x00, 0x00, 0x00, 0x00, 0x00, 0x00, 0x00, 0x00,
    0x00, 0x00, 0x00, 0x00, 0x00, 0x00, 0x00, 0x00, 0x00, 0x00, 0x00, 0x00, 0x00, 0x00, 0x00, 0x00,
    0x00, 0x00, 0x00, 0x00, 0x00, 0x00, 0x00, 0x00, 0x00, 0x00, 0x00, 0x00, 0x00, 0x00, 0x00, 0x00,
    0x00, 0x00, 0x00, 0x00, 0x00, 0x00, 0x00, 0x00, 0x00, 0x00, 0x00, 0x00, 0x00, 0x00, 0x00, 0x00,
    0x00, 0x00, 0x00, 0x00, 0x00, 0x00, 0x00, 0x00, 0x00, 0x00, 0x00, 0x00, 0x00, 0x00, 0x00, 0x00,
    0x00, 0x00, 0x00, 0x00, 0x00, 0x00, 0x00, 0x00, 0x00, 0x00, 0x00, 0x00, 0x00, 0x00, 0x00, 0x00,
    0x00, 0x00, 0x00, 0x00, 0x00, 0x00, 0x00, 0x00, 0x00, 0x00, 0x00, 0x00, 0x00, 0x00, 0x00, 0x00,
    0x00, 0x00, 0x00, 0x00, 0x00, 0x00, 0x08, 0xff, 0x00, 0x01, 0x08, 0x1c, 0x48, 0xb0, 0x60, 0xc1,
    0x01, 0x04, 0x0c, 0x2a, 0x5c, 0xc8, 0xb0, 0xa1, 0xc3, 0x87, 0x10, 0x23, 0x46, 0x44, 0x28, 0xb1,
    0xa2, 0xc2, 0x01, 0x0b, 0x1e, 0x3c, 0x60, 0x50, 0xc0, 0xa2, 0xc7, 0x8f, 0x20, 0x43, 0x1e, 0xcc,
    0xb8, 0xb1, 0xa3, 0xc8, 0x87, 0x03, 0x1c, 0x68, 0x5c, 0x69, 0xe0, 0xa4, 0xcb, 0x97, 0x30, 0x53,
    0xae, 0xd4, 0xd8, 0x12, 0xa6, 0x41, 0x02, 0x2a, 0x67, 0x6a, 0x3c, 0x60, 0xb3, 0xa7, 0xcf, 0x87,
    0x38, 0x75, 0xee, 0xfc, 0x09, 0xc0, 0x80, 0xd0, 0x99, 0x09, 0x88, 0x2a, 0x25, 0x6a, 0xf4, 0xa8,
    0xc6, 0xa4, 0x3d, 0x9b, 0x3a, 0x7d, 0xba, 0xb4, 0xea, 0x4b, 0xa9, 0x53, 0xa1, 0x5e, 0x9d, 0xaa,
    0x53, 0xab, 0xd5, 0xaf, 0x15, 0xb1, 0x72, 0xf5, 0x1a, 0xf2, 0x00, 0x57, 0xa1, 0x09, 0x02, 0x80,
    0x5d, 0xfb, 0xd0, 0xec, 0x59, 0xa4, 0x6a, 0x43, 0x26, 0x70, 0x8a, 0x40, 0xec, 0x4a, 0x06, 0x71,
    0xd9, 0xea, 0x25, 0x38, 0xf7, 0x68, 0x5d, 0xa7, 0x78, 0x41, 0xf6, 0x45, 0x2b, 0xd0, 0xae, 0xc6,
    0xc0, 0x7b, 0xf7, 0x0e, 0xee, 0x5a, 0x18, 0x70, 0x5e, 0x89, 0x8b, 0x91, 0x12, 0x34, 0xbc, 0xf1,
    0x71, 0x62, 0xab, 0x91, 0x57, 0x7a, 0xa5, 0x8c, 0x18, 0x62, 0x80, 0xcc, 0x54, 0x0b, 0x72, 0x16,
    0x70, 0xd9, 0xea, 0x67, 0xa7, 0x64, 0x8b, 0x02, 0x26, 0xfd, 0x30, 0x00, 0x03, 0xa7, 0x35, 0x0d,
    0xca, 0x14, 0xea, 0x60, 0x40, 0x69, 0xa5, 0xae, 0x61, 0x2f, 0x9c, 0xad, 0xb3, 0xb6, 0xc3, 0xdc,
    0x47, 0x63, 0x5f, 0xcc, 0xd9, 0xdb, 0xf6, 0xed, 0x9e, 0xc0, 0x85, 0x0a, 0x97, 0x4d, 0x7c, 0xa6,
    0xef, 0x85, 0xc9, 0x75, 0x2e, 0x1f, 0x7e, 0xf4, 0xf9, 0x71, 0x97, 0xd1, 0x67, 0x4e, 0x67, 0x5e,
    0xdd, 0x78, 0x41, 0x01, 0xaf, 0x83, 0x4f, 0xff, 0x6c, 0xbe, 0xd2, 0x41, 0xc2, 0xeb, 0x22, 0xc1,
    0xeb, 0x86, 0xc8, 0xdb, 0xf9, 0xf9, 0x81, 0xed, 0xcb, 0x7b, 0xf7, 0x1c, 0x5e, 0x39, 0x7a, 0x90,
    0xf1, 0x35, 0x5a, 0xa7, 0xbf, 0x1e, 0x40, 0xfe, 0x07, 0xfb, 0x45, 0x94, 0x1d, 0x4b, 0xf7, 0x59,
    0xf4, 0x5f, 0x80, 0xfc, 0x89, 0x17, 0x00, 0x79, 0xfa, 0xcd, 0x57, 0xd1, 0x80, 0x1a, 0x39, 0x58,
    0x20, 0x43, 0x0b, 0x76, 0x07, 0x12, 0x84, 0x0f, 0x20, 0x64, 0x61, 0x48, 0x10, 0x22, 0x30, 0x21,
    0x44, 0x04, 0x6c, 0x78, 0x61, 0x7d, 0x33, 0x21, 0x30, 0x80, 0x50, 0x9d, 0x89, 0x94, 0x19, 0x4f,
    0x1f, 0x3a, 0x74, 0xa2, 0x4e, 0x29, 0xca, 0x25, 0x14, 0x4f, 0x24, 0x3a, 0xc0, 0xda, 0x4b, 0x35,
    0xde, 0xd8, 0x22, 0x43, 0x39, 0xda, 0xd4, 0x63, 0x00, 0x24, 0x35, 0x20, 0xa1, 0x48, 0x40, 0x6a,
    0x24, 0xe4, 0x8e, 0xad, 0x05, 0x39, 0x24, 0x87, 0x4a, 0x12, 0x84, 0x90, 0x65, 0x31, 0x11, 0x00,
    0x25, 0x92, 0xbb, 0x49, 0x49, 0xd4, 0x93, 0x54, 0x66, 0xa9, 0xe5, 0x96, 0x5c, 0x76, 0xe9, 0xe5,
    0x97, 0x60, 0x86, 0x29, 0xe6, 0x98, 0x64, 0x96, 0x09, 0x53, 0x00, 0x02, 0x20, 0x44, 0xc0, 0x9a,
    0x03, 0x0c, 0x20, 0xc0, 0x94, 0x66, 0x22, 0x97, 0xe6, 0x9a, 0x6c, 0xba, 0x09, 0x67, 0x43, 0x01,
    0x0c, 0x50, 0x80, 0x01, 0x7c, 0xf6, 0xe9, 0x67, 0x01, 0x04, 0xe8, 0x68, 0xd3, 0x00, 0x0a, 0x2c,
    0x60, 0x52, 0x4f, 0x84, 0x1a, 0x4a, 0x54, 0x9e, 0x7b, 0xfa, 0xe9, 0x28, 0xa0, 0x82, 0x36, 0x44,
    0x00, 0x9f, 0x05, 0x54, 0x6a, 0xe9, 0xa5, 0x95, 0xf2, 0x69, 0xa5, 0x4d, 0x02, 0x10, 0xb7, 0x5d,
    0x48, 0xbc, 0x1d, 0x0a, 0xd3, 0xa4, 0x06, 0x60, 0x6a, 0x6a, 0xa3, 0x9b, 0x4a, 0x5a, 0xea, 0xa9,
    0xac, 0x96, 0x7a, 0xa7, 0x47, 0x08, 0xe8, 0xfc, 0xb4, 0xe4, 0x40, 0x01, 0x18, 0x70, 0x40, 0xa4,
    0x05, 0x05, 0xd0, 0xc0, 0x4c, 0x0b, 0xf4, 0x34, 0x29, 0xab, 0xad, 0x16, 0xf0, 0xea, 0x00, 0xab,
    0x02, 0x7b, 0x6a, 0xa9, 0x36, 0xb9, 0x55, 0x1e, 0xae, 0x02, 0x0d, 0xb0, 0x2b, 0x80, 0x9f, 0x0a,
    0x44, 0xe2, 0x03, 0xbd, 0xc6, 0x54, 0xac, 0xb1, 0x98, 0x22, 0xcb, 0x10, 0xb6, 0xc6, 0x1a, 0xf0,
    0xea, 0x83, 0xd3, 0xc6, 0xd8, 0x2c, 0x79, 0x9f, 0x46, 0x86, 0x60, 0x48, 0xdc, 0x02, 0xeb, 0xed,
    0xb6, 0xe9, 0xb2, 0xfa, 0x2d, 0xb8, 0x3a, 0x55, 0x3b, 0x19, 0x83, 0x0f, 0x78, 0x58, 0x50, 0xac,
    0xce, 0xcd, 0xfa, 0x51, 0xbb, 0xee, 0x32, 0x44, 0x2c, 0xbf, 0x96, 0x1a, 0xf0, 0xde, 0x99, 0xd3,
    0x6e, 0x36, 0xd6, 0x64, 0xc5, 0xf9, 0xf4, 0x2f, 0xc0, 0x7b, 0x0e, 0x7c, 0xd1, 0xb5, 0xdc, 0x0a,
    0x7c, 0x25, 0x79, 0x2c, 0x52, 0x26, 0x99, 0x7f, 0xf6, 0xfd, 0xb4, 0x70, 0xbb, 0x12, 0x3f, 0x24,
    0x40, 0xa3, 0xdd, 0x96, 0xaa, 0xef, 0x49, 0x21, 0xea, 0x44, 0x40, 0x01, 0x42, 0x29, 0xa0, 0xac,
    0x66, 0x9d, 0xea, 0x64, 0x2f, 0x51, 0x1f, 0x53, 0xaa, 0xae, 0xc8, 0x15, 0x09, 0x70, 0x72, 0xa3,
    0x7f, 0x42, 0xfa, 0xee, 0x49, 0x62, 0x31, 0x08, 0x95, 0x5d, 0xe4, 0xa5, 0xf6, 0x93, 0xcd, 0x99,
    0x3e, 0xaa, 0xf3, 0x85, 0x69, 0xb6, 0x69, 0xa7, 0x5e, 0xf8, 0xa2, 0x86, 0xf0, 0x54, 0x0c, 0xe8,
    0x85, 0xa6, 0xd2, 0x4b, 0xc7, 0x09, 0x00, 0x68, 0x0f, 0xa4, 0xc6, 0xd9, 0xce, 0x56, 0x7f, 0x35,
    0x20, 0x8b, 0x06, 0x15, 0x40, 0xde, 0xb9, 0x5d, 0x5f, 0x56, 0x21, 0x81, 0xfe, 0x36, 0xe7, 0x70,
    0xd9, 0xc7, 0x0d, 0xf0, 0x9a, 0x03, 0xd1, 0xc2, 0xf7, 0x76, 0xdc, 0x6c, 0x5f, 0x96, 0x2a, 0x50,
    0x5c, 0x17, 0x18, 0x10, 0x00, 0x21, 0xf9, 0x04, 0x04, 0x04, 0x00, 0x00, 0x00, 0x2c, 0x15, 0x00,
    0x1a, 0x00, 0x94, 0x00, 0x2f, 0x00, 0x87, 0x00, 0x00, 0x00, 0x0d, 0x03, 0x03, 0x1a, 0x06, 0x06,
    0x26, 0x09, 0x0a, 0x33, 0x0d, 0x0d, 0x40, 0x10, 0x10, 0x4d, 0x13, 0x13, 0x5a, 0x16, 0x16, 0x66,
    0x19, 0x1a, 0x73, 0x1c, 0x1d, 0x80, 0x1f, 0x20, 0x8d, 0x22, 0x23, 0x9a, 0x26, 0x26, 0xa6, 0x29,
    0x2a, 0xb3, 0x2c, 0x2d, 0xc0, 0x2f, 0x30, 0x00, 0x00, 0x00, 0x00, 0x00, 0x00, 0x00, 0x00, 0x00,
    0x00, 0x00, 0x00, 0x00, 0x00, 0x00, 0x00, 0x00, 0x00, 0x00, 0x00, 0x00, 0x00, 0x00, 0x00, 0x00,
    0x00, 0x00, 0x00, 0x00, 0x00, 0x00, 0x00, 0x00, 0x00, 0x00, 0x00, 0x00, 0x00, 0x00, 0x00, 0x00,
    0x00, 0x00, 0x00, 0x00, 0x00, 0x00, 0x00, 0x00, 0x00, 0x00, 0x00, 0x00, 0x00, 0x00, 0x00, 0x00,
    0x00, 0x00, 0x00, 0x00, 0x00, 0x00, 0x00, 0x00, 0x00, 0x00, 0x00, 0x00, 0x00, 0x00, 0x00, 0x00,
    0x00, 0x00, 0x00, 0x00, 0x00, 0x00, 0x00, 0x00, 0x00, 0x00, 0x00, 0x00, 0x00, 0x00, 0x00, 0x00,
    0x00, 0x00, 0x00, 0x00, 0x00, 0x00, 0x00, 0x00, 0x00, 0x00, 0x00, 0x00, 0x00, 0x00, 0x00, 0x00,
    0x00, 0x00, 0x00, 0x00, 0x00, 0x00, 0x00, 0x00, 0x00, 0x00, 0x00, 0x00, 0x00, 0x00, 0x00, 0x00,
    0x00, 0x00, 0x00, 0x00, 0x00, 0x00, 0x00, 0x00, 0x00, 0x00, 0x00, 0x00, 0x00, 0x00, 0x00, 0x00,
    0x00, 0x00, 0x00, 0x00, 0x00, 0x00, 0x00, 0x00, 0x00, 0x00, 0x00, 0x00, 0x00, 0x00, 0x00, 0x00,
    0x00, 0x00, 0x00, 0x00, 0x00, 0x00, 0x00, 0x00, 0x00, 0x00, 0x00, 0x00, 0x00, 0x00, 0x00, 0x00,
    0x00, 0x00, 0x00, 0x00, 0x00, 0x00, 0x00, 0x00, 0x00, 0x00, 0x00, 0x00, 0x00, 0x00, 0x00, 0x00,
    0x00, 0x00, 0x00, 0x00, 0x00, 0x00, 0x00, 0x00, 0x00, 0x00, 0x00, 0x00, 0x00, 0x00, 0x00, 0x00,
    0x00, 0x00, 0x00, 0x00, 0x00, 0x00, 0x00, 0x00, 0x00, 0x00, 0x00, 0x00, 0x00, 0x00, 0x00, 0x00,
    0x00, 0x00, 0x00, 0x00, 0x00, 0x00, 0x00, 0x00, 0x00, 0x00, 0x00, 0x00, 0x00, 0x00, 0x00, 0x00,
    0x00, 0x00, 0x00, 0x00, 0x00, 0x00, 0x00, 0x00, 0x00, 0x00, 0x00, 0x00, 0x00, 0x00, 0x00, 0x00,
    0x00, 0x00, 0x00, 0x00, 0x00, 0x00, 0x00, 0x00, 0x00, 0x00, 0x00, 0x00, 0x00, 0x00, 0x00, 0x00,
    0x00, 0x00, 0x00, 0x00, 0x00, 0x00, 0x00, 0x00, 0x00, 0x00, 0x00, 0x00, 0x00, 0x00, 0x00, 0x00,
    0x00, 0x00, 0x00, 0x00, 0x00, 0x00, 0x00, 0x00, 0x00, 0x00, 0x00, 0x00, 0x00, 0x00, 0x00, 0x00,
    0x00, 0x00, 0x00, 0x00, 0x00, 0x00, 0x00, 0x00, 0x00, 0x00, 0x00, 0x00, 0x00, 0x00, 0x00, 0x00,
    0x00, 0x00, 0x00, 0x00, 0x00, 0x00, 0x00, 0x00, 0x00, 0x00, 0x00, 0x00, 0x00, 0x00, 0x00, 0x00,
    0x00, 0x00, 0x00, 0x00, 0x00, 0x00, 0x00, 0x00, 0x00, 0x00, 0x00, 0x00, 0x00, 0x00, 0x00, 0x00,
    0x00, 0x00, 0x00, 0x00, 0x00, 0x00, 0x00, 0x00, 0x00, 0x00, 0x00, 0x00, 0x00, 0x00, 0x00, 0x00,
    0x00, 0x00, 0x00, 0x00, 0x00, 0x00, 0x00, 0x00, 0x00, 0x00, 0x00, 0x00, 0x00, 0x00, 0x00, 0x00,
    0x00, 0x00, 0x00, 0x00, 0x00, 0x00, 0x00, 0x00, 0x00, 0x00, 0x00, 0x00, 0x00, 0x00, 0x00, 0x00,
    0x00, 0x00, 0x00, 0x00, 0x00, 0x00, 0x00, 0x00, 0x00, 0x00, 0x00, 0x00, 0x00, 0x00, 0x00, 0x00,
    0x00, 0x00, 0x00, 0x00, 0x00, 0x00, 0x00, 0x00, 0x00, 0x00, 0x00, 0x00, 0x00, 0x00, 0x00, 0x00,
    0x00, 0x00, 0x00, 0x00, 0x00, 0x00, 0x00, 0x00, 0x00, 0x00, 0x00, 0x00, 0x00, 0x00, 0x00, 0x00,
    0x00, 0x00, 0x00, 0x00, 0x00, 0x00, 0x00, 0x00, 0x00, 0x00, 0x00, 0x00, 0x00, 0x00, 0x00, 0x00,
    0x00, 0x00, 0x00, 0x00, 0x00, 0x00, 0x00, 0x00, 0x00, 0x00, 0x00, 0x00, 0x00, 0x00, 0x00, 0x00,
    0x00, 0x00, 0x00, 0x00, 0x00, 0x00, 0x00, 0x00, 0x00, 0x00, 0x00, 0x00, 0x00, 0x00, 0x00, 0x00,
    0x00, 0x00, 0x00, 0x00, 0x00, 0x00, 0x00, 0x00, 0x00, 0x00, 0x00, 0x00, 0x00, 0x00, 0x00, 0x00,
    0x00, 0x00, 0x00, 0x00, 0x00, 0x00, 0x00, 0x00, 0x00, 0x00, 0x00, 0x00, 0x00, 0x00, 0x00, 0x00,
    0x00, 0x00, 0x00, 0x00, 0x00, 0x00, 0x00, 0x00, 0x00, 0x00, 0x00, 0x00, 0x00, 0x00, 0x00, 0x00,
    0x00, 0x00, 0x00, 0x00, 0x00, 0x00, 0x00, 0x00, 0x00, 0x00, 0x00, 0x00, 0x00, 0x00, 0x00, 0x00,
    0x00, 0x00, 0x00, 0x00, 0x00, 0x00, 0x00, 0x00, 0x00, 0x00, 0x00, 0x00, 0x00, 0x00, 0x00, 0x00,
    0x00, 0x00, 0x00, 0x00, 0x00, 0x00, 0x00, 0x00, 0x00, 0x00, 0x00, 0x00, 0x00, 0x00, 0x00, 0x00,
    0x00, 0x00, 0x00, 0x00, 0x00, 0x00, 0x00, 0x00, 0x00, 0x00, 0x00, 0x00, 0x00, 0x00, 0x00, 0x00,
    0x00, 0x00, 0x00, 0x00, 0x00, 0x00, 0x00, 0x00, 0x00, 0x00, 0x00, 0x00, 0x00, 0x00, 0x00, 0x00,
    0x00, 0x00, 0x00, 0x00, 0x00, 0x00, 0x00, 0x00, 0x00, 0x00, 0x00, 0x00, 0x00, 0x00, 0x00, 0x00,
    0x00, 0x00, 0x00, 0x00, 0x00, 0x00, 0x00, 0x00, 0x00, 0x00, 0x00, 0x00, 0x00, 0x00, 0x00, 0x00,
    0x00, 0x00, 0x00, 0x00, 0x00, 0x00, 0x00, 0x00, 0x00, 0x00, 0x00, 0x00, 0x00, 0x00, 0x00, 0x00,
    0x00, 0x00, 0x00, 0x00, 0x00, 0x00, 0x00, 0x00, 0x00, 0x00, 0x00, 0x00, 0x00, 0x00, 0x00, 0x00,
    0x00, 0x00, 0x00, 0x00, 0x00, 0x00, 0x00, 0x00, 0x00, 0x00, 0x00, 0x00, 0x00, 0x00, 0x00, 0x00,
    0x00, 0x00, 0x00, 0x00, 0x00, 0x00, 0x00, 0x00, 0x00, 0x00, 0x00, 0x00, 0x00, 0x00, 0x00, 0x00,
    0x00, 0x00, 0x00, 0x00, 0x00, 0x00, 0x00, 0x08, 0xff, 0x00, 0x01, 0x08, 0x1c, 0x48, 0xb0, 0x20,
    0xc1, 0x00, 0x07, 0x0e, 0x08, 0x30, 0xc8, 0xb0, 0xa1, 0xc3, 0x87, 0x10, 0x23, 0x4a, 0x9c, 0x18,
    0x11, 0xa1, 0x42, 0x8a, 0x18, 0x0d, 0x1a, 0x70, 0xf0, 0xa0, 0x23, 0x82, 0x8c, 0x20, 0x43, 0x8a,
    0x1c, 0x59, 0x70, 0x63, 0xc7, 0x07, 0x1f, 0x49, 0x46, 0x34, 0x70, 0xf2, 0x64, 0x02, 0x95, 0x30,
    0x63, 0xca, 0x64, 0xd9, 0xf2, 0xc1, 0x4b, 0x99, 0x06, 0x0f, 0xd4, 0x3c, 0xa9, 0x20, 0x00, 0xce,
    0x9f, 0x40, 0x21, 0xea, 0xdc, 0xf9, 0xa0, 0x67, 0xd0, 0x04, 0x44, 0x4f, 0x32, 0xf0, 0x19, 0xb4,
    0x69, 0x53, 0xa4, 0x49, 0x1f, 0x2c, 0xfd, 0x09, 0x35, 0xaa, 0x54, 0xa6, 0x4e, 0xb3, 0xc2, 0xac,
    0x1a, 0x75, 0x6a, 0x4c, 0xae, 0x56, 0xbd, 0x6a, 0x1d, 0x0b, 0x12, 0x6c, 0x57, 0xac, 0x22, 0x03,
    0x28, 0x48, 0xca, 0x71, 0x27, 0x83, 0x01, 0x64, 0xe3, 0x4a, 0x54, 0xcb, 0x96, 0xe8, 0xdb, 0x91,
    0x01, 0x18, 0x24, 0x2d, 0x30, 0xa0, 0x6d, 0x4d, 0x07, 0x70, 0xe5, 0x0a, 0x36, 0x98, 0x77, 0x6f,
    0x5f, 0xa2, 0x80, 0x43, 0x16, 0x26, 0x6a, 0x40, 0xe0, 0xe1, 0x9d, 0x89, 0x07, 0x4b, 0x5e, 0xbc,
    0xb3, 0x31, 0x80, 0xc7, 0x7f, 0x03, 0x53, 0xa4, 0x5c, 0xd3, 0xb2, 0x63, 0xbf, 0x2d, 0x23, 0x4b,
    0x8e, 0xcb, 0xb9, 0xa5, 0xe7, 0xcb, 0xa0, 0x4f, 0x8a, 0x8e, 0x38, 0x40, 0x2f, 0xe4, 0xd3, 0x8e,
    0x1b, 0x20, 0x2e, 0x30, 0x9a, 0x6c, 0x6b, 0xc4, 0xb0, 0x2f, 0xcb, 0x86, 0x4c, 0x9b, 0x75, 0xea,
    0x8e, 0xab, 0x0f, 0xba, 0xae, 0x5c, 0x3b, 0x2b, 0xe6, 0xd0, 0x9a, 0x0b, 0x96, 0x3e, 0x99, 0xbb,
    0xe0, 0x71, 0xd5, 0xc9, 0x09, 0x0f, 0xef, 0x5c, 0x3c, 0xe8, 0x73, 0xe0, 0xd1, 0x95, 0x4f, 0x37,
    0xed, 0xf0, 0xfa, 0x83, 0xe0, 0x0c, 0x97, 0x77, 0xff, 0x6c, 0x5e, 0x5d, 0xa4, 0x77, 0xf0, 0xd2,
    0x93, 0x36, 0x2f, 0xf0, 0xfb, 0x41, 0x83, 0xec, 0x0d, 0x03, 0x2c, 0x48, 0x9a, 0xb2, 0x3c, 0x49,
    0xf6, 0x44, 0xdf, 0x4f, 0x94, 0x4f, 0xbf, 0x64, 0x52, 0xb1, 0x13, 0x99, 0xd5, 0xd1, 0x4d, 0xf6,
    0x85, 0x44, 0x93, 0x5b, 0x68, 0x49, 0x24, 0xa0, 0x4d, 0x03, 0x1d, 0x58, 0x13, 0x80, 0x14, 0x2d,
    0x48, 0x60, 0x81, 0x14, 0x39, 0xd8, 0x12, 0x84, 0x01, 0x26, 0xf5, 0x92, 0x00, 0xff, 0x25, 0x88,
    0xd1, 0x82, 0xbd, 0x51, 0x28, 0x11, 0x87, 0x76, 0x79, 0x18, 0xe1, 0x5e, 0x04, 0x10, 0xb5, 0x80,
    0x89, 0x18, 0x21, 0x40, 0x54, 0x7d, 0x22, 0x42, 0x94, 0xe2, 0x4e, 0x2b, 0xaa, 0xe4, 0xe2, 0x4e,
    0x08, 0x90, 0xd8, 0xd2, 0x84, 0x24, 0x59, 0xf8, 0x00, 0x79, 0x31, 0x16, 0xa4, 0xa3, 0x4b, 0x33,
    0x11, 0xc7, 0x15, 0x86, 0x23, 0x1d, 0xc9, 0x62, 0x90, 0x05, 0x29, 0x89, 0x93, 0x93, 0x00, 0x20,
    0xd0, 0x80, 0x03, 0x46, 0xfd, 0x24, 0x25, 0x95, 0x4b, 0x32, 0x59, 0xd0, 0x95, 0x55, 0xe2, 0xc4,
    0x25, 0x5a, 0x01, 0x64, 0x49, 0x52, 0x98, 0x5a, 0x62, 0x44, 0x66, 0x53, 0x67, 0x96, 0xa9, 0xe6,
    0x9a, 0x6c, 0xb6, 0xe9, 0xe6, 0x9b, 0x70, 0xc6, 0x29, 0xe7, 0x9c, 0x74, 0xd6, 0x69, 0xa7, 0x5c,
    0x01, 0x0c, 0x40, 0x00, 0x01, 0x05, 0xf4, 0x59, 0xc0, 0x9e, 0x03, 0x2c, 0x94, 0x55, 0x9a, 0x40,
    0x11, 0x1a, 0x54, 0x9e, 0x7b, 0xfa, 0xf9, 0x27, 0x01, 0x81, 0x82, 0x34, 0x40, 0x9f, 0x06, 0x44,
    0xaa, 0x68, 0x01, 0x91, 0x1a, 0xc0, 0x97, 0x98, 0x06, 0x4e, 0x09, 0xe3, 0x4c, 0x9a, 0x36, 0xf5,
    0x28, 0xa5, 0x92, 0x2a, 0x5a, 0xe9, 0xa5, 0x73, 0x51, 0x3a, 0xe9, 0xa9, 0x7e, 0x5a, 0x2a, 0xa8,
    0x4c, 0x33, 0x0e, 0xf8, 0x93, 0x83, 0x07, 0xfc, 0xff, 0x14, 0x80, 0xa9, 0xa8, 0x9e, 0xaa, 0x2a,
    0x44, 0xb3, 0x5a, 0x5a, 0x6b, 0xad, 0x06, 0xac, 0x0a, 0xd3, 0x8d, 0xcc, 0x41, 0x34, 0x40, 0x02,
    0x0a, 0x84, 0xd8, 0xd0, 0x71, 0x0c, 0xe0, 0x94, 0xeb, 0xae, 0xbc, 0xfa, 0x6a, 0x10, 0x01, 0xba,
    0x32, 0x5b, 0x2b, 0x4e, 0x05, 0xec, 0x44, 0x80, 0x43, 0x0e, 0xf2, 0x78, 0x50, 0x6a, 0xda, 0x8e,
    0x04, 0xad, 0xb4, 0xbb, 0x3e, 0x04, 0xee, 0xae, 0x06, 0x60, 0x7a, 0x22, 0x72, 0x0c, 0xf9, 0xd8,
    0x6d, 0x69, 0x48, 0x8a, 0x34, 0x2e, 0xaf, 0x4b, 0x7e, 0xfb, 0xee, 0xa4, 0xe6, 0x9e, 0x7b, 0x52,
    0x03, 0x09, 0x2e, 0x08, 0xe1, 0x5a, 0x17, 0xd6, 0x3b, 0x91, 0xbc, 0xf3, 0xfa, 0xb9, 0xa4, 0x00,
    0xd1, 0xce, 0x6b, 0x00, 0x7c, 0x2a, 0xf1, 0xab, 0x14, 0x56, 0x0b, 0x76, 0x24, 0x16, 0x58, 0xf8,
    0x02, 0x45, 0x70, 0xc0, 0x90, 0x22, 0x3c, 0x90, 0x00, 0xb4, 0x8e, 0x7b, 0x30, 0x9a, 0xdb, 0xdd,
    0xd4, 0xf0, 0xc2, 0x00, 0x58, 0x88, 0x1e, 0x4c, 0x18, 0x17, 0x2c, 0xed, 0xc6, 0x15, 0xf1, 0x19,
    0xaa, 0xad, 0xba, 0x3a, 0xfb, 0x93, 0x00, 0xa9, 0x1d, 0x00, 0x2c, 0x73, 0x04, 0xa4, 0xb6, 0x40,
    0xb5, 0x35, 0x19, 0x5b, 0xa8, 0xca, 0x26, 0xa7, 0xda, 0xb2, 0x99, 0x02, 0xf0, 0x09, 0x6a, 0xa8,
    0x8c, 0xfa, 0x3b, 0x92, 0x77, 0xdc, 0xa1, 0x66, 0xd5, 0x8f, 0x64, 0x05, 0x10, 0x34, 0xa4, 0xa3,
    0xfe, 0x39, 0x80, 0xd1, 0x84, 0x85, 0x69, 0xb5, 0x64, 0x3e, 0x26, 0xfd, 0x59, 0x54, 0xdd, 0x6a,
    0x65, 0xf5, 0xd5, 0x77, 0x12, 0x34, 0x14, 0x71, 0xce, 0xb5, 0xa7, 0x40, 0xd8, 0x4c, 0x82, 0xe5,
    0xc0, 0xb5, 0x0c, 0x09, 0xb0, 0x5d, 0xbb, 0x68, 0x57, 0x37, 0xdc, 0xc8, 0x02, 0x51, 0xe6, 0x80,
    0xcb, 0x71, 0xdb, 0x17, 0x40, 0x02, 0x0e, 0x2c, 0x0f, 0x60, 0xf1, 0x40, 0x7b, 0xf7, 0xfd, 0x77,
    0xde, 0xd5, 0x19, 0x4d, 0x75, 0x81, 0x01, 0x01, 0x00, 0x21, 0xf9, 0x04, 0x04, 0x08, 0x00, 0x00,
    0x00, 0x2c, 0x16, 0x00, 0x1a, 0x00, 0x93, 0x00, 0x2f, 0x00, 0x87, 0x00, 0x00, 0x00, 0x0d, 0x03,
    0x03, 0x1a, 0x06, 0x06, 0x26, 0x09, 0x0a, 0x33, 0x0d, 0x0d, 0x40, 0x10, 0x10, 0x4d, 0x13, 0x13,
    0x5a, 0x16, 0x16, 0x66, 0x19, 0x1a, 0x73, 0x1c, 0x1d, 0x80, 0x1f, 0x20, 0x8d, 0x22, 0x23, 0x9a,
    0x26, 0x26, 0xa6, 0x29, 0x2a, 0xb3, 0x2c, 0x2d, 0xc0, 0x2f, 0x30, 0x00, 0x00, 0x00, 0x00, 0x00,
    0x00, 0x00, 0x00, 0x00, 0x00, 0x00, 0x00, 0x00, 0x00, 0x00, 0x00, 0x00, 0x00, 0x00, 0x00, 0x00,
    0x00, 0x00, 0x00, 0x00, 0x00, 0x00, 0x00, 0x00, 0x00, 0x00, 0x00, 0x00, 0x00, 0x00, 0x00, 0x00,
    0x00, 0x00, 0x00, 0x00, 0x00, 0x00, 0x00, 0x00, 0x00, 0x00, 0x00, 0x00, 0x00, 0x00, 0x00, 0x00,
    0x00, 0x00, 0x00, 0x00, 0x00, 0x00, 0x00, 0x00, 0x00, 0x00, 0x00, 0x00, 0x00, 0x00, 0x00, 0x00,
    0x00, 0x00, 0x00, 0x00, 0x00, 0x00, 0x00, 0x00, 0x00, 0x00, 0x00, 0x00, 0x00, 0x00, 0x00, 0x00,
    0x00, 0x00, 0x00, 0x00, 0x00, 0x00, 0x00, 0x00, 0x00, 0x00, 0x00, 0x00, 0x00, 0x00, 0x00, 0x00,
    0x00, 0x00, 0x00, 0x00, 0x00, 0x00, 0x00, 0x00, 0x00, 0x00, 0x00, 0x00, 0x00, 0x00, 0x00, 0x00,
    0x00, 0x00, 0x00, 0x00, 0x00, 0x00, 0x00, 0x00, 0x00, 0x00, 0x00, 0x00, 0x00, 0x00, 0x00, 0x00,
    0x00, 0x00, 0x00, 0x00, 0x00, 0x00, 0x00, 0x00, 0x00, 0x00, 0x00, 0x00, 0x00, 0x00, 0x00, 0x00,
    0x00, 0x00, 0x00, 0x00, 0x00, 0x00, 0x00, 0x00, 0x00, 0x00, 0x00, 0x00, 0x00, 0x00, 0x00, 0x00,
    0x00, 0x00, 0x00, 0x00, 0x00, 0x00, 0x00, 0x00, 0x00, 0x00, 0x00, 0x00, 0x00, 0x00, 0x00, 0x00,
    0x00, 0x00, 0x00, 0x00, 0x00, 0x00, 0x00, 0x00, 0x00, 0x00, 0x00, 0x00, 0x00, 0x00, 0x00, 0x00,
    0x00, 0x00, 0x00, 0x00, 0x00, 0x00, 0x00, 0x00, 0x00, 0x00, 0x00, 0x00, 0x00, 0x00, 0x00, 0x00,
    0x00, 0x00, 0x00, 0x00, 0x00, 0x00, 0x00, 0x00, 0x00, 0x00, 0x00, 0x00, 0x00, 0x00, 0x00, 0x00,
    0x00, 0x00, 0x00, 0x00, 0x00, 0x00, 0x00, 0x00, 0x00, 0x00, 0x00, 0x00, 0x00, 0x00, 0x00, 0x00,
    0x00, 0x00, 0x00, 0x00, 0x00, 0x00, 0x00, 0x00, 0x00, 0x00, 0x00, 0x00, 0x00, 0x00, 0x00, 0x00,
    0x00, 0x00, 0x00, 0x00, 0x00, 0x00, 0x00, 0x00, 0x00, 0x00, 0x00, 0x00, 0x00, 0x00, 0x00, 0x00,
    0x00, 0x00, 0x00, 0x00, 0x00, 0x00, 0x00, 0x00, 0x00, 0x00, 0x00, 0x00, 0x00, 0x00, 0x00, 0x00,
    0x00, 0x00, 0x00, 0x00, 0x00, 0x00, 0x00, 0x00, 0x00, 0x00, 0x00, 0x00, 0x00, 0x00, 0x00, 0x00,
    0x00, 0x00, 0x00, 0x00, 0x00, 0x00, 0x00, 0x00, 0x00, 0x00, 0x00, 0x00, 0x00, 0x00, 0x00, 0x00,
    0x00, 0x00, 0x00, 0x00, 0x00, 0x00, 0x00, 0x00, 0x00, 0x00, 0x00, 0x00, 0x00, 0x00, 0x00, 0x00,
    0x00, 0x00, 0x00, 0x00, 0x00, 0x00, 0x00, 0x00, 0x00, 0x00, 0x00, 0x00, 0x00, 0x00, 0x00, 0x00,
    0x00, 0x00, 0x00, 0x00, 0x00, 0x00, 0x00, 0x00, 0x00, 0x00, 0x00, 0x00, 0x00, 0x00, 0x00, 0x00,
    0x00, 0x00, 0x00, 0x00, 0x00, 0x00, 0x00, 0x00, 0x00, 0x00, 0x00, 0x00, 0x00, 0x00, 0x00, 0x00,
    0x00, 0x00, 0x00, 0x00, 0x00, 0x00, 0x00, 0x00, 0x00, 0x00, 0x00, 0x00, 0x00, 0x00, 0x00, 0x00,
    0x00, 0x00, 0x00, 0x00, 0x00, 0x00, 0x00, 0x00, 0x00, 0x00, 0x00, 0x00, 0x00, 0x00, 0x00, 0x00,
    0x00, 0x00, 0x00, 0x00, 0x00, 0x00, 0x00, 0x00, 0x00, 0x00, 0x00, 0x00, 0x00, 0x00, 0x00, 0x00,
    0x00, 0x00, 0x00, 0x00, 0x00, 0x00, 0x00, 0x00, 0x00, 0x00, 0x00, 0x00, 0x00, 0x00, 0x00, 0x00,
    0x00, 0x00, 0x00, 0x00, 0x00, 0x00, 0x00, 0x00, 0x00, 0x00, 0x00, 0x00, 0x00, 0x00, 0x00, 0x00,
    0x00, 0x00, 0x00, 0x00, 0x00, 0x00, 0x00, 0x00, 0x00, 0x00, 0x00, 0x00, 0x00, 0x00, 0x00, 0x00,
    0x00, 0x00, 0x00, 0x00, 0x00, 0x00, 0x00, 0x00, 0x00, 0x00, 0x00, 0x00, 0x00, 0x00, 0x00, 0x00,
    0x00, 0x00, 0x00, 0x00, 0x00, 0x00, 0x00, 0x00, 0x00, 0x00, 0x00, 0x00, 0x00, 0x00, 0x00, 0x00,
    0x00, 0x00, 0x00, 0x00, 0x00, 0x00, 0x00, 0x00, 0x00, 0x00, 0x00, 0x00, 0x00, 0x00, 0x00, 0x00,
    0x00, 0x00, 0x00, 0x00, 0x00, 0x00, 0x00, 0x00, 0x00, 0x00, 0x00, 0x00, 0x00, 0x00, 0x00, 0x00,
    0x00, 0x00, 0x00, 0x00, 0x00, 0x00, 0x00, 0x00, 0x00, 0x00, 0x00, 0x00, 0x00, 0x00, 0x00, 0x00,
    0x00, 0x00, 0x00, 0x00, 0x00, 0x00, 0x00, 0x00, 0x00, 0x00, 0x00, 0x00, 0x00, 0x00, 0x00, 0x00,
    0x00, 0x00, 0x00, 0x00, 0x00, 0x00, 0x00, 0x00, 0x00, 0x00, 0x00, 0x00, 0x00, 0x00, 0x00, 0x00,
    0x00, 0x00, 0x00, 0x00, 0x00, 0x00, 0x00, 0x00, 0x00, 0x00, 0x00, 0x00, 0x00, 0x00, 0x00, 0x00,
    0x00, 0x00, 0x00, 0x00, 0x00, 0x00, 0x00, 0x00, 0x00, 0x00, 0x00, 0x00, 0x00, 0x00, 0x00, 0x00,
    0x00, 0x00, 0x00, 0x00, 0x00, 0x00, 0x00, 0x00, 0x00, 0x00, 0x00, 0x00, 0x00, 0x00, 0x00, 0x00,
    0x00, 0x00, 0x00, 0x00, 0x00, 0x00, 0x00, 0x00, 0x00, 0x00, 0x00, 0x00, 0x00, 0x00, 0x00, 0x00,
    0x00, 0x00, 0x00, 0x00, 0x00, 0x00, 0x00, 0x00, 0x00, 0x00, 0x00, 0x00, 0x00, 0x00, 0x00, 0x00,
    0x00, 0x00, 0x00, 0x00, 0x00, 0x00, 0x00, 0x00, 0x00, 0x00, 0x00, 0x00, 0x00, 0x00, 0x00, 0x00,
    0x00, 0x00, 0x00, 0x00, 0x00, 0x00, 0x00, 0x00, 0x00, 0x00, 0x00, 0x00, 0x00, 0x00, 0x00, 0x00,
    0x00, 0x00, 0x00, 0x00, 0x00, 0x00, 0x00, 0x00, 0x00, 0x00, 0x00, 0x08, 0xff, 0x00, 0x01, 0x08,
    0x1c, 0x48, 0xb0, 0xe0, 0x40, 0x02, 0x0a, 0x16, 0x18, 0x30, 0xc8, 0xb0, 0xa1, 0xc3, 0x87, 0x10,
    0x23, 0x4a, 0x9c, 0x18, 0x11, 0xa1, 0x42, 0x8a, 0x18, 0x0b, 0x26, 0x78, 0xc0, 0xf1, 0x01, 0x83,
    0x00, 0x19, 0x43, 0x8a, 0x1c, 0x49, 0x92, 0xe0, 0xc6, 0x8e, 0x1f, 0x4b, 0x42, 0x3c, 0xd9, 0xd1,
    0x23, 0x48, 0x95, 0x30, 0x63, 0xc2, 0x64, 0x89, 0xf2, 0xa5, 0x4c, 0x81, 0x01, 0x16, 0xb4, 0x6c,
    0xd9, 0x60, 0xc0, 0xcd, 0x9f, 0x40, 0x1f, 0xe6, 0xdc, 0xd9, 0xb1, 0xe7, 0xcf, 0x00, 0x0c, 0x88,
    0xb6, 0x74, 0xe0, 0x33, 0xa8, 0xd3, 0xa0, 0x48, 0x95, 0x76, 0x64, 0x2a, 0x33, 0xaa, 0xd4, 0xa9,
    0x4d, 0x9f, 0x6a, 0x55, 0x69, 0xf5, 0xea, 0x03, 0xaa, 0x5c, 0x93, 0x7a, 0xc5, 0xba, 0xb5, 0xac,
    0xc8, 0xae, 0x63, 0xc1, 0x8e, 0x1c, 0xd0, 0x40, 0x69, 0x03, 0xb1, 0x3b, 0x1d, 0x2c, 0x34, 0x4b,
    0x37, 0x22, 0x5b, 0xb7, 0x70, 0x97, 0xce, 0x0d, 0x39, 0xc0, 0x81, 0x52, 0xa6, 0x68, 0x5b, 0xee,
    0xad, 0x4b, 0x98, 0x60, 0xdf, 0xbf, 0x03, 0x02, 0x77, 0x1c, 0x3c, 0xf1, 0x30, 0x51, 0xb0, 0x8a,
    0x39, 0x32, 0x2e, 0x4c, 0xd7, 0x71, 0xdc, 0xa6, 0x91, 0x1f, 0x4c, 0x7e, 0x68, 0x79, 0x69, 0x56,
    0x00, 0x99, 0x37, 0x53, 0x7e, 0xda, 0x99, 0xec, 0xc0, 0xd0, 0x13, 0x0d, 0xf8, 0x25, 0xca, 0xe0,
    0x33, 0x4e, 0x05, 0x52, 0x11, 0x8c, 0x36, 0xab, 0x5a, 0x69, 0x6b, 0x83, 0x01, 0x60, 0x2b, 0x95,
    0x0d, 0xd1, 0x80, 0xd4, 0x94, 0x0d, 0x69, 0xb6, 0x4c, 0x30, 0x5b, 0xab, 0x6f, 0xdb, 0x36, 0x0d,
    0x0a, 0xef, 0x48, 0xdc, 0xe1, 0x71, 0xd6, 0xc9, 0x19, 0x2e, 0xe7, 0xd8, 0xbc, 0xf8, 0xcf, 0xe7,
    0x3b, 0x81, 0x3b, 0x9c, 0xfe, 0xa0, 0x7a, 0x41, 0xec, 0x2d, 0xb5, 0x3f, 0xff, 0xe4, 0xee, 0xdd,
    0xba, 0x4a, 0xf0, 0x35, 0x25, 0x92, 0x37, 0x88, 0x40, 0xaa, 0x82, 0xe8, 0x0f, 0xdb, 0x2b, 0x5d,
    0x00, 0xdf, 0x7c, 0x46, 0xf9, 0x44, 0xdf, 0x53, 0xc4, 0xbf, 0x93, 0xfe, 0xc0, 0xf5, 0x19, 0xa1,
    0xc7, 0x91, 0x78, 0xf6, 0x61, 0x04, 0x20, 0x46, 0x02, 0xba, 0x04, 0xc0, 0x81, 0x01, 0xfe, 0x56,
    0x5f, 0x81, 0xe3, 0x49, 0x55, 0x1e, 0x45, 0x09, 0x7e, 0x24, 0x61, 0x49, 0x09, 0x8a, 0x06, 0x21,
    0x43, 0x02, 0x5c, 0x48, 0x52, 0x86, 0xbb, 0xc1, 0x54, 0xc0, 0x6a, 0x2d, 0xf1, 0xb6, 0x61, 0x45,
    0x21, 0xaa, 0x34, 0x22, 0x51, 0xfc, 0x71, 0x74, 0x80, 0x4c, 0x03, 0x10, 0x55, 0xc0, 0x89, 0x12,
    0x75, 0xb8, 0xd3, 0x8b, 0x31, 0xc5, 0xb8, 0x53, 0x01, 0xd8, 0x4d, 0x88, 0xe1, 0x70, 0x34, 0xa6,
    0x06, 0xe4, 0x4d, 0x3d, 0x0a, 0x54, 0x40, 0x42, 0x38, 0xfe, 0x74, 0xe4, 0x02, 0x49, 0x06, 0x19,
    0xd1, 0x92, 0x4d, 0xca, 0x04, 0xa5, 0x93, 0x54, 0x56, 0x69, 0xe5, 0x95, 0x58, 0x66, 0xa9, 0xe5,
    0x96, 0x5c, 0x76, 0xe9, 0xe5, 0x97, 0x60, 0x42, 0x18, 0xc0, 0x98, 0x64, 0x86, 0x39, 0x1a, 0x99,
    0x65, 0x8e, 0x14, 0x80, 0x00, 0x04, 0x14, 0xc0, 0xa3, 0x01, 0x70, 0xba, 0x49, 0x40, 0x62, 0x5a,
    0x0d, 0x40, 0x00, 0x69, 0x77, 0x3e, 0xb5, 0x66, 0x9b, 0x6f, 0xc6, 0x59, 0xc0, 0x9c, 0x0f, 0x32,
    0x14, 0x40, 0x9b, 0x7e, 0xba, 0x69, 0xe8, 0x9b, 0x6e, 0x0a, 0x10, 0xd4, 0x49, 0xfe, 0xfd, 0xc4,
    0x68, 0xa0, 0x6a, 0x12, 0x6a, 0xc0, 0xa1, 0x87, 0xfa, 0xa9, 0x28, 0x44, 0x02, 0xf0, 0x48, 0xe9,
    0xa6, 0x95, 0xba, 0xa6, 0x62, 0x78, 0x13, 0x41, 0x3a, 0x10, 0x7f, 0x3e, 0x92, 0x94, 0xe9, 0xa4,
    0x9c, 0x72, 0x6a, 0x80, 0xa7, 0x04, 0x09, 0x80, 0x6a, 0xaa, 0xa9, 0xae, 0xe4, 0x7a, 0x53, 0x8b,
    0xa5, 0x0e, 0x74, 0x00, 0x03, 0x0d, 0x20, 0x00, 0x29, 0x78, 0x0c, 0xdc, 0xe4, 0x2a, 0xac, 0xb0,
    0xca, 0xda, 0x10, 0x01, 0xaf, 0x02, 0xcb, 0xa9, 0xa8, 0x14, 0x11, 0x40, 0x54, 0x94, 0x26, 0x85,
    0xf7, 0xa0, 0x8e, 0x2d, 0x31, 0x4b, 0x12, 0xb1, 0xc6, 0xc2, 0xfa, 0x60, 0xb5, 0xc1, 0x22, 0x4b,
    0x21, 0x51, 0x93, 0x05, 0xb0, 0x1c, 0x03, 0x97, 0x1a, 0x46, 0x22, 0x75, 0x4a, 0x62, 0xab, 0xea,
    0x83, 0xd4, 0x9a, 0x4b, 0x29, 0x50, 0xe0, 0xa9, 0x05, 0x5a, 0x5e, 0x9e, 0x11, 0x14, 0x58, 0xad,
    0x23, 0xa5, 0xab, 0xae, 0xa1, 0x0e, 0x05, 0xa0, 0xe9, 0xbd, 0x06, 0x84, 0x3b, 0x6b, 0x5c, 0x97,
    0x66, 0xc6, 0x91, 0x5a, 0xf0, 0x2e, 0x00, 0xd5, 0xbe, 0xea, 0xf6, 0x2b, 0x14, 0xc2, 0xc6, 0x4e,
    0xea, 0xaf, 0xa3, 0xd9, 0x8d, 0x09, 0xef, 0x57, 0x97, 0x2d, 0x18, 0xb1, 0x53, 0xfa, 0x16, 0x0b,
    0xac, 0xc3, 0x12, 0x0d, 0xe0, 0x26, 0x9c, 0x1a, 0x83, 0x5c, 0x00, 0x9d, 0x7a, 0xc2, 0x9b, 0xd0,
    0x65, 0x81, 0xe5, 0x5a, 0x71, 0x9d, 0x1f, 0x17, 0xda, 0xf2, 0xa4, 0x24, 0x87, 0x6a, 0x27, 0x9f,
    0x72, 0xce, 0xf9, 0xb0, 0x9e, 0x6d, 0x5d, 0x05, 0xd9, 0xc4, 0x3b, 0xb1, 0x0a, 0xd5, 0xcc, 0x87,
    0x12, 0x60, 0xb3, 0x99, 0xa5, 0x99, 0x86, 0x13, 0xcf, 0x92, 0x99, 0x79, 0xa2, 0xb2, 0x8f, 0x79,
    0x1a, 0x99, 0x89, 0x4a, 0x43, 0xc8, 0x6b, 0xa0, 0xc2, 0xd1, 0x1b, 0xf5, 0x6c, 0x2c, 0x11, 0xa8,
    0x5c, 0x7a, 0x57, 0xd3, 0x68, 0xc0, 0x02, 0xba, 0x4a, 0xf4, 0x75, 0xd8, 0x5d, 0x97, 0xbd, 0x65,
    0x40, 0x00, 0x21, 0xf9, 0x04, 0x04, 0x1c, 0x00, 0x00, 0x00, 0x2c, 0x15, 0x00, 0x19, 0x00, 0x94,
    0x00, 0x2f, 0x00, 0x87, 0x00, 0x00, 0x00, 0x0d, 0x03, 0x03, 0x1a, 0x06, 0x06, 0x26, 0x09, 0x0a,
    0x33, 0x0d, 0x0d, 0x40, 0x10, 0x10, 0x4d, 0x13, 0x13, 0x5a, 0x16, 0x16, 0x66, 0x19, 0x1a, 0x73,
    0x1c, 0x1d, 0x80, 0x1f, 0x20, 0x8d, 0x22, 0x23, 0x9a, 0x26, 0x26, 0xa6, 0x29, 0x2a, 0xb3, 0x2c,
    0x2d, 0xc0, 0x2f, 0x30, 0x00, 0x00, 0x00, 0x00, 0x00, 0x00, 0x00, 0x00, 0x00, 0x00, 0x00, 0x00,
    0x00, 0x00, 0x00, 0x00, 0x00, 0x00, 0x00, 0x00, 0x00, 0x00, 0x00, 0x00, 0x00, 0x00, 0x00, 0x00,
    0x00, 0x00, 0x00, 0x00, 0x00, 0x00, 0x00, 0x00, 0x00, 0x00, 0x00, 0x00, 0x00, 0x00, 0x00, 0x00,
    0x00, 0x00, 0x00, 0x00, 0x00, 0x00, 0x00, 0x00, 0x00, 0x00, 0x00, 0x00, 0x00, 0x00, 0x00, 0x00,
    0x00, 0x00, 0x00, 0x00, 0x00, 0x00, 0x00, 0x00, 0x00, 0x00, 0x00, 0x00, 0x00, 0x00, 0x00, 0x00,
    0x00, 0x00, 0x00, 0x00, 0x00, 0x00, 0x00, 0x00, 0x00, 0x00, 0x00, 0x00, 0x00, 0x00, 0x00, 0x00,
    0x00, 0x00, 0x00, 0x00, 0x00, 0x00, 0x00, 0x00, 0x00, 0x00, 0x00, 0x00, 0x00, 0x00, 0x00, 0x00,
    0x00, 0x00, 0x00, 0x00, 0x00, 0x00, 0x00, 0x00, 0x00, 0x00, 0x00, 0x00, 0x00, 0x00, 0x00, 0x00,
    0x00, 0x00, 0x00, 0x00, 0x00, 0x00, 0x00, 0x00, 0x00, 0x00, 0x00, 0x00, 0x00, 0x00, 0x00, 0x00,
    0x00, 0x00, 0x00, 0x00, 0x00, 0x00, 0x00, 0x00, 0x00, 0x00, 0x00, 0x00, 0x00, 0x00, 0x00, 0x00,
    0x00, 0x00, 0x00, 0x00, 0x00, 0x00, 0x00, 0x00, 0x00, 0x00, 0x00, 0x00, 0x00, 0x00, 0x00, 0x00,
    0x00, 0x00, 0x00, 0x00, 0x00, 0x00, 0x00, 0x00, 0x00, 0x00, 0x00, 0x00, 0x00, 0x00, 0x00, 0x00,
    0x00, 0x00, 0x00, 0x00, 0x00, 0x00, 0x00, 0x00, 0x00, 0x00, 0x00, 0x00, 0x00, 0x00, 0x00, 0x00,
    0x00, 0x00, 0x00, 0x00, 0x00, 0x00, 0x00, 0x00, 0x00, 0x00, 0x00, 0x00, 0x00, 0x00, 0x00, 0x00,
    0x00, 0x00, 0x00, 0x00, 0x00, 0x00, 0x00, 0x00, 0x00, 0x00, 0x00, 0x00, 0x00, 0x00, 0x00, 0x00,
    0x00, 0x00, 0x00, 0x00, 0x00, 0x00, 0x00, 0x00, 0x00, 0x00, 0x00, 0x00, 0x00, 0x00, 0x00, 0x00,
    0x00, 0x00, 0x00, 0x00, 0x00, 0x00, 0x00, 0x00, 0x00, 0x00, 0x00, 0x00, 0x00, 0x00, 0x00, 0x00,
    0x00, 0x00, 0x00, 0x00, 0x00, 0x00, 0x00, 0x00, 0x00, 0x00, 0x00, 0x00, 0x00, 0x00, 0x00, 0x00,
    0x00, 0x00, 0x00, 0x00, 0x00, 0x00, 0x00, 0x00, 0x00, 0x00, 0x00, 0x00, 0x00, 0x00, 0x00, 0x00,
    0x00, 0x00, 0x00, 0x00, 0x00, 0x00, 0x00, 0x00, 0x00, 0x00, 0x00, 0x00, 0x00, 0x00, 0x00, 0x00,
    0x00, 0x00, 0x00, 0x00, 0x00, 0x00, 0x00, 0x00, 0x00, 0x00, 0x00, 0x00, 0x00, 0x00, 0x00, 0x00,
    0x00, 0x00, 0x00, 0x00, 0x00, 0x00, 0x00, 0x00, 0x00, 0x00, 0x00, 0x00, 0x00, 0x00, 0x00, 0x00,
    0x00, 0x00, 0x00, 0x00, 0x00, 0x00, 0x00, 0x00, 0x00, 0x00, 0x00, 0x00, 0x00, 0x00, 0x00, 0x00,
    0x00, 0x00, 0x00, 0x00, 0x00, 0x00, 0x00, 0x00, 0x00, 0x00, 0x00, 0x00, 0x00, 0x00, 0x00, 0x00,
    0x00, 0x00, 0x00, 0x00, 0x00, 0x00, 0x00, 0x00, 0x00, 0x00, 0x00, 0x00, 0x00, 0x00, 0x00, 0x00,
    0x00, 0x00, 0x00, 0x00, 0x00, 0x00, 0x00, 0x00, 0x00, 0x00, 0x00, 0x00, 0x00, 0x00, 0x00, 0x00,
    0x00, 0x00, 0x00, 0x00, 0x00, 0x00, 0x00, 0x00, 0x00, 0x00, 0x00, 0x00, 0x00, 0x00, 0x00, 0x00,
    0x00, 0x00, 0x00, 0x00, 0x00, 0x00, 0x00, 0x00, 0x00, 0x00, 0x00, 0x00, 0x00, 0x00, 0x00, 0x00,
    0x00, 0x00, 0x00, 0x00, 0x00, 0x00, 0x00, 0x00, 0x00, 0x00, 0x00, 0x00, 0x00, 0x00, 0x00, 0x00,
    0x00, 0x00, 0x00, 0x00, 0x00, 0x00, 0x00, 0x00, 0x00, 0x00, 0x00, 0x00, 0x00, 0x00, 0x00, 0x00,
    0x00, 0x00, 0x00, 0x00, 0x00, 0x00, 0x00, 0x00, 0x00, 0x00, 0x00, 0x00, 0x00, 0x00, 0x00, 0x00,
    0x00, 0x00, 0x00, 0x00, 0x00, 0x00, 0x00, 0x00, 0x00, 0x00, 0x00, 0x00, 0x00, 0x00, 0x00, 0x00,
    0x00, 0x00, 0x00, 0x00, 0x00, 0x00, 0x00, 0x00, 0x00, 0x00, 0x00, 0x00, 0x00, 0x00, 0x00, 0x00,
    0x00, 0x00, 0x00, 0x00, 0x00, 0x00, 0x00, 0x00, 0x00, 0x00, 0x00, 0x00, 0x00, 0x00, 0x00, 0x00,
    0x00, 0x00, 0x00, 0x00, 0x00, 0x00, 0x00, 0x00, 0x00, 0x00, 0x00, 0x00, 0x00, 0x00, 0x00, 0x00,
    0x00, 0x00, 0x00, 0x00, 0x00, 0x00, 0x00, 0x00, 0x00, 0x00, 0x00, 0x00, 0x00, 0x00, 0x00, 0x00,
    0x00, 0x00, 0x00, 0x00, 0x00, 0x00, 0x00, 0x00, 0x00, 0x00, 0x00, 0x00, 0x00, 0x00, 0x00, 0x00,
    0x00, 0x00, 0x00, 0x00, 0x00, 0x00, 0x00, 0x00, 0x00, 0x00, 0x00, 0x00, 0x00, 0x00, 0x00, 0x00,
    0x00, 0x00, 0x00, 0x00, 0x00, 0x00, 0x00, 0x00, 0x00, 0x00, 0x00, 0x00, 0x00, 0x00, 0x00, 0x00,
    0x00, 0x00, 0x00, 0x00, 0x00, 0x00, 0x00, 0x00, 0x00, 0x00, 0x00, 0x00, 0x00, 0x00, 0x00, 0x00,
    0x00, 0x00, 0x00, 0x00, 0x00, 0x00, 0x00, 0x00, 0x00, 0x00, 0x00, 0x00, 0x00, 0x00, 0x00, 0x00,
    0x00, 0x00, 0x00, 0x00, 0x00, 0x00, 0x00, 0x00, 0x00, 0x00, 0x00, 0x00, 0x00, 0x00, 0x00, 0x00,
    0x00, 0x00, 0x00, 0x00, 0x00, 0x00, 0x00, 0x00, 0x00, 0x00, 0x00, 0x00, 0x00, 0x00, 0x00, 0x00,
    0x00, 0x00, 0x00, 0x00, 0x00, 0x00, 0x00, 0x00, 0x00, 0x00, 0x00, 0x00, 0x00, 0x00, 0x00, 0x00,
    0x00, 0x00, 0x00, 0x00, 0x00, 0x00, 0x00, 0x00, 0x00, 0x00, 0x00, 0x00, 0x00, 0x00, 0x00, 0x00,
    0x00, 0x00, 0x00, 0x00, 0x08, 0xff, 0x00, 0x01, 0x08, 0x1c, 0x48, 0xb0, 0x60, 0xc1, 0x00, 0x01,
    0x0c, 0x2a, 0x5c, 0xc8, 0xb0, 0xa1, 0xc3, 0x87, 0x10, 0x23, 0x46, 0x44, 0x28, 0xb1, 0xa2, 0xc2,
    0x00, 0x08, 0x1a, 0x38, 0x48, 0x20, 0xc0, 0xa2, 0xc7, 0x8f, 0x20, 0x43, 0x1e, 0xcc, 0xb8, 0xb1,
    0xa3, 0xc8, 0x87, 0x01, 0x18, 0x3c, 0x58, 0xf9, 0xc0, 0xc1, 0x80, 0x93, 0x30, 0x63, 0xca, 0x4c,
    0xc9, 0xb2, 0xe5, 0x4b, 0x99, 0x06, 0x69, 0xd6, 0xb4, 0x89, 0xb3, 0xa7, 0x4f, 0x94, 0x2a, 0x77,
    0xba, 0xfc, 0x09, 0x60, 0x80, 0x83, 0x9d, 0x35, 0x0d, 0x10, 0x5d, 0x4a, 0xd4, 0x28, 0x52, 0x96,
    0x4a, 0x7b, 0x3a, 0x7d, 0x0a, 0x95, 0xa9, 0xd5, 0x98, 0x53, 0xa9, 0x3e, 0x88, 0x8a, 0xf5, 0xa8,
    0xd6, 0xaa, 0x57, 0xc3, 0x7a, 0xcc, 0xfa, 0x95, 0xab, 0x48, 0xb2, 0x5f, 0xb7, 0x8a, 0x5d, 0x0b,
    0x11, 0x6d, 0xd9, 0x93, 0x06, 0xa8, 0x2e, 0x48, 0x40, 0x35, 0x01, 0xdb, 0xbb, 0x0a, 0xe3, 0x3e,
    0x9d, 0x5b, 0x37, 0xa4, 0x5e, 0xa4, 0x0c, 0x12, 0xd2, 0x7d, 0x6a, 0x17, 0xaf, 0xe1, 0xbf, 0x3b,
    0x03, 0x03, 0x18, 0x8c, 0xb4, 0xb0, 0x45, 0xc4, 0x35, 0x15, 0x0b, 0x64, 0xbc, 0xd3, 0xb1, 0x61,
    0xb1, 0x90, 0x59, 0x4a, 0x5e, 0xdc, 0xb7, 0x62, 0xe6, 0x95, 0x9b, 0x27, 0x77, 0xbe, 0x7c, 0xf5,
    0xf3, 0x83, 0xd0, 0x9c, 0x09, 0x4b, 0xa4, 0x5c, 0x33, 0x41, 0x42, 0x83, 0x07, 0xa8, 0xa2, 0x26,
    0xdd, 0x93, 0x35, 0x4b, 0xd7, 0x0a, 0x63, 0x3f, 0x9d, 0x6d, 0xd0, 0xf6, 0x4a, 0xcb, 0x06, 0x4d,
    0xf3, 0xa6, 0x7d, 0xd2, 0xf7, 0x03, 0xe0, 0x05, 0x85, 0xbf, 0x5e, 0x68, 0x1c, 0x79, 0x70, 0xd9,
    0xcb, 0x89, 0xc3, 0x6c, 0xfe, 0x50, 0x39, 0xf3, 0xd1, 0x0e, 0xad, 0x4b, 0x2f, 0x8e, 0xbd, 0xa1,
    0xf6, 0x81, 0x3a, 0x91, 0x1e, 0xff, 0xa8, 0x48, 0xc0, 0xab, 0xd0, 0x9b, 0xdb, 0x3d, 0x86, 0xdf,
    0x39, 0x5e, 0x62, 0xf9, 0xa7, 0x43, 0x05, 0xae, 0x4f, 0x3a, 0xd6, 0x7c, 0xcd, 0xf8, 0xe9, 0x25,
    0xce, 0x07, 0x5b, 0xd1, 0x2d, 0x4f, 0x00, 0x41, 0x21, 0x65, 0x56, 0x7f, 0xf6, 0xb1, 0xe4, 0x80,
    0x49, 0xf9, 0x41, 0x14, 0xe0, 0x4e, 0x03, 0x4a, 0xe4, 0xdf, 0x81, 0x03, 0x50, 0xd5, 0x20, 0x81,
    0x4f, 0xb5, 0x97, 0xa0, 0x43, 0x11, 0x3e, 0x35, 0xa1, 0x83, 0x05, 0xae, 0x74, 0x00, 0x01, 0x48,
    0x39, 0x40, 0x00, 0x4c, 0x02, 0x2c, 0xb8, 0x12, 0x02, 0x17, 0x3e, 0x04, 0xa2, 0x50, 0x23, 0x9e,
    0x54, 0x22, 0x52, 0x08, 0x04, 0x50, 0x60, 0x8b, 0x30, 0xc9, 0xb8, 0x13, 0x7a, 0x29, 0x2e, 0x64,
    0x63, 0x4d, 0x34, 0x9e, 0xb4, 0x23, 0x4b, 0x2f, 0x65, 0xb5, 0x21, 0x48, 0x42, 0xe6, 0xf8, 0x50,
    0x91, 0x38, 0x21, 0x09, 0x80, 0x00, 0x07, 0x1c, 0x80, 0xa3, 0x4c, 0x4c, 0x3a, 0x69, 0x24, 0x44,
    0x51, 0x3e, 0x19, 0x53, 0x95, 0x53, 0x66, 0xa9, 0xe5, 0x96, 0x5c, 0x76, 0xe9, 0xe5, 0x97, 0x60,
    0x86, 0x29, 0xe6, 0x98, 0x64, 0x96, 0x89, 0x53, 0x00, 0x02, 0x0c, 0xa0, 0xe6, 0x00, 0x02, 0x44,
    0x67, 0xa6, 0x55, 0x68, 0xae, 0xc9, 0xa6, 0x9b, 0x15, 0x09, 0x40, 0x40, 0x01, 0x05, 0x18, 0xa0,
    0xe7, 0x9e, 0x78, 0x12, 0xd0, 0x26, 0x51, 0x01, 0x34, 0x89, 0xe0, 0x99, 0x82, 0x2e, 0x65, 0x27,
    0x9e, 0x7b, 0xf2, 0x59, 0x80, 0x9f, 0x74, 0x32, 0x24, 0x40, 0x9e, 0x06, 0xe0, 0x29, 0xe9, 0xa4,
    0x90, 0x16, 0x60, 0xa5, 0x8f, 0x41, 0xe1, 0x17, 0x93, 0x4e, 0x9a, 0x5e, 0x59, 0x29, 0xa5, 0x93,
    0xea, 0x69, 0x69, 0x5b, 0x91, 0x82, 0x6a, 0x2a, 0xa2, 0x3d, 0xc2, 0xa4, 0xdb, 0x4a, 0x0e, 0x34,
    0x5a, 0x50, 0x9a, 0x10, 0x2d, 0xf6, 0x50, 0xd3, 0x02, 0x52, 0x95, 0x7a, 0x2a, 0xa8, 0x06, 0xa4,
    0x6a, 0xd0, 0x00, 0xb6, 0xde, 0x8a, 0xab, 0xae, 0x21, 0x21, 0x90, 0x98, 0xab, 0x00, 0x04, 0xa0,
    0x00, 0x68, 0x97, 0x0e, 0xc4, 0x1a, 0xad, 0x32, 0xf1, 0xea, 0xeb, 0xa9, 0xb9, 0x36, 0xf4, 0xec,
    0xb3, 0xc4, 0x5a, 0x24, 0x40, 0x81, 0xce, 0x15, 0xbb, 0x60, 0xa7, 0x03, 0x65, 0x56, 0x00, 0x4e,
    0xd3, 0xfa, 0x4a, 0x6c, 0xb8, 0xd0, 0x56, 0x6b, 0x11, 0x5a, 0x28, 0x16, 0x34, 0x80, 0x89, 0x2d,
    0x7d, 0x5b, 0x50, 0x01, 0x02, 0xf6, 0x44, 0xae, 0xa9, 0x06, 0x10, 0xeb, 0xec, 0xbc, 0x88, 0xba,
    0x9b, 0x64, 0x81, 0x66, 0xf9, 0xb7, 0x52, 0xbf, 0xfc, 0xfa, 0x74, 0x2f, 0xbe, 0x91, 0x3a, 0x44,
    0x40, 0xaf, 0xd3, 0x46, 0x6a, 0xee, 0x47, 0xf0, 0xee, 0xd4, 0xa2, 0xbf, 0x60, 0xfd, 0x78, 0x22,
    0x51, 0x07, 0x13, 0x5c, 0xc0, 0xc2, 0x07, 0x23, 0x4c, 0x6f, 0xae, 0x0b, 0x83, 0xb4, 0x2a, 0xab,
    0x02, 0x5c, 0x9b, 0x98, 0xac, 0x0c, 0x02, 0xb8, 0x93, 0x02, 0x4c, 0x65, 0x9c, 0x30, 0xc7, 0x13,
    0x0d, 0x00, 0x69, 0xa2, 0x89, 0x2e, 0x3a, 0x28, 0x51, 0xac, 0x35, 0xd0, 0xc0, 0xb0, 0xa9, 0x45,
    0x86, 0x33, 0x53, 0x01, 0xb8, 0x0c, 0x33, 0xcc, 0x32, 0x7f, 0x14, 0x27, 0x01, 0x44, 0x13, 0xa0,
    0xe6, 0x9f, 0x62, 0x91, 0x0c, 0x9d, 0xb2, 0x5f, 0xb5, 0xba, 0xd6, 0xd0, 0x45, 0x1f, 0xdd, 0x71,
    0x96, 0xfb, 0x81, 0xe6, 0xa6, 0x71, 0xdc, 0xbe, 0x49, 0x9a, 0xc8, 0x3b, 0x2d, 0xd0, 0xa8, 0xb0,
    0x48, 0xe9, 0xab, 0xf5, 0x76, 0x19, 0xde, 0xe6, 0x1d, 0x7b, 0x63, 0x5f, 0xf8, 0x57, 0xb6, 0x04,
    0xad, 0x9d, 0x76, 0x8a, 0x4c, 0x02, 0xab, 0x50, 0xdc, 0x60, 0x06, 0x04, 0x00, 0x21, 0xf9, 0x04,
    0x04, 0x08, 0x00, 0x00, 0x00, 0x2c, 0x15, 0x00, 0x19, 0x00, 0x94, 0x00, 0x2f, 0x00, 0x87, 0x00,
    0x00, 0x00, 0x0d, 0x03, 0x03, 0x1a, 0x06, 0x06, 0x26, 0x09, 0x0a, 0x33, 0x0d, 0x0d, 0x40, 0x10,
    0x10, 0x4d, 0x13, 0x13, 0x5a, 0x16, 0x16, 0x66, 0x19, 0x1a, 0x73, 0x1c, 0x1d, 0x80, 0x1f, 0x20,
    0x8d, 0x22, 0x23, 0x9a, 0x26, 0x26, 0xa6, 0x29, 0x2a, 0xb3, 0x2c, 0x2d, 0xc0, 0x2f, 0x30, 0x00,
    0x00, 0x00, 0x00, 0x00, 0x00, 0x00, 0x00, 0x00, 0x00, 0x00, 0x00, 0x00, 0x00, 0x00, 0x00, 0x00,
    0x00, 0x00, 0x00, 0x00, 0x00, 0x00, 0x00, 0x00, 0x00, 0x00, 0x00, 0x00, 0x00, 0x00, 0x00, 0x00,
    0x00, 0x00, 0x00, 0x00, 0x00, 0x00, 0x00, 0x00, 0x00, 0x00, 0x00, 0x00, 0x00, 0x00, 0x00, 0x00,
    0x00, 0x00, 0x00, 0x00, 0x00, 0x00, 0x00, 0x00, 0x00, 0x00, 0x00, 0x00, 0x00, 0x00, 0x00, 0x00,
    0x00, 0x00, 0x00, 0x00, 0x00, 0x00, 0x00, 0x00, 0x00, 0x00, 0x00, 0x00, 0x00, 0x00, 0x00, 0x00,
    0x00, 0x00, 0x00, 0x00, 0x00, 0x00, 0x00, 0x00, 0x00, 0x00, 0x00, 0x00, 0x00, 0x00, 0x00, 0x00,
    0x00, 0x00, 0x00, 0x00, 0x00, 0x00, 0x00, 0x00, 0x00, 0x00, 0x00, 0x00, 0x00, 0x00, 0x00, 0x00,
    0x00, 0x00, 0x00, 0x00, 0x00, 0x00, 0x00, 0x00, 0x00, 0x00, 0x00, 0x00, 0x00, 0x00, 0x00, 0x00,
    0x00, 0x00, 0x00, 0x00, 0x00, 0x00, 0x00, 0x00, 0x00, 0x00, 0x00, 0x00, 0x00, 0x00, 0x00, 0x00,
    0x00, 0x00, 0x00, 0x00, 0x00, 0x00, 0x00, 0x00, 0x00, 0x00, 0x00, 0x00, 0x00, 0x00, 0x00, 0x00,
    0x00, 0x00, 0x00, 0x00, 0x00, 0x00, 0x00, 0x00, 0x00, 0x00, 0x00, 0x00, 0x00, 0x00, 0x00, 0x00,
    0x00, 0x00, 0x00, 0x00, 0x00, 0x00, 0x00, 0x00, 0x00, 0x00, 0x00, 0x00, 0x00, 0x00, 0x00, 0x00,
    0x00, 0x00, 0x00, 0x00, 0x00, 0x00, 0x00, 0x00, 0x00, 0x00, 0x00, 0x00, 0x00, 0x00, 0x00, 0x00,
    0x00, 0x00, 0x00, 0x00, 0x00, 0x00, 0x00, 0x00, 0x00, 0x00, 0x00, 0x00, 0x00, 0x00, 0x00, 0x00,
    0x00, 0x00, 0x00, 0x00, 0x00, 0x00, 0x00, 0x00, 0x00, 0x00, 0x00, 0x00, 0x00, 0x00, 0x00, 0x00,
    0x00, 0x00, 0x00, 0x00, 0x00, 0x00, 0x00, 0x00, 0x00, 0x00, 0x00, 0x00, 0x00, 0x00, 0x00, 0x00,
    0x00, 0x00, 0x00, 0x00, 0x00, 0x00, 0x00, 0x00, 0x00, 0x00, 0x00, 0x00, 0x00, 0x00, 0x00, 0x00,
    0x00, 0x00, 0x00, 0x00, 0x00, 0x00, 0x00, 0x00, 0x00, 0x00, 0x00, 0x00, 0x00, 0x00, 0x00, 0x00,
    0x00, 0x00, 0x00, 0x00, 0x00, 0x00, 0x00, 0x00, 0x00, 0x00, 0x00, 0x00, 0x00, 0x00, 0x00, 0x00,
    0x00, 0x00, 0x00, 0x00, 0x00, 0x00, 0x00, 0x00, 0x00, 0x00, 0x00, 0x00, 0x00, 0x00, 0x00, 0x00,
    0x00, 0x00, 0x00, 0x00, 0x00, 0x00, 0x00, 0x00, 0x00, 0x00, 0x00, 0x00, 0x00, 0x00, 0x00, 0x00,
    0x00, 0x00, 0x00, 0x00, 0x00, 0x00, 0x00, 0x00, 0x00, 0x00, 0x00, 0x00, 0x00, 0x00, 0x00, 0x00,
    0x00, 0x00, 0x00, 0x00, 0x00, 0x00, 0x00, 0x00, 0x00, 0x00, 0x00, 0x00, 0x00, 0x00, 0x00, 0x00,
    0x00, 0x00, 0x00, 0x00, 0x00, 0x00, 0x00, 0x00, 0x00, 0x00, 0x00, 0x00, 0x00, 0x00, 0x00, 0x00,
    0x00, 0x00, 0x00, 0x00, 0x00, 0x00, 0x00, 0x00, 0x00, 0x00, 0x00, 0x00, 0x00, 0x00, 0x00, 0x00,
    0x00, 0x00, 0x00, 0x00, 0x00, 0x00, 0x00, 0x00, 0x00, 0x00, 0x00, 0x00, 0x00, 0x00, 0x00, 0x00,
    0x00, 0x00, 0x00, 0x00, 0x00, 0x00, 0x00, 0x00, 0x00, 0x00, 0x00, 0x00, 0x00, 0x00, 0x00, 0x00,
    0x00, 0x00, 0x00, 0x00, 0x00, 0x00, 0x00, 0x00, 0x00, 0x00, 0x00, 0x00, 0x00, 0x00, 0x00, 0x00,
    0x00, 0x00, 0x00, 0x00, 0x00, 0x00, 0x00, 0x00, 0x00, 0x00, 0x00, 0x00, 0x00, 0x00, 0x00, 0x00,
    0x00, 0x00, 0x00, 0x00, 0x00, 0x00, 0x00, 0x00, 0x00, 0x00, 0x00, 0x00, 0x00, 0x00, 0x00, 0x00,
    0x00, 0x00, 0x00, 0x00, 0x00, 0x00, 0x00, 0x00, 0x00, 0x00, 0x00, 0x00, 0x00, 0x00, 0x00, 0x00,
    0x00, 0x00, 0x00, 0x00, 0x00, 0x00, 0x00, 0x00, 0x00, 0x00, 0x00, 0x00, 0x00, 0x00, 0x00, 0x00,
    0x00, 0x00, 0x00, 0x00, 0x00, 0x00, 0x00, 0x00, 0x00, 0x00, 0x00, 0x00, 0x00, 0x00, 0x00, 0x00,
    0x00, 0x00, 0x00, 0x00, 0x00, 0x00, 0x00, 0x00, 0x00, 0x00, 0x00, 0x00, 0x00, 0x00, 0x00, 0x00,
    0x00, 0x00, 0x00, 0x00, 0x00, 0x00, 0x00, 0x00, 0x00, 0x00, 0x00, 0x00, 0x00, 0x00, 0x00, 0x00,
    0x00, 0x00, 0x00, 0x00, 0x00, 0x00, 0x00, 0x00, 0x00, 0x00, 0x00, 0x00, 0x00, 0x00, 0x00, 0x00,
    0x00, 0x00, 0x00, 0x00, 0x00, 0x00, 0x00, 0x00, 0x00, 0x00, 0x00, 0x00, 0x00, 0x00, 0x00, 0x00,
    0x00, 0x00, 0x00, 0x00, 0x00, 0x00, 0x00, 0x00, 0x00, 0x00, 0x00, 0x00, 0x00, 0x00, 0x00, 0x00,
    0x00, 0x00, 0x00, 0x00, 0x00, 0x00, 0x00, 0x00, 0x00, 0x00, 0x00, 0x00, 0x00, 0x00, 0x00, 0x00,
    0x00, 0x00, 0x00, 0x00, 0x00, 0x00, 0x00, 0x00, 0x00, 0x00, 0x00, 0x00, 0x00, 0x00, 0x00, 0x00,
    0x00, 0x00, 0x00, 0x00, 0x00, 0x00, 0x00, 0x00, 0x00, 0x00, 0x00, 0x00, 0x00, 0x00, 0x00, 0x00,
    0x00, 0x00, 0x00, 0x00, 0x00, 0x00, 0x00, 0x00, 0x00, 0x00, 0x00, 0x00, 0x00, 0x00, 0x00, 0x00,
    0x00, 0x00, 0x00, 0x00, 0x00, 0x00, 0x00, 0x00, 0x00, 0x00, 0x00, 0x00, 0x00, 0x00, 0x00, 0x00,
    0x00, 0x00, 0x00, 0x00, 0x00, 0x00, 0x00, 0x00, 0x00, 0x00, 0x00, 0x00, 0x00, 0x00, 0x00, 0x00,
    0x00, 0x00, 0x00, 0x00, 0x00, 0x00, 0x00, 0x00, 0x00, 0x00, 0x00, 0x00, 0x00, 0x00, 0x00, 0x08,
    0xff, 0x00, 0x01, 0x08, 0x1c, 0x48, 0xb0, 0xa0, 0xc1, 0x83, 0x08, 0x13, 0x2a, 0x5c, 0xc8, 0xb0,
    0xa1, 0xc3, 0x87, 0x10, 0x23, 0x3a, 0x24, 0xa0, 0x60, 0x81, 0x01, 0x89, 0x18, 0x33, 0x6a, 0xdc,
    0x28, 0x90, 0xa2, 0x45, 0x8e, 0x0e, 0x13, 0x3c, 0x18, 0xf9, 0x80, 0x41, 0x00, 0x90, 0x28, 0x53,
    0x82, 0x14, 0x49, 0xd2, 0xa4, 0xca, 0x83, 0x2c, 0x49, 0x96, 0x3c, 0xf9, 0xb2, 0xa6, 0xcd, 0x84,
    0x31, 0x5b, 0xd2, 0xac, 0x19, 0x60, 0x81, 0x4c, 0x99, 0x0d, 0x06, 0xdc, 0x1c, 0x7a, 0xb3, 0xe7,
    0x4f, 0x92, 0x41, 0x79, 0x32, 0x38, 0x2a, 0xd3, 0x81, 0x50, 0xa2, 0x50, 0x41, 0x06, 0x58, 0xca,
    0x74, 0xa4, 0x53, 0x95, 0x53, 0xab, 0x36, 0x7d, 0x1a, 0xb5, 0x6b, 0xc4, 0xac, 0x5a, 0xad, 0x72,
    0xdd, 0x08, 0x36, 0xac, 0x58, 0xaf, 0x68, 0x1b, 0x96, 0x35, 0x7b, 0x75, 0xe3, 0x80, 0x06, 0x4c,
    0x1b, 0x50, 0xfd, 0xe9, 0xe0, 0x62, 0xda, 0xbb, 0x06, 0xdf, 0xc6, 0x9d, 0xdb, 0xd4, 0x2e, 0xc6,
    0x01, 0x0e, 0x98, 0x3a, 0x5d, 0x2b, 0xd3, 0x2f, 0xde, 0xbb, 0x80, 0x05, 0x0f, 0x20, 0x4c, 0xd2,
    0xf0, 0xc3, 0xc4, 0x47, 0xdb, 0x32, 0x1e, 0xe9, 0xf8, 0x70, 0x54, 0xc8, 0x74, 0x9f, 0x4e, 0x7e,
    0x50, 0x79, 0x21, 0xe6, 0xad, 0x04, 0x37, 0x77, 0xb6, 0x6c, 0xf3, 0x33, 0xc9, 0xb6, 0x02, 0x45,
    0x3f, 0x34, 0x10, 0xf8, 0x28, 0x83, 0xb1, 0xa9, 0x15, 0x54, 0x45, 0x40, 0x1a, 0x2a, 0x6b, 0xa6,
    0xaf, 0x0d, 0x06, 0x90, 0xcd, 0x94, 0x36, 0x43, 0x03, 0x55, 0x5d, 0x22, 0xcc, 0x29, 0x33, 0x41,
    0xed, 0x9b, 0xc0, 0x71, 0xef, 0x34, 0x48, 0x9c, 0xa4, 0x71, 0x85, 0xc9, 0x5d, 0x2f, 0x87, 0x59,
    0xf5, 0xf9, 0xf1, 0x94, 0xd1, 0x7f, 0x0a, 0xc7, 0x59, 0x3d, 0x61, 0x76, 0x99, 0xdb, 0x15, 0x36,
    0xff, 0x1f, 0x69, 0xfd, 0xfa, 0xc6, 0xef, 0x3a, 0x1b, 0x8e, 0x7f, 0x50, 0x7e, 0x20, 0x82, 0xaa,
    0x0a, 0xa6, 0x2b, 0x7c, 0xcf, 0x74, 0x81, 0x7c, 0xf3, 0x0f, 0xe9, 0x1f, 0x8d, 0x9f, 0xbf, 0xaa,
    0x7d, 0x82, 0xeb, 0xb5, 0xd7, 0x10, 0x7a, 0x23, 0x85, 0x87, 0x5f, 0x48, 0xdd, 0x45, 0x44, 0xe0,
    0x4c, 0x02, 0x05, 0x98, 0xd1, 0x82, 0x06, 0x1e, 0x28, 0x5e, 0x82, 0x12, 0x41, 0x18, 0x80, 0x00,
    0x14, 0x62, 0xb4, 0xe0, 0x68, 0x12, 0x16, 0x84, 0x21, 0x53, 0x02, 0x42, 0xb4, 0x21, 0x01, 0xbd,
    0x81, 0x54, 0x40, 0x6b, 0x32, 0xf9, 0xd6, 0xa1, 0x42, 0x24, 0x1e, 0xa5, 0xa2, 0x46, 0x27, 0xba,
    0xf8, 0xa1, 0x4c, 0x07, 0xa4, 0x34, 0xc0, 0x51, 0x05, 0xac, 0xb8, 0xd0, 0x8c, 0x24, 0xd5, 0x88,
    0xd2, 0x8d, 0x3f, 0xe5, 0x98, 0x5d, 0x88, 0x1a, 0x0d, 0xa9, 0xe3, 0x6f, 0xc5, 0xbd, 0x64, 0xa4,
    0x40, 0x05, 0x54, 0xe4, 0xe3, 0x4b, 0x4d, 0x2e, 0xf0, 0xe4, 0x91, 0x0a, 0x45, 0x39, 0x65, 0x4a,
    0x56, 0x52, 0xa9, 0xe5, 0x96, 0x5c, 0x76, 0xe9, 0xe5, 0x97, 0x60, 0x86, 0x29, 0xe6, 0x98, 0x64,
    0x96, 0x69, 0xe6, 0x4b, 0x01, 0xa4, 0xa9, 0xe6, 0x99, 0x77, 0xa9, 0xb9, 0xa6, 0x46, 0x17, 0x12,
    0x50, 0x40, 0x01, 0x06, 0xd4, 0x69, 0xc0, 0x9c, 0x04, 0x2c, 0x46, 0xd4, 0x00, 0x04, 0x0c, 0xc5,
    0x27, 0x51, 0x71, 0xce, 0x69, 0xe7, 0x9d, 0x05, 0xe4, 0x79, 0x5f, 0x42, 0x01, 0xc8, 0x59, 0xe7,
    0x9c, 0x8c, 0x32, 0xba, 0x68, 0x01, 0x02, 0xd8, 0xc4, 0xd2, 0x7f, 0x2f, 0x4d, 0x7a, 0x28, 0x9c,
    0x8a, 0x12, 0xda, 0xa8, 0xa0, 0x84, 0x46, 0xca, 0x90, 0x00, 0x74, 0x6e, 0x2a, 0x6a, 0xa3, 0x06,
    0xc0, 0xc6, 0x51, 0x01, 0xe0, 0x39, 0x74, 0x29, 0x41, 0xfa, 0xb1, 0xf7, 0x12, 0xa8, 0x9a, 0x8e,
    0xf2, 0xba, 0x69, 0xa9, 0x3b, 0xc6, 0x2a, 0xab, 0xa8, 0xb4, 0xa6, 0xd4, 0xaa, 0xab, 0x0a, 0x1d,
    0xc0, 0x40, 0x03, 0x08, 0xac, 0xfa, 0x1d, 0x03, 0x2a, 0x09, 0x60, 0xeb, 0xad, 0xa4, 0x9a, 0x4a,
    0x10, 0x01, 0xc7, 0x22, 0xdb, 0xe8, 0xaa, 0x10, 0xb5, 0x48, 0x23, 0x77, 0xe9, 0x1d, 0x04, 0xe4,
    0xb4, 0x29, 0x31, 0xeb, 0xec, 0xad, 0x97, 0x6e, 0x7b, 0xab, 0x01, 0xd0, 0x8a, 0x78, 0x54, 0x65,
    0x01, 0x34, 0xc7, 0x80, 0xa7, 0x04, 0x99, 0x46, 0x64, 0x46, 0xde, 0xca, 0x0a, 0x6e, 0x42, 0xda,
    0xb6, 0xbb, 0x69, 0x4d, 0xdf, 0xa1, 0x06, 0xc0, 0x66, 0xf6, 0x12, 0xb6, 0x6e, 0x46, 0xf1, 0xca,
    0xcb, 0xa8, 0x42, 0x01, 0x84, 0xea, 0xaf, 0x01, 0xe8, 0xaa, 0xb4, 0xab, 0x03, 0x9e, 0x6e, 0x76,
    0x96, 0x40, 0x7c, 0x3d, 0xb0, 0x80, 0x4d, 0x01, 0x37, 0x8b, 0x2c, 0xc1, 0x0b, 0x45, 0xdc, 0xee,
    0x9d, 0x05, 0x57, 0xaa, 0x5d, 0x9a, 0x0d, 0x3f, 0x80, 0xe2, 0x59, 0xc4, 0x45, 0x88, 0x92, 0xc5,
    0xde, 0x62, 0xec, 0xd0, 0x00, 0x9c, 0xda, 0x6a, 0x67, 0x01, 0x7a, 0x0e, 0x45, 0x58, 0x45, 0x99,
    0x11, 0x06, 0x6c, 0x66, 0x50, 0xa1, 0x4c, 0xe7, 0xa3, 0x8e, 0x2e, 0xda, 0xf2, 0x43, 0x01, 0xf0,
    0x29, 0x27, 0xa3, 0x04, 0xe4, 0x99, 0xb1, 0xcb, 0x70, 0x69, 0x25, 0x59, 0xc7, 0x3f, 0x29, 0x0b,
    0xb1, 0xcf, 0x8d, 0x06, 0x3d, 0xc0, 0xd0, 0x61, 0x9a, 0x76, 0xda, 0x58, 0x0a, 0x73, 0xc8, 0x26,
    0x5e, 0xd2, 0x82, 0x56, 0xd0, 0x64, 0x2f, 0x5e, 0x7d, 0xdd, 0xb0, 0x97, 0x12, 0xb7, 0xaf, 0xd7,
    0x87, 0xc5, 0x24, 0x32, 0x80, 0xd5, 0x92, 0x7d, 0xa0, 0x01, 0x0b, 0x04, 0x3b, 0x60, 0xdb, 0xe1,
    0x4a, 0x18, 0x10, 0x00, 0x21, 0xf9, 0x04, 0x04, 0x04, 0x00, 0x00, 0x00, 0x2c, 0x16, 0x00, 0x1a,
    0x00, 0x93, 0x00, 0x2f, 0x00, 0x87, 0x00, 0x00, 0x00, 0x0d, 0x03, 0x03, 0x1a, 0x06, 0x06, 0x26,
    0x09, 0x0a, 0x33, 0x0d, 0x0d, 0x40, 0x10, 0x10, 0x4d, 0x13, 0x13, 0x5a, 0x16, 0x16, 0x66, 0x19,
    0x1a, 0x73, 0x1c, 0x1d, 0x80, 0x1f, 0x20, 0x8d, 0x22, 0x23, 0x9a, 0x26, 0x26, 0xa6, 0x29, 0x2a,
    0xb3, 0x2c, 0x2d, 0xc0, 0x2f, 0x30, 0x00, 0x00, 0x00, 0x00, 0x00, 0x00, 0x00, 0x00, 0x00, 0x00,
    0x00, 0x00, 0x00, 0x00, 0x00, 0x00, 0x00, 0x00, 0x00, 0x00, 0x00, 0x00, 0x00, 0x00, 0x00, 0x00,
    0x00, 0x00, 0x00, 0x00, 0x00, 0x00, 0x00, 0x00, 0x00, 0x00, 0x00, 0x00, 0x00, 0x00, 0x00, 0x00,
    0x00, 0x00, 0x00, 0x00, 0x00, 0x00, 0x00, 0x00, 0x00, 0x00, 0x00, 0x00, 0x00, 0x00, 0x00, 0x00,
    0x00, 0x00, 0x00, 0x00, 0x00, 0x00, 0x00, 0x00, 0x00, 0x00, 0x00, 0x00, 0x00, 0x00, 0x00, 0x00,
    0x00, 0x00, 0x00, 0x00, 0x00, 0x00, 0x00, 0x00, 0x00, 0x00, 0x00, 0x00, 0x00, 0x00, 0x00, 0x00,
    0x00, 0x00, 0x00, 0x00, 0x00, 0x00, 0x00, 0x00, 0x00, 0x00, 0x00, 0x00, 0x00, 0x00, 0x00, 0x00,
    0x00, 0x00, 0x00, 0x00, 0x00, 0x00, 0x00, 0x00, 0x00, 0x00, 0x00, 0x00, 0x00, 0x00, 0x00, 0x00,
    0x00, 0x00, 0x00, 0x00, 0x00, 0x00, 0x00, 0x00, 0x00, 0x00, 0x00, 0x00, 0x00, 0x00, 0x00, 0x00,
    0x00, 0x00, 0x00, 0x00, 0x00, 0x00, 0x00, 0x00, 0x00, 0x00, 0x00, 0x00, 0x00, 0x00, 0x00, 0x00,
    0x00, 0x00, 0x00, 0x00, 0x00, 0x00, 0x00, 0x00, 0x00, 0x00, 0x00, 0x00, 0x00, 0x00, 0x00, 0x00,
    0x00, 0x00, 0x00, 0x00, 0x00, 0x00, 0x00, 0x00, 0x00, 0x00, 0x00, 0x00, 0x00, 0x00, 0x00, 0x00,
    0x00, 0x00, 0x00, 0x00, 0x00, 0x00, 0x00, 0x00, 0x00, 0x00, 0x00, 0x00, 0x00, 0x00, 0x00, 0x00,
    0x00, 0x00, 0x00, 0x00, 0x00, 0x00, 0x00, 0x00, 0x00, 0x00, 0x00, 0x00, 0x00, 0x00, 0x00, 0x00,
    0x00, 0x00, 0x00, 0x00, 0x00, 0x00, 0x00, 0x00, 0x00, 0x00, 0x00, 0x00, 0x00, 0x00, 0x00, 0x00,
    0x00, 0x00, 0x00, 0x00, 0x00, 0x00, 0x00, 0x00, 0x00, 0x00, 0x00, 0x00, 0x00, 0x00, 0x00, 0x00,
    0x00, 0x00, 0x00, 0x00, 0x00, 0x00, 0x00, 0x00, 0x00, 0x00, 0x00, 0x00, 0x00, 0x00, 0x00, 0x00,
    0x00, 0x00, 0x00, 0x00, 0x00, 0x00, 0x00, 0x00, 0x00, 0x00, 0x00, 0x00, 0x00, 0x00, 0x00, 0x00,
    0x00, 0x00, 0x00, 0x00, 0x00, 0x00, 0x00, 0x00, 0x00, 0x00, 0x00, 0x00, 0x00, 0x00, 0x00, 0x00,
    0x00, 0x00, 0x00, 0x00, 0x00, 0x00, 0x00, 0x00, 0x00, 0x00, 0x00, 0x00, 0x00, 0x00, 0x00, 0x00,
    0x00, 0x00, 0x00, 0x00, 0x00, 0x00, 0x00, 0x00, 0x00, 0x00, 0x00, 0x00, 0x00, 0x00, 0x00, 0x00,
    0x00, 0x00, 0x00, 0x00, 0x00, 0x00, 0x00, 0x00, 0x00, 0x00, 0x00, 0x00, 0x00, 0x00, 0x00, 0x00,
    0x00, 0x00, 0x00, 0x00, 0x00, 0x00, 0x00, 0x00, 0x00, 0x00, 0x00, 0x00, 0x00, 0x00, 0x00, 0x00,
    0x00, 0x00, 0x00, 0x00, 0x00, 0x00, 0x00, 0x00, 0x00, 0x00, 0x00, 0x00, 0x00, 0x00, 0x00, 0x00,
    0x00, 0x00, 0x00, 0x00, 0x00, 0x00, 0x00, 0x00, 0x00, 0x00, 0x00, 0x00, 0x00, 0x00, 0x00, 0x00,
    0x00, 0x00, 0x00, 0x00, 0x00, 0x00, 0x00, 0x00, 0x00, 0x00, 0x00, 0x00, 0x00, 0x00, 0x00, 0x00,
    0x00, 0x00, 0x00, 0x00, 0x00, 0x00, 0x00, 0x00, 0x00, 0x00, 0x00, 0x00, 0x00, 0x00, 0x00, 0x00,
    0x00, 0x00, 0x00, 0x00, 0x00, 0x00, 0x00, 0x00, 0x00, 0x00, 0x00, 0x00, 0x00, 0x00, 0x00, 0x00,
    0x00, 0x00, 0x00, 0x00, 0x00, 0x00, 0x00, 0x00, 0x00, 0x00, 0x00, 0x00, 0x00, 0x00, 0x00, 0x00,
    0x00, 0x00, 0x00, 0x00, 0x00, 0x00, 0x00, 0x00, 0x00, 0x00, 0x00, 0x00, 0x00, 0x00, 0x00, 0x00,
    0x00, 0x00, 0x00, 0x00, 0x00, 0x00, 0x00, 0x00, 0x00, 0x00, 0x00, 0x00, 0x00, 0x00, 0x00, 0x00,
    0x00, 0x00, 0x00, 0x00, 0x00, 0x00, 0x00, 0x00, 0x00, 0x00, 0x00, 0x00, 0x00, 0x00, 0x00, 0x00,
    0x00, 0x00, 0x00, 0x00, 0x00, 0x00, 0x00, 0x00, 0x00, 0x00, 0x00, 0x00, 0x00, 0x00, 0x00, 0x00,
    0x00, 0x00, 0x00, 0x00, 0x00, 0x00, 0x00, 0x00, 0x00, 0x00, 0x00, 0x00, 0x00, 0x00, 0x00, 0x00,
    0x00, 0x00, 0x00, 0x00, 0x00, 0x00, 0x00, 0x00, 0x00, 0x00, 0x00, 0x00, 0x00, 0x00, 0x00, 0x00,
    0x00, 0x00, 0x00, 0x00, 0x00, 0x00, 0x00, 0x00, 0x00, 0x00, 0x00, 0x00, 0x00, 0x00, 0x00, 0x00,
    0x00, 0x00, 0x00, 0x00, 0x00, 0x00, 0x00, 0x00, 0x00, 0x00, 0x00, 0x00, 0x00, 0x00, 0x00, 0x00,
    0x00, 0x00, 0x00, 0x00, 0x00, 0x00, 0x00, 0x00, 0x00, 0x00, 0x00, 0x00, 0x00, 0x00, 0x00, 0x00,
    0x00, 0x00, 0x00, 0x00, 0x00, 0x00, 0x00, 0x00, 0x00, 0x00, 0x00, 0x00, 0x00, 0x00, 0x00, 0x00,
    0x00, 0x00, 0x00, 0x00, 0x00, 0x00, 0x00, 0x00, 0x00, 0x00, 0x00, 0x00, 0x00, 0x00, 0x00, 0x00,
    0x00, 0x00, 0x00, 0x00, 0x00, 0x00, 0x00, 0x00, 0x00, 0x00, 0x00, 0x00, 0x00, 0x00, 0x00, 0x00,
    0x00, 0x00, 0x00, 0x00, 0x00, 0x00, 0x00, 0x00, 0x00, 0x00, 0x00, 0x00, 0x00, 0x00, 0x00, 0x00,
    0x00, 0x00, 0x00, 0x00, 0x00, 0x00, 0x00, 0x00, 0x00, 0x00, 0x00, 0x00, 0x00, 0x00, 0x00, 0x00,
    0x00, 0x00, 0x00, 0x00, 0x00, 0x00, 0x00, 0x00, 0x00, 0x00, 0x00, 0x00, 0x00, 0x00, 0x00, 0x00,
    0x00, 0x00, 0x00, 0x00, 0x00, 0x00, 0x00, 0x00, 0x00, 0x00, 0x00, 0x00, 0x00, 0x00, 0x00, 0x00,
    0x00, 0x00, 0x00, 0x00, 0x00, 0x00, 0x08, 0xff, 0x00, 0x01, 0x08, 0x1c, 0x48, 0xb0, 0xe0, 0xc0,
    0x00, 0x07, 0x0e, 0x08, 0x30, 0xc8, 0xb0, 0xa1, 0xc3, 0x87, 0x10, 0x23, 0x4a, 0x9c, 0x18, 0x11,
    0xa1, 0x42, 0x8a, 0x18, 0x0b, 0x1a, 0x70, 0xf0, 0xa0, 0x23, 0x82, 0x8c, 0x20, 0x43, 0x8a, 0x1c,
    0xa9, 0x91, 0xa3, 0x47, 0x92, 0x11, 0x0d, 0x74, 0x5c, 0xf9, 0x20, 0x01, 0xca, 0x97, 0x30, 0x63,
    0xaa, 0x64, 0xd9, 0x32, 0xa6, 0xc1, 0x03, 0x34, 0x57, 0x2a, 0x08, 0x60, 0xb3, 0xa7, 0x4f, 0x88,
    0x38, 0x73, 0x3e, 0xd8, 0xe9, 0x33, 0x81, 0xd0, 0x95, 0x0c, 0x78, 0xfe, 0x5c, 0xba, 0xd4, 0xe8,
    0xd1, 0x07, 0x49, 0x6d, 0x3a, 0x7d, 0x0a, 0x55, 0x29, 0xd3, 0xab, 0x2f, 0xa7, 0x3e, 0x8d, 0x9a,
    0x95, 0x2a, 0x4b, 0xae, 0x58, 0xc3, 0x82, 0xd4, 0x4a, 0x15, 0x6c, 0xc8, 0x00, 0x0a, 0x8e, 0x9a,
    0xa4, 0xc9, 0x60, 0x80, 0xd8, 0xb7, 0x12, 0xd1, 0xaa, 0x15, 0xda, 0x56, 0x64, 0x00, 0x06, 0x47,
    0x0b, 0x0c, 0x58, 0xcb, 0xd2, 0x81, 0x5b, 0xb8, 0x80, 0x0d, 0xde, 0xcd, 0xbb, 0x57, 0xa8, 0x5f,
    0x90, 0x83, 0x85, 0x1a, 0x10, 0x58, 0x38, 0xe7, 0xe1, 0xc0, 0x90, 0x13, 0xe7, 0x5c, 0x0c, 0xa0,
    0x31, 0xcd, 0xc7, 0x13, 0x25, 0xd3, 0xa4, 0xcc, 0x98, 0xef, 0x4a, 0xcc, 0x90, 0xc5, 0x6a, 0x66,
    0xc9, 0xb9, 0xb2, 0xe7, 0x8e, 0xa0, 0x1f, 0x0e, 0xc0, 0xeb, 0xb8, 0x34, 0xe3, 0x06, 0x86, 0x0b,
    0x84, 0x16, 0xbb, 0xda, 0xb0, 0xeb, 0xca, 0xb0, 0x1d, 0xcb, 0x86, 0x68, 0xb9, 0xef, 0x5f, 0xc1,
    0xac, 0x27, 0xcf, 0xbe, 0xda, 0xfb, 0xf3, 0xef, 0x82, 0xa3, 0x57, 0xde, 0x26, 0x58, 0x1c, 0xf5,
    0x71, 0xe0, 0x47, 0x97, 0x0f, 0x47, 0xd9, 0xfc, 0x41, 0x6a, 0xe4, 0xc1, 0x37, 0x37, 0xac, 0x7e,
    0x1d, 0xba, 0xe2, 0xe9, 0x36, 0xb9, 0x3f, 0xff, 0x67, 0x98, 0xbc, 0xe3, 0xed, 0x02, 0xa7, 0x1f,
    0x34, 0x18, 0xdf, 0x30, 0xc0, 0x82, 0xa3, 0x1f, 0xc1, 0xa3, 0x44, 0x2f, 0x74, 0x7d, 0xe6, 0xf7,
    0x42, 0xe3, 0x0b, 0x9c, 0x99, 0xd3, 0xac, 0x44, 0xb2, 0x2b, 0xb9, 0x24, 0x9f, 0x48, 0xfc, 0xb1,
    0x65, 0xd5, 0x44, 0x00, 0x76, 0x24, 0x60, 0x81, 0x5f, 0x1d, 0x48, 0x51, 0x82, 0x35, 0x0d, 0x98,
    0x11, 0x83, 0x48, 0x39, 0x88, 0xe0, 0x51, 0x2e, 0x1d, 0xe5, 0x1f, 0x46, 0x10, 0xee, 0x26, 0xa1,
    0x44, 0x02, 0x68, 0x68, 0xe1, 0x83, 0x79, 0x09, 0xb5, 0xc0, 0x88, 0x18, 0x21, 0x90, 0xdf, 0x87,
    0x13, 0x11, 0x60, 0x22, 0x8a, 0x14, 0xa9, 0x98, 0x93, 0x8c, 0x2c, 0x09, 0xf8, 0x12, 0x85, 0xd2,
    0xb1, 0x58, 0x50, 0x88, 0x34, 0xd9, 0x88, 0x12, 0x8e, 0x5a, 0x6d, 0x38, 0x52, 0x90, 0x30, 0xea,
    0x48, 0x10, 0x91, 0x52, 0x35, 0x08, 0x00, 0x02, 0x0d, 0x38, 0x40, 0x54, 0x4f, 0x4c, 0x3a, 0x59,
    0xa4, 0x91, 0x04, 0x45, 0xf9, 0xa4, 0x4d, 0x56, 0x5a, 0x15, 0xc0, 0x94, 0x23, 0x6d, 0x49, 0x25,
    0x46, 0x5e, 0x2e, 0x15, 0xe6, 0x97, 0x64, 0x96, 0x69, 0xe6, 0x99, 0x68, 0xa6, 0xa9, 0xe6, 0x9a,
    0x6c, 0xb6, 0xe9, 0xe6, 0x9b, 0x70, 0x8a, 0x39, 0x00, 0x01, 0x04, 0x14, 0x60, 0x67, 0x01, 0x74,
    0x0e, 0xb0, 0xd0, 0x55, 0x63, 0xfa, 0xd4, 0xe7, 0x4f, 0x01, 0xcc, 0x59, 0xe7, 0x9d, 0x79, 0xee,
    0x49, 0xd1, 0x00, 0x76, 0x1a, 0xa0, 0xe8, 0x9d, 0x89, 0x2e, 0x3a, 0x00, 0x97, 0x20, 0x19, 0xd0,
    0xa4, 0x7e, 0x36, 0x49, 0xea, 0x00, 0xa5, 0xe1, 0x35, 0x6a, 0x00, 0xa3, 0x05, 0x28, 0xba, 0xe9,
    0xa3, 0x15, 0x75, 0xca, 0xe9, 0xa8, 0x77, 0x6e, 0x6a, 0x28, 0x4c, 0x2e, 0x06, 0xd8, 0x53, 0x81,
    0x07, 0xf4, 0x14, 0x80, 0xa8, 0xa4, 0x8e, 0xff, 0x6a, 0xea, 0x43, 0xaf, 0x6e, 0x1a, 0x6b, 0xac,
    0x06, 0x9c, 0x8a, 0x12, 0x8d, 0xe6, 0xf1, 0x96, 0x80, 0x02, 0x1e, 0x6e, 0xc7, 0x17, 0x03, 0x36,
    0xd5, 0x7a, 0x2b, 0xae, 0xba, 0x12, 0x44, 0x80, 0xad, 0xc7, 0xc6, 0x6a, 0x53, 0x01, 0x39, 0x11,
    0xe0, 0x50, 0x81, 0x3e, 0x22, 0xe7, 0x59, 0xb5, 0x24, 0x2d, 0xdb, 0xec, 0xad, 0x0e, 0x6d, 0x7b,
    0xab, 0x01, 0x90, 0x5e, 0xe8, 0x1b, 0x43, 0x14, 0x62, 0x0b, 0xc0, 0x68, 0x42, 0x8a, 0xe4, 0x2d,
    0xae, 0x28, 0x6a, 0xbb, 0x2e, 0xa7, 0xe1, 0x8a, 0xbb, 0x52, 0x03, 0x0e, 0x42, 0xe8, 0x5f, 0x5a,
    0x4a, 0xda, 0xe4, 0xee, 0xbb, 0x77, 0xa2, 0x28, 0x00, 0xb3, 0xef, 0x1a, 0xc0, 0x1e, 0x4a, 0xf8,
    0x56, 0x38, 0x10, 0x84, 0x1d, 0x81, 0x45, 0x16, 0xbd, 0x3e, 0xfd, 0xcb, 0x6f, 0xa2, 0x03, 0x0b,
    0x24, 0x00, 0xac, 0xde, 0x0a, 0x2c, 0x66, 0x76, 0x11, 0x22, 0x6c, 0x30, 0x83, 0xdd, 0xbd, 0x34,
    0x31, 0xc0, 0xcd, 0x5a, 0x0c, 0x51, 0x00, 0x75, 0x2e, 0x4a, 0xaa, 0xc9, 0xc9, 0xda, 0x24, 0x80,
    0x67, 0x07, 0xf0, 0x6a, 0x1e, 0x01, 0x9e, 0x2d, 0x00, 0x2d, 0x4d, 0xc1, 0xfa, 0x59, 0x32, 0xc8,
    0xa5, 0xda, 0x9a, 0x72, 0x7b, 0x02, 0x0c, 0xea, 0xa9, 0xad, 0x04, 0x80, 0x1a, 0x56, 0x75, 0xa4,
    0x75, 0xe6, 0x55, 0x8e, 0xc5, 0xf6, 0xac, 0x29, 0xd0, 0x42, 0x9f, 0xb5, 0xe5, 0xd3, 0x90, 0x51,
    0x58, 0xf4, 0x40, 0x44, 0x47, 0x08, 0xd8, 0xd3, 0x50, 0xc7, 0x39, 0x50, 0x50, 0xc2, 0x15, 0x54,
    0x9d, 0x02, 0x5a, 0xeb, 0x48, 0x96, 0x03, 0xd2, 0x32, 0x24, 0x00, 0xc6, 0xe9, 0x86, 0x3d, 0x5c,
    0x70, 0x1d, 0x0b, 0x24, 0x99, 0x03, 0x3b, 0xab, 0x3d, 0x5c, 0x00, 0x09, 0x38, 0xb0, 0x40, 0xc4,
    0x07, 0xd5, 0x7d, 0xb7, 0xdc, 0x54, 0xc6, 0x05, 0x7b, 0x6e, 0x9b, 0x01, 0x01, 0x00, 0x21, 0xf9,
    0x04, 0x04, 0x08, 0x00, 0x00, 0x00, 0x2c, 0x15, 0x00, 0x1a, 0x00, 0x94, 0x00, 0x2f, 0x00, 0x87,
    0x00, 0x00, 0x00, 0x0d, 0x03, 0x03, 0x1a, 0x06, 0x06, 0x26, 0x09, 0x0a, 0x33, 0x0d, 0x0d, 0x40,
    0x10, 0x10, 0x4d, 0x13, 0x13, 0x5a, 0x16, 0x16, 0x66, 0x19, 0x1a, 0x73, 0x1c, 0x1d, 0x80, 0x1f,
    0x20, 0x8d, 0x22, 0x23, 0x9a, 0x26, 0x26, 0xa6, 0x29, 0x2a, 0xb3, 0x2c, 0x2d, 0xc0, 0x2f, 0x30,
    0x00, 0x00, 0x00, 0x00, 0x00, 0x00, 0x00, 0x00, 0x00, 0x00, 0x00, 0x00, 0x00, 0x00, 0x00, 0x00,
    0x00, 0x00, 0x00, 0x00, 0x00, 0x00, 0x00, 0x00, 0x00, 0x00, 0x00, 0x00, 0x00, 0x00, 0x00, 0x00,
    0x00, 0x00, 0x00, 0x00, 0x00, 0x00, 0x00, 0x00, 0x00, 0x00, 0x00, 0x00, 0x00, 0x00, 0x00, 0x00,
    0x00, 0x00, 0x00, 0x00, 0x00, 0x00, 0x00, 0x00, 0x00, 0x00, 0x00, 0x00, 0x00, 0x00, 0x00, 0x00,
    0x00, 0x00, 0x00, 0x00, 0x00, 0x00, 0x00, 0x00, 0x00, 0x00, 0x00, 0x00, 0x00, 0x00, 0x00, 0x00,
    0x00, 0x00, 0x00, 0x00, 0x00, 0x00, 0x00, 0x00, 0x00, 0x00, 0x00, 0x00, 0x00, 0x00, 0x00, 0x00,
    0x00, 0x00, 0x00, 0x00, 0x00, 0x00, 0x00, 0x00, 0x00, 0x00, 0x00, 0x00, 0x00, 0x00, 0x00, 0x00,
    0x00, 0x00, 0x00, 0x00, 0x00, 0x00, 0x00, 0x00, 0x00, 0x00, 0x00, 0x00, 0x00, 0x00, 0x00, 0x00,
    0x00, 0x00, 0x00, 0x00, 0x00, 0x00, 0x00, 0x00, 0x00, 0x00, 0x00, 0x00, 0x00, 0x00, 0x00, 0x00,
    0x00, 0x00, 0x00, 0x00, 0x00, 0x00, 0x00, 0x00, 0x00, 0x00, 0x00, 0x00, 0x00, 0x00, 0x00, 0x00,
    0x00, 0x00, 0x00, 0x00, 0x00, 0x00, 0x00, 0x00, 0x00, 0x00, 0x00, 0x00, 0x00, 0x00, 0x00, 0x00,
    0x00, 0x00, 0x00, 0x00, 0x00, 0x00, 0x00, 0x00, 0x00, 0x00, 0x00, 0x00, 0x00, 0x00, 0x00, 0x00,
    0x00, 0x00, 0x00, 0x00, 0x00, 0x00, 0x00, 0x00, 0x00, 0x00, 0x00, 0x00, 0x00, 0x00, 0x00, 0x00,
    0x00, 0x00, 0x00, 0x00, 0x00, 0x00, 0x00, 0x00, 0x00, 0x00, 0x00, 0x00, 0x00, 0x00, 0x00, 0x00,
    0x00, 0x00, 0x00, 0x00, 0x00, 0x00, 0x00, 0x00, 0x00, 0x00, 0x00, 0x00, 0x00, 0x00, 0x00, 0x00,
    0x00, 0x00, 0x00, 0x00, 0x00, 0x00, 0x00, 0x00, 0x00, 0x00, 0x00, 0x00, 0x00, 0x00, 0x00, 0x00,
    0x00, 0x00, 0x00, 0x00, 0x00, 0x00, 0x00, 0x00, 0x00, 0x00, 0x00, 0x00, 0x00, 0x00, 0x00, 0x00,
    0x00, 0x00, 0x00, 0x00, 0x00, 0x00, 0x00, 0x00, 0x00, 0x00, 0x00, 0x00, 0x00, 0x00, 0x00, 0x00,
    0x00, 0x00, 0x00, 0x00, 0x00, 0x00, 0x00, 0x00, 0x00, 0x00, 0x00, 0x00, 0x00, 0x00, 0x00, 0x00,
    0x00, 0x00, 0x00, 0x00, 0x00, 0x00, 0x00, 0x00, 0x00, 0x00, 0x00, 0x00, 0x00, 0x00, 0x00, 0x00,
    0x00, 0x00, 0x00, 0x00, 0x00, 0x00, 0x00, 0x00, 0x00, 0x00, 0x00, 0x00, 0x00, 0x00, 0x00, 0x00,
    0x00, 0x00, 0x00, 0x00, 0x00, 0x00, 0x00, 0x00, 0x00, 0x00, 0x00, 0x00, 0x00, 0x00, 0x00, 0x00,
    0x00, 0x00, 0x00, 0x00, 0x00, 0x00, 0x00, 0x00, 0x00, 0x00, 0x00, 0x00, 0x00, 0x00, 0x00, 0x00,
    0x00, 0x00, 0x00, 0x00, 0x00, 0x00, 0x00, 0x00, 0x00, 0x00, 0x00, 0x00, 0x00, 0x00, 0x00, 0x00,
    0x00, 0x00, 0x00, 0x00, 0x00, 0x00, 0x00, 0x00, 0x00, 0x00, 0x00, 0x00, 0x00, 0x00, 0x00, 0x00,
    0x00, 0x00, 0x00, 0x00, 0x00, 0x00, 0x00, 0x00, 0x00, 0x00, 0x00, 0x00, 0x00, 0x00, 0x00, 0x00,
    0x00, 0x00, 0x00, 0x00, 0x00, 0x00, 0x00, 0x00, 0x00, 0x00, 0x00, 0x00, 0x00, 0x00, 0x00, 0x00,
    0x00, 0x00, 0x00, 0x00, 0x00, 0x00, 0x00, 0x00, 0x00, 0x00, 0x00, 0x00, 0x00, 0x00, 0x00, 0x00,
    0x00, 0x00, 0x00, 0x00, 0x00, 0x00, 0x00, 0x00, 0x00, 0x00, 0x00, 0x00, 0x00, 0x00, 0x00, 0x00,
    0x00, 0x00, 0x00, 0x00, 0x00, 0x00, 0x00, 0x00, 0x00, 0x00, 0x00, 0x00, 0x00, 0x00, 0x00, 0x00,
    0x00, 0x00, 0x00, 0x00, 0x00, 0x00, 0x00, 0x00, 0x00, 0x00, 0x00, 0x00, 0x00, 0x00, 0x00, 0x00,
    0x00, 0x00, 0x00, 0x00, 0x00, 0x00, 0x00, 0x00, 0x00, 0x00, 0x00, 0x00, 0x00, 0x00, 0x00, 0x00,
    0x00, 0x00, 0x00, 0x00, 0x00, 0x00, 0x00, 0x00, 0x00, 0x00, 0x00, 0x00, 0x00, 0x00, 0x00, 0x00,
    0x00, 0x00, 0x00, 0x00, 0x00, 0x00, 0x00, 0x00, 0x00, 0x00, 0x00, 0x00, 0x00, 0x00, 0x00, 0x00,
    0x00, 0x00, 0x00, 0x00, 0x00, 0x00, 0x00, 0x00, 0x00, 0x00, 0x00, 0x00, 0x00, 0x00, 0x00, 0x00,
    0x00, 0x00, 0x00, 0x00, 0x00, 0x00, 0x00, 0x00, 0x00, 0x00, 0x00, 0x00, 0x00, 0x00, 0x00, 0x00,
    0x00, 0x00, 0x00, 0x00, 0x00, 0x00, 0x00, 0x00, 0x00, 0x00, 0x00, 0x00, 0x00, 0x00, 0x00, 0x00,
    0x00, 0x00, 0x00, 0x00, 0x00, 0x00, 0x00, 0x00, 0x00, 0x00, 0x00, 0x00, 0x00, 0x00, 0x00, 0x00,
    0x00, 0x00, 0x00, 0x00, 0x00, 0x00, 0x00, 0x00, 0x00, 0x00, 0x00, 0x00, 0x00, 0x00, 0x00, 0x00,
    0x00, 0x00, 0x00, 0x00, 0x00, 0x00, 0x00, 0x00, 0x00, 0x00, 0x00, 0x00, 0x00, 0x00, 0x00, 0x00,
    0x00, 0x00, 0x00, 0x00, 0x00, 0x00, 0x00, 0x00, 0x00, 0x00, 0x00, 0x00, 0x00, 0x00, 0x00, 0x00,
    0x00, 0x00, 0x00, 0x00, 0x00, 0x00, 0x00, 0x00, 0x00, 0x00, 0x00, 0x00, 0x00, 0x00, 0x00, 0x00,
    0x00, 0x00, 0x00, 0x00, 0x00, 0x00, 0x00, 0x00, 0x00, 0x00, 0x00, 0x00, 0x00, 0x00, 0x00, 0x00,
    0x00, 0x00, 0x00, 0x00, 0x00, 0x00, 0x00, 0x00, 0x00, 0x00, 0x00, 0x00, 0x00, 0x00, 0x00, 0x00,
    0x00, 0x00, 0x00, 0x00, 0x00, 0x00, 0x00, 0x00, 0x00, 0x00, 0x00, 0x00, 0x00, 0x00, 0x00, 0x00,
    0x08, 0xff, 0x00, 0x01, 0x08, 0x1c, 0x48, 0xb0, 0x60, 0xc1, 0x01, 0x04, 0x0c, 0x2a, 0x5c, 0xc8,
    0xb0, 0xa1, 0xc3, 0x87, 0x10, 0x23, 0x46, 0x44, 0x28, 0xb1, 0xa2, 0xc2, 0x01, 0x0b, 0x1e, 0x3c,
    0x60, 0x50, 0xc0, 0xa2, 0xc7, 0x8f, 0x20, 0x43, 0x1e, 0xcc, 0xb8, 0xb1, 0xa3, 0xc8, 0x87, 0x03,
    0x1c, 0x68, 0x5c, 0x69, 0xe0, 0xa4, 0xcb, 0x97, 0x30, 0x53, 0xae, 0xd4, 0xd8, 0x12, 0xa6, 0x41,
    0x02, 0x2a, 0x67, 0x6a, 0x3c, 0x60, 0xb3, 0xa7, 0xcf, 0x87, 0x38, 0x75, 0xee, 0xfc, 0x09, 0xc0,
    0x80, 0xd0, 0x99, 0x09, 0x88, 0x2a, 0x25, 0x6a, 0xf4, 0xa8, 0xc6, 0xa4, 0x3d, 0x9b, 0x3a, 0x7d,
    0xba, 0xb4, 0xea, 0x4b, 0xa9, 0x53, 0xa1, 0x5e, 0x9d, 0xaa, 0x53, 0xab, 0xd5, 0xaf, 0x15, 0xb1,
    0x72, 0xf5, 0x1a, 0xf2, 0x00, 0x57, 0xa1, 0x09, 0x02, 0x80, 0x5d, 0xfb, 0xd0, 0xec, 0x59, 0xa4,
    0x6a, 0x43, 0x26, 0x70, 0x8a, 0x40, 0xec, 0x4a, 0x06, 0x71, 0xd9, 0xea, 0x25, 0x38, 0xf7, 0x68,
    0x5d, 0xa7, 0x78, 0x41, 0xf6, 0x45, 0x2b, 0xd0, 0xae, 0xc6, 0xc0, 0x7b, 0xf7, 0x0e, 0xee, 0x5a,
    0x18, 0x70, 0x5e, 0x89, 0x8b, 0x91, 0x12, 0x34, 0xbc, 0xf1, 0x71, 0x62, 0xab, 0x91, 0x57, 0x7a,
    0xa5, 0x8c, 0x18, 0x62, 0x80, 0xcc, 0x54, 0x0b, 0x72, 0x16, 0x70, 0xd9, 0xea, 0x67, 0xa7, 0x64,
    0x8b, 0x02, 0x26, 0xfd, 0x30, 0x00, 0x03, 0xa7, 0x35, 0x0d, 0xca, 0x14, 0xea, 0x60, 0x40, 0x69,
    0xa5, 0xae, 0x61, 0x2f, 0x9c, 0xad, 0xb3, 0xb6, 0xc3, 0xdc, 0x47, 0x63, 0x5f, 0xcc, 0xd9, 0xdb,
    0xf6, 0xed, 0x9e, 0xc0, 0x85, 0x0a, 0x97, 0x4d, 0x7c, 0xa6, 0xef, 0x85, 0xc9, 0x75, 0x2e, 0x1f,
    0x7e, 0xf4, 0xf9, 0x71, 0x97, 0xd1, 0x67, 0x4e, 0x67, 0x5e, 0xdd, 0x78, 0x41, 0x01, 0xaf, 0x83,
    0x4f, 0xff, 0x6c, 0xbe, 0xd2, 0x41, 0xc2, 0xeb, 0x22, 0xc1, 0xeb, 0x86, 0xc8, 0xdb, 0xf9, 0xf9,
    0x81, 0xed, 0xcb, 0x7b, 0xf7, 0x1c, 0x5e, 0x39, 0x7a, 0x90, 0xf1, 0x35, 0x5a, 0xa7, 0xbf, 0x1e,
    0x40, 0xfe, 0x07, 0xfb, 0x45, 0x94, 0x1d, 0x4b, 0xf7, 0x59, 0xf4, 0x5f, 0x80, 0xfc, 0x89, 0x17,
    0x00, 0x79, 0xfa, 0xcd, 0x57, 0xd1, 0x80, 0x1a, 0x39, 0x58, 0x20, 0x43, 0x0b, 0x76, 0x07, 0x12,
    0x84, 0x0f, 0x20, 0x64, 0x61, 0x48, 0x10, 0x22, 0x30, 0x21, 0x44, 0x04, 0x6c, 0x78, 0x61, 0x7d,
    0x33, 0x21, 0x30, 0x80, 0x50, 0x9d, 0x89, 0x94, 0x19, 0x4f, 0x1f, 0x3a, 0x74, 0xa2, 0x4e, 0x29,
    0xca, 0x25, 0x14, 0x4f, 0x24, 0x3a, 0xc0, 0xda, 0x4b, 0x35, 0xde, 0xd8, 0x22, 0x43, 0x39, 0xda,
    0xd4, 0x63, 0x00, 0x24, 0x35, 0x20, 0xa1, 0x48, 0x40, 0x6a, 0x24, 0xe4, 0x8e, 0xad, 0x05, 0x39,
    0x24, 0x87, 0x4a, 0x12, 0x84, 0x90, 0x65, 0x31, 0x11, 0x00, 0x25, 0x92, 0xbb, 0x49, 0x49, 0xd4,
    0x93, 0x54, 0x66, 0xa9, 0xe5, 0x96, 0x5c, 0x76, 0xe9, 0xe5, 0x97, 0x60, 0x86, 0x29, 0xe6, 0x98,
    0x64, 0x96, 0x09, 0x53, 0x00, 0x02, 0x20, 0x44, 0xc0, 0x9a, 0x03, 0x0c, 0x20, 0xc0, 0x94, 0x66,
    0x22, 0x97, 0xe6, 0x9a, 0x6c, 0xba, 0x09, 0x67, 0x43, 0x01, 0x0c, 0x50, 0x80, 0x01, 0x7c, 0xf6,
    0xe9, 0x67, 0x01, 0x04, 0xe8, 0x68, 0xd3, 0x00, 0x0a, 0x2c, 0x60, 0x52, 0x4f, 0x84, 0x1a, 0x4a,
    0x54, 0x9e, 0x7b, 0xfa, 0xe9, 0x28, 0xa0, 0x82, 0x36, 0x44, 0x00, 0x9f, 0x05, 0x54, 0x6a, 0xe9,
    0xa5, 0x95, 0xf2, 0x69, 0xa5, 0x4d, 0x02, 0x10, 0xb7, 0x5d, 0x48, 0xbc, 0x1d, 0x0a, 0xd3, 0xa4,
    0x06, 0x60, 0x6a, 0x6a, 0xa3, 0x9b, 0x4a, 0x5a, 0xea, 0xa9, 0xac, 0x96, 0x7a, 0xa7, 0x47, 0x08,
    0xe8, 0xfc, 0xb4, 0xe4, 0x40, 0x01, 0x18, 0x70, 0x40, 0xa4, 0x05, 0x05, 0xd0, 0xc0, 0x4c, 0x0b,
    0xf4, 0x34, 0x29, 0xab, 0xad, 0x16, 0xf0, 0xea, 0x00, 0xab, 0x02, 0x7b, 0x6a, 0xa9, 0x36, 0xb9,
    0x55, 0x1e, 0xae, 0x02, 0x0d, 0xb0, 0x2b, 0x80, 0x9f, 0x0a, 0x44, 0xe2, 0x03, 0xbd, 0xc6, 0x54,
    0xac, 0xb1, 0x98, 0x22, 0xcb, 0x10, 0xb6, 0xc6, 0x1a, 0xf0, 0xea, 0x83, 0xd3, 0xc6, 0xd8, 0x2c,
    0x79, 0x9f, 0x46, 0x86, 0x60, 0x48, 0xdc, 0x02, 0xeb, 0xed, 0xb6, 0xe9, 0xb2, 0xfa, 0x2d, 0xb8,
    0x3a, 0x55, 0x3b, 0x19, 0x83, 0x0f, 0x78, 0x58, 0x50, 0xac, 0xce, 0xcd, 0xfa, 0x51, 0xbb, 0xee,
    0x32, 0x44, 0x2c, 0xbf, 0x96, 0x1a, 0xf0, 0xde, 0x99, 0xd3, 0x6e, 0x36, 0xd6, 0x64, 0xc5, 0xf9,
    0xf4, 0x2f, 0xc0, 0x7b, 0x0e, 0x7c, 0xd1, 0xb5, 0xdc, 0x0a, 0x7c, 0x25, 0x79, 0x2c, 0x52, 0x26,
    0x99, 0x7f, 0xf6, 0xfd, 0xb4, 0x70, 0xbb, 0x12, 0x3f, 0x24, 0x40, 0xa3, 0xdd, 0x96, 0xaa, 0xef,
    0x49, 0x21, 0xea, 0x44, 0x40, 0x01, 0x42, 0x29, 0xa0, 0xac, 0x66, 0x9d, 0xea, 0x64, 0x2f, 0x51,
    0x1f, 0x53, 0xaa, 0xae, 0xc8, 0x15, 0x09, 0x70, 0x72, 0xa3, 0x7f, 0x42, 0xfa, 0xee, 0x49, 0x62,
    0x31, 0x08, 0x95, 0x5d, 0xe4, 0xa5, 0xf6, 0x93, 0xcd, 0x99, 0x3e, 0xaa, 0xf3, 0x85, 0x69, 0xb6,
    0x69, 0xa7, 0x5e, 0xf8, 0xa2, 0x86, 0xf0, 0x54, 0x0c, 0xe8, 0x85, 0xa6, 0xd2, 0x4b, 0xc7, 0x09,
    0x00, 0x68, 0x0f, 0xa4, 0xc6, 0xd9, 0xce, 0x56, 0x7f, 0x35, 0x20, 0x8b, 0x06, 0x15, 0x40, 0xde,
    0xb9, 0x5d, 0x5f, 0x56, 0x21, 0x81, 0xfe, 0x36, 0xe7, 0x70, 0xd9, 0xc7, 0x0d, 0xf0, 0x9a, 0x03,
    0xd1, 0xc2, 0xf7, 0x76, 0xdc, 0x6c, 0x5f, 0x96, 0x2a, 0x50, 0x5c, 0x17, 0x18, 0x10, 0x00, 0x21,
    0xf9, 0x04, 0x04, 0x04, 0x00, 0x00, 0x00, 0x2c, 0x15, 0x00, 0x1a, 0x00, 0x94, 0x00, 0x2f, 0x00,
    0x87, 0x00, 0x00, 0x00, 0x0d, 0x03, 0x03, 0x1a, 0x06, 0x06, 0x26, 0x09, 0x0a, 0x33, 0x0d, 0x0d,
    0x40, 0x10, 0x10, 0x4d, 0x13, 0x13, 0x5a, 0x16, 0x16, 0x66, 0x19, 0x1a, 0x73, 0x1c, 0x1d, 0x80,
    0x1f, 0x20, 0x8d, 0x22, 0x23, 0x9a, 0x26, 0x26, 0xa6, 0x29, 0x2a, 0xb3, 0x2c, 0x2d, 0xc0, 0x2f,
    0x30, 0x00, 0x00, 0x00, 0x00, 0x00, 0x00, 0x00, 0x00, 0x00, 0x00, 0x00, 0x00, 0x00, 0x00, 0x00,
    0x00, 0x00, 0x00, 0x00, 0x00, 0x00, 0x00, 0x00, 0x00, 0x00, 0x00, 0x00, 0x00, 0x00, 0x00, 0x00,
    0x00, 0x00, 0x00, 0x00, 0x00, 0x00, 0x00, 0x00, 0x00, 0x00, 0x00, 0x00, 0x00, 0x00, 0x00, 0x00,
    0x00, 0x00, 0x00, 0x00, 0x00, 0x00, 0x00, 0x00, 0x00, 0x00, 0x00, 0x00, 0x00, 0x00, 0x00, 0x00,
    0x00, 0x00, 0x00, 0x00, 0x00, 0x00, 0x00, 0x00, 0x00, 0x00, 0x00, 0x00, 0x00, 0x00, 0x00, 0x00,
    0x00, 0x00, 0x00, 0x00, 0x00, 0x00, 0x00, 0x00, 0x00, 0x00, 0x00, 0x00, 0x00, 0x00, 0x00, 0x00,
    0x00, 0x00, 0x00, 0x00, 0x00, 0x00, 0x00, 0x00, 0x00, 0x00, 0x00, 0x00, 0x00, 0x00, 0x00, 0x00,
    0x00, 0x00, 0x00, 0x00, 0x00, 0x00, 0x00, 0x00, 0x00, 0x00, 0x00, 0x00, 0x00, 0x00, 0x00, 0x00,
    0x00, 0x00, 0x00, 0x00, 0x00, 0x00, 0x00, 0x00, 0x00, 0x00, 0x00, 0x00, 0x00, 0x00, 0x00, 0x00,
    0x00, 0x00, 0x00, 0x00, 0x00, 0x00, 0x00, 0x00, 0x00, 0x00, 0x00, 0x00, 0x00, 0x00, 0x00, 0x00,
    0x00, 0x00, 0x00, 0x00, 0x00, 0x00, 0x00, 0x00, 0x00, 0x00, 0x00, 0x00, 0x00, 0x00, 0x00, 0x00,
    0x00, 0x00, 0x00, 0x00, 0x00, 0x00, 0x00, 0x00, 0x00, 0x00, 0x00, 0x00, 0x00, 0x00, 0x00, 0x00,
    0x00, 0x00, 0x00, 0x00, 0x00, 0x00, 0x00, 0x00, 0x00, 0x00, 0x00, 0x00, 0x00, 0x00, 0x00, 0x00,
    0x00, 0x00, 0x00, 0x00, 0x00, 0x00, 0x00, 0x00, 0x00, 0x00, 0x00, 0x00, 0x00, 0x00, 0x00, 0x00,
    0x00, 0x00, 0x00, 0x00, 0x00, 0x00, 0x00, 0x00, 0x00, 0x00, 0x00, 0x00, 0x00, 0x00, 0x00, 0x00,
    0x00, 0x00, 0x00, 0x00, 0x00, 0x00, 0x00, 0x00, 0x00, 0x00, 0x00, 0x00, 0x00, 0x00, 0x00, 0x00,
    0x00, 0x00, 0x00, 0x00, 0x00, 0x00, 0x00, 0x00, 0x00, 0x00, 0x00, 0x00, 0x00, 0x00, 0x00, 0x00,
    0x00, 0x00, 0x00, 0x00, 0x00, 0x00, 0x00, 0x00, 0x00, 0x00, 0x00, 0x00, 0x00, 0x00, 0x00, 0x00,
    0x00, 0x00, 0x00, 0x00, 0x00, 0x00, 0x00, 0x00, 0x00, 0x00, 0x00, 0x00, 0x00, 0x00, 0x00, 0x00,
    0x00, 0x00, 0x00, 0x00, 0x00, 0x00, 0x00, 0x00, 0x00, 0x00, 0x00, 0x00, 0x00, 0x00, 0x00, 0x00,
    0x00, 0x00, 0x00, 0x00, 0x00, 0x00, 0x00, 0x00, 0x00, 0x00, 0x00, 0x00, 0x00, 0x00, 0x00, 0x00,
    0x00, 0x00, 0x00, 0x00, 0x00, 0x00, 0x00, 0x00, 0x00, 0x00, 0x00, 0x00, 0x00, 0x00, 0x00, 0x00,
    0x00, 0x00, 0x00, 0x00, 0x00, 0x00, 0x00, 0x00, 0x00, 0x00, 0x00, 0x00, 0x00, 0x00, 0x00, 0x00,
    0x00, 0x00, 0x00, 0x00, 0x00, 0x00, 0x00, 0x00, 0x00, 0x00, 0x00, 0x00, 0x00, 0x00, 0x00, 0x00,
    0x00, 0x00, 0x00, 0x00, 0x00, 0x00, 0x00, 0x00, 0x00, 0x00, 0x00, 0x00, 0x00, 0x00, 0x00, 0x00,
    0x00, 0x00, 0x00, 0x00, 0x00, 0x00, 0x00, 0x00, 0x00, 0x00, 0x00, 0x00, 0x00, 0x00, 0x00, 0x00,
    0x00, 0x00, 0x00, 0x00, 0x00, 0x00, 0x00, 0x00, 0x00, 0x00, 0x00, 0x00, 0x00, 0x00, 0x00, 0x00,
    0x00, 0x00, 0x00, 0x00, 0x00, 0x00, 0x00, 0x00, 0x00, 0x00, 0x00, 0x00, 0x00, 0x00, 0x00, 0x00,
    0x00, 0x00, 0x00, 0x00, 0x00, 0x00, 0x00, 0x00, 0x00, 0x00, 0x00, 0x00, 0x00, 0x00, 0x00, 0x00,
    0x00, 0x00, 0x00, 0x00, 0x00, 0x00, 0x00, 0x00, 0x00, 0x00, 0x00, 0x00, 0x00, 0x00, 0x00, 0x00,
    0x00, 0x00, 0x00, 0x00, 0x00, 0x00, 0x00, 0x00, 0x00, 0x00, 0x00, 0x00, 0x00, 0x00, 0x00, 0x00,
    0x00, 0x00, 0x00, 0x00, 0x00, 0x00, 0x00, 0x00, 0x00, 0x00, 0x00, 0x00, 0x00, 0x00, 0x00, 0x00,
    0x00, 0x00, 0x00, 0x00, 0x00, 0x00, 0x00, 0x00, 0x00, 0x00, 0x00, 0x00, 0x00, 0x00, 0x00, 0x00,
    0x00, 0x00, 0x00, 0x00, 0x00, 0x00, 0x00, 0x00, 0x00, 0x00, 0x00, 0x00, 0x00, 0x00, 0x00, 0x00,
    0x00, 0x00, 0x00, 0x00, 0x00, 0x00, 0x00, 0x00, 0x00, 0x00, 0x00, 0x00, 0x00, 0x00, 0x00, 0x00,
    0x00, 0x00, 0x00, 0x00, 0x00, 0x00, 0x00, 0x00, 0x00, 0x00, 0x00, 0x00, 0x00, 0x00, 0x00, 0x00,
    0x00, 0x00, 0x00, 0x00, 0x00, 0x00, 0x00, 0x00, 0x00, 0x00, 0x00, 0x00, 0x00, 0x00, 0x00, 0x00,
    0x00, 0x00, 0x00, 0x00, 0x00, 0x00, 0x00, 0x00, 0x00, 0x00, 0x00, 0x00, 0x00, 0x00, 0x00, 0x00,
    0x00, 0x00, 0x00, 0x00, 0x00, 0x00, 0x00, 0x00, 0x00, 0x00, 0x00, 0x00, 0x00, 0x00, 0x00, 0x00,
    0x00, 0x00, 0x00, 0x00, 0x00, 0x00, 0x00, 0x00, 0x00, 0x00, 0x00, 0x00, 0x00, 0x00, 0x00, 0x00,
    0x00, 0x00, 0x00, 0x00, 0x00, 0x00, 0x00, 0x00, 0x00, 0x00, 0x00, 0x00, 0x00, 0x00, 0x00, 0x00,
    0x00, 0x00, 0x00, 0x00, 0x00, 0x00, 0x00, 0x00, 0x00, 0x00, 0x00, 0x00, 0x00, 0x00, 0x00, 0x00,
    0x00, 0x00, 0x00, 0x00, 0x00, 0x00, 0x00, 0x00, 0x00, 0x00, 0x00, 0x00, 0x00, 0x00, 0x00, 0x00,
    0x00, 0x00, 0x00, 0x00, 0x00, 0x00, 0x00, 0x00, 0x00, 0x00, 0x00, 0x00, 0x00, 0x00, 0x00, 0x00,
    0x00, 0x00, 0x00, 0x00, 0x00, 0x00, 0x00, 0x00, 0x00, 0x00, 0x00, 0x00, 0x00, 0x00, 0x00, 0x00,
    0x00, 0x08, 0xff, 0x00, 0x01, 0x08, 0x1c, 0x48, 0xb0, 0x60, 0xc1, 0x00, 0x01, 0x0c, 0x2a, 0x5c,
    0xc8, 0xb0, 0xa1, 0xc3, 0x87, 0x10, 0x23, 0x46, 0x44, 0x28, 0xb1, 0xa2, 0xc2, 0x00, 0x08, 0x1a,
    0x38, 0x48, 0x20, 0xc0, 0xa2, 0xc7, 0x8f, 0x20, 0x43, 0x1e, 0xcc, 0xb8, 0xb1, 0xa3, 0xc8, 0x87,
    0x01, 0x18, 0x3c, 0x58, 0xf9, 0xc0, 0xc1, 0x80, 0x93, 0x30, 0x63, 0xca, 0x4c, 0xc9, 0xb2, 0xe5,
    0x4b, 0x99, 0x06, 0x69, 0xd6, 0xb4, 0x89, 0xb3, 0xa7, 0x4f, 0x94, 0x2a, 0x77, 0xba, 0xfc, 0x09,
    0x60, 0x80, 0x83, 0x9d, 0x35, 0x0d, 0x10, 0x5d, 0x4a, 0xd4, 0x28, 0x52, 0x96, 0x4a, 0x7b, 0x3a,
    0x7d, 0x0a, 0x95, 0xa9, 0xd5, 0x98, 0x53, 0xa9, 0x3e, 0x88, 0x8a, 0xf5, 0xa8, 0xd6, 0xaa, 0x57,
    0xc3, 0x7a, 0xcc, 0xfa, 0x95, 0xab, 0x48, 0xb2, 0x5f, 0xb7, 0x8a, 0x5d, 0x0b, 0x11, 0x6d, 0xd9,
    0x93, 0x06, 0xa8, 0x2e, 0x48, 0x40, 0x35, 0x01, 0xdb, 0xbb, 0x0a, 0xe3, 0x3e, 0x9d, 0x5b, 0x37,
    0xa4, 0x5e, 0xa4, 0x0c, 0x12, 0xd2, 0x7d, 0x6a, 0x17, 0xaf, 0xe1, 0xbf, 0x3b, 0x03, 0x03, 0x18,
    0x8c, 0xb4, 0xb0, 0x45, 0xc4, 0x35, 0x15, 0x0b, 0x64, 0xbc, 0xd3, 0xb1, 0x61, 0xb1, 0x90, 0x59,
    0x4a, 0x5e, 0xdc, 0xb7, 0x62, 0xe6, 0x95, 0x9b, 0x27, 0x77, 0xbe, 0x7c, 0xf5, 0xf3, 0x83, 0xd0,
    0x9c, 0x09, 0x4b, 0xa4, 0x5c, 0x33, 0x41, 0x42, 0x83, 0x07, 0xa8, 0xa2, 0x26, 0xdd, 0x93, 0x35,
    0x4b, 0xd7, 0x0a, 0x63, 0x3f, 0x9d, 0x6d, 0xd0, 0xf6, 0x4a, 0xcb, 0x06, 0x4d, 0xf3, 0xa6, 0x7d,
    0xd2, 0xf7, 0x03, 0xe0, 0x05, 0x85, 0xbf, 0x5e, 0x68, 0x1c, 0x79, 0x70, 0xd9, 0xcb, 0x89, 0xc3,
    0x6c, 0xfe, 0x50, 0x39, 0xf3, 0xd1, 0x0e, 0xad, 0x4b, 0x2f, 0x8e, 0xbd, 0xa1, 0xf6, 0x81, 0x3a,
    0x91, 0x1e, 0xff, 0xa8, 0x48, 0xc0, 0xab, 0xd0, 0x9b, 0xdb, 0x3d, 0x86, 0xdf, 0x39, 0x5e, 0x62,
    0xf9, 0xa7, 0x43, 0x05, 0xae, 0x4f, 0x3a, 0xd6, 0x7c, 0xcd, 0xf8, 0xe9, 0x25, 0xce, 0x07, 0x5b,
    0xd1, 0x2d, 0x4f, 0x00, 0x41, 0x21, 0x65, 0x56, 0x7f, 0xf6, 0xb1, 0xe4, 0x80, 0x49, 0xf9, 0x41,
    0x14, 0xe0, 0x4e, 0x03, 0x4a, 0xe4, 0xdf, 0x81, 0x03, 0x50, 0xd5, 0x20, 0x81, 0x4f, 0xb5, 0x97,
    0xa0, 0x43, 0x11, 0x3e, 0x35, 0xa1, 0x83, 0x05, 0xae, 0x74, 0x00, 0x01, 0x48, 0x39, 0x40, 0x00,
    0x4c, 0x02, 0x2c, 0xb8, 0x12, 0x02, 0x17, 0x3e, 0x04, 0xa2, 0x50, 0x23, 0x9e, 0x54, 0x22, 0x52,
    0x08, 0x04, 0x50, 0x60, 0x8b, 0x30, 0xc9, 0xb8, 0x13, 0x7a, 0x29, 0x2e, 0x64, 0x63, 0x4d, 0x34,
    0x9e, 0xb4, 0x23, 0x4b, 0x2f, 0x65, 0xb5, 0x21, 0x48, 0x42, 0xe6, 0xf8, 0x50, 0x91, 0x38, 0x21,
    0x09, 0x80, 0x00, 0x07, 0x1c, 0x80, 0xa3, 0x4c, 0x4c, 0x3a, 0x69, 0x24, 0x44, 0x51, 0x3e, 0x19,
    0x53, 0x95, 0x53, 0x66, 0xa9, 0xe5, 0x96, 0x5c, 0x76, 0xe9, 0xe5, 0x97, 0x60, 0x86, 0x29, 0xe6,
    0x98, 0x64, 0x96, 0x89, 0x53, 0x00, 0x02, 0x0c, 0xa0, 0xe6, 0x00, 0x02, 0x44, 0x67, 0xa6, 0x55,
    0x68, 0xae, 0xc9, 0xa6, 0x9b, 0x15, 0x09, 0x40, 0x40, 0x01, 0x05, 0x18, 0xa0, 0xe7, 0x9e, 0x78,
    0x12, 0xd0, 0x26, 0x51, 0x01, 0x34, 0x89, 0xe0, 0x99, 0x82, 0x2e, 0x65, 0x27, 0x9e, 0x7b, 0xf2,
    0x59, 0x80, 0x9f, 0x74, 0x32, 0x24, 0x40, 0x9e, 0x06, 0xe0, 0x29, 0xe9, 0xa4, 0x90, 0x16, 0x60,
    0xa5, 0x8f, 0x41, 0xe1, 0x17, 0x93, 0x4e, 0x9a, 0x5e, 0x59, 0x29, 0xa5, 0x93, 0xea, 0x69, 0x69,
    0x5b, 0x91, 0x82, 0x6a, 0x2a, 0xa2, 0x3d, 0xc2, 0xa4, 0xdb, 0x4a, 0x0e, 0x34, 0x5a, 0x50, 0x9a,
    0x10, 0x2d, 0xf6, 0x50, 0xd3, 0x02, 0x52, 0x95, 0x7a, 0x2a, 0xa8, 0x06, 0xa4, 0x6a, 0xd0, 0x00,
    0xb6, 0xde, 0x8a, 0xab, 0xae, 0x21, 0x21, 0x90, 0x98, 0xab, 0x00, 0x04, 0xa0, 0x00, 0x68, 0x97,
    0x0e, 0xc4, 0x1a, 0xad, 0x32, 0xf1, 0xea, 0xeb, 0xa9, 0xb9, 0x36, 0xf4, 0xec, 0xb3, 0xc4, 0x5a,
    0x24, 0x40, 0x81, 0xce, 0x15, 0xbb, 0x60, 0xa7, 0x03, 0x65, 0x56, 0x00, 0x4e, 0xd3, 0xfa, 0x4a,
    0x6c, 0xb8, 0xd0, 0x56, 0x6b, 0x11, 0x5a, 0x28, 0x16, 0x34, 0x80, 0x89, 0x2d, 0x7d, 0x5b, 0x50,
    0x01, 0x02, 0xf6, 0x44, 0xae, 0xa9, 0x06, 0x10, 0xeb, 0xec, 0xbc, 0x88, 0xba, 0x9b, 0x64, 0x81,
    0x66, 0xf9, 0xb7, 0x52, 0xbf, 0xfc, 0xfa, 0x74, 0x2f, 0xbe, 0x91, 0x3a, 0x44, 0x40, 0xaf, 0xd3,
    0x46, 0x6a, 0xee, 0x47, 0xf0, 0xee, 0xd4, 0xa2, 0xbf, 0x60, 0xfd, 0x78, 0x22, 0x51, 0x07, 0x13,
    0x5c, 0xc0, 0xc2, 0x07, 0x23, 0x4c, 0x6f, 0xae, 0x0b, 0x83, 0xb4, 0x2a, 0xab, 0x02, 0x5c, 0x9b,
    0x98, 0xac, 0x0c, 0x02, 0xb8, 0x93, 0x02, 0x4c, 0x65, 0x9c, 0x30, 0xc7, 0x13, 0x0d, 0x00, 0x69,
    0xa2, 0x89, 0x2e, 0x3a, 0x28, 0x51, 0xac, 0x35, 0xd0, 0xc0, 0xb0, 0xa9, 0x45, 0x86, 0x33, 0x53,
    0x01, 0xb8, 0x0c, 0x33, 0xcc, 0x32, 0x7f, 0x14, 0x27, 0x01, 0x44, 0x13, 0xa0, 0xe6, 0x9f, 0x62,
    0x91, 0x0c, 0x9d, 0xb2, 0x5f, 0xb5, 0xba, 0xd6, 0xd0, 0x45, 0x1f, 0xdd, 0x71, 0x96, 0xfb, 0x81,
    0xe6, 0xa6, 0x71, 0xdc, 0xbe, 0x49, 0x9a, 0xc8, 0x3b, 0x2d, 0xd0, 0xa8, 0xb0, 0x48, 0xe9, 0xab,
    0xf5, 0x76, 0x19, 0xde, 0xe6, 0x1d, 0x7b, 0x63, 0x5f, 0xf8, 0x57, 0xb6, 0x04, 0xad, 0x9d, 0x76,
    0x8a, 0x4c, 0x02, 0xab, 0x50, 0xdc, 0x60, 0x06, 0x04, 0x00, 0x21, 0xf9, 0x04, 0x04, 0x04, 0x00,
    0x00, 0x00, 0x2c, 0x15, 0x00, 0x1a, 0x00, 0x94, 0x00, 0x30, 0x00, 0x87, 0x00, 0x00, 0x00, 0x0d,
    0x03, 0x03, 0x1a, 0x06, 0x06, 0x26, 0x09, 0x0a, 0x33, 0x0d, 0x0d, 0x40, 0x10, 0x10, 0x4d, 0x13,
    0x13, 0x5a, 0x16, 0x16, 0x66, 0x19, 0x1a, 0x73, 0x1c, 0x1d, 0x80, 0x1f, 0x20, 0x8d, 0x22, 0x23,
    0x9a, 0x26, 0x26, 0xa6, 0x29, 0x2a, 0xb3, 0x2c, 0x2d, 0xc0, 0x2f, 0x30, 0x00, 0x00, 0x00, 0x00,
    0x00, 0x00, 0x00, 0x00, 0x00, 0x00, 0x00, 0x00, 0x00, 0x00, 0x00, 0x00, 0x00, 0x00, 0x00, 0x00,
    0x00, 0x00, 0x00, 0x00, 0x00, 0x00, 0x00, 0x00, 0x00, 0x00, 0x00, 0x00, 0x00, 0x00, 0x00, 0x00,
    0x00, 0x00, 0x00, 0x00, 0x00, 0x00, 0x00, 0x00, 0x00, 0x00, 0x00, 0x00, 0x00, 0x00, 0x00, 0x00,
    0x00, 0x00, 0x00, 0x00, 0x00, 0x00, 0x00, 0x00, 0x00, 0x00, 0x00, 0x00, 0x00, 0x00, 0x00, 0x00,
    0x00, 0x00, 0x00, 0x00, 0x00, 0x00, 0x00, 0x00, 0x00, 0x00, 0x00, 0x00, 0x00, 0x00, 0x00, 0x00,
    0x00, 0x00, 0x00, 0x00, 0x00, 0x00, 0x00, 0x00, 0x00, 0x00, 0x00, 0x00, 0x00, 0x00, 0x00, 0x00,
    0x00, 0x00, 0x00, 0x00, 0x00, 0x00, 0x00, 0x00, 0x00, 0x00, 0x00, 0x00, 0x00, 0x00, 0x00, 0x00,
    0x00, 0x00, 0x00, 0x00, 0x00, 0x00, 0x00, 0x00, 0x00, 0x00, 0x00, 0x00, 0x00, 0x00, 0x00, 0x00,
    0x00, 0x00, 0x00, 0x00, 0x00, 0x00, 0x00, 0x00, 0x00, 0x00, 0x00, 0x00, 0x00, 0x00, 0x00, 0x00,
    0x00, 0x00, 0x00, 0x00, 0x00, 0x00, 0x00, 0x00, 0x00, 0x00, 0x00, 0x00, 0x00, 0x00, 0x00, 0x00,
    0x00, 0x00, 0x00, 0x00, 0x00, 0x00, 0x00, 0x00, 0x00, 0x00, 0x00, 0x00, 0x00, 0x00, 0x00, 0x00,
    0x00, 0x00, 0x00, 0x00, 0x00, 0x00, 0x00, 0x00, 0x00, 0x00, 0x00, 0x00, 0x00, 0x00, 0x00, 0x00,
    0x00, 0x00, 0x00, 0x00, 0x00, 0x00, 0x00, 0x00, 0x00, 0x00, 0x00, 0x00, 0x00, 0x00, 0x00, 0x00,
    0x00, 0x00, 0x00, 0x00, 0x00, 0x00, 0x00, 0x00, 0x00, 0x00, 0x00, 0x00, 0x00, 0x00, 0x00, 0x00,
    0x00, 0x00, 0x00, 0x00, 0x00, 0x00, 0x00, 0x00, 0x00, 0x00, 0x00, 0x00, 0x00, 0x00, 0x00, 0x00,
    0x00, 0x00, 0x00, 0x00, 0x00, 0x00, 0x00, 0x00, 0x00, 0x00, 0x00, 0x00, 0x00, 0x00, 0x00, 0x00,
    0x00, 0x00, 0x00, 0x00, 0x00, 0x00, 0x00, 0x00, 0x00, 0x00, 0x00, 0x00, 0x00, 0x00, 0x00, 0x00,
    0x00, 0x00, 0x00, 0x00, 0x00, 0x00, 0x00, 0x00, 0x00, 0x00, 0x00, 0x00, 0x00, 0x00, 0x00, 0x00,
    0x00, 0x00, 0x00, 0x00, 0x00, 0x00, 0x00, 0x00, 0x00, 0x00, 0x00, 0x00, 0x00, 0x00, 0x00, 0x00,
    0x00, 0x00, 0x00, 0x00, 0x00, 0x00, 0x00, 0x00, 0x00, 0x00, 0x00, 0x00, 0x00, 0x00, 0x00, 0x00,
    0x00, 0x00, 0x00, 0x00, 0x00, 0x00, 0x00, 0x00, 0x00, 0x00, 0x00, 0x00, 0x00, 0x00, 0x00, 0x00,
    0x00, 0x00, 0x00, 0x00, 0x00, 0x00, 0x00, 0x00, 0x00, 0x00, 0x00, 0x00, 0x00, 0x00, 0x00, 0x00,
    0x00, 0x00, 0x00, 0x00, 0x00, 0x00, 0x00, 0x00, 0x00, 0x00, 0x00, 0x00, 0x00, 0x00, 0x00, 0x00,
    0x00, 0x00, 0x00, 0x00, 0x00, 0x00, 0x00, 0x00, 0x00, 0x00, 0x00, 0x00, 0x00, 0x00, 0x00, 0x00,
    0x00, 0x00, 0x00, 0x00, 0x00, 0x00, 0x00, 0x00, 0x00, 0x00, 0x00, 0x00, 0x00, 0x00, 0x00, 0x00,
    0x00, 0x00, 0x00, 0x00, 0x00, 0x00, 0x00, 0x00, 0x00, 0x00, 0x00, 0x00, 0x00, 0x00, 0x00, 0x00,
    0x00, 0x00, 0x00, 0x00, 0x00, 0x00, 0x00, 0x00, 0x00, 0x00, 0x00, 0x00, 0x00, 0x00, 0x00, 0x00,
    0x00, 0x00, 0x00, 0x00, 0x00, 0x00, 0x00, 0x00, 0x00, 0x00, 0x00, 0x00, 0x00, 0x00, 0x00, 0x00,
    0x00, 0x00, 0x00, 0x00, 0x00, 0x00, 0x00, 0x00, 0x00, 0x00, 0x00, 0x00, 0x00, 0x00, 0x00, 0x00,
    0x00, 0x00, 0x00, 0x00, 0x00, 0x00, 0x00, 0x00, 0x00, 0x00, 0x00, 0x00, 0x00, 0x00, 0x00, 0x00,
    0x00, 0x00, 0x00, 0x00, 0x00, 0x00, 0x00, 0x00, 0x00, 0x00, 0x00, 0x00, 0x00, 0x00, 0x00, 0x00,
    0x00, 0x00, 0x00, 0x00, 0x00, 0x00, 0x00, 0x00, 0x00, 0x00, 0x00, 0x00, 0x00, 0x00, 0x00, 0x00,
    0x00, 0x00, 0x00, 0x00, 0x00, 0x00, 0x00, 0x00, 0x00, 0x00, 0x00, 0x00, 0x00, 0x00, 0x00, 0x00,
    0x00, 0x00, 0x00, 0x00, 0x00, 0x00, 0x00, 0x00, 0x00, 0x00, 0x00, 0x00, 0x00, 0x00, 0x00, 0x00,
    0x00, 0x00, 0x00, 0x00, 0x00, 0x00, 0x00, 0x00, 0x00, 0x00, 0x00, 0x00, 0x00, 0x00, 0x00, 0x00,
    0x00, 0x00, 0x00, 0x00, 0x00, 0x00, 0x00, 0x00, 0x00, 0x00, 0x00, 0x00, 0x00, 0x00, 0x00, 0x00,
    0x00, 0x00, 0x00, 0x00, 0x00, 0x00, 0x00, 0x00, 0x00, 0x00, 0x00, 0x00, 0x00, 0x00, 0x00, 0x00,
    0x00, 0x00, 0x00, 0x00, 0x00, 0x00, 0x00, 0x00, 0x00, 0x00, 0x00, 0x00, 0x00, 0x00, 0x00, 0x00,
    0x00, 0x00, 0x00, 0x00, 0x00, 0x00, 0x00, 0x00, 0x00, 0x00, 0x00, 0x00, 0x00, 0x00, 0x00, 0x00,
    0x00, 0x00, 0x00, 0x00, 0x00, 0x00, 0x00, 0x00, 0x00, 0x00, 0x00, 0x00, 0x00, 0x00, 0x00, 0x00,
    0x00, 0x00, 0x00, 0x00, 0x00, 0x00, 0x00, 0x00, 0x00, 0x00, 0x00, 0x00, 0x00, 0x00, 0x00, 0x00,
    0x00, 0x00, 0x00, 0x00, 0x00, 0x00, 0x00, 0x00, 0x00, 0x00, 0x00, 0x00, 0x00, 0x00, 0x00, 0x00,
    0x00, 0x00, 0x00, 0x00, 0x00, 0x00, 0x00, 0x00, 0x00, 0x00, 0x00, 0x00, 0x00, 0x00, 0x00, 0x00,
    0x00, 0x00, 0x00, 0x00, 0x00, 0x00, 0x00, 0x00, 0x00, 0x00, 0x00, 0x00, 0x00, 0x00, 0x00, 0x00,
    0x00, 0x00, 0x00, 0x00, 0x00, 0x00, 0x00, 0x00, 0x00, 0x00, 0x00, 0x00, 0x08, 0xff, 0x00, 0x01,
    0x08, 0x1c, 0x48, 0xb0, 0xa0, 0xc1, 0x83, 0x08, 0x13, 0x2a, 0x5c, 0xc8, 0xb0, 0xa1, 0xc3, 0x87,
    0x10, 0x23, 0x3a, 0x0c, 0x70, 0xe0, 0x80, 0x00, 0x89, 0x18, 0x33, 0x6a, 0xdc, 0x28, 0x90, 0xa2,
    0x45, 0x8e, 0x0e, 0x0d, 0x38, 0x78, 0x40, 0x12, 0x01, 0xc8, 0x93, 0x28, 0x4f, 0x8a, 0x24, 0xf9,
    0xc0, 0x64, 0xca, 0x83, 0x06, 0x58, 0xb2, 0x4c, 0xf0, 0xb2, 0xa6, 0xcd, 0x85, 0x31, 0x65, 0x3e,
    0xa0, 0x79, 0x13, 0xc0, 0x01, 0x9d, 0x2c, 0x15, 0x04, 0xe8, 0x49, 0xd4, 0xe6, 0x4f, 0xa0, 0x0f,
    0x84, 0xda, 0x4c, 0x80, 0x94, 0x25, 0x83, 0xa1, 0x45, 0xa3, 0x72, 0x64, 0xda, 0xf4, 0xc1, 0xd3,
    0x97, 0x54, 0xab, 0x5a, 0x85, 0x2a, 0xb5, 0x2b, 0xc4, 0xac, 0x55, 0xaf, 0x9e, 0x04, 0xab, 0x55,
    0xac, 0xd7, 0xb3, 0x0a, 0xc9, 0x86, 0xe5, 0x9a, 0x31, 0x80, 0x82, 0xa6, 0x23, 0x81, 0x32, 0x18,
    0x80, 0xb6, 0x6e, 0x41, 0xb7, 0x70, 0x91, 0xce, 0xd5, 0x18, 0x80, 0x41, 0xd3, 0x02, 0x03, 0xe2,
    0xea, 0x74, 0x40, 0xd7, 0x6e, 0xdd, 0xbe, 0x7f, 0x03, 0x23, 0x25, 0x8c, 0x11, 0x31, 0x52, 0x03,
    0x02, 0x15, 0x03, 0x65, 0x6c, 0xd8, 0xab, 0x63, 0xa0, 0x90, 0x01, 0x48, 0x1e, 0x5c, 0xf8, 0xe1,
    0x65, 0x9d, 0x99, 0x23, 0x0b, 0x96, 0x49, 0xb9, 0x72, 0xd1, 0xcf, 0x32, 0x43, 0x6b, 0x1e, 0xcd,
    0xb2, 0x34, 0xc3, 0x01, 0x7e, 0x27, 0xab, 0x8e, 0xdc, 0x60, 0x71, 0x01, 0xd3, 0x44, 0x61, 0x2f,
    0x9e, 0xad, 0xb9, 0xf6, 0xe4, 0xdb, 0xaf, 0x59, 0x93, 0x74, 0x4d, 0x10, 0x35, 0x4b, 0xde, 0xb8,
    0x41, 0x6e, 0x26, 0xdd, 0xf9, 0x6e, 0x6c, 0xcc, 0x0b, 0x97, 0xb7, 0x6e, 0x6e, 0xd0, 0x38, 0x49,
    0xe4, 0xc9, 0x33, 0x4a, 0x1f, 0x4e, 0xdd, 0x79, 0x53, 0xec, 0xab, 0x17, 0x77, 0xff, 0xaf, 0xfe,
    0x1c, 0x74, 0x76, 0xe5, 0xc2, 0x1f, 0x10, 0x3f, 0x68, 0xfd, 0x01, 0xf2, 0x02, 0xe9, 0x1b, 0x8c,
    0x67, 0xbf, 0xa0, 0xa9, 0xcb, 0xf3, 0x18, 0xe1, 0x23, 0x95, 0x3f, 0xb1, 0x3e, 0xd2, 0xfb, 0x02,
    0xe5, 0x24, 0x17, 0x5b, 0x0d, 0xa9, 0x45, 0x12, 0x4f, 0xf8, 0x41, 0x24, 0xa0, 0x4e, 0x66, 0x39,
    0x64, 0xe0, 0x4e, 0x03, 0x2d, 0x28, 0x53, 0x83, 0x0f, 0x3d, 0x88, 0x60, 0x82, 0x0c, 0x49, 0xe8,
    0x14, 0x81, 0x0e, 0x36, 0x45, 0x93, 0x00, 0x4d, 0x51, 0xf8, 0xd5, 0x5f, 0x18, 0x32, 0x04, 0xa2,
    0x5e, 0x1c, 0x56, 0xf8, 0x17, 0x01, 0x48, 0x2d, 0x90, 0x22, 0x44, 0x08, 0xfc, 0x57, 0xe2, 0x42,
    0x2c, 0x02, 0xe5, 0x22, 0x47, 0x31, 0x02, 0x85, 0xc0, 0x89, 0x32, 0x5d, 0xb8, 0x91, 0x86, 0xe0,
    0xcd, 0x08, 0x00, 0x8f, 0x33, 0xa1, 0x04, 0x24, 0x00, 0x60, 0x89, 0xa8, 0x51, 0x92, 0x2f, 0x0a,
    0x29, 0x10, 0x93, 0x29, 0x41, 0x09, 0x00, 0x02, 0x0d, 0x38, 0xa0, 0xd4, 0x4b, 0x54, 0x5a, 0xd9,
    0xa4, 0x93, 0x02, 0x65, 0x79, 0x65, 0x4a, 0x5e, 0xb2, 0x15, 0xc0, 0x96, 0x1b, 0x8d, 0xc9, 0x65,
    0x43, 0x66, 0xde, 0x94, 0xe6, 0x99, 0x6c, 0xb6, 0xe9, 0xe6, 0x9b, 0x70, 0xc6, 0x29, 0xe7, 0x9c,
    0x74, 0xd6, 0x69, 0xe7, 0x9d, 0x74, 0x06, 0x30, 0x00, 0x01, 0x04, 0x14, 0xe0, 0x67, 0x01, 0x7c,
    0x0e, 0x70, 0x11, 0x51, 0x6b, 0xd6, 0x54, 0xa8, 0x4d, 0x7a, 0xf2, 0xf9, 0x27, 0xa0, 0x04, 0x08,
    0x2a, 0xd1, 0x00, 0x7e, 0x1a, 0x20, 0xe9, 0xa2, 0x05, 0x48, 0x6a, 0x00, 0x60, 0x64, 0x62, 0x64,
    0x40, 0x95, 0x00, 0x1a, 0xc9, 0xe9, 0x4d, 0x90, 0x56, 0x3a, 0xe9, 0xa2, 0x96, 0x62, 0x8a, 0x66,
    0xa5, 0x94, 0xa6, 0xfa, 0xe7, 0xa5, 0x83, 0xa2, 0x54, 0xe3, 0x81, 0x2f, 0x2d, 0xff, 0x78, 0xc0,
    0x4b, 0x01, 0xa0, 0xaa, 0x6a, 0xaa, 0xac, 0x2e, 0x54, 0xeb, 0xa5, 0xb7, 0xde, 0x6a, 0x40, 0xab,
    0x20, 0xe5, 0x78, 0x5c, 0x74, 0x09, 0x28, 0x00, 0x5c, 0x42, 0xcb, 0x31, 0x90, 0xd2, 0xae, 0xbd,
    0xfa, 0x0a, 0xac, 0x41, 0x04, 0xf0, 0xda, 0xec, 0xad, 0x29, 0x15, 0x00, 0x14, 0x01, 0x09, 0x2d,
    0xe8, 0x63, 0x71, 0xac, 0x6d, 0xab, 0x51, 0xb4, 0xd3, 0xf6, 0xaa, 0x50, 0xb8, 0xbd, 0x1a, 0x90,
    0xa9, 0x8a, 0xcc, 0xc1, 0x04, 0x94, 0xb7, 0xa8, 0x29, 0x99, 0x11, 0xb9, 0xbe, 0x36, 0x09, 0x2e,
    0xbc, 0x94, 0x9e, 0x8b, 0x2e, 0x4b, 0x0d, 0x10, 0xf8, 0x20, 0x85, 0x6f, 0x4d, 0x68, 0xaf, 0x43,
    0xf3, 0xd2, 0xfb, 0x67, 0x93, 0x02, 0x48, 0x4b, 0xaf, 0x01, 0xf3, 0x6d, 0xd4, 0xef, 0x86, 0x03,
    0x3d, 0x48, 0x92, 0x59, 0x64, 0xe5, 0x5b, 0x53, 0xc1, 0x02, 0x47, 0x9a, 0xb0, 0x40, 0x02, 0xd8,
    0x4a, 0x2e, 0xc2, 0x6a, 0x96, 0x07, 0x21, 0x92, 0x5a, 0x3d, 0x3c, 0x94, 0x84, 0xeb, 0x9d, 0x94,
    0xb1, 0xc1, 0xd3, 0x72, 0xcc, 0x50, 0x00, 0x7d, 0x8e, 0x8a, 0x2b, 0xaf, 0xcf, 0xbe, 0x24, 0x00,
    0x6b, 0x07, 0x08, 0x7b, 0x1c, 0x01, 0xac, 0x2d, 0x60, 0xad, 0x4e, 0xc7, 0x22, 0xda, 0x32, 0xca,
    0xab, 0xc2, 0x0c, 0x51, 0x00, 0x02, 0xf4, 0x29, 0xea, 0xa8, 0x8d, 0xfe, 0xab, 0xd1, 0x76, 0xe6,
    0x85, 0xa7, 0x55, 0x90, 0x28, 0x11, 0x6d, 0xb4, 0xa5, 0xbc, 0x26, 0x5d, 0xe6, 0x98, 0x58, 0xd7,
    0xa5, 0x61, 0x6a, 0x04, 0x31, 0x0d, 0x2b, 0x5a, 0x58, 0x67, 0x8d, 0xa7, 0x40, 0x47, 0x41, 0x57,
    0x10, 0xd3, 0x0a, 0x8c, 0x9d, 0x20, 0x59, 0x0e, 0x60, 0x7b, 0x90, 0x00, 0x1e, 0xbb, 0xab, 0xb6,
    0x61, 0xcf, 0x95, 0x3c, 0xd0, 0x65, 0x0e, 0xc4, 0x3c, 0xb7, 0x69, 0x01, 0x24, 0x10, 0xe0, 0xc0,
    0x02, 0x17, 0x77, 0xe4, 0x37, 0xe0, 0x7b, 0x97, 0xa8, 0xb4, 0xd2, 0xe7, 0x05, 0x04, 0x00, 0x21,
    0xf9, 0x04, 0x04, 0x04, 0x00, 0x00, 0x00, 0x2c, 0x15, 0x00, 0x1b, 0x00, 0x94, 0x00, 0x2f, 0x00,
    0x87, 0x00, 0x00, 0x00, 0x0d, 0x03, 0x03, 0x1a, 0x06, 0x06, 0x26, 0x09, 0x0a, 0x33, 0x0d, 0x0d,
    0x40, 0x10, 0x10, 0x4d, 0x13, 0x13, 0x5a, 0x16, 0x16, 0x66, 0x19, 0x1a, 0x73, 0x1c, 0x1d, 0x80,
    0x1f, 0x20, 0x8d, 0x22, 0x23, 0x9a, 0x26, 0x26, 0xa6, 0x29, 0x2a, 0xb3, 0x2c, 0x2d, 0xc0, 0x2f,
    0x30, 0x00, 0x00, 0x00, 0x00, 0x00, 0x00, 0x00, 0x00, 0x00, 0x00, 0x00, 0x00, 0x00, 0x00, 0x00,
    0x00, 0x00, 0x00, 0x00, 0x00, 0x00, 0x00, 0x00, 0x00, 0x00, 0x00, 0x00, 0x00, 0x00, 0x00, 0x00,
    0x00, 0x00, 0x00, 0x00, 0x00, 0x00, 0x00, 0x00, 0x00, 0x00, 0x00, 0x00, 0x00, 0x00, 0x00, 0x00,
    0x00, 0x00, 0x00, 0x00, 0x00, 0x00, 0x00, 0x00, 0x00, 0x00, 0x00, 0x00, 0x00, 0x00, 0x00, 0x00,
    0x00, 0x00, 0x00, 0x00, 0x00, 0x00, 0x00, 0x00, 0x00, 0x00, 0x00, 0x00, 0x00, 0x00, 0x00, 0x00,
    0x00, 0x00, 0x00, 0x00, 0x00, 0x00, 0x00, 0x00, 0x00, 0x00, 0x00, 0x00, 0x00, 0x00, 0x00, 0x00,
    0x00, 0x00, 0x00, 0x00, 0x00, 0x00, 0x00, 0x00, 0x00, 0x00, 0x00, 0x00, 0x00, 0x00, 0x00, 0x00,
    0x00, 0x00, 0x00, 0x00, 0x00, 0x00, 0x00, 0x00, 0x00, 0x00, 0x00, 0x00, 0x00, 0x00, 0x00, 0x00,
    0x00, 0x00, 0x00, 0x00, 0x00, 0x00, 0x00, 0x00, 0x00, 0x00, 0x00, 0x00, 0x00, 0x00, 0x00, 0x00,
    0x00, 0x00, 0x00, 0x00, 0x00, 0x00, 0x00, 0x00, 0x00, 0x00, 0x00, 0x00, 0x00, 0x00, 0x00, 0x00,
    0x00, 0x00, 0x00, 0x00, 0x00, 0x00, 0x00, 0x00, 0x00, 0x00, 0x00, 0x00, 0x00, 0x00, 0x00, 0x00,
    0x00, 0x00, 0x00, 0x00, 0x00, 0x00, 0x00, 0x00, 0x00, 0x00, 0x00, 0x00, 0x00, 0x00, 0x00, 0x00,
    0x00, 0x00, 0x00, 0x00, 0x00, 0x00, 0x00, 0x00, 0x00, 0x00, 0x00, 0x00, 0x00, 0x00, 0x00, 0x00,
    0x00, 0x00, 0x00, 0x00, 0x00, 0x00, 0x00, 0x00, 0x00, 0x00, 0x00, 0x00, 0x00, 0x00, 0x00, 0x00,
    0x00, 0x00, 0x00, 0x00, 0x00, 0x00, 0x00, 0x00, 0x00, 0x00, 0x00, 0x00, 0x00, 0x00, 0x00, 0x00,
    0x00, 0x00, 0x00, 0x00, 0x00, 0x00, 0x00, 0x00, 0x00, 0x00, 0x00, 0x00, 0x00, 0x00, 0x00, 0x00,
    0x00, 0x00, 0x00, 0x00, 0x00, 0x00, 0x00, 0x00, 0x00, 0x00, 0x00, 0x00, 0x00, 0x00, 0x00, 0x00,
    0x00, 0x00, 0x00, 0x00, 0x00, 0x00, 0x00, 0x00, 0x00, 0x00, 0x00, 0x00, 0x00, 0x00, 0x00, 0x00,
    0x00, 0x00, 0x00, 0x00, 0x00, 0x00, 0x00, 0x00, 0x00, 0x00, 0x00, 0x00, 0x00, 0x00, 0x00, 0x00,
    0x00, 0x00, 0x00, 0x00, 0x00, 0x00, 0x00, 0x00, 0x00, 0x00, 0x00, 0x00, 0x00, 0x00, 0x00, 0x00,
    0x00, 0x00, 0x00, 0x00, 0x00, 0x00, 0x00, 0x00, 0x00, 0x00, 0x00, 0x00, 0x00, 0x00, 0x00, 0x00,
    0x00, 0x00, 0x00, 0x00, 0x00, 0x00, 0x00, 0x00, 0x00, 0x00, 0x00, 0x00, 0x00, 0x00, 0x00, 0x00,
    0x00, 0x00, 0x00, 0x00, 0x00, 0x00, 0x00, 0x00, 0x00, 0x00, 0x00, 0x00, 0x00, 0x00, 0x00, 0x00,
    0x00, 0x00, 0x00, 0x00, 0x00, 0x00, 0x00, 0x00, 0x00, 0x00, 0x00, 0x00, 0x00, 0x00, 0x00, 0x00,
    0x00, 0x00, 0x00, 0x00, 0x00, 0x00, 0x00, 0x00, 0x00, 0x00, 0x00, 0x00, 0x00, 0x00, 0x00, 0x00,
    0x00, 0x00, 0x00, 0x00, 0x00, 0x00, 0x00, 0x00, 0x00, 0x00, 0x00, 0x00, 0x00, 0x00, 0x00, 0x00,
    0x00, 0x00, 0x00, 0x00, 0x00, 0x00, 0x00, 0x00, 0x00, 0x00, 0x00, 0x00, 0x00, 0x00, 0x00, 0x00,
    0x00, 0x00, 0x00, 0x00, 0x00, 0x00, 0x00, 0x00, 0x00, 0x00, 0x00, 0x00, 0x00, 0x00, 0x00, 0x00,
    0x00, 0x00, 0x00, 0x00, 0x00, 0x00, 0x00, 0x00, 0x00, 0x00, 0x00, 0x00, 0x00, 0x00, 0x00, 0x00,
    0x00, 0x00, 0x00, 0x00, 0x00, 0x00, 0x00, 0x00, 0x00, 0x00, 0x00, 0x00, 0x00, 0x00, 0x00, 0x00,
    0x00, 0x00, 0x00, 0x00, 0x00, 0x00, 0x00, 0x00, 0x00, 0x00, 0x00, 0x00, 0x00, 0x00, 0x00, 0x00,
    0x00, 0x00, 0x00, 0x00, 0x00, 0x00, 0x00, 0x00, 0x00, 0x00, 0x00, 0x00, 0x00, 0x00, 0x00, 0x00,
    0x00, 0x00, 0x00, 0x00, 0x00, 0x00, 0x00, 0x00, 0x00, 0x00, 0x00, 0x00, 0x00, 0x00, 0x00, 0x00,
    0x00, 0x00, 0x00, 0x00, 0x00, 0x00, 0x00, 0x00, 0x00, 0x00, 0x00, 0x00, 0x00, 0x00, 0x00, 0x00,
    0x00, 0x00, 0x00, 0x00, 0x00, 0x00, 0x00, 0x00, 0x00, 0x00, 0x00, 0x00, 0x00, 0x00, 0x00, 0x00,
    0x00, 0x00, 0x00, 0x00, 0x00, 0x00, 0x00, 0x00, 0x00, 0x00, 0x00, 0x00, 0x00, 0x00, 0x00, 0x00,
    0x00, 0x00, 0x00, 0x00, 0x00, 0x00, 0x00, 0x00, 0x00, 0x00, 0x00, 0x00, 0x00, 0x00, 0x00, 0x00,
    0x00, 0x00, 0x00, 0x00, 0x00, 0x00, 0x00, 0x00, 0x00, 0x00, 0x00, 0x00, 0x00, 0x00, 0x00, 0x00,
    0x00, 0x00, 0x00, 0x00, 0x00, 0x00, 0x00, 0x00, 0x00, 0x00, 0x00, 0x00, 0x00, 0x00, 0x00, 0x00,
    0x00, 0x00, 0x00, 0x00, 0x00, 0x00, 0x00, 0x00, 0x00, 0x00, 0x00, 0x00, 0x00, 0x00, 0x00, 0x00,
    0x00, 0x00, 0x00, 0x00, 0x00, 0x00, 0x00, 0x00, 0x00, 0x00, 0x00, 0x00, 0x00, 0x00, 0x00, 0x00,
    0x00, 0x00, 0x00, 0x00, 0x00, 0x00, 0x00, 0x00, 0x00, 0x00, 0x00, 0x00, 0x00, 0x00, 0x00, 0x00,
    0x00, 0x00, 0x00, 0x00, 0x00, 0x00, 0x00, 0x00, 0x00, 0x00, 0x00, 0x00, 0x00, 0x00, 0x00, 0x00,
    0x00, 0x00, 0x00, 0x00, 0x00, 0x00, 0x00, 0x00, 0x00, 0x00, 0x00, 0x00, 0x00, 0x00, 0x00, 0x00,
    0x00, 0x00, 0x00, 0x00, 0x00, 0x00, 0x00, 0x00, 0x00, 0x00, 0x00, 0x00, 0x00, 0x00, 0x00, 0x00,
    0x00, 0x08, 0xff, 0x00, 0x01, 0x08, 0x1c, 0x48, 0xb0, 0x60, 0xc1, 0x01, 0x04, 0x0c, 0x2a, 0x5c,
    0xc8, 0xb0, 0xa1, 0xc3, 0x87, 0x10, 0x23, 0x46, 0x44, 0x28, 0xb1, 0xa2, 0xc2, 0x01, 0x0b, 0x1e,
    0x3c, 0x60, 0x50, 0xc0, 0xa2, 0xc7, 0x8f, 0x20, 0x43, 0x1e, 0xcc, 0xb8, 0xb1, 0xa3, 0xc8, 0x87,
    0x03, 0x1c, 0x68, 0x5c, 0x69, 0xe0, 0xa4, 0xcb, 0x97, 0x30, 0x53, 0xae, 0xd4, 0xd8, 0x12, 0xa6,
    0x41, 0x02, 0x2a, 0x67, 0x6a, 0x3c, 0x60, 0xb3, 0xa7, 0xcf, 0x87, 0x38, 0x75, 0xee, 0xfc, 0x09,
    0xc0, 0x80, 0xd0, 0x99, 0x09, 0x88, 0x2a, 0x25, 0x6a, 0xf4, 0xa8, 0xc6, 0xa4, 0x3d, 0x9b, 0x3a,
    0x7d, 0xba, 0xb4, 0xea, 0x4b, 0xa9, 0x53, 0xa1, 0x5e, 0x9d, 0xaa, 0x53, 0xab, 0xd5, 0xaf, 0x15,
    0xb1, 0x72, 0xf5, 0x1a, 0xf2, 0x00, 0x57, 0xa1, 0x09, 0x02, 0x80, 0x5d, 0xfb, 0xd0, 0xec, 0x59,
    0xa4, 0x6a, 0x43, 0x26, 0x70, 0x8a, 0x40, 0xec, 0x4a, 0x06, 0x71, 0xd9, 0xea, 0x25, 0x38, 0xf7,
    0x68, 0x5d, 0xa7, 0x78, 0x41, 0xf6, 0x45, 0x2b, 0xd0, 0xae, 0xc6, 0xc0, 0x7b, 0xf7, 0x0e, 0xee,
    0x5a, 0x18, 0x70, 0x5e, 0x89, 0x8b, 0x91, 0x12, 0x34, 0xbc, 0xf1, 0x71, 0x62, 0xab, 0x91, 0x57,
    0x7a, 0xa5, 0x8c, 0x18, 0x62, 0x80, 0xcc, 0x54, 0x0b, 0x72, 0x16, 0x70, 0xd9, 0xea, 0x67, 0xa7,
    0x64, 0x8b, 0x02, 0x26, 0xfd, 0x30, 0x00, 0x03, 0xa7, 0x35, 0x0d, 0xca, 0x14, 0xea, 0x60, 0x40,
    0x69, 0xa5, 0xae, 0x61, 0x2f, 0x9c, 0xad, 0xb3, 0xb6, 0xc3, 0xdc, 0x47, 0x63, 0x5f, 0xcc, 0xd9,
    0xdb, 0xf6, 0xed, 0x9e, 0xc0, 0x85, 0x0a, 0x97, 0x4d, 0x7c, 0xa6, 0xef, 0x85, 0xc9, 0x75, 0x2e,
    0x1f, 0x7e, 0xf4, 0xf9, 0x71, 0x97, 0xd1, 0x67, 0x4e, 0x67, 0x5e, 0xdd, 0x78, 0x41, 0x01, 0xaf,
    0x83, 0x4f, 0xff, 0x6c, 0xbe, 0xd2, 0x41, 0xc2, 0xeb, 0x22, 0xc1, 0xeb, 0x86, 0xc8, 0xdb, 0xf9,
    0xf9, 0x81, 0xed, 0xcb, 0x7b, 0xf7, 0x1c, 0x5e, 0x39, 0x7a, 0x90, 0xf1, 0x35, 0x5a, 0xa7, 0xbf,
    0x1e, 0x40, 0xfe, 0x07, 0xfb, 0x45, 0x94, 0x1d, 0x4b, 0xf7, 0x59, 0xf4, 0x5f, 0x80, 0xfc, 0x89,
    0x17, 0x00, 0x79, 0xfa, 0xcd, 0x57, 0xd1, 0x80, 0x1a, 0x39, 0x58, 0x20, 0x43, 0x0b, 0x76, 0x07,
    0x12, 0x84, 0x0f, 0x20, 0x64, 0x61, 0x48, 0x10, 0x22, 0x30, 0x21, 0x44, 0x04, 0x6c, 0x78, 0x61,
    0x7d, 0x33, 0x21, 0x30, 0x80, 0x50, 0x9d, 0x89, 0x94, 0x19, 0x4f, 0x1f, 0x3a, 0x74, 0xa2, 0x4e,
    0x29, 0xca, 0x25, 0x14, 0x4f, 0x24, 0x3a, 0xc0, 0xda, 0x4b, 0x35, 0xde, 0xd8, 0x22, 0x43, 0x39,
    0xda, 0xd4, 0x63, 0x00, 0x24, 0x35, 0x20, 0xa1, 0x48, 0x40, 0x6a, 0x24, 0xe4, 0x8e, 0xad, 0x05,
    0x39, 0x24, 0x87, 0x4a, 0x12, 0x84, 0x90, 0x65, 0x31, 0x11, 0x00, 0x25, 0x92, 0xbb, 0x49, 0x49,
    0xd4, 0x93, 0x54, 0x66, 0xa9, 0xe5, 0x96, 0x5c, 0x76, 0xe9, 0xe5, 0x97, 0x60, 0x86, 0x29, 0xe6,
    0x98, 0x64, 0x96, 0x09, 0x53, 0x00, 0x02, 0x20, 0x44, 0xc0, 0x9a, 0x03, 0x0c, 0x20, 0xc0, 0x94,
    0x66, 0x22, 0x97, 0xe6, 0x9a, 0x6c, 0xba, 0x09, 0x67, 0x43, 0x01, 0x0c, 0x50, 0x80, 0x01, 0x7c,
    0xf6, 0xe9, 0x67, 0x01, 0x04, 0xe8, 0x68, 0xd3, 0x00, 0x0a, 0x2c, 0x60, 0x52, 0x4f, 0x84, 0x1a,
    0x4a, 0x54, 0x9e, 0x7b, 0xfa, 0xe9, 0x28, 0xa0, 0x82, 0x36, 0x44, 0x00, 0x9f, 0x05, 0x54, 0x6a,
    0xe9, 0xa5, 0x95, 0xf2, 0x69, 0xa5, 0x4d, 0x02, 0x10, 0xb7, 0x5d, 0x48, 0xbc, 0x1d, 0x0a, 0xd3,
    0xa4, 0x06, 0x60, 0x6a, 0x6a, 0xa3, 0x9b, 0x4a, 0x5a, 0xea, 0xa9, 0xac, 0x96, 0x7a, 0xa7, 0x47,
    0x08, 0xe8, 0xfc, 0xb4, 0xe4, 0x40, 0x01, 0x18, 0x70, 0x40, 0xa4, 0x05, 0x05, 0xd0, 0xc0, 0x4c,
    0x0b, 0xf4, 0x34, 0x29, 0xab, 0xad, 0x16, 0xf0, 0xea, 0x00, 0xab, 0x02, 0x7b, 0x6a, 0xa9, 0x36,
    0xb9, 0x55, 0x1e, 0xae, 0x02, 0x0d, 0xb0, 0x2b, 0x80, 0x9f, 0x0a, 0x44, 0xe2, 0x03, 0xbd, 0xc6,
    0x54, 0xac, 0xb1, 0x98, 0x22, 0xcb, 0x10, 0xb6, 0xc6, 0x1a, 0xf0, 0xea, 0x83, 0xd3, 0xc6, 0xd8,
    0x2c, 0x79, 0x9f, 0x46, 0x86, 0x60, 0x48, 0xdc, 0x02, 0xeb, 0xed, 0xb6, 0xe9, 0xb2, 0xfa, 0x2d,
    0xb8, 0x3a, 0x55, 0x3b, 0x19, 0x83, 0x0f, 0x78, 0x58, 0x50, 0xac, 0xce, 0xcd, 0xfa, 0x51, 0xbb,
    0xee, 0x32, 0x44, 0x2c, 0xbf, 0x96, 0x1a, 0xf0, 0xde, 0x99, 0xd3, 0x6e, 0x36, 0xd6, 0x64, 0xc5,
    0xf9, 0xf4, 0x2f, 0xc0, 0x7b, 0x0e, 0x7c, 0xd1, 0xb5, 0xdc, 0x0a, 0x7c, 0x25, 0x79, 0x2c, 0x52,
    0x26, 0x99, 0x7f, 0xf6, 0xfd, 0xb4, 0x70, 0xbb, 0x12, 0x3f, 0x24, 0x40, 0xa3, 0xdd, 0x96, 0xaa,
    0xef, 0x49, 0x21, 0xea, 0x44, 0x40, 0x01, 0x42, 0x29, 0xa0, 0xac, 0x66, 0x9d, 0xea, 0x64, 0x2f,
    0x51, 0x1f, 0x53, 0xaa, 0xae, 0xc8, 0x15, 0x09, 0x70, 0x72, 0xa3, 0x7f, 0x42, 0xfa, 0xee, 0x49,
    0x62, 0x31, 0x08, 0x95, 0x5d, 0xe4, 0xa5, 0xf6, 0x93, 0xcd, 0x99, 0x3e, 0xaa, 0xf3, 0x85, 0x69,
    0xb6, 0x69, 0xa7, 0x5e, 0xf8, 0xa2, 0x86, 0xf0, 0x54, 0x0c, 0xe8, 0x85, 0xa6, 0xd2, 0x4b, 0xc7,
    0x09, 0x00, 0x68, 0x0f, 0xa4, 0xc6, 0xd9, 0xce, 0x56, 0x7f, 0x35, 0x20, 0x8b, 0x06, 0x15, 0x40,
    0xde, 0xb9, 0x5d, 0x5f, 0x56, 0x21, 0x81, 0xfe, 0x36, 0xe7, 0x70, 0xd9, 0xc7, 0x0d, 0xf0, 0x9a,
    0x03, 0xd1, 0xc2, 0xf7, 0x76, 0xdc, 0x6c, 0x5f, 0x96, 0x2a, 0x50, 0x5c, 0x17, 0x18, 0x10, 0x00,
    0x21, 0xf9, 0x04, 0x04, 0x04, 0x00, 0x00, 0x00, 0x2c, 0x15, 0x00, 0x1b, 0x00, 0x94, 0x00, 0x2f,
    0x00, 0x87, 0x00, 0x00, 0x00, 0x0d, 0x03, 0x03, 0x1a, 0x06, 0x06, 0x26, 0x09, 0x0a, 0x33, 0x0d,
    0x0d, 0x40, 0x10, 0x10, 0x4d, 0x13, 0x13, 0x5a, 0x16, 0x16, 0x66, 0x19, 0x1a, 0x73, 0x1c, 0x1d,
    0x80, 0x1f, 0x20, 0x8d, 0x22, 0x23, 0x9a, 0x26, 0x26, 0xa6, 0x29, 0x2a, 0xb3, 0x2c, 0x2d, 0xc0,
    0x2f, 0x30, 0x00, 0x00, 0x00, 0x00, 0x00, 0x00, 0x00, 0x00, 0x00, 0x00, 0x00, 0x00, 0x00, 0x00,
    0x00, 0x00, 0x00, 0x00, 0x00, 0x00, 0x00, 0x00, 0x00, 0x00, 0x00, 0x00, 0x00, 0x00, 0x00, 0x00,
    0x00, 0x00, 0x00, 0x00, 0x00, 0x00, 0x00, 0x00, 0x00, 0x00, 0x00, 0x00, 0x00, 0x00, 0x00, 0x00,
    0x00, 0x00, 0x00, 0x00, 0x00, 0x00, 0x00, 0x00, 0x00, 0x00, 0x00, 0x00, 0x00, 0x00, 0x00, 0x00,
    0x00, 0x00, 0x00, 0x00, 0x00, 0x00, 0x00, 0x00, 0x00, 0x00, 0x00, 0x00, 0x00, 0x00, 0x00, 0x00,
    0x00, 0x00, 0x00, 0x00, 0x00, 0x00, 0x00, 0x00, 0x00, 0x00, 0x00, 0x00, 0x00, 0x00, 0x00, 0x00,
    0x00, 0x00, 0x00, 0x00, 0x00, 0x00, 0x00, 0x00, 0x00, 0x00, 0x00, 0x00, 0x00, 0x00, 0x00, 0x00,
    0x00, 0x00, 0x00, 0x00, 0x00, 0x00, 0x00, 0x00, 0x00, 0x00, 0x00, 0x00, 0x00, 0x00, 0x00, 0x00,
    0x00, 0x00, 0x00, 0x00, 0x00, 0x00, 0x00, 0x00, 0x00, 0x00, 0x00, 0x00, 0x00, 0x00, 0x00, 0x00,
    0x00, 0x00, 0x00, 0x00, 0x00, 0x00, 0x00, 0x00, 0x00, 0x00, 0x00, 0x00, 0x00, 0x00, 0x00, 0x00,
    0x00, 0x00, 0x00, 0x00, 0x00, 0x00, 0x00, 0x00, 0x00, 0x00, 0x00, 0x00, 0x00, 0x00, 0x00, 0x00,
    0x00, 0x00, 0x00, 0x00, 0x00, 0x00, 0x00, 0x00, 0x00, 0x00, 0x00, 0x00, 0x00, 0x00, 0x00, 0x00,
    0x00, 0x00, 0x00, 0x00, 0x00, 0x00, 0x00, 0x00, 0x00, 0x00, 0x00, 0x00, 0x00, 0x00, 0x00, 0x00,
    0x00, 0x00, 0x00, 0x00, 0x00, 0x00, 0x00, 0x00, 0x00, 0x00, 0x00, 0x00, 0x00, 0x00, 0x00, 0x00,
    0x00, 0x00, 0x00, 0x00, 0x00, 0x00, 0x00, 0x00, 0x00, 0x00, 0x00, 0x00, 0x00, 0x00, 0x00, 0x00,
    0x00, 0x00, 0x00, 0x00, 0x00, 0x00, 0x00, 0x00, 0x00, 0x00, 0x00, 0x00, 0x00, 0x00, 0x00, 0x00,
    0x00, 0x00, 0x00, 0x00, 0x00, 0x00, 0x00, 0x00, 0x00, 0x00, 0x00, 0x00, 0x00, 0x00, 0x00, 0x00,
    0x00, 0x00, 0x00, 0x00, 0x00, 0x00, 0x00, 0x00, 0x00, 0x00, 0x00, 0x00, 0x00, 0x00, 0x00, 0x00,
    0x00, 0x00, 0x00, 0x00, 0x00, 0x00, 0x00, 0x00, 0x00, 0x00, 0x00, 0x00, 0x00, 0x00, 0x00, 0x00,
    0x00, 0x00, 0x00, 0x00, 0x00, 0x00, 0x00, 0x00, 0x00, 0x00, 0x00, 0x00, 0x00, 0x00, 0x00, 0x00,
    0x00, 0x00, 0x00, 0x00, 0x00, 0x00, 0x00, 0x00, 0x00, 0x00, 0x00, 0x00, 0x00, 0x00, 0x00, 0x00,
    0x00, 0x00, 0x00, 0x00, 0x00, 0x00, 0x00, 0x00, 0x00, 0x00, 0x00, 0x00, 0x00, 0x00, 0x00, 0x00,
    0x00, 0x00, 0x00, 0x00, 0x00, 0x00, 0x00, 0x00, 0x00, 0x00, 0x00, 0x00, 0x00, 0x00, 0x00, 0x00,
    0x00, 0x00, 0x00, 0x00, 0x00, 0x00, 0x00, 0x00, 0x00, 0x00, 0x00, 0x00, 0x00, 0x00, 0x00, 0x00,
    0x00, 0x00, 0x00, 0x00, 0x00, 0x00, 0x00, 0x00, 0x00, 0x00, 0x00, 0x00, 0x00, 0x00, 0x00, 0x00,
    0x00, 0x00, 0x00, 0x00, 0x00, 0x00, 0x00, 0x00, 0x00, 0x00, 0x00, 0x00, 0x00, 0x00, 0x00, 0x00,
    0x00, 0x00, 0x00, 0x00, 0x00, 0x00, 0x00, 0x00, 0x00, 0x00, 0x00, 0x00, 0x00, 0x00, 0x00, 0x00,
    0x00, 0x00, 0x00, 0x00, 0x00, 0x00, 0x00, 0x00, 0x00, 0x00, 0x00, 0x00, 0x00, 0x00, 0x00, 0x00,
    0x00, 0x00, 0x00, 0x00, 0x00, 0x00, 0x00, 0x00, 0x00, 0x00, 0x00, 0x00, 0x00, 0x00, 0x00, 0x00,
    0x00, 0x00, 0x00, 0x00, 0x00, 0x00, 0x00, 0x00, 0x00, 0x00, 0x00, 0x00, 0x00, 0x00, 0x00, 0x00,
    0x00, 0x00, 0x00, 0x00, 0x00, 0x00, 0x00, 0x00, 0x00, 0x00, 0x00, 0x00, 0x00, 0x00, 0x00, 0x00,
    0x00, 0x00, 0x00, 0x00, 0x00, 0x00, 0x00, 0x00, 0x00, 0x00, 0x00, 0x00, 0x00, 0x00, 0x00, 0x00,
    0x00, 0x00, 0x00, 0x00, 0x00, 0x00, 0x00, 0x00, 0x00, 0x00, 0x00, 0x00, 0x00, 0x00, 0x00, 0x00,
    0x00, 0x00, 0x00, 0x00, 0x00, 0x00, 0x00, 0x00, 0x00, 0x00, 0x00, 0x00, 0x00, 0x00, 0x00, 0x00,
    0x00, 0x00, 0x00, 0x00, 0x00, 0x00, 0x00, 0x00, 0x00, 0x00, 0x00, 0x00, 0x00, 0x00, 0x00, 0x00,
    0x00, 0x00, 0x00, 0x00, 0x00, 0x00, 0x00, 0x00, 0x00, 0x00, 0x00, 0x00, 0x00, 0x00, 0x00, 0x00,
    0x00, 0x00, 0x00, 0x00, 0x00, 0x00, 0x00, 0x00, 0x00, 0x00, 0x00, 0x00, 0x00, 0x00, 0x00, 0x00,
    0x00, 0x00, 0x00, 0x00, 0x00, 0x00, 0x00, 0x00, 0x00, 0x00, 0x00, 0x00, 0x00, 0x00, 0x00, 0x00,
    0x00, 0x00, 0x00, 0x00, 0x00, 0x00, 0x00, 0x00, 0x00, 0x00, 0x00, 0x00, 0x00, 0x00, 0x00, 0x00,
    0x00, 0x00, 0x00, 0x00, 0x00, 0x00, 0x00, 0x00, 0x00, 0x00, 0x00, 0x00, 0x00, 0x00, 0x00, 0x00,
    0x00, 0x00, 0x00, 0x00, 0x00, 0x00, 0x00, 0x00, 0x00, 0x00, 0x00, 0x00, 0x00, 0x00, 0x00, 0x00,
    0x00, 0x00, 0x00, 0x00, 0x00, 0x00, 0x00, 0x00, 0x00, 0x00, 0x00, 0x00, 0x00, 0x00, 0x00, 0x00,
    0x00, 0x00, 0x00, 0x00, 0x00, 0x00, 0x00, 0x00, 0x00, 0x00, 0x00, 0x00, 0x00, 0x00, 0x00, 0x00,
    0x00, 0x00, 0x00, 0x00, 0x00, 0x00, 0x00, 0x00, 0x00, 0x00, 0x00, 0x00, 0x00, 0x00, 0x00, 0x00,
    0x00, 0x00, 0x00, 0x00, 0x00, 0x00, 0x00, 0x00, 0x00, 0x00, 0x00, 0x00, 0x00, 0x00, 0x00, 0x00,
    0x00, 0x00, 0x08, 0xff, 0x00, 0x01, 0x08, 0x1c, 0x48, 0xb0, 0x60, 0xc1, 0x00, 0x01, 0x0c, 0x2a,
    0x5c, 0xc8, 0xb0, 0xa1, 0xc3, 0x87, 0x10, 0x23, 0x46, 0x44, 0x28, 0xb1, 0xa2, 0xc2, 0x00, 0x08,
    0x1a, 0x38, 0x48, 0x20, 0xc0, 0xa2, 0xc7, 0x8f, 0x20, 0x43, 0x1e, 0xcc, 0xb8, 0xb1, 0xa3, 0xc8,
    0x87, 0x01, 0x18, 0x3c, 0x58, 0xf9, 0xc0, 0xc1, 0x80, 0x93, 0x30, 0x63, 0xca, 0x4c, 0xc9, 0xb2,
    0xe5, 0x4b, 0x99, 0x06, 0x69, 0xd6, 0xb4, 0x89, 0xb3, 0xa7, 0x4f, 0x94, 0x2a, 0x77, 0xba, 0xfc,
    0x09, 0x60, 0x80, 0x83, 0x9d, 0x35, 0x0d, 0x10, 0x5d, 0x4a, 0xd4, 0x28, 0x52, 0x96, 0x4a, 0x7b,
    0x3a, 0x7d, 0x0a, 0x95, 0xa9, 0xd5, 0x98, 0x53, 0xa9, 0x3e, 0x88, 0x8a, 0xf5, 0xa8, 0xd6, 0xaa,
    0x57, 0xc3, 0x7a, 0xcc, 0xfa, 0x95, 0xab, 0x48, 0xb2, 0x5f, 0xb7, 0x8a, 0x5d, 0x0b, 0x11, 0x6d,
    0xd9, 0x93, 0x06, 0xa8, 0x2e, 0x48, 0x40, 0x35, 0x01, 0xdb, 0xbb, 0x0a, 0xe3, 0x3e, 0x9d, 0x5b,
    0x37, 0xa4, 0x5e, 0xa4, 0x0c, 0x12, 0xd2, 0x7d, 0x6a, 0x17, 0xaf, 0xe1, 0xbf, 0x3b, 0x03, 0x03,
    0x18, 0x8c, 0xb4, 0xb0, 0x45, 0xc4, 0x35, 0x15, 0x0b, 0x64, 0xbc, 0xd3, 0xb1, 0x61, 0xb1, 0x90,
    0x59, 0x4a, 0x5e, 0xdc, 0xb7, 0x62, 0xe6, 0x95, 0x9b, 0x27, 0x77, 0xbe, 0x7c, 0xf5, 0xf3, 0x83,
    0xd0, 0x9c, 0x09, 0x4b, 0xa4, 0x5c, 0x33, 0x41, 0x42, 0x83, 0x07, 0xa8, 0xa2, 0x26, 0xdd, 0x93,
    0x35, 0x4b, 0xd7, 0x0a, 0x63, 0x3f, 0x9d, 0x6d, 0xd0, 0xf6, 0x4a, 0xcb, 0x06, 0x4d, 0xf3, 0xa6,
    0x7d, 0xd2, 0xf7, 0x03, 0xe0, 0x05, 0x85, 0xbf, 0x5e, 0x68, 0x1c, 0x79, 0x70, 0xd9, 0xcb, 0x89,
    0xc3, 0x6c, 0xfe, 0x50, 0x39, 0xf3, 0xd1, 0x0e, 0xad, 0x4b, 0x2f, 0x8e, 0xbd, 0xa1, 0xf6, 0x81,
    0x3a, 0x91, 0x1e, 0xff, 0xa8, 0x48, 0xc0, 0xab, 0xd0, 0x9b, 0xdb, 0x3d, 0x86, 0xdf, 0x39, 0x5e,
    0x62, 0xf9, 0xa7, 0x43, 0x05, 0xae, 0x4f, 0x3a, 0xd6, 0x7c, 0xcd, 0xf8, 0xe9, 0x25, 0xce, 0x07,
    0x5b, 0xd1, 0x2d, 0x4f, 0x00, 0x41, 0x21, 0x65, 0x56, 0x7f, 0xf6, 0xb1, 0xe4, 0x80, 0x49, 0xf9,
    0x41, 0x14, 0xe0, 0x4e, 0x03, 0x4a, 0xe4, 0xdf, 0x81, 0x03, 0x50, 0xd5, 0x20, 0x81, 0x4f, 0xb5,
    0x97, 0xa0, 0x43, 0x11, 0x3e, 0x35, 0xa1, 0x83, 0x05, 0xae, 0x74, 0x00, 0x01, 0x48, 0x39, 0x40,
    0x00, 0x4c, 0x02, 0x2c, 0xb8, 0x12, 0x02, 0x17, 0x3e, 0x04, 0xa2, 0x50, 0x23, 0x9e, 0x54, 0x22,
    0x52, 0x08, 0x04, 0x50, 0x60, 0x8b, 0x30, 0xc9, 0xb8, 0x13, 0x7a, 0x29, 0x2e, 0x64, 0x63, 0x4d,
    0x34, 0x9e, 0xb4, 0x23, 0x4b, 0x2f, 0x65, 0xb5, 0x21, 0x48, 0x42, 0xe6, 0xf8, 0x50, 0x91, 0x38,
    0x21, 0x09, 0x80, 0x00, 0x07, 0x1c, 0x80, 0xa3, 0x4c, 0x4c, 0x3a, 0x69, 0x24, 0x44, 0x51, 0x3e,
    0x19, 0x53, 0x95, 0x53, 0x66, 0xa9, 0xe5, 0x96, 0x5c, 0x76, 0xe9, 0xe5, 0x97, 0x60, 0x86, 0x29,
    0xe6, 0x98, 0x64, 0x96, 0x89, 0x53, 0x00, 0x02, 0x0c, 0xa0, 0xe6, 0x00, 0x02, 0x44, 0x67, 0xa6,
    0x55, 0x68, 0xae, 0xc9, 0xa6, 0x9b, 0x15, 0x09, 0x40, 0x40, 0x01, 0x05, 0x18, 0xa0, 0xe7, 0x9e,
    0x78, 0x12, 0xd0, 0x26, 0x51, 0x01, 0x34, 0x89, 0xe0, 0x99, 0x82, 0x2e, 0x65, 0x27, 0x9e, 0x7b,
    0xf2, 0x59, 0x80, 0x9f, 0x74, 0x32, 0x24, 0x40, 0x9e, 0x06, 0xe0, 0x29, 0xe9, 0xa4, 0x90, 0x16,
    0x60, 0xa5, 0x8f, 0x41, 0xe1, 0x17, 0x93, 0x4e, 0x9a, 0x5e, 0x59, 0x29, 0xa5, 0x93, 0xea, 0x69,
    0x69, 0x5b, 0x91, 0x82, 0x6a, 0x2a, 0xa2, 0x3d, 0xc2, 0xa4, 0xdb, 0x4a, 0x0e, 0x34, 0x5a, 0x50,
    0x9a, 0x10, 0x2d, 0xf6, 0x50, 0xd3, 0x02, 0x52, 0x95, 0x7a, 0x2a, 0xa8, 0x06, 0xa4, 0x6a, 0xd0,
    0x00, 0xb6, 0xde, 0x8a, 0xab, 0xae, 0x21, 0x21, 0x90, 0x98, 0xab, 0x00, 0x04, 0xa0, 0x00, 0x68,
    0x97, 0x0e, 0xc4, 0x1a, 0xad, 0x32, 0xf1, 0xea, 0xeb, 0xa9, 0xb9, 0x36, 0xf4, 0xec, 0xb3, 0xc4,
    0x5a, 0x24, 0x40, 0x81, 0xce, 0x15, 0xbb, 0x60, 0xa7, 0x03, 0x65, 0x56, 0x00, 0x4e, 0xd3, 0xfa,
    0x4a, 0x6c, 0xb8, 0xd0, 0x56, 0x6b, 0x11, 0x5a, 0x28, 0x16, 0x34, 0x80, 0x89, 0x2d, 0x7d, 0x5b,
    0x50, 0x01, 0x02, 0xf6, 0x44, 0xae, 0xa9, 0x06, 0x10, 0xeb, 0xec, 0xbc, 0x88, 0xba, 0x9b, 0x64,
    0x81, 0x66, 0xf9, 0xb7, 0x52, 0xbf, 0xfc, 0xfa, 0x74, 0x2f, 0xbe, 0x91, 0x3a, 0x44, 0x40, 0xaf,
    0xd3, 0x46, 0x6a, 0xee, 0x47, 0xf0, 0xee, 0xd4, 0xa2, 0xbf, 0x60, 0xfd, 0x78, 0x22, 0x51, 0x07,
    0x13, 0x5c, 0xc0, 0xc2, 0x07, 0x23, 0x4c, 0x6f, 0xae, 0x0b, 0x83, 0xb4, 0x2a, 0xab, 0x02, 0x5c,
    0x9b, 0x98, 0xac, 0x0c, 0x02, 0xb8, 0x93, 0x02, 0x4c, 0x65, 0x9c, 0x30, 0xc7, 0x13, 0x0d, 0x00,
    0x69, 0xa2, 0x89, 0x2e, 0x3a, 0x28, 0x51, 0xac, 0x35, 0xd0, 0xc0, 0xb0, 0xa9, 0x45, 0x86, 0x33,
    0x53, 0x01, 0xb8, 0x0c, 0x33, 0xcc, 0x32, 0x7f, 0x14, 0x27, 0x01, 0x44, 0x13, 0xa0, 0xe6, 0x9f,
    0x62, 0x91, 0x0c, 0x9d, 0xb2, 0x5f, 0xb5, 0xba, 0xd6, 0xd0, 0x45, 0x1f, 0xdd, 0x71, 0x96, 0xfb,
    0x81, 0xe6, 0xa6, 0x71, 0xdc, 0xbe, 0x49, 0x9a, 0xc8, 0x3b, 0x2d, 0xd0, 0xa8, 0xb0, 0x48, 0xe9,
    0xab, 0xf5, 0x76, 0x19, 0xde, 0xe6, 0x1d, 0x7b, 0x63, 0x5f, 0xf8, 0x57, 0xb6, 0x04, 0xad, 0x9d,
    0x76, 0x8a, 0x4c, 0x02, 0xab, 0x50, 0xdc, 0x60, 0x06, 0x04, 0x00, 0x21, 0xf9, 0x04, 0x04, 0x04,
    0x00, 0x00, 0x00, 0x2c, 0x15, 0x00, 0x1b, 0x00, 0x94, 0x00, 0x2f, 0x00, 0x87, 0x00, 0x00, 0x00,
    0x0d, 0x03, 0x03, 0x1a, 0x06, 0x06, 0x26, 0x09, 0x0a, 0x33, 0x0d, 0x0d, 0x40, 0x10, 0x10, 0x4d,
    0x13, 0x13, 0x5a, 0x16, 0x16, 0x66, 0x19, 0x1a, 0x73, 0x1c, 0x1d, 0x80, 0x1f, 0x20, 0x8d, 0x22,
    0x23, 0x9a, 0x26, 0x26, 0xa6, 0x29, 0x2a, 0xb3, 0x2c, 0x2d, 0xc0, 0x2f, 0x30, 0x00, 0x00, 0x00,
    0x00, 0x00, 0x00, 0x00, 0x00, 0x00, 0x00, 0x00, 0x00, 0x00, 0x00, 0x00, 0x00, 0x00, 0x00, 0x00,
    0x00, 0x00, 0x00, 0x00, 0x00, 0x00, 0x00, 0x00, 0x00, 0x00, 0x00, 0x00, 0x00, 0x00, 0x00, 0x00,
    0x00, 0x00, 0x00, 0x00, 0x00, 0x00, 0x00, 0x00, 0x00, 0x00, 0x00, 0x00, 0x00, 0x00, 0x00, 0x00,
    0x00, 0x00, 0x00, 0x00, 0x00, 0x00, 0x00, 0x00, 0x00, 0x00, 0x00, 0x00, 0x00, 0x00, 0x00, 0x00,
    0x00, 0x00, 0x00, 0x00, 0x00, 0x00, 0x00, 0x00, 0x00, 0x00, 0x00, 0x00, 0x00, 0x00, 0x00, 0x00,
    0x00, 0x00, 0x00, 0x00, 0x00, 0x00, 0x00, 0x00, 0x00, 0x00, 0x00, 0x00, 0x00, 0x00, 0x00, 0x00,
    0x00, 0x00, 0x00, 0x00, 0x00, 0x00, 0x00, 0x00, 0x00, 0x00, 0x00, 0x00, 0x00, 0x00, 0x00, 0x00,
    0x00, 0x00, 0x00, 0x00, 0x00, 0x00, 0x00, 0x00, 0x00, 0x00, 0x00, 0x00, 0x00, 0x00, 0x00, 0x00,
    0x00, 0x00, 0x00, 0x00, 0x00, 0x00, 0x00, 0x00, 0x00, 0x00, 0x00, 0x00, 0x00, 0x00, 0x00, 0x00,
    0x00, 0x00, 0x00, 0x00, 0x00, 0x00, 0x00, 0x00, 0x00, 0x00, 0x00, 0x00, 0x00, 0x00, 0x00, 0x00,
    0x00, 0x00, 0x00, 0x00, 0x00, 0x00, 0x00, 0x00, 0x00, 0x00, 0x00, 0x00, 0x00, 0x00, 0x00, 0x00,
    0x00, 0x00, 0x00, 0x00, 0x00, 0x00, 0x00, 0x00, 0x00, 0x00, 0x00, 0x00, 0x00, 0x00, 0x00, 0x00,
    0x00, 0x00, 0x00, 0x00, 0x00, 0x00, 0x00, 0x00, 0x00, 0x00, 0x00, 0x00, 0x00, 0x00, 0x00, 0x00,
    0x00, 0x00, 0x00, 0x00, 0x00, 0x00, 0x00, 0x00, 0x00, 0x00, 0x00, 0x00, 0x00, 0x00, 0x00, 0x00,
    0x00, 0x00, 0x00, 0x00, 0x00, 0x00, 0x00, 0x00, 0x00, 0x00, 0x00, 0x00, 0x00, 0x00, 0x00, 0x00,
    0x00, 0x00, 0x00, 0x00, 0x00, 0x00, 0x00, 0x00, 0x00, 0x00, 0x00, 0x00, 0x00, 0x00, 0x00, 0x00,
    0x00, 0x00, 0x00, 0x00, 0x00, 0x00, 0x00, 0x00, 0x00, 0x00, 0x00, 0x00, 0x00, 0x00, 0x00, 0x00,
    0x00, 0x00, 0x00, 0x00, 0x00, 0x00, 0x00, 0x00, 0x00, 0x00, 0x00, 0x00, 0x00, 0x00, 0x00, 0x00,
    0x00, 0x00, 0x00, 0x00, 0x00, 0x00, 0x00, 0x00, 0x00, 0x00, 0x00, 0x00, 0x00, 0x00, 0x00, 0x00,
    0x00, 0x00, 0x00, 0x00, 0x00, 0x00, 0x00, 0x00, 0x00, 0x00, 0x00, 0x00, 0x00, 0x00, 0x00, 0x00,
    0x00, 0x00, 0x00, 0x00, 0x00, 0x00, 0x00, 0x00, 0x00, 0x00, 0x00, 0x00, 0x00, 0x00, 0x00, 0x00,
    0x00, 0x00, 0x00, 0x00, 0x00, 0x00, 0x00, 0x00, 0x00, 0x00, 0x00, 0x00, 0x00, 0x00, 0x00, 0x00,
    0x00, 0x00, 0x00, 0x00, 0x00, 0x00, 0x00, 0x00, 0x00, 0x00, 0x00, 0x00, 0x00, 0x00, 0x00, 0x00,
    0x00, 0x00, 0x00, 0x00, 0x00, 0x00, 0x00, 0x00, 0x00, 0x00, 0x00, 0x00, 0x00, 0x00, 0x00, 0x00,
    0x00, 0x00, 0x00, 0x00, 0x00, 0x00, 0x00, 0x00, 0x00, 0x00, 0x00, 0x00, 0x00, 0x00, 0x00, 0x00,
    0x00, 0x00, 0x00, 0x00, 0x00, 0x00, 0x00, 0x00, 0x00, 0x00, 0x00, 0x00, 0x00, 0x00, 0x00, 0x00,
    0x00, 0x00, 0x00, 0x00, 0x00, 0x00, 0x00, 0x00, 0x00, 0x00, 0x00, 0x00, 0x00, 0x00, 0x00, 0x00,
    0x00, 0x00, 0x00, 0x00, 0x00, 0x00, 0x00, 0x00, 0x00, 0x00, 0x00, 0x00, 0x00, 0x00, 0x00, 0x00,
    0x00, 0x00, 0x00, 0x00, 0x00, 0x00, 0x00, 0x00, 0x00, 0x00, 0x00, 0x00, 0x00, 0x00, 0x00, 0x00,
    0x00, 0x00, 0x00, 0x00, 0x00, 0x00, 0x00, 0x00, 0x00, 0x00, 0x00, 0x00, 0x00, 0x00, 0x00, 0x00,
    0x00, 0x00, 0x00, 0x00, 0x00, 0x00, 0x00, 0x00, 0x00, 0x00, 0x00, 0x00, 0x00, 0x00, 0x00, 0x00,
    0x00, 0x00, 0x00, 0x00, 0x00, 0x00, 0x00, 0x00, 0x00, 0x00, 0x00, 0x00, 0x00, 0x00, 0x00, 0x00,
    0x00, 0x00, 0x00, 0x00, 0x00, 0x00, 0x00, 0x00, 0x00, 0x00, 0x00, 0x00, 0x00, 0x00, 0x00, 0x00,
    0x00, 0x00, 0x00, 0x00, 0x00, 0x00, 0x00, 0x00, 0x00, 0x00, 0x00, 0x00, 0x00, 0x00, 0x00, 0x00,
    0x00, 0x00, 0x00, 0x00, 0x00, 0x00, 0x00, 0x00, 0x00, 0x00, 0x00, 0x00, 0x00, 0x00, 0x00, 0x00,
    0x00, 0x00, 0x00, 0x00, 0x00, 0x00, 0x00, 0x00, 0x00, 0x00, 0x00, 0x00, 0x00, 0x00, 0x00, 0x00,
    0x00, 0x00, 0x00, 0x00, 0x00, 0x00, 0x00, 0x00, 0x00, 0x00, 0x00, 0x00, 0x00, 0x00, 0x00, 0x00,
    0x00, 0x00, 0x00, 0x00, 0x00, 0x00, 0x00, 0x00, 0x00, 0x00, 0x00, 0x00, 0x00, 0x00, 0x00, 0x00,
    0x00, 0x00, 0x00, 0x00, 0x00, 0x00, 0x00, 0x00, 0x00, 0x00, 0x00, 0x00, 0x00, 0x00, 0x00, 0x00,
    0x00, 0x00, 0x00, 0x00, 0x00, 0x00, 0x00, 0x00, 0x00, 0x00, 0x00, 0x00, 0x00, 0x00, 0x00, 0x00,
    0x00, 0x00, 0x00, 0x00, 0x00, 0x00, 0x00, 0x00, 0x00, 0x00, 0x00, 0x00, 0x00, 0x00, 0x00, 0x00,
    0x00, 0x00, 0x00, 0x00, 0x00, 0x00, 0x00, 0x00, 0x00, 0x00, 0x00, 0x00, 0x00, 0x00, 0x00, 0x00,
    0x00, 0x00, 0x00, 0x00, 0x00, 0x00, 0x00, 0x00, 0x00, 0x00, 0x00, 0x00, 0x00, 0x00, 0x00, 0x00,
    0x00, 0x00, 0x00, 0x00, 0x00, 0x00, 0x00, 0x00, 0x00, 0x00, 0x00, 0x00, 0x00, 0x00, 0x00, 0x00,
    0x00, 0x00, 0x00, 0x00, 0x00, 0x00, 0x00, 0x00, 0x00, 0x00, 0x00, 0x00, 0x00, 0x08, 0xff, 0x00,
    0x01, 0x08, 0x1c, 0x48, 0xb0, 0xa0, 0xc1, 0x83, 0x08, 0x13, 0x2a, 0x5c, 0xc8, 0xb0, 0xa1, 0xc3,
    0x87, 0x10, 0x23, 0x3a, 0x24, 0xa0, 0x60, 0x81, 0x01, 0x89, 0x18, 0x33, 0x6a, 0xdc, 0x28, 0x90,
    0xa2, 0x45, 0x8e, 0x0e, 0x13, 0x3c, 0x18, 0xf9, 0x80, 0x41, 0x00, 0x90, 0x28, 0x53, 0x82, 0x14,
    0x49, 0xd2, 0xa4, 0xca, 0x83, 0x2c, 0x49, 0x96, 0x3c, 0xf9, 0xb2, 0xa6, 0xcd, 0x84, 0x31, 0x5b,
    0xd2, 0xac, 0x19, 0x60, 0x81, 0x4c, 0x99, 0x0d, 0x06, 0xdc, 0x1c, 0x7a, 0xb3, 0xe7, 0x4f, 0x92,
    0x41, 0x79, 0x32, 0x38, 0x2a, 0xd3, 0x81, 0x50, 0xa2, 0x50, 0x41, 0x06, 0x58, 0xca, 0x74, 0xa4,
    0x53, 0x95, 0x53, 0xab, 0x36, 0x7d, 0x1a, 0xb5, 0x6b, 0xc4, 0xac, 0x5a, 0xad, 0x72, 0xdd, 0x08,
    0x36, 0xac, 0x58, 0xaf, 0x68, 0x1b, 0x96, 0x35, 0x7b, 0x75, 0xe3, 0x80, 0x06, 0x4c, 0x1b, 0x50,
    0xfd, 0xe9, 0xe0, 0x62, 0xda, 0xbb, 0x06, 0xdf, 0xc6, 0x9d, 0xdb, 0xd4, 0x2e, 0xc6, 0x01, 0x0e,
    0x98, 0x3a, 0x5d, 0x2b, 0xd3, 0x2f, 0xde, 0xbb, 0x80, 0x05, 0x0f, 0x20, 0x4c, 0xd2, 0xf0, 0xc3,
    0xc4, 0x47, 0xdb, 0x32, 0x1e, 0xe9, 0xf8, 0x70, 0x54, 0xc8, 0x74, 0x9f, 0x4e, 0x7e, 0x50, 0x79,
    0x21, 0xe6, 0xad, 0x04, 0x37, 0x77, 0xb6, 0x6c, 0xf3, 0x33, 0xc9, 0xb6, 0x02, 0x45, 0x3f, 0x34,
    0x10, 0xf8, 0x28, 0x83, 0xb1, 0xa9, 0x15, 0x54, 0x45, 0x40, 0x1a, 0x2a, 0x6b, 0xa6, 0xaf, 0x0d,
    0x06, 0x90, 0xcd, 0x94, 0x36, 0x43, 0x03, 0x55, 0x5d, 0x22, 0xcc, 0x29, 0x33, 0x41, 0xed, 0x9b,
    0xc0, 0x71, 0xef, 0x34, 0x48, 0x9c, 0xa4, 0x71, 0x85, 0xc9, 0x5d, 0x2f, 0x87, 0x59, 0xf5, 0xf9,
    0xf1, 0x94, 0xd1, 0x7f, 0x0a, 0xc7, 0x59, 0x3d, 0x61, 0x76, 0x99, 0xdb, 0x15, 0x36, 0xff, 0x1f,
    0x69, 0xfd, 0xfa, 0xc6, 0xef, 0x3a, 0x1b, 0x8e, 0x7f, 0x50, 0x7e, 0x20, 0x82, 0xaa, 0x0a, 0xa6,
    0x2b, 0x7c, 0xcf, 0x74, 0x81, 0x7c, 0xf3, 0x0f, 0xe9, 0x1f, 0x8d, 0x9f, 0xbf, 0xaa, 0x7d, 0x82,
    0xeb, 0xb5, 0xd7, 0x10, 0x7a, 0x23, 0x85, 0x87, 0x5f, 0x48, 0xdd, 0x45, 0x44, 0xe0, 0x4c, 0x02,
    0x05, 0x98, 0xd1, 0x82, 0x06, 0x1e, 0x28, 0x5e, 0x82, 0x12, 0x41, 0x18, 0x80, 0x00, 0x14, 0x62,
    0xb4, 0xe0, 0x68, 0x12, 0x16, 0x84, 0x21, 0x53, 0x02, 0x42, 0xb4, 0x21, 0x01, 0xbd, 0x81, 0x54,
    0x40, 0x6b, 0x32, 0xf9, 0xd6, 0xa1, 0x42, 0x24, 0x1e, 0xa5, 0xa2, 0x46, 0x27, 0xba, 0xf8, 0xa1,
    0x4c, 0x07, 0xa4, 0x34, 0xc0, 0x51, 0x05, 0xac, 0xb8, 0xd0, 0x8c, 0x24, 0xd5, 0x88, 0xd2, 0x8d,
    0x3f, 0xe5, 0x98, 0x5d, 0x88, 0x1a, 0x0d, 0xa9, 0xe3, 0x6f, 0xc5, 0xbd, 0x64, 0xa4, 0x40, 0x05,
    0x54, 0xe4, 0xe3, 0x4b, 0x4d, 0x2e, 0xf0, 0xe4, 0x91, 0x0a, 0x45, 0x39, 0x65, 0x4a, 0x56, 0x52,
    0xa9, 0xe5, 0x96, 0x5c, 0x76, 0xe9, 0xe5, 0x97, 0x60, 0x86, 0x29, 0xe6, 0x98, 0x64, 0x96, 0x69,
    0xe6, 0x4b, 0x01, 0xa4, 0xa9, 0xe6, 0x99, 0x77, 0xa9, 0xb9, 0xa6, 0x46, 0x17, 0x12, 0x50, 0x40,
    0x01, 0x06, 0xd4, 0x69, 0xc0, 0x9c, 0x04, 0x2c, 0x46, 0xd4, 0x00, 0x04, 0x0c, 0xc5, 0x27, 0x51,
    0x71, 0xce, 0x69, 0xe7, 0x9d, 0x05, 0xe4, 0x79, 0x5f, 0x42, 0x01, 0xc8, 0x59, 0xe7, 0x9c, 0x8c,
    0x32, 0xba, 0x68, 0x01, 0x02, 0xd8, 0xc4, 0xd2, 0x7f, 0x2f, 0x4d, 0x7a, 0x28, 0x9c, 0x8a, 0x12,
    0xda, 0xa8, 0xa0, 0x84, 0x46, 0xca, 0x90, 0x00, 0x74, 0x6e, 0x2a, 0x6a, 0xa3, 0x06, 0xc0, 0xc6,
    0x51, 0x01, 0xe0, 0x39, 0x74, 0x29, 0x41, 0xfa, 0xb1, 0xf7, 0x12, 0xa8, 0x9a, 0x8e, 0xf2, 0xba,
    0x69, 0xa9, 0x3b, 0xc6, 0x2a, 0xab, 0xa8, 0xb4, 0xa6, 0xd4, 0xaa, 0xab, 0x0a, 0x1d, 0xc0, 0x40,
    0x03, 0x08, 0xac, 0xfa, 0x1d, 0x03, 0x2a, 0x09, 0x60, 0xeb, 0xad, 0xa4, 0x9a, 0x4a, 0x10, 0x01,
    0xc7, 0x22, 0xdb, 0xe8, 0xaa, 0x10, 0xb5, 0x48, 0x23, 0x77, 0xe9, 0x1d, 0x04, 0xe4, 0xb4, 0x29,
    0x31, 0xeb, 0xec, 0xad, 0x97, 0x6e, 0x7b, 0xab, 0x01, 0xd0, 0x8a, 0x78, 0x54, 0x65, 0x01, 0x34,
    0xc7, 0x80, 0xa7, 0x04, 0x99, 0x46, 0x64, 0x46, 0xde, 0xca, 0x0a, 0x6e, 0x42, 0xda, 0xb6, 0xbb,
    0x69, 0x4d, 0xdf, 0xa1, 0x06, 0xc0, 0x66, 0xf6, 0x12, 0xb6, 0x6e, 0x46, 0xf1, 0xca, 0xcb, 0xa8,
    0x42, 0x01, 0x84, 0xea, 0xaf, 0x01, 0xe8, 0xaa, 0xb4, 0xab, 0x03, 0x9e, 0x6e, 0x76, 0x96, 0x40,
    0x7c, 0x3d, 0xb0, 0x80, 0x4d, 0x01, 0x37, 0x8b, 0x2c, 0xc1, 0x0b, 0x45, 0xdc, 0xee, 0x9d, 0x05,
    0x57, 0xaa, 0x5d, 0x9a, 0x0d, 0x3f, 0x80, 0xe2, 0x59, 0xc4, 0x45, 0x88, 0x92, 0xc5, 0xde, 0x62,
    0xec, 0xd0, 0x00, 0x9c, 0xda, 0x6a, 0x67, 0x01, 0x7a, 0x0e, 0x45, 0x58, 0x45, 0x99, 0x11, 0x06,
    0x6c, 0x66, 0x50, 0xa1, 0x4c, 0xe7, 0xa3, 0x8e, 0x2e, 0xda, 0xf2, 0x43, 0x01, 0xf0, 0x29, 0x27,
    0xa3, 0x04, 0xe4, 0x99, 0xb1, 0xcb, 0x70, 0x69, 0x25, 0x59, 0xc7, 0x3f, 0x29, 0x0b, 0xb1, 0xcf,
    0x8d, 0x06, 0x3d, 0xc0, 0xd0, 0x61, 0x9a, 0x76, 0xda, 0x58, 0x0a, 0x73, 0xc8, 0x26, 0x5e, 0xd2,
    0x82, 0x56, 0xd0, 0x64, 0x2f, 0x5e, 0x7d, 0xdd, 0xb0, 0x97, 0x12, 0xb7, 0xaf, 0xd7, 0x87, 0xc5,
    0x24, 0x32, 0x80, 0xd5, 0x92, 0x7d, 0xa0, 0x01, 0x0b, 0x04, 0x3b, 0x60, 0xdb, 0xe1, 0x4a, 0x18,
    0x10, 0x00, 0x21, 0xf9, 0x04, 0x04, 0x04, 0x00, 0x00, 0x00, 0x2c, 0x16, 0x00, 0x1c, 0x00, 0x93,
    0x00, 0x2f, 0x00, 0x87, 0x00, 0x00, 0x00, 0x0d, 0x03, 0x03, 0x1a, 0x06, 0x06, 0x26, 0x09, 0x0a,
    0x33, 0x0d, 0x0d, 0x40, 0x10, 0x10, 0x4d, 0x13, 0x13, 0x5a, 0x16, 0x16, 0x66, 0x19, 0x1a, 0x73,
    0x1c, 0x1d, 0x80, 0x1f, 0x20, 0x8d, 0x22, 0x23, 0x9a, 0x26, 0x26, 0xa6, 0x29, 0x2a, 0xb3, 0x2c,
    0x2d, 0xc0, 0x2f, 0x30, 0x00, 0x00, 0x00, 0x00, 0x00, 0x00, 0x00, 0x00, 0x00, 0x00, 0x00, 0x00,
    0x00, 0x00, 0x00, 0x00, 0x00, 0x00, 0x00, 0x00, 0x00, 0x00, 0x00, 0x00, 0x00, 0x00, 0x00, 0x00,
    0x00, 0x00, 0x00, 0x00, 0x00, 0x00, 0x00, 0x00, 0x00, 0x00, 0x00, 0x00, 0x00, 0x00, 0x00, 0x00,
    0x00, 0x00, 0x00, 0x00, 0x00, 0x00, 0x00, 0x00, 0x00, 0x00, 0x00, 0x00, 0x00, 0x00, 0x00, 0x00,
    0x00, 0x00, 0x00, 0x00, 0x00, 0x00, 0x00, 0x00, 0x00, 0x00, 0x00, 0x00, 0x00, 0x00, 0x00, 0x00,
    0x00, 0x00, 0x00, 0x00, 0x00, 0x00, 0x00, 0x00, 0x00, 0x00, 0x00, 0x00, 0x00, 0x00, 0x00, 0x00,
    0x00, 0x00, 0x00, 0x00, 0x00, 0x00, 0x00, 0x00, 0x00, 0x00, 0x00, 0x00, 0x00, 0x00, 0x00, 0x00,
    0x00, 0x00, 0x00, 0x00, 0x00, 0x00, 0x00, 0x00, 0x00, 0x00, 0x00, 0x00, 0x00, 0x00, 0x00, 0x00,
    0x00, 0x00, 0x00, 0x00, 0x00, 0x00, 0x00, 0x00, 0x00, 0x00, 0x00, 0x00, 0x00, 0x00, 0x00, 0x00,
    0x00, 0x00, 0x00, 0x00, 0x00, 0x00, 0x00, 0x00, 0x00, 0x00, 0x00, 0x00, 0x00, 0x00, 0x00, 0x00,
    0x00, 0x00, 0x00, 0x00, 0x00, 0x00, 0x00, 0x00, 0x00, 0x00, 0x00, 0x00, 0x00, 0x00, 0x00, 0x00,
    0x00, 0x00, 0x00, 0x00, 0x00, 0x00, 0x00, 0x00, 0x00, 0x00, 0x00, 0x00, 0x00, 0x00, 0x00, 0x00,
    0x00, 0x00, 0x00, 0x00, 0x00, 0x00, 0x00, 0x00, 0x00, 0x00, 0x00, 0x00, 0x00, 0x00, 0x00, 0x00,
    0x00, 0x00, 0x00, 0x00, 0x00, 0x00, 0x00, 0x00, 0x00, 0x00, 0x00, 0x00, 0x00, 0x00, 0x00, 0x00,
    0x00, 0x00, 0x00, 0x00, 0x00, 0x00, 0x00, 0x00, 0x00, 0x00, 0x00, 0x00, 0x00, 0x00, 0x00, 0x00,
    0x00, 0x00, 0x00, 0x00, 0x00, 0x00, 0x00, 0x00, 0x00, 0x00, 0x00, 0x00, 0x00, 0x00, 0x00, 0x00,
    0x00, 0x00, 0x00, 0x00, 0x00, 0x00, 0x00, 0x00, 0x00, 0x00, 0x00, 0x00, 0x00, 0x00, 0x00, 0x00,
    0x00, 0x00, 0x00, 0x00, 0x00, 0x00, 0x00, 0x00, 0x00, 0x00, 0x00, 0x00, 0x00, 0x00, 0x00, 0x00,
    0x00, 0x00, 0x00, 0x00, 0x00, 0x00, 0x00, 0x00, 0x00, 0x00, 0x00, 0x00, 0x00, 0x00, 0x00, 0x00,
    0x00, 0x00, 0x00, 0x00, 0x00, 0x00, 0x00, 0x00, 0x00, 0x00, 0x00, 0x00, 0x00, 0x00, 0x00, 0x00,
    0x00, 0x00, 0x00, 0x00, 0x00, 0x00, 0x00, 0x00, 0x00, 0x00, 0x00, 0x00, 0x00, 0x00, 0x00, 0x00,
    0x00, 0x00, 0x00, 0x00, 0x00, 0x00, 0x00, 0x00, 0x00, 0x00, 0x00, 0x00, 0x00, 0x00, 0x00, 0x00,
    0x00, 0x00, 0x00, 0x00, 0x00, 0x00, 0x00, 0x00, 0x00, 0x00, 0x00, 0x00, 0x00, 0x00, 0x00, 0x00,
    0x00, 0x00, 0x00, 0x00, 0x00, 0x00, 0x00, 0x00, 0x00, 0x00, 0x00, 0x00, 0x00, 0x00, 0x00, 0x00,
    0x00, 0x00, 0x00, 0x00, 0x00, 0x00, 0x00, 0x00, 0x00, 0x00, 0x00, 0x00, 0x00, 0x00, 0x00, 0x00,
    0x00, 0x00, 0x00, 0x00, 0x00, 0x00, 0x00, 0x00, 0x00, 0x00, 0x00, 0x00, 0x00, 0x00, 0x00, 0x00,
    0x00, 0x00, 0x00, 0x00, 0x00, 0x00, 0x00, 0x00, 0x00, 0x00, 0x00, 0x00, 0x00, 0x00, 0x00, 0x00,
    0x00, 0x00, 0x00, 0x00, 0x00, 0x00, 0x00, 0x00, 0x00, 0x00, 0x00, 0x00, 0x00, 0x00, 0x00, 0x00,
    0x00, 0x00, 0x00, 0x00, 0x00, 0x00, 0x00, 0x00, 0x00, 0x00, 0x00, 0x00, 0x00, 0x00, 0x00, 0x00,
    0x00, 0x00, 0x00, 0x00, 0x00, 0x00, 0x00, 0x00, 0x00, 0x00, 0x00, 0x00, 0x00, 0x00, 0x00, 0x00,
    0x00, 0x00, 0x00, 0x00, 0x00, 0x00, 0x00, 0x00, 0x00, 0x00, 0x00, 0x00, 0x00, 0x00, 0x00, 0x00,
    0x00, 0x00, 0x00, 0x00, 0x00, 0x00, 0x00, 0x00, 0x00, 0x00, 0x00, 0x00, 0x00, 0x00, 0x00, 0x00,
    0x00, 0x00, 0x00, 0x00, 0x00, 0x00, 0x00, 0x00, 0x00, 0x00, 0x00, 0x00, 0x00, 0x00, 0x00, 0x00,
    0x00, 0x00, 0x00, 0x00, 0x00, 0x00, 0x00, 0x00, 0x00, 0x00, 0x00, 0x00, 0x00, 0x00, 0x00, 0x00,
    0x00, 0x00, 0x00, 0x00, 0x00, 0x00, 0x00, 0x00, 0x00, 0x00, 0x00, 0x00, 0x00, 0x00, 0x00, 0x00,
    0x00, 0x00, 0x00, 0x00, 0x00, 0x00, 0x00, 0x00, 0x00, 0x00, 0x00, 0x00, 0x00, 0x00, 0x00, 0x00,
    0x00, 0x00, 0x00, 0x00, 0x00, 0x00, 0x00, 0x00, 0x00, 0x00, 0x00, 0x00, 0x00, 0x00, 0x00, 0x00,
    0x00, 0x00, 0x00, 0x00, 0x00, 0x00, 0x00, 0x00, 0x00, 0x00, 0x00, 0x00, 0x00, 0x00, 0x00, 0x00,
    0x00, 0x00, 0x00, 0x00, 0x00, 0x00, 0x00, 0x00, 0x00, 0x00, 0x00, 0x00, 0x00, 0x00, 0x00, 0x00,
    0x00, 0x00, 0x00, 0x00, 0x00, 0x00, 0x00, 0x00, 0x00, 0x00, 0x00, 0x00, 0x00, 0x00, 0x00, 0x00,
    0x00, 0x00, 0x00, 0x00, 0x00, 0x00, 0x00, 0x00, 0x00, 0x00, 0x00, 0x00, 0x00, 0x00, 0x00, 0x00,
    0x00, 0x00, 0x00, 0x00, 0x00, 0x00, 0x00, 0x00, 0x00, 0x00, 0x00, 0x00, 0x00, 0x00, 0x00, 0x00,
    0x00, 0x00, 0x00, 0x00, 0x00, 0x00, 0x00, 0x00, 0x00, 0x00, 0x00, 0x00, 0x00, 0x00, 0x00, 0x00,
    0x00, 0x00, 0x00, 0x00, 0x00, 0x00, 0x00, 0x00, 0x00, 0x00, 0x00, 0x00, 0x00, 0x00, 0x00, 0x00,
    0x00, 0x00, 0x00, 0x00, 0x00, 0x00, 0x00, 0x00, 0x00, 0x00, 0x00, 0x00, 0x00, 0x00, 0x00, 0x00,
    0x00, 0x00, 0x00, 0x00, 0x08, 0xff, 0x00, 0x01, 0x08, 0x1c, 0x48, 0xb0, 0xe0, 0xc0, 0x00, 0x07,
    0x0e, 0x08, 0x30, 0xc8, 0xb0, 0xa1, 0xc3, 0x87, 0x10, 0x23, 0x4a, 0x9c, 0x18, 0x11, 0xa1, 0x42,
    0x8a, 0x18, 0x0b, 0x1a, 0x70, 0xf0, 0xa0, 0x23, 0x82, 0x8c, 0x20, 0x43, 0x8a, 0x1c, 0xa9, 0x91,
    0xa3, 0x47, 0x92, 0x11, 0x0d, 0x74, 0x5c, 0xf9, 0x20, 0x01, 0xca, 0x97, 0x30, 0x63, 0xaa, 0x64,
    0xd9, 0x32, 0xa6, 0xc1, 0x03, 0x34, 0x57, 0x2a, 0x08, 0x60, 0xb3, 0xa7, 0x4f, 0x88, 0x38, 0x73,
    0x3e, 0xd8, 0xe9, 0x33, 0x81, 0xd0, 0x95, 0x0c, 0x78, 0xfe, 0x5c, 0xba, 0xd4, 0xe8, 0xd1, 0x07,
    0x49, 0x6d, 0x3a, 0x7d, 0x0a, 0x55, 0x29, 0xd3, 0xab, 0x2f, 0xa7, 0x3e, 0x8d, 0x9a, 0x95, 0x2a,
    0x4b, 0xae, 0x58, 0xc3, 0x82, 0xd4, 0x4a, 0x15, 0x6c, 0xc8, 0x00, 0x0a, 0x8e, 0x9a, 0xa4, 0xc9,
    0x60, 0x80, 0xd8, 0xb7, 0x12, 0xd1, 0xaa, 0x15, 0xda, 0x56, 0x64, 0x00, 0x06, 0x47, 0x0b, 0x0c,
    0x58, 0xcb, 0xd2, 0x81, 0x5b, 0xb8, 0x80, 0x0d, 0xde, 0xcd, 0xbb, 0x57, 0xa8, 0x5f, 0x90, 0x83,
    0x85, 0x1a, 0x10, 0x58, 0x38, 0xe7, 0xe1, 0xc0, 0x90, 0x13, 0xe7, 0x5c, 0x0c, 0xa0, 0x31, 0xcd,
    0xc7, 0x13, 0x25, 0xd3, 0xa4, 0xcc, 0x98, 0xef, 0x4a, 0xcc, 0x90, 0xc5, 0x6a, 0x66, 0xc9, 0xb9,
    0xb2, 0xe7, 0x8e, 0xa0, 0x1f, 0x0e, 0xc0, 0xeb, 0xb8, 0x34, 0xe3, 0x06, 0x86, 0x0b, 0x84, 0x16,
    0xbb, 0xda, 0xb0, 0xeb, 0xca, 0xb0, 0x1d, 0xcb, 0x86, 0x68, 0xb9, 0xef, 0x5f, 0xc1, 0xac, 0x27,
    0xcf, 0xbe, 0xda, 0xfb, 0xf3, 0xef, 0x82, 0xa3, 0x57, 0xde, 0x26, 0x58, 0x1c, 0xf5, 0x71, 0xe0,
    0x47, 0x97, 0x0f, 0x47, 0xd9, 0xfc, 0x41, 0x6a, 0xe4, 0xc1, 0x37, 0x37, 0xac, 0x7e, 0x1d, 0xba,
    0xe2, 0xe9, 0x36, 0xb9, 0x3f, 0xff, 0x67, 0x98, 0xbc, 0xe3, 0xed, 0x02, 0xa7, 0x1f, 0x34, 0x18,
    0xdf, 0x30, 0xc0, 0x82, 0xa3, 0x1f, 0xc1, 0xa3, 0x44, 0x2f, 0x74, 0x7d, 0xe6, 0xf7, 0x42, 0xe3,
    0x0b, 0x9c, 0x99, 0xd3, 0xac, 0x44, 0xb2, 0x2b, 0xb9, 0x24, 0x9f, 0x48, 0xfc, 0xb1, 0x65, 0xd5,
    0x44, 0x00, 0x76, 0x24, 0x60, 0x81, 0x5f, 0x1d, 0x48, 0x51, 0x82, 0x35, 0x0d, 0x98, 0x11, 0x83,
    0x48, 0x39, 0x88, 0xe0, 0x51, 0x2e, 0x1d, 0xe5, 0x1f, 0x46, 0x10, 0xee, 0x26, 0xa1, 0x44, 0x02,
    0x68, 0x68, 0xe1, 0x83, 0x79, 0x09, 0xb5, 0xc0, 0x88, 0x18, 0x21, 0x90, 0xdf, 0x87, 0x13, 0x11,
    0x60, 0x22, 0x8a, 0x14, 0xa9, 0x98, 0x93, 0x8c, 0x2c, 0x09, 0xf8, 0x12, 0x85, 0xd2, 0xb1, 0x58,
    0x50, 0x88, 0x34, 0xd9, 0x88, 0x12, 0x8e, 0x5a, 0x6d, 0x38, 0x52, 0x90, 0x30, 0xea, 0x48, 0x10,
    0x91, 0x52, 0x35, 0x08, 0x00, 0x02, 0x0d, 0x38, 0x40, 0x54, 0x4f, 0x4c, 0x3a, 0x59, 0xa4, 0x91,
    0x04, 0x45, 0xf9, 0xa4, 0x4d, 0x56, 0x5a, 0x15, 0xc0, 0x94, 0x23, 0x6d, 0x49, 0x25, 0x46, 0x5e,
    0x2e, 0x15, 0xe6, 0x97, 0x64, 0x96, 0x69, 0xe6, 0x99, 0x68, 0xa6, 0xa9, 0xe6, 0x9a, 0x6c, 0xb6,
    0xe9, 0xe6, 0x9b, 0x70, 0x8a, 0x39, 0x00, 0x01, 0x04, 0x14, 0x60, 0x67, 0x01, 0x74, 0x0e, 0xb0,
    0xd0, 0x55, 0x63, 0xfa, 0xd4, 0xe7, 0x4f, 0x01, 0xcc, 0x59, 0xe7, 0x9d, 0x79, 0xee, 0x49, 0xd1,
    0x00, 0x76, 0x1a, 0xa0, 0xe8, 0x9d, 0x89, 0x2e, 0x3a, 0x00, 0x97, 0x20, 0x19, 0xd0, 0xa4, 0x7e,
    0x36, 0x49, 0xea, 0x00, 0xa5, 0xe1, 0x35, 0x6a, 0x00, 0xa3, 0x05, 0x28, 0xba, 0xe9, 0xa3, 0x15,
    0x75, 0xca, 0xe9, 0xa8, 0x77, 0x6e, 0x6a, 0x28, 0x4c, 0x2e, 0x06, 0xd8, 0x53, 0x81, 0x07, 0xf4,
    0x14, 0x80, 0xa8, 0xa4, 0x8e, 0xff, 0x6a, 0xea, 0x43, 0xaf, 0x6e, 0x1a, 0x6b, 0xac, 0x06, 0x9c,
    0x8a, 0x12, 0x8d, 0xe6, 0xf1, 0x96, 0x80, 0x02, 0x1e, 0x6e, 0xc7, 0x17, 0x03, 0x36, 0xd5, 0x7a,
    0x2b, 0xae, 0xba, 0x12, 0x44, 0x80, 0xad, 0xc7, 0xc6, 0x6a, 0x53, 0x01, 0x39, 0x11, 0xe0, 0x50,
    0x81, 0x3e, 0x22, 0xe7, 0x59, 0xb5, 0x24, 0x2d, 0xdb, 0xec, 0xad, 0x0e, 0x6d, 0x7b, 0xab, 0x01,
    0x90, 0x5e, 0xe8, 0x1b, 0x43, 0x14, 0x62, 0x0b, 0xc0, 0x68, 0x42, 0x8a, 0xe4, 0x2d, 0xae, 0x28,
    0x6a, 0xbb, 0x2e, 0xa7, 0xe1, 0x8a, 0xbb, 0x52, 0x03, 0x0e, 0x42, 0xe8, 0x5f, 0x5a, 0x4a, 0xda,
    0xe4, 0xee, 0xbb, 0x77, 0xa2, 0x28, 0x00, 0xb3, 0xef, 0x1a, 0xc0, 0x1e, 0x4a, 0xf8, 0x56, 0x38,
    0x10, 0x84, 0x1d, 0x81, 0x45, 0x16, 0xbd, 0x3e, 0xfd, 0xcb, 0x6f, 0xa2, 0x03, 0x0b, 0x24, 0x00,
    0xac, 0xde, 0x0a, 0x2c, 0x66, 0x76, 0x11, 0x22, 0x6c, 0x30, 0x83, 0xdd, 0xbd, 0x34, 0x31, 0xc0,
    0xcd, 0x5a, 0x0c, 0x51, 0x00, 0x75, 0x2e, 0x4a, 0xaa, 0xc9, 0xc9, 0xda, 0x24, 0x80, 0x67, 0x07,
    0xf0, 0x6a, 0x1e, 0x01, 0x9e, 0x2d, 0x00, 0x2d, 0x4d, 0xc1, 0xfa, 0x59, 0x32, 0xc8, 0xa5, 0xda,
    0x9a, 0x72, 0x7b, 0x02, 0x0c, 0xea, 0xa9, 0xad, 0x04, 0x80, 0x1a, 0x56, 0x75, 0xa4, 0x75, 0xe6,
    0x55, 0x8e, 0xc5, 0xf6, 0xac, 0x29, 0xd0, 0x42, 0x9f, 0xb5, 0xe5, 0xd3, 0x90, 0x51, 0x58, 0xf4,
    0x40, 0x44, 0x47, 0x08, 0xd8, 0xd3, 0x50, 0xc7, 0x39, 0x50, 0x50, 0xc2, 0x15, 0x54, 0x9d, 0x02,
    0x5a, 0xeb, 0x48, 0x96, 0x03, 0xd2, 0x32, 0x24, 0x00, 0xc6, 0xe9, 0x86, 0x3d, 0x5c, 0x70, 0x1d,
    0x0b, 0x24, 0x99, 0x03, 0x3b, 0xab, 0x3d, 0x5c, 0x00, 0x09, 0x38, 0xb0, 0x40, 0xc4, 0x07, 0xd5,
    0x7d, 0xb7, 0xdc, 0x54, 0xc6, 0x05, 0x7b, 0x6e, 0x9b, 0x01, 0x01, 0x00, 0x3b,
};

const lv_img_dsc_t gif_idle4 = {
  .header.cf = LV_IMG_CF_RAW_CHROMA_KEYED,
  .header.always_zero = 0,
  .header.reserved = 0,
  .header.w = 190,
  .header.h = 104,
  .data_size = 129597,
  .data = gif_idle4_map,
};
